{"textures":{"3":"mineinabyss:mobs/cyatoria/wing1"},"elements":[{"from":[9.572572,7.581,6.1359997],"to":[12.514286,8.3832855,6.938286],"rotation":{"angle":0.0,"axis":"y","origin":[0.84342813,1.793571,7.168]},"faces":{"east":{"uv":[10.875,0.28125,10.78125,0.375],"rotation":0,"texture":"#3","tintindex":0},"south":{"uv":[11.21875,0.28125,10.875,0.375],"rotation":0,"texture":"#3","tintindex":0},"north":{"uv":[10.78125,0.28125,10.4375,0.375],"rotation":0,"texture":"#3","tintindex":0},"west":{"uv":[10.4375,0.28125,10.34375,0.375],"rotation":0,"texture":"#3","tintindex":0},"up":{"uv":[10.4375,0.28125,10.78125,0.1875],"rotation":0,"texture":"#3","tintindex":0},"down":{"uv":[10.78125,0.1875,11.125,0.28125],"rotation":0,"texture":"#3","tintindex":0}}},{"from":[8.636572,7.982143,6.4034286],"to":[12.514286,8.089286,12.019428],"rotation":{"angle":0.0,"axis":"y","origin":[0.84342813,1.793571,7.168]},"faces":{"east":{"uv":[9.75,2.15625,9.09375,2.1875],"rotation":0,"texture":"#3","tintindex":0},"south":{"uv":[10.1875,2.15625,9.75,2.1875],"rotation":0,"texture":"#3","tintindex":0},"north":{"uv":[9.09375,2.15625,8.65625,2.1875],"rotation":0,"texture":"#3","tintindex":0},"west":{"uv":[8.65625,2.15625,8.0,2.1875],"rotation":0,"texture":"#3","tintindex":0},"up":{"uv":[8.65625,2.15625,9.09375,1.5],"rotation":0,"texture":"#3","tintindex":0},"down":{"uv":[8.65625,1.5,9.09375,2.15625],"rotation":0,"texture":"#3","tintindex":0}}},{"from":[8.770286,7.4472857,6.0022855],"to":[9.706285,8.517,7.072],"rotation":{"angle":0.0,"axis":"y","origin":[0.84342813,1.793571,7.168]},"faces":{"east":{"uv":[8.34375,0.125,8.21875,0.25],"rotation":0,"texture":"#3","tintindex":0},"south":{"uv":[8.4375,0.125,8.34375,0.25],"rotation":0,"texture":"#3","tintindex":0},"north":{"uv":[8.21875,0.125,8.125,0.25],"rotation":0,"texture":"#3","tintindex":0},"west":{"uv":[8.125,0.125,8.0,0.25],"rotation":0,"texture":"#3","tintindex":0},"up":{"uv":[8.125,0.125,8.21875,0.0],"rotation":0,"texture":"#3","tintindex":0},"down":{"uv":[8.21875,0.0,8.3125,0.125],"rotation":0,"texture":"#3","tintindex":0}}}],"display":{"head":{"translation":[0.0,-6.4,0.0],"scale":[4.0,4.0,4.0]}}}