{"textures":{"3":"minecraft:creatures/cyatoria/wing1"},"elements":[{"from":[1.0859427,-2.2328796,12.520409],"to":[2.289371,-2.1257372,17.601551],"rotation":{"angle":-22.5,"axis":"x","origin":[9.114285,-1.8399839,1.4499025]},"faces":{"east":{"uv":[1.59375,2.75,2.1875,2.78125],"rotation":0,"texture":"#3","tintindex":0},"south":{"uv":[2.90625,2.75,3.03125,2.78125],"rotation":0,"texture":"#3","tintindex":0},"north":{"uv":[2.1875,2.75,2.3125,2.78125],"rotation":0,"texture":"#3","tintindex":0},"west":{"uv":[2.3125,2.75,2.90625,2.78125],"rotation":0,"texture":"#3","tintindex":0},"up":{"uv":[2.3125,2.75,2.1875,2.15625],"rotation":0,"texture":"#3","tintindex":0},"down":{"uv":[2.3125,2.15625,2.1875,2.75],"rotation":0,"texture":"#3","tintindex":0}}}],"display":{"head":{"translation":[0.0,-6.4,0.0],"scale":[4.0,4.0,4.0]}}}