{"textures":{"3":"minecraft:creatures/cyatoria/wing1"},"elements":[{"from":[13.7106285,3.979031,16.522015],"to":[14.914057,4.086174,21.603157],"rotation":{"angle":0.0,"axis":"y","origin":[1.1428566,1.1428566,1.1428566]},"faces":{"east":{"uv":[3.21875,1.34375,2.625,1.375],"rotation":0,"texture":"#3","tintindex":0},"south":{"uv":[3.34375,1.34375,3.21875,1.375],"rotation":0,"texture":"#3","tintindex":0},"north":{"uv":[2.625,1.34375,2.5,1.375],"rotation":0,"texture":"#3","tintindex":0},"west":{"uv":[2.5,1.34375,1.90625,1.375],"rotation":0,"texture":"#3","tintindex":0},"up":{"uv":[2.5,1.34375,2.625,0.75],"rotation":0,"texture":"#3","tintindex":0},"down":{"uv":[2.5,0.75,2.625,1.34375],"rotation":0,"texture":"#3","tintindex":0}}}],"display":{"head":{"translation":[0.0,-6.4,0.0],"scale":[4.0,4.0,4.0]}}}