{"textures":{"3":"mineinabyss:entity/mobs/cyatoria/wing1"},"elements":[{"from":[-2.3724365,6.2366543,5.5746365],"to":[2.7087069,6.343797,11.725493],"rotation":{"angle":22.5,"axis":"z","origin":[2.591792,7.3258085,3.568922]},"faces":{"east":{"uv":[8.0,1.46875,8.71875,1.5],"rotation":0,"texture":"#3","tintindex":0},"south":{"uv":[10.03125,1.46875,10.625,1.5],"rotation":0,"texture":"#3","tintindex":0},"north":{"uv":[8.71875,1.46875,9.3125,1.5],"rotation":0,"texture":"#3","tintindex":0},"west":{"uv":[9.3125,1.46875,10.03125,1.5],"rotation":0,"texture":"#3","tintindex":0},"up":{"uv":[9.3125,1.46875,8.71875,0.75],"rotation":0,"texture":"#3","tintindex":0},"down":{"uv":[9.3125,0.75,8.71875,1.46875],"rotation":0,"texture":"#3","tintindex":0}}},{"from":[-1.0630646,4.8409,16.75657],"to":[0.1403637,4.948043,21.837715],"rotation":{"angle":0.0,"axis":"y","origin":[0.91966915,0.14518833,6.0717793]},"faces":{"east":{"uv":[9.59375,2.75,10.1875,2.78125],"rotation":0,"texture":"#3","tintindex":0},"south":{"uv":[10.90625,2.75,11.03125,2.78125],"rotation":0,"texture":"#3","tintindex":0},"north":{"uv":[10.1875,2.75,10.3125,2.78125],"rotation":0,"texture":"#3","tintindex":0},"west":{"uv":[10.3125,2.75,10.90625,2.78125],"rotation":0,"texture":"#3","tintindex":0},"up":{"uv":[10.3125,2.75,10.1875,2.15625],"rotation":0,"texture":"#3","tintindex":0},"down":{"uv":[10.3125,2.15625,10.1875,2.75],"rotation":0,"texture":"#3","tintindex":0}}},{"from":[-1.0630646,4.8409,26.918856],"to":[0.1403637,4.948043,32.0],"rotation":{"angle":0.0,"axis":"y","origin":[0.91966915,0.14518833,6.0717793]},"faces":{"east":{"uv":[9.53125,2.125,10.125,2.15625],"rotation":0,"texture":"#3","tintindex":0},"south":{"uv":[10.84375,2.125,10.96875,2.15625],"rotation":0,"texture":"#3","tintindex":0},"north":{"uv":[10.125,2.125,10.25,2.15625],"rotation":0,"texture":"#3","tintindex":0},"west":{"uv":[10.25,2.125,10.84375,2.15625],"rotation":0,"texture":"#3","tintindex":0},"up":{"uv":[10.25,2.125,10.125,1.53125],"rotation":0,"texture":"#3","tintindex":0},"down":{"uv":[10.25,1.53125,10.125,2.125],"rotation":0,"texture":"#3","tintindex":0}}},{"from":[-1.0630646,4.839777,11.675428],"to":[0.1403637,4.94692,16.75657],"rotation":{"angle":0.0,"axis":"y","origin":[0.91966915,0.14518833,6.0717793]},"faces":{"east":{"uv":[8.0,2.78125,8.59375,2.8125],"rotation":0,"texture":"#3","tintindex":0},"south":{"uv":[9.3125,2.78125,9.4375,2.8125],"rotation":0,"texture":"#3","tintindex":0},"north":{"uv":[8.59375,2.78125,8.71875,2.8125],"rotation":0,"texture":"#3","tintindex":0},"west":{"uv":[8.71875,2.78125,9.3125,2.8125],"rotation":0,"texture":"#3","tintindex":0},"up":{"uv":[8.71875,2.78125,8.59375,2.1875],"rotation":0,"texture":"#3","tintindex":0},"down":{"uv":[8.71875,2.20325,8.59375,2.797],"rotation":0,"texture":"#3","tintindex":0}}},{"from":[-1.0630646,4.8409,21.837715],"to":[0.1403637,4.948043,26.918856],"rotation":{"angle":0.0,"axis":"y","origin":[0.91966915,0.14518833,6.0717793]},"faces":{"east":{"uv":[9.90625,1.34375,10.5,1.375],"rotation":0,"texture":"#3","tintindex":0},"south":{"uv":[11.21875,1.34375,11.34375,1.375],"rotation":0,"texture":"#3","tintindex":0},"north":{"uv":[10.5,1.34375,10.625,1.375],"rotation":0,"texture":"#3","tintindex":0},"west":{"uv":[10.625,1.34375,11.21875,1.375],"rotation":0,"texture":"#3","tintindex":0},"up":{"uv":[10.625,1.34375,10.5,0.75],"rotation":0,"texture":"#3","tintindex":0},"down":{"uv":[10.625,0.75,10.5,1.34375],"rotation":0,"texture":"#3","tintindex":0}}},{"from":[-2.3724365,5.835511,5.0397787],"to":[2.7087069,6.6377974,5.842065],"rotation":{"angle":22.5,"axis":"z","origin":[2.591792,7.3258085,3.568922]},"faces":{"east":{"uv":[10.34375,0.09375,10.4375,0.1875],"rotation":0,"texture":"#3","tintindex":0},"south":{"uv":[11.125,0.09375,11.71875,0.1875],"rotation":0,"texture":"#3","tintindex":0},"north":{"uv":[10.4375,0.09375,11.03125,0.1875],"rotation":0,"texture":"#3","tintindex":0},"west":{"uv":[11.03125,0.09375,11.125,0.1875],"rotation":0,"texture":"#3","tintindex":0},"up":{"uv":[11.03125,0.09375,10.4375,0.0],"rotation":0,"texture":"#3","tintindex":0},"down":{"uv":[11.625,0.0,11.03125,0.09375],"rotation":0,"texture":"#3","tintindex":0}}}],"display":{"head":{"translation":[0.0,-6.4,0.94353485],"scale":[4.0,4.0,4.0]}}}
