{"textures":{"3":"mineinabyss:entity/mobs/cyatoria/wing1"},"elements":[{"from":[16.870388,4.105968,6.194857],"to":[20.079533,4.9082537,6.997143],"rotation":{"angle":-45.0,"axis":"z","origin":[11.906151,5.596265,4.724]},"faces":{"east":{"uv":[9.40625,2.28125,9.3125,2.375],"rotation":0,"texture":"#3","tintindex":0},"south":{"uv":[9.78125,2.28125,9.40625,2.375],"rotation":0,"texture":"#3","tintindex":0},"north":{"uv":[9.3125,2.28125,8.9375,2.375],"rotation":0,"texture":"#3","tintindex":0},"west":{"uv":[8.9375,2.28125,8.84375,2.375],"rotation":0,"texture":"#3","tintindex":0},"up":{"uv":[8.9375,2.28125,9.3125,2.1875],"rotation":0,"texture":"#3","tintindex":0},"down":{"uv":[9.3125,2.1875,9.6875,2.28125],"rotation":0,"texture":"#3","tintindex":0}}},{"from":[16.870388,4.5071106,6.3285713],"to":[23.957245,4.6142535,12.479429],"rotation":{"angle":-45.0,"axis":"z","origin":[11.906151,5.596265,4.724]},"faces":{"east":{"uv":[10.25,0.71875,9.53125,0.75],"rotation":0,"texture":"#3","tintindex":0},"south":{"uv":[11.0625,0.71875,10.25,0.75],"rotation":0,"texture":"#3","tintindex":0},"north":{"uv":[9.53125,0.71875,8.71875,0.75],"rotation":0,"texture":"#3","tintindex":0},"west":{"uv":[8.71875,0.71875,8.0,0.75],"rotation":0,"texture":"#3","tintindex":0},"up":{"uv":[8.71875,0.71875,9.53125,0.0],"rotation":0,"texture":"#3","tintindex":0},"down":{"uv":[8.7345,0.0,9.547,0.71875],"rotation":0,"texture":"#3","tintindex":0}}}],"display":{"head":{"translation":[0.0,-6.4,0.0],"scale":[4.0,4.0,4.0]}}}
