{"textures":{"3":"mineinabyss:entity/mobs/cyatoria/wing1"},"elements":[{"from":[-7.5790462,4.1450644,6.3285713],"to":[-0.4921894,4.252207,12.479429],"rotation":{"angle":45.0,"axis":"z","origin":[4.472048,5.2342186,4.724]},"faces":{"east":{"uv":[8.0,0.71875,8.71875,0.75],"rotation":0,"texture":"#3","tintindex":0},"south":{"uv":[10.25,0.71875,11.0625,0.75],"rotation":0,"texture":"#3","tintindex":0},"north":{"uv":[8.71875,0.71875,9.53125,0.75],"rotation":0,"texture":"#3","tintindex":0},"west":{"uv":[9.53125,0.71875,10.25,0.75],"rotation":0,"texture":"#3","tintindex":0},"up":{"uv":[9.53125,0.71875,8.71875,0.0],"rotation":0,"texture":"#3","tintindex":0},"down":{"uv":[9.547,0.0,8.7345,0.71875],"rotation":0,"texture":"#3","tintindex":0}}},{"from":[-3.701333,3.7439213,6.194857],"to":[-0.4921894,4.546207,6.997143],"rotation":{"angle":45.0,"axis":"z","origin":[4.472048,5.2342186,4.724]},"faces":{"east":{"uv":[8.84375,2.28125,8.9375,2.375],"rotation":0,"texture":"#3","tintindex":0},"south":{"uv":[9.40625,2.28125,9.78125,2.375],"rotation":0,"texture":"#3","tintindex":0},"north":{"uv":[8.9375,2.28125,9.3125,2.375],"rotation":0,"texture":"#3","tintindex":0},"west":{"uv":[9.3125,2.28125,9.40625,2.375],"rotation":0,"texture":"#3","tintindex":0},"up":{"uv":[9.3125,2.28125,8.9375,2.1875],"rotation":0,"texture":"#3","tintindex":0},"down":{"uv":[9.6875,2.1875,9.3125,2.28125],"rotation":0,"texture":"#3","tintindex":0}}}],"display":{"head":{"translation":[0.0,-6.4,0.0],"scale":[4.0,4.0,4.0]}}}
