{"textures":{"3":"mineinabyss:mobs/cyatoria/wing1"},"elements":[{"from":[12.813715,7.3314285,0.6457138],"to":[17.894857,7.4385715,6.7965713],"rotation":{"angle":-45.0,"axis":"z","origin":[9.114285,7.4428573,0.75714254]},"faces":{"east":{"uv":[2.03125,1.46875,1.3125,1.5],"rotation":0,"texture":"#3","tintindex":0},"south":{"uv":[2.625,1.46875,2.03125,1.5],"rotation":0,"texture":"#3","tintindex":0},"north":{"uv":[1.3125,1.46875,0.71875,1.5],"rotation":0,"texture":"#3","tintindex":0},"west":{"uv":[0.71875,1.46875,0.0,1.5],"rotation":0,"texture":"#3","tintindex":0},"up":{"uv":[0.71875,1.46875,1.3125,0.75],"rotation":0,"texture":"#3","tintindex":0},"down":{"uv":[0.71875,0.75,1.3125,1.46875],"rotation":0,"texture":"#3","tintindex":0}}},{"from":[12.813715,6.9302855,0.11085701],"to":[17.894857,7.7325716,0.9131422],"rotation":{"angle":-45.0,"axis":"z","origin":[9.114285,7.4428573,0.75714254]},"faces":{"east":{"uv":[3.125,0.09375,3.03125,0.1875],"rotation":0,"texture":"#3","tintindex":0},"south":{"uv":[3.71875,0.09375,3.125,0.1875],"rotation":0,"texture":"#3","tintindex":0},"north":{"uv":[3.03125,0.09375,2.4375,0.1875],"rotation":0,"texture":"#3","tintindex":0},"west":{"uv":[2.4375,0.09375,2.34375,0.1875],"rotation":0,"texture":"#3","tintindex":0},"up":{"uv":[2.4375,0.09375,3.03125,0.0],"rotation":0,"texture":"#3","tintindex":0},"down":{"uv":[3.03125,0.0,3.625,0.09375],"rotation":0,"texture":"#3","tintindex":0}}}],"display":{"head":{"translation":[0.0,-6.4,0.0],"scale":[4.0,4.0,4.0]}}}