{"textures":{"3":"minecraft:creatures/cyatoria/wing1"},"elements":[{"from":[17.894857,6.9302855,0.11085701],"to":[21.104,7.7325716,0.9131422],"rotation":{"angle":-45.0,"axis":"z","origin":[9.114285,7.4428573,0.75714254]},"faces":{"east":{"uv":[1.40625,2.28125,1.3125,2.375],"rotation":0,"texture":"#3","tintindex":0},"south":{"uv":[1.78125,2.28125,1.40625,2.375],"rotation":0,"texture":"#3","tintindex":0},"north":{"uv":[1.3125,2.28125,0.9375,2.375],"rotation":0,"texture":"#3","tintindex":0},"west":{"uv":[0.9375,2.28125,0.84375,2.375],"rotation":0,"texture":"#3","tintindex":0},"up":{"uv":[0.9375,2.28125,1.3125,2.1875],"rotation":0,"texture":"#3","tintindex":0},"down":{"uv":[1.3125,2.1875,1.6875,2.28125],"rotation":0,"texture":"#3","tintindex":0}}},{"from":[17.894857,7.3314285,0.24457121],"to":[24.981716,7.4385715,6.3954287],"rotation":{"angle":-45.0,"axis":"z","origin":[9.114285,7.4428573,0.75714254]},"faces":{"east":{"uv":[2.25,0.71875,1.53125,0.75],"rotation":0,"texture":"#3","tintindex":0},"south":{"uv":[3.0625,0.71875,2.25,0.75],"rotation":0,"texture":"#3","tintindex":0},"north":{"uv":[1.53125,0.71875,0.71875,0.75],"rotation":0,"texture":"#3","tintindex":0},"west":{"uv":[0.71875,0.71875,0.0,0.75],"rotation":0,"texture":"#3","tintindex":0},"up":{"uv":[0.71875,0.71875,1.53125,0.0],"rotation":0,"texture":"#3","tintindex":0},"down":{"uv":[0.7345,0.0,1.547,0.71875],"rotation":0,"texture":"#3","tintindex":0}}}],"display":{"head":{"translation":[0.0,-6.4,0.0],"scale":[4.0,4.0,4.0]}}}