{"textures":{"0":"mineinabyss:mobs/okibo"},"elements":[{"from":[1.75,1.1070862,6.636467],"to":[3.25,9.107086,9.886467],"faces":{"east":{"uv":[1.0,7.5,1.4375,8.5],"tintindex":0,"rotation":0,"texture":"#0"},"south":{"uv":[2.5,8.75,2.6875,9.75],"tintindex":0,"rotation":0,"texture":"#0"},"north":{"uv":[2.25,8.75,2.4375,9.75],"tintindex":0,"rotation":0,"texture":"#0"},"west":{"uv":[1.5,7.5,1.9375,8.5],"tintindex":0,"rotation":0,"texture":"#0"},"up":{"uv":[3.4375,9.1875,3.25,8.75],"tintindex":0,"rotation":0,"texture":"#0"},"down":{"uv":[3.6875,8.75,3.5,9.1875],"tintindex":0,"rotation":0,"texture":"#0"}},"rotation":{"origin":[2.25,5.107086,8.386467],"angle":-22.5,"axis":"z"}},{"from":[12.75,-0.8929138,6.636467],"to":[14.25,1.1070862,9.886467],"faces":{"east":{"uv":[7.75,5.625,8.1875,5.875],"tintindex":0,"rotation":0,"texture":"#0"},"south":{"uv":[7.5,8.125,7.6875,8.375],"tintindex":0,"rotation":0,"texture":"#0"},"north":{"uv":[0.625,8.125,0.8125,8.375],"tintindex":0,"rotation":0,"texture":"#0"},"west":{"uv":[7.875,4.625,8.3125,4.875],"tintindex":0,"rotation":0,"texture":"#0"},"up":{"uv":[3.9375,7.5625,3.75,7.125],"tintindex":0,"rotation":0,"texture":"#0"},"down":{"uv":[6.4375,7.625,6.25,8.0625],"tintindex":0,"rotation":0,"texture":"#0"}},"rotation":{"origin":[13.75,5.107086,8.386467],"angle":22.5,"axis":"z"}},{"from":[1.75,-0.8929138,6.636467],"to":[3.25,1.1070862,9.886467],"faces":{"east":{"uv":[8.625,0.25,9.0625,0.5],"tintindex":0,"rotation":0,"texture":"#0"},"south":{"uv":[8.75,6.125,8.9375,6.375],"tintindex":0,"rotation":0,"texture":"#0"},"north":{"uv":[2.625,8.25,2.8125,8.5],"tintindex":0,"rotation":0,"texture":"#0"},"west":{"uv":[2.75,8.75,3.1875,9.0],"tintindex":0,"rotation":0,"texture":"#0"},"up":{"uv":[6.4375,9.1875,6.25,8.75],"tintindex":0,"rotation":0,"texture":"#0"},"down":{"uv":[6.6875,8.75,6.5,9.1875],"tintindex":0,"rotation":0,"texture":"#0"}},"rotation":{"origin":[2.25,5.107086,8.386467],"angle":-22.5,"axis":"z"}},{"from":[12.75,1.1070862,6.636467],"to":[14.25,9.107086,9.886467],"faces":{"east":{"uv":[1.25,6.0,1.6875,7.0],"tintindex":0,"rotation":0,"texture":"#0"},"south":{"uv":[2.0,8.75,2.1875,9.75],"tintindex":0,"rotation":0,"texture":"#0"},"north":{"uv":[8.75,0.875,8.9375,1.875],"tintindex":0,"rotation":0,"texture":"#0"},"west":{"uv":[7.375,4.0,7.8125,5.0],"tintindex":0,"rotation":0,"texture":"#0"},"up":{"uv":[5.4375,6.4375,5.25,6.0],"tintindex":0,"rotation":0,"texture":"#0"},"down":{"uv":[5.1875,7.0,5.0,7.4375],"tintindex":0,"rotation":0,"texture":"#0"}},"rotation":{"origin":[13.75,5.107086,8.386467],"angle":22.5,"axis":"z"}}]}