{"textures":{"0":"mineinabyss:character/ozen_despair"},"elements":[{"from":[3.4285712,8.0,3.4285712],"to":[12.571428,26.285715,12.571428],"rotation":{"angle":0.0,"axis":"y","origin":[8.0,8.0,8.0]},"faces":{"east":{"uv":[5.3333335,2.6666667,10.666667,13.333333],"rotation":0,"texture":"#0","tintindex":0},"south":{"uv":[5.3333335,2.6666667,10.666667,13.333333],"rotation":0,"texture":"#0","tintindex":0},"north":{"uv":[0.0,2.6666667,5.3333335,13.333333],"rotation":0,"texture":"#0","tintindex":0},"west":{"uv":[5.3333335,2.6666667,10.666667,13.333333],"rotation":0,"texture":"#0","tintindex":0},"up":{"uv":[0.0,2.6666667,5.3333335,3.0],"rotation":0,"texture":"#0","tintindex":0},"down":{"uv":[0.0,13.0,5.3333335,13.333333],"rotation":0,"texture":"#0","tintindex":0}}}],"display":{"head":{"translation":[0.0,-6.4,0.0],"scale":[4.0,4.0,4.0]}}}