{"textures":{"0":"mineinabyss:characters/ozen_despair"},"elements":[{"from":[3.4285712,8.0,3.4285712],"to":[8.0,12.571428,8.0],"rotation":{"angle":0.0,"axis":"y","origin":[5.714286,0.5714283,10.857143]},"faces":{"east":{"uv":[2.6666667,0.0,0.0,2.6666667],"rotation":0,"texture":"#0","tintindex":0},"north":{"uv":[5.3333335,0.0,8.0,2.6666667],"rotation":0,"texture":"#0","tintindex":0},"west":{"uv":[0.0,0.0,2.6666667,2.6666667],"rotation":0,"texture":"#0","tintindex":0},"up":{"uv":[2.6666667,2.6666667,5.3333335,0.0],"rotation":0,"texture":"#0","tintindex":0},"down":{"uv":[8.0,0.0,10.666667,2.6666667],"rotation":0,"texture":"#0","tintindex":0}}},{"from":[6.857143,7.428571,3.4285712],"to":[9.714286,13.714286,3.4285712],"rotation":{"angle":-45.0,"axis":"y","origin":[8.0,-4.000001,3.4285712]},"faces":{"south":{"uv":[12.333333,0.0,10.666667,3.6666667],"rotation":0,"texture":"#0","tintindex":0},"north":{"uv":[10.666667,0.0,12.333333,3.6666667],"rotation":0,"texture":"#0","tintindex":0}}},{"from":[1.7142854,7.428571,3.4285712],"to":[4.5714283,13.714286,3.4285712],"rotation":{"angle":45.0,"axis":"y","origin":[3.4285712,-4.000001,3.4285712]},"faces":{"south":{"uv":[10.666667,0.0,12.333333,3.6666667],"rotation":0,"texture":"#0","tintindex":0},"north":{"uv":[12.333333,0.0,10.666667,3.6666667],"rotation":0,"texture":"#0","tintindex":0}}}],"display":{"head":{"translation":[0.0,-6.4,0.0],"scale":[4.0,4.0,4.0]}}}