{"textures":{"0":"mineinabyss:character/ozen_despair"},"elements":[{"from":[4.0,8.0,4.0],"to":[12.0,24.0,12.0],"faces":{"east":{"uv":[5.3333335,2.6666667,10.666667,13.333334],"tintindex":0,"rotation":0,"texture":"#0"},"south":{"uv":[5.3333335,2.6666667,10.666667,13.333334],"tintindex":0,"rotation":0,"texture":"#0"},"north":{"uv":[0.0,2.6666667,5.3333335,13.333334],"tintindex":0,"rotation":0,"texture":"#0"},"west":{"uv":[5.3333335,2.6666667,10.666667,13.333334],"tintindex":0,"rotation":0,"texture":"#0"},"up":{"uv":[0.0,2.6666667,5.3333335,3.0],"tintindex":0,"rotation":0,"texture":"#0"},"down":{"uv":[0.0,13.0,5.3333335,13.333334],"tintindex":0,"rotation":0,"texture":"#0"}}}]}