{"textures":{"0":"mineinabyss:character/ozen_despair"},"elements":[{"from":[6.0,7.0,0.0],"to":[11.0,18.0,0.0],"faces":{"south":{"uv":[12.333334,0.0,10.666667,3.6666667],"tintindex":0,"rotation":0,"texture":"#0"},"north":{"uv":[10.666667,0.0,12.333334,3.6666667],"tintindex":0,"rotation":0,"texture":"#0"}},"rotation":{"origin":[8.0,-13.0,0.0],"angle":-45.0,"axis":"y"}},{"from":[-3.0,7.0,0.0],"to":[2.0,18.0,0.0],"faces":{"south":{"uv":[10.666667,0.0,12.333334,3.6666667],"tintindex":0,"rotation":0,"texture":"#0"},"north":{"uv":[12.333334,0.0,10.666667,3.6666667],"tintindex":0,"rotation":0,"texture":"#0"}},"rotation":{"origin":[0.0,-13.0,0.0],"angle":45.0,"axis":"y"}},{"from":[0.0,8.0,0.0],"to":[8.0,16.0,8.0],"faces":{"east":{"uv":[2.6666667,0.0,0.0,2.6666667],"tintindex":0,"rotation":0,"texture":"#0"},"north":{"uv":[5.3333335,0.0,8.0,2.6666667],"tintindex":0,"rotation":0,"texture":"#0"},"west":{"uv":[0.0,0.0,2.6666667,2.6666667],"tintindex":0,"rotation":0,"texture":"#0"},"up":{"uv":[2.6666667,2.6666667,5.3333335,0.0],"tintindex":0,"rotation":0,"texture":"#0"},"down":{"uv":[8.0,0.0,10.666667,2.6666667],"tintindex":0,"rotation":0,"texture":"#0"}}}]}