{"textures":{"0":"modelengine:entity/stingerhead_new"},"elements":[{"from":[7.3925743,28.663076,21.782152],"to":[9.392574,30.663076,26.782152],"faces":{"east":{"uv":[5.09375,0.71875,5.15625,0.8125],"tintindex":0,"rotation":90,"texture":"#0"},"south":{"uv":[5.09375,0.71875,5.15625,0.78125],"tintindex":0,"rotation":0,"texture":"#0"},"north":{"uv":[5.09375,0.71875,5.15625,0.78125],"tintindex":0,"rotation":0,"texture":"#0"},"west":{"uv":[5.09375,0.71875,5.15625,0.8125],"tintindex":0,"rotation":90,"texture":"#0"},"up":{"uv":[5.09375,0.71875,5.15625,0.8125],"tintindex":0,"rotation":0,"texture":"#0"},"down":{"uv":[5.09375,0.71875,5.15625,0.8125],"tintindex":0,"rotation":0,"texture":"#0"}}},{"from":[4.391575,0.020368576,9.295822],"to":[12.393574,6.0203686,19.295822],"faces":{"east":{"uv":[4.84375,0.0625,5.15625,0.25],"tintindex":0,"rotation":0,"texture":"#0"},"south":{"uv":[4.1875,0.0625,4.4375625,0.25],"tintindex":0,"rotation":0,"texture":"#0"},"north":{"uv":[4.1875,0.0625,4.4375625,0.25],"tintindex":0,"rotation":0,"texture":"#0"},"west":{"uv":[4.84375,0.0625,5.15625,0.25],"tintindex":0,"rotation":0,"texture":"#0"},"up":{"uv":[4.53125,0.0,4.7813125,0.3125],"tintindex":0,"rotation":0,"texture":"#0"},"down":{"uv":[4.53125,0.34375,4.7813125,0.65625],"tintindex":0,"rotation":0,"texture":"#0"}},"rotation":{"origin":[8.392574,2.113223,8.911029],"angle":-45.0,"axis":"x"}},{"from":[5.3925743,17.192768,18.089146],"to":[11.392574,26.192768,24.089146],"faces":{"east":{"uv":[4.84375,0.71875,5.03125,0.4375],"tintindex":0,"rotation":0,"texture":"#0"},"south":{"uv":[4.90625,0.75,5.09375,0.46875],"tintindex":0,"rotation":0,"texture":"#0"},"north":{"uv":[4.90625,0.625,5.09375,0.34375],"tintindex":0,"rotation":0,"texture":"#0"},"west":{"uv":[5.03125,0.71875,4.84375,0.4375],"tintindex":0,"rotation":0,"texture":"#0"},"up":{"uv":[4.90625,0.625,5.09375,0.8125],"tintindex":0,"rotation":0,"texture":"#0"},"down":{"uv":[4.90625,0.4375,5.09375,0.625],"tintindex":0,"rotation":0,"texture":"#0"}}},{"from":[4.3925743,-3.186777,0.81102896],"to":[12.392574,2.813223,10.811029],"faces":{"east":{"uv":[4.84375,0.0625,5.15625,0.25],"tintindex":0,"rotation":0,"texture":"#0"},"south":{"uv":[4.1875,0.0625,4.4375,0.25],"tintindex":0,"rotation":0,"texture":"#0"},"north":{"uv":[4.1875,0.0625,4.4375,0.25],"tintindex":0,"rotation":0,"texture":"#0"},"west":{"uv":[4.84375,0.0625,5.15625,0.25],"tintindex":0,"rotation":0,"texture":"#0"},"up":{"uv":[4.53125,0.0,4.78125,0.3125],"tintindex":0,"rotation":0,"texture":"#0"},"down":{"uv":[4.53125,0.34375,4.78125,0.65625],"tintindex":0,"rotation":0,"texture":"#0"}},"rotation":{"origin":[8.392574,-1.1867771,0.81102896],"angle":-22.5,"axis":"x"}},{"from":[7.3915744,24.992767,21.589146],"to":[9.393575,30.992767,25.589146],"faces":{"east":{"uv":[5.03125,0.8125,5.15625,0.625],"tintindex":0,"rotation":0,"texture":"#0"},"south":{"uv":[4.84375,0.8125,4.90625,0.625],"tintindex":0,"rotation":0,"texture":"#0"},"north":{"uv":[4.84375,0.8125,4.90625,0.625],"tintindex":0,"rotation":0,"texture":"#0"},"west":{"uv":[4.84375,0.8125,4.96875,0.625],"tintindex":0,"rotation":0,"texture":"#0"},"up":{"uv":[5.09375,0.6875,5.15625,0.8125],"tintindex":0,"rotation":0,"texture":"#0"},"down":{"uv":[4.9375,0.625,5.0,0.75],"tintindex":0,"rotation":0,"texture":"#0"}},"rotation":{"origin":[8.392574,30.692768,21.089146],"angle":22.5,"axis":"x"}},{"from":[3.3925743,9.296489,11.693224],"to":[13.392574,20.296488,21.693224],"faces":{"east":{"uv":[5.1875,0.0,5.5625,0.375],"tintindex":0,"rotation":0,"texture":"#0"},"south":{"uv":[5.1875,0.0,5.5625,0.375],"tintindex":0,"rotation":0,"texture":"#0"},"north":{"uv":[5.1875,0.0,5.5625,0.375],"tintindex":0,"rotation":0,"texture":"#0"},"west":{"uv":[5.1875,0.0,5.5625,0.375],"tintindex":0,"rotation":0,"texture":"#0"},"up":{"uv":[5.59375,0.0,5.96875,0.375],"tintindex":0,"rotation":0,"texture":"#0"},"down":{"uv":[5.1875,0.40625,5.5625,0.78125],"tintindex":0,"rotation":0,"texture":"#0"}},"rotation":{"origin":[8.392574,9.113223,14.911029],"angle":22.5,"axis":"x"}},{"from":[4.391575,-2.9867764,-8.088972],"to":[12.393574,3.0132232,1.9110293],"faces":{"east":{"uv":[4.84375,0.0625,5.15625,0.25],"tintindex":0,"rotation":0,"texture":"#0"},"south":{"uv":[4.1875,0.0625,4.4375625,0.25],"tintindex":0,"rotation":0,"texture":"#0"},"north":{"uv":[6.6875,0.25,6.9375625,0.4375],"tintindex":0,"rotation":0,"texture":"#0"},"west":{"uv":[4.84375,0.0625,5.15625,0.25],"tintindex":0,"rotation":0,"texture":"#0"},"up":{"uv":[4.53125,0.0,4.7813125,0.3125],"tintindex":0,"rotation":0,"texture":"#0"},"down":{"uv":[4.53125,0.34375,4.7813125,0.65625],"tintindex":0,"rotation":0,"texture":"#0"}}}]}