{"textures":{"0":"modelengine:entity/edusan"},"elements":[{"name":"center fin c cube","from":[6.9839354,3.7783751,12.328471],"to":[8.0,4.2864056,17.408792],"rotation":{"angle":22.5,"axis":"x","origin":[7.491968,4.032388,14.360599]},"faces":{"down":{"uv":[9.625,12.375,9.5,12.75],"rotation":0,"texture":"#0","tintindex":0},"east":{"uv":[13.125,12.75,13.5,12.875],"rotation":0,"texture":"#0","tintindex":0},"north":{"uv":[11.375,14.25,11.5,14.375],"rotation":0,"texture":"#0","tintindex":0},"south":{"uv":[14.25,11.5,14.375,11.625],"rotation":0,"texture":"#0","tintindex":0},"up":{"uv":[7.875,12.75,7.75,12.375],"rotation":0,"texture":"#0","tintindex":0},"west":{"uv":[13.0,13.125,13.375,13.25],"rotation":0,"texture":"#0","tintindex":0}}},{"name":"center fin c cube","from":[5.45984,1.7462476,10.296345],"to":[6.4759035,2.2542784,13.852569],"rotation":{"angle":22.5,"axis":"x","origin":[5.9678717,2.0002608,12.328471]},"faces":{"down":{"uv":[5.625,12.875,5.5,13.125],"rotation":0,"texture":"#0","tintindex":0},"east":{"uv":[13.75,1.25,14.0,1.375],"rotation":0,"texture":"#0","tintindex":0},"north":{"uv":[11.125,14.25,11.25,14.375],"rotation":0,"texture":"#0","tintindex":0},"south":{"uv":[14.25,11.25,14.375,11.375],"rotation":0,"texture":"#0","tintindex":0},"up":{"uv":[4.25,13.125,4.125,12.875],"rotation":0,"texture":"#0","tintindex":0},"west":{"uv":[13.75,1.5,14.0,1.625],"rotation":0,"texture":"#0","tintindex":0}}},{"name":"center fin c cube","from":[6.9839354,1.7462476,10.296345],"to":[8.0,2.2542784,16.392727],"rotation":{"angle":45.0,"axis":"x","origin":[7.491968,2.0002608,12.328471]},"faces":{"down":{"uv":[8.125,12.125,8.0,12.5],"rotation":0,"texture":"#0","tintindex":0},"east":{"uv":[13.0,2.375,13.375,2.5],"rotation":0,"texture":"#0","tintindex":0},"north":{"uv":[11.625,14.25,11.75,14.375],"rotation":0,"texture":"#0","tintindex":0},"south":{"uv":[14.25,11.75,14.375,11.875],"rotation":0,"texture":"#0","tintindex":0},"up":{"uv":[12.25,8.0,12.125,7.625],"rotation":0,"texture":"#0","tintindex":0},"west":{"uv":[13.0,2.625,13.375,2.75],"rotation":0,"texture":"#0","tintindex":0}}},{"name":"center fin c cube","from":[5.45984,-0.28587985,8.2642145],"to":[6.4759035,0.2221508,12.836505],"rotation":{"angle":45.0,"axis":"x","origin":[5.9678717,-0.03186679,10.296345]},"faces":{"down":{"uv":[12.75,7.25,12.625,7.625],"rotation":0,"texture":"#0","tintindex":0},"east":{"uv":[11.25,13.375,11.625,13.5],"rotation":0,"texture":"#0","tintindex":0},"north":{"uv":[10.875,14.25,11.0,14.375],"rotation":0,"texture":"#0","tintindex":0},"south":{"uv":[14.25,11.0,14.375,11.125],"rotation":0,"texture":"#0","tintindex":0},"up":{"uv":[12.75,7.125,12.625,6.75],"rotation":0,"texture":"#0","tintindex":0},"west":{"uv":[11.75,13.375,12.125,13.5],"rotation":0,"texture":"#0","tintindex":0}}},{"name":"center fin c cube","from":[5.45984,-4.350139,4.1999593],"to":[6.4759035,-3.842104,7.248151],"rotation":{"angle":45.0,"axis":"x","origin":[5.9678717,-4.096122,6.232087]},"faces":{"down":{"uv":[13.125,2.0,13.0,2.25],"rotation":0,"texture":"#0","tintindex":0},"east":{"uv":[14.0,4.0,14.25,4.125],"rotation":0,"texture":"#0","tintindex":0},"north":{"uv":[14.25,10.0,14.375,10.125],"rotation":0,"texture":"#0","tintindex":0},"south":{"uv":[14.25,10.25,14.375,10.375],"rotation":0,"texture":"#0","tintindex":0},"up":{"uv":[13.125,1.375,13.0,1.125],"rotation":0,"texture":"#0","tintindex":0},"west":{"uv":[14.0,4.25,14.25,4.375],"rotation":0,"texture":"#0","tintindex":0}}},{"name":"center fin c cube","from":[5.45984,-2.3180118,6.232087],"to":[6.4759035,-1.8099766,10.296345],"rotation":{"angle":22.5,"axis":"x","origin":[5.9678717,-2.0639944,8.2642145]},"faces":{"down":{"uv":[7.0,12.75,6.875,13.0],"rotation":0,"texture":"#0","tintindex":0},"east":{"uv":[13.625,9.0,13.875,9.125],"rotation":0,"texture":"#0","tintindex":0},"north":{"uv":[14.25,10.5,14.375,10.625],"rotation":0,"texture":"#0","tintindex":0},"south":{"uv":[14.25,10.75,14.375,10.875],"rotation":0,"texture":"#0","tintindex":0},"up":{"uv":[6.75,13.0,6.625,12.75],"rotation":0,"texture":"#0","tintindex":0},"west":{"uv":[11.25,13.625,11.5,13.75],"rotation":0,"texture":"#0","tintindex":0}}},{"name":"center fin c cube","from":[11.048193,3.7783751,12.328471],"to":[12.064256,4.2864056,17.408792],"rotation":{"angle":22.5,"axis":"x","origin":[11.556224,4.032388,14.360599]},"faces":{"down":{"uv":[12.5,10.875,12.375,11.25],"rotation":0,"texture":"#0","tintindex":0},"east":{"uv":[13.25,0.5,13.625,0.625],"rotation":0,"texture":"#0","tintindex":0},"north":{"uv":[14.375,0.0,14.5,0.125],"rotation":0,"texture":"#0","tintindex":0},"south":{"uv":[0.25,14.375,0.375,14.5],"rotation":0,"texture":"#0","tintindex":0},"up":{"uv":[10.25,12.75,10.125,12.375],"rotation":0,"texture":"#0","tintindex":0},"west":{"uv":[13.25,1.125,13.625,1.25],"rotation":0,"texture":"#0","tintindex":0}}},{"name":"center fin c cube","from":[10.032127,2.762309,10.804375],"to":[11.048193,3.2703397,14.868632],"rotation":{"angle":22.5,"axis":"x","origin":[10.540159,3.0163267,12.836505]},"faces":{"down":{"uv":[12.875,10.375,12.75,10.625],"rotation":0,"texture":"#0","tintindex":0},"east":{"uv":[13.5,13.625,13.75,13.75],"rotation":0,"texture":"#0","tintindex":0},"north":{"uv":[14.375,0.25,14.5,0.375],"rotation":0,"texture":"#0","tintindex":0},"south":{"uv":[0.5,14.375,0.625,14.5],"rotation":0,"texture":"#0","tintindex":0},"up":{"uv":[9.375,13.0,9.25,12.75],"rotation":0,"texture":"#0","tintindex":0},"west":{"uv":[0.0,13.75,0.25,13.875],"rotation":0,"texture":"#0","tintindex":0}}},{"name":"center fin c cube","from":[12.572288,1.7462476,10.296345],"to":[13.588351,2.2542784,13.852569],"rotation":{"angle":22.5,"axis":"x","origin":[13.080321,2.0002608,12.328471]},"faces":{"down":{"uv":[13.0,9.0,12.875,9.25],"rotation":0,"texture":"#0","tintindex":0},"east":{"uv":[13.75,7.875,14.0,8.0],"rotation":0,"texture":"#0","tintindex":0},"north":{"uv":[14.375,0.5,14.5,0.625],"rotation":0,"texture":"#0","tintindex":0},"south":{"uv":[0.75,14.375,0.875,14.5],"rotation":0,"texture":"#0","tintindex":0},"up":{"uv":[7.75,13.125,7.625,12.875],"rotation":0,"texture":"#0","tintindex":0},"west":{"uv":[13.75,8.125,14.0,8.25],"rotation":0,"texture":"#0","tintindex":0}}},{"name":"center fin c cube","from":[11.048193,1.7462476,10.296345],"to":[12.064256,2.2542784,16.392727],"rotation":{"angle":45.0,"axis":"x","origin":[11.556224,2.0002608,12.328471]},"faces":{"down":{"uv":[8.375,12.25,8.25,12.625],"rotation":0,"texture":"#0","tintindex":0},"east":{"uv":[13.0,3.875,13.375,4.0],"rotation":0,"texture":"#0","tintindex":0},"north":{"uv":[14.375,0.75,14.5,0.875],"rotation":0,"texture":"#0","tintindex":0},"south":{"uv":[1.0,14.375,1.125,14.5],"rotation":0,"texture":"#0","tintindex":0},"up":{"uv":[12.375,8.5,12.25,8.125],"rotation":0,"texture":"#0","tintindex":0},"west":{"uv":[13.0,4.125,13.375,4.25],"rotation":0,"texture":"#0","tintindex":0}}},{"name":"center fin c cube","from":[12.572288,-0.28587985,8.2642145],"to":[13.588351,0.2221508,12.836505],"rotation":{"angle":45.0,"axis":"x","origin":[13.080321,-0.03186679,10.296345]},"faces":{"down":{"uv":[10.75,12.625,10.625,13.0],"rotation":0,"texture":"#0","tintindex":0},"east":{"uv":[13.5,3.875,13.875,4.0],"rotation":0,"texture":"#0","tintindex":0},"north":{"uv":[14.375,1.5,14.5,1.625],"rotation":0,"texture":"#0","tintindex":0},"south":{"uv":[1.75,14.375,1.875,14.5],"rotation":0,"texture":"#0","tintindex":0},"up":{"uv":[10.5,13.0,10.375,12.625],"rotation":0,"texture":"#0","tintindex":0},"west":{"uv":[13.5,4.125,13.875,4.25],"rotation":0,"texture":"#0","tintindex":0}}},{"name":"center fin c cube","from":[12.572288,-4.350139,4.1999593],"to":[13.588351,-3.842104,7.248151],"rotation":{"angle":45.0,"axis":"x","origin":[13.080321,-4.096122,6.232087]},"faces":{"down":{"uv":[4.5,13.0,4.375,13.25],"rotation":0,"texture":"#0","tintindex":0},"east":{"uv":[14.0,4.5,14.25,4.625],"rotation":0,"texture":"#0","tintindex":0},"north":{"uv":[14.375,2.75,14.5,2.875],"rotation":0,"texture":"#0","tintindex":0},