{"textures":{"0":"modelengine:entity/edusan"},"elements":[{"name":"left front c cube","from":[1.9036154,8.0,5.9678717],"to":[6.9839363,8.508031,6.4759035],"rotation":{"angle":45.0,"axis":"y","origin":[5.9678717,7.491965,7.491968]},"faces":{"down":{"uv":[10.875,13.125,10.5,13.25],"rotation":0,"texture":"#0","tintindex":0},"east":{"uv":[14.375,4.25,14.5,4.375],"rotation":0,"texture":"#0","tintindex":0},"north":{"uv":[13.125,9.0,13.5,9.125],"rotation":0,"texture":"#0","tintindex":0},"south":{"uv":[9.5,13.125,9.875,13.25],"rotation":0,"texture":"#0","tintindex":0},"up":{"uv":[10.375,13.25,10.0,13.125],"rotation":0,"texture":"#0","tintindex":0},"west":{"uv":[4.5,14.375,4.625,14.5],"rotation":0,"texture":"#0","tintindex":0}}},{"name":"left front c cube","from":[3.9357436,8.0,6.4759035],"to":[6.9839363,8.508031,8.508032],"rotation":{"angle":45.0,"axis":"y","origin":[5.9678717,7.491965,7.491968]},"faces":{"down":{"uv":[12.375,3.25,12.125,3.375],"rotation":0,"texture":"#0","tintindex":0},"east":{"uv":[14.0,11.0,14.125,11.125],"rotation":0,"texture":"#0","tintindex":0},"north":{"uv":[14.0,0.25,14.25,0.375],"rotation":0,"texture":"#0","tintindex":0},"south":{"uv":[14.0,2.125,14.25,2.25],"rotation":0,"texture":"#0","tintindex":0},"up":{"uv":[12.375,3.125,12.125,3.0],"rotation":0,"texture":"#0","tintindex":0},"west":{"uv":[14.0,11.25,14.125,11.375],"rotation":0,"texture":"#0","tintindex":0}}}],"display":{"head":{"translation":[0.0,-6.4,0.0],"rotation":[0.0,0.0,0.0],"scale":[3.8095,3.8095,3.8095]}}}