{"textures":{"0":"modelengine:entity/edusan"},"elements":[{"name":"left arm cube","from":[6.7862673,10.417665,5.6394563],"to":[9.326427,25.658625,11.227809],"rotation":{"angle":0.0,"axis":"x","origin":[7.040283,28.4528,9.703712]},"faces":{"down":{"uv":[11.0,6.5,10.75,6.875],"rotation":0,"texture":"#0","tintindex":0},"east":{"uv":[0.625,7.125,1.0,8.125],"rotation":0,"texture":"#0","tintindex":0},"north":{"uv":[9.125,8.75,9.375,9.75],"rotation":0,"texture":"#0","tintindex":0},"south":{"uv":[0.5,9.25,0.75,10.25],"rotation":0,"texture":"#0","tintindex":0},"up":{"uv":[11.0,1.375,10.75,1.0],"rotation":0,"texture":"#0","tintindex":0},"west":{"uv":[1.125,7.125,1.5,8.125],"rotation":0,"texture":"#0","tintindex":0}}},{"name":"left arm cube","from":[7.294299,-3.807232,9.703712],"to":[8.818396,11.433728,12.7519045],"rotation":{"angle":-22.5,"axis":"x","origin":[8.056347,1.5271044,9.703712]},"faces":{"down":{"uv":[5.375,12.625,5.25,12.875],"rotation":0,"texture":"#0","tintindex":0},"east":{"uv":[5.75,8.75,6.0,9.75],"rotation":0,"texture":"#0","tintindex":0},"north":{"uv":[3.125,9.75,3.25,10.75],"rotation":0,"texture":"#0","tintindex":0},"south":{"uv":[5.25,9.75,5.375,10.75],"rotation":0,"texture":"#0","tintindex":0},"up":{"uv":[4.5,12.875,4.375,12.625],"rotation":0,"texture":"#0","tintindex":0},"west":{"uv":[8.75,6.5,9.0,7.5],"rotation":0,"texture":"#0","tintindex":0}}},{"name":"left arm cube","from":[7.8023314,7.642273,11.089067],"to":[8.310364,12.214561,11.597099],"rotation":{"angle":-45.0,"axis":"x","origin":[8.056347,9.928418,10.073004]},"faces":{"down":{"uv":[14.5,5.5,14.375,5.625],"rotation":0,"texture":"#0","tintindex":0},"east":{"uv":[5.375,13.25,5.5,13.625],"rotation":0,"texture":"#0","tintindex":0},"north":{"uv":[4.0,13.25,4.125,13.625],"rotation":0,"texture":"#0","tintindex":0},"south":{"uv":[7.5,13.25,7.625,13.625],"rotation":0,"texture":"#0","tintindex":0},"up":{"uv":[5.625,14.5,5.5,14.375],"rotation":0,"texture":"#0","tintindex":0},"west":{"uv":[13.25,11.25,13.375,11.625],"rotation":0,"texture":"#0","tintindex":0}}},{"name":"left arm cube","from":[7.8023314,3.5780172,11.597099],"to":[8.310364,8.150306,12.105132],"rotation":{"angle":-45.0,"axis":"x","origin":[8.056347,5.8641615,10.581036]},"faces":{"down":{"uv":[14.5,5.75,14.375,5.875],"rotation":0,"texture":"#0","tintindex":0},"east":{"uv":[13.25,12.25,13.375,12.625],"rotation":0,"texture":"#0","tintindex":0},"north":{"uv":[13.25,11.75,13.375,12.125],"rotation":0,"texture":"#0","tintindex":0},"south":{"uv":[3.75,13.375,3.875,13.75],"rotation":0,"texture":"#0","tintindex":0},"up":{"uv":[5.875,14.5,5.75,14.375],"rotation":0,"texture":"#0","tintindex":0},"west":{"uv":[4.25,13.375,4.375,13.75],"rotation":0,"texture":"#0","tintindex":0}}},{"name":"left arm cube","from":[7.8023314,-0.48623943,13.121196],"to":[8.310364,4.08605,13.629228],"rotation":{"angle":-45.0,"axis":"x","origin":[8.056347,1.7999029,12.105132]},"faces":{"down":{"uv":[14.5,6.25,14.375,6.375],"rotation":0,"texture":"#0","tintindex":0},"east":{"uv":[6.75,13.375,6.875,13.75],"rotation":0,"texture":"#0","tintindex":0},"north":{"uv":[6.5,13.375,6.625,13.75],"rotation":0,"texture":"#0","tintindex":0},"south":{"uv":[7.0,13.375,7.125,13.75],"rotation":0,"texture":"#0","tintindex":0},"up":{"uv":[14.5,6.125,14.375,6.0],"rotation":0,"texture":"#0","tintindex":0},"west":{"uv":[7.25,13.375,7.375,13.75],"rotation":0,"texture":"#0","tintindex":0}}},{"name":"left arm cube","from":[7.8023314,11.70653,10.581036],"to":[8.310364,16.278818,11.089067],"rotation":{"angle":-45.0,"axis":"x","origin":[8.056347,13.992673,9.564972]},"faces":{"down":{"uv":[14.5,6.5,14.375,6.625],"rotation":0,"texture":"#0","tintindex":0},"east":{"uv":[8.0,13.375,8.125,13.75],"rotation":0,"texture":"#0","tintindex":0},"north":{"uv":[7.75,13.375,7.875,13.75],"rotation":0,"texture":"#0","tintindex":0},"south":{"uv":[13.375,8.5,13.5,8.875],"rotation":0,"texture":"#0","tintindex":0},"up":{"uv":[6.5,14.5,6.375,14.375],"rotation":0,"texture":"#0","tintindex":0},"west":{"uv":[9.0,13.375,9.125,13.75],"rotation":0,"texture":"#0","tintindex":0}}},{"name":"left arm cube","from":[7.8023314,-1.725502,14.948177],"to":[8.310364,-1.2174692,19.520466],"rotation":{"angle":22.5,"axis":"x","origin":[8.183355,-0.7094374,18.504402]},"faces":{"down":{"uv":[9.625,13.375,9.5,13.75],"rotation":0,"texture":"#0","tintindex":0},"east":{"uv":[13.25,10.375,13.625,10.5],"rotation":0,"texture":"#0","tintindex":0},"north":{"uv":[6.625,14.375,6.75,14.5],"rotation":0,"texture":"#0","tintindex":0},"south":{"uv":[14.375,6.75,14.5,6.875],"rotation":0,"texture":"#0","tintindex":0},"up":{"uv":[9.375,13.75,9.25,13.375],"rotation":0,"texture":"#0","tintindex":0},"west":{"uv":[13.375,0.0,13.75,0.125],"rotation":0,"texture":"#0","tintindex":0}}},{"name":"left arm cube","from":[7.8023314,-4.773693,20.028496],"to":[8.310364,-4.265663,24.600788],"rotation":{"angle":22.5,"axis":"x","origin":[8.183355,-3.7576294,23.58472]},"faces":{"down":{"uv":[10.625,13.375,10.5,13.75],"rotation":0,"texture":"#0","tintindex":0},"east":{"uv":[13.375,4.875,13.75,5.0],"rotation":0,"texture":"#0","tintindex":0},"north":{"uv":[6.875,14.375,7.0,14.5],"rotation":0,"texture":"#0","tintindex":0},"south":{"uv":[14.375,7.0,14.5,7.125],"rotation":0,"texture":"#0","tintindex":0},"up":{"uv":[10.375,13.75,10.25,13.375],"rotation":0,"texture":"#0","tintindex":0},"west":{"uv":[9.75,13.375,10.125,13.5],"rotation":0,"texture":"#0","tintindex":0}}},{"name":"left arm cube","from":[8.310364,6.1181784,11.597099],"to":[8.310364,8.658337,14.1372595],"rotation":{"angle":-45.0,"axis":"x","origin":[8.056347,9.928418,10.073004]},"faces":{"down":{"uv":[7.75,10.25,7.75,10.5],"rotation":0,"texture":"#0","tintindex":0},"east":{"uv":[8.25,11.875,8.5,12.125],"rotation":0,"texture":"#0","tintindex":0},"north":{"uv":[5.125,10.125,5.125,10.375],"rotation":0,"texture":"#0","tintindex":0},"south":{"uv":[10.125,7.625,10.125,7.875],"rotation":0,"texture":"#0","tintindex":0},"up":{"uv":[10.125,8.25,10.125,8.0],"rotation":0,"texture":"#0","tintindex":0},"west":{"uv":[9.75,11.875,10.0,12.125],"rotation":0,"texture":"#0","tintindex":0}}},{"name":"left arm cube","from":[8.310364,2.0539217,12.105132],"to":[8.310364,4.594082,14.1372595],"rotation":{"angle":-45.0,"axis":"x","origin":[8.056347,5.8641615,10.581036]},"faces":{"down":{"uv":[8.5,8.875,8.5,9.0],"rotation":0,"texture":"#0","tintindex":0},"east":{"uv":[12.375,5.25,12.5,5.5],"rotation":0,"texture":"#0","tintindex":0},"north":{"uv":[4.0,10.375,4.0,10.625],"rotation":0,"texture":"#0","tintindex":0},"south":{"uv":[5.125,10.5,5.125,10.75],"rotation":0,"texture":"#0","tintindex":0},"up":{"uv":[4.375,8.375,4.375,8.25],"rotation":0,"texture":"#0","tintindex":0},"west":{"uv":[6.75,12.375,6.875,12.625],"rotation":0,"texture":"#0","tintindex":0}}},{"name":"left arm cube","from":[8.310364,-2.010334,13.629228],"to":[8.310364,0.52982426,15.661355],"rotation":{"angle":-45.0,"axis":"x","origin":[8.056347,1.7999029,12.105132]},"faces":{"down":{"uv":[6.125,9.125,6.125,9.25],"rotation":0,"texture":"#0","tintindex":0},"east":{"uv":[12.375,7.125,12.5,7.375],"rotation":0,"texture":"#0","tintindex":0},"north":{"uv":[3.625,10.625,3.625,10.875],"rotation":0,"texture":"#0","tintindex":0},"south":{"uv":[7.75,10.625,7.75,10.875],"rotation":0,"texture":"#0","tintindex":0},"up":{"uv":[0.5,9.125,0.5,9.0],"rotation":0,"texture":"#0","tintindex":0},"west":{"uv":[7.25,12.375,7.375,12.625],"rotation":0,"texture":"#0","tintindex":0}}},{"name":"left arm cube","from":[8.310364,10.182434,11.089067],"to":[8.310364,12.722594,13.121196],"rotation":{"angle":-45.0,"axis":"x","origin":[8.056347,13.992673,9.564972]},"faces":{"down":{"uv":[9.875,3.5,9.875,3.625],"rotation":0,"texture":"#0","tintindex":0},"east":{"uv":[7.5,12.375,7.625,12.625],"rotation":0,"texture":"#0","tintindex":0},"north":{"uv":[2.0,10.875,2.0,11.125],"rotation":0,"texture":"#0","tintindex":0},"south":{"uv":[5.625,10.875,5.625,11.125],"rotation":0,"texture":"#0","tintindex":0},"up":{"uv":[7.0,9.875,7.0,9.75],