{"textures":{"0":"modelengine:entity/edusan"},"elements":[{"name":"left fin cube","from":[6.807229,7.210463,4.681257],"to":[8.839357,9.24259,13.825832],"rotation":{"angle":22.5,"axis":"x","origin":[8.331326,2.8921905,6.713384]},"faces":{"down":{"uv":[10.25,0.0,10.125,0.625],"rotation":0,"texture":"#0","tintindex":0},"east":{"uv":[3.875,0.75,4.5,0.875],"rotation":0,"texture":"#0","tintindex":0},"north":{"uv":[7.0,4.875,7.125,5.0],"rotation":0,"texture":"#0","tintindex":0},"south":{"uv":[3.25,7.125,3.375,7.25],"rotation":0,"texture":"#0","tintindex":0},"up":{"uv":[9.875,10.625,9.75,10.0],"rotation":0,"texture":"#0","tintindex":0},"west":{"uv":[6.125,4.25,6.75,4.375],"rotation":0,"texture":"#0","tintindex":0}}},{"name":"left fin cube","from":[6.807229,7.7184935,13.825832],"to":[8.331326,9.24259,18.90615],"rotation":{"angle":22.5,"axis":"x","origin":[8.331326,2.8921905,6.713384]},"faces":{"down":{"uv":[11.375,11.75,11.25,12.125],"rotation":0,"texture":"#0","tintindex":0},"east":{"uv":[11.75,0.75,12.125,0.875],"rotation":0,"texture":"#0","tintindex":0},"north":{"uv":[13.5,0.75,13.625,0.875],"rotation":0,"texture":"#0","tintindex":0},"south":{"uv":[13.5,1.375,13.625,1.5],"rotation":0,"texture":"#0","tintindex":0},"up":{"uv":[11.125,12.125,11.0,11.75],"rotation":0,"texture":"#0","tintindex":0},"west":{"uv":[11.75,1.375,12.125,1.5],"rotation":0,"texture":"#0","tintindex":0}}},{"name":"left fin cube","from":[6.807229,3.1039426,19.807232],"to":[7.8232927,4.120004,25.903614],"rotation":{"angle":0.0,"axis":"x","origin":[7.8232927,1.8338636,23.871487]},"faces":{"down":{"uv":[11.625,12.125,11.5,12.5],"rotation":0,"texture":"#0","tintindex":0},"east":{"uv":[12.125,6.875,12.5,7.0],"rotation":0,"texture":"#0","tintindex":0},"north":{"uv":[14.0,12.0,14.125,12.125],"rotation":0,"texture":"#0","tintindex":0},"south":{"uv":[14.0,12.25,14.125,12.375],"rotation":0,"texture":"#0","tintindex":0},"up":{"uv":[10.75,12.5,10.625,12.125],"rotation":0,"texture":"#0","tintindex":0},"west":{"uv":[12.25,0.0,12.625,0.125],"rotation":0,"texture":"#0","tintindex":0}}},{"name":"left fin cube","from":[6.807229,3.1039426,25.903614],"to":[7.8232927,4.120004,32.0],"rotation":{"angle":0.0,"axis":"x","origin":[7.8232927,1.8338636,23.871487]},"faces":{"down":{"uv":[12.5,1.75,12.375,2.125],"rotation":0,"texture":"#0","tintindex":0},"east":{"uv":[12.375,0.875,12.75,1.0],"rotation":0,"texture":"#0","tintindex":0},"north":{"uv":[2.5,14.125,2.625,14.25],"rotation":0,"texture":"#0","tintindex":0},"south":{"uv":[3.5,14.125,3.625,14.25],"rotation":0,"texture":"#0","tintindex":0},"up":{"uv":[1.125,12.75,1.0,12.375],"rotation":0,"texture":"#0","tintindex":0},"west":{"uv":[12.375,1.5,12.75,1.625],"rotation":0,"texture":"#0","tintindex":0}}}],"display":{"head":{"translation":[0.0,-6.4,2.360022],"rotation":[0.0,0.0,0.0],"scale":[3.8095,3.8095,3.8095]}}}