{"textures":{"0":"modelengine:entity/edusan"},"elements":[{"name":"left front a cube","from":[4.1300974,7.5229006,5.3673687],"to":[9.210418,8.030931,8.415562],"rotation":{"angle":45.0,"axis":"y","origin":[8.194354,7.014865,8.415562]},"faces":{"down":{"uv":[11.0,5.25,10.625,5.5],"rotation":0,"texture":"#0","tintindex":0},"east":{"uv":[14.0,3.25,14.25,3.375],"rotation":0,"texture":"#0","tintindex":0},"north":{"uv":[7.875,13.125,8.25,13.25],"rotation":0,"texture":"#0","tintindex":0},"south":{"uv":[9.0,13.125,9.375,13.25],"rotation":0,"texture":"#0","tintindex":0},"up":{"uv":[11.0,4.875,10.625,4.625],"rotation":0,"texture":"#0","tintindex":0},"west":{"uv":[14.0,3.75,14.25,3.875],"rotation":0,"texture":"#0","tintindex":0}}},{"name":"left front a cube","from":[2.0979698,7.5229006,4.859337],"to":[9.210418,8.030931,5.3673687],"rotation":{"angle":45.0,"axis":"y","origin":[8.194354,7.014865,8.415562]},"faces":{"down":{"uv":[13.375,5.375,12.875,5.5],"rotation":0,"texture":"#0","tintindex":0},"east":{"uv":[5.25,14.375,5.375,14.5],"rotation":0,"texture":"#0","tintindex":0},"north":{"uv":[12.875,1.75,13.375,1.875],"rotation":0,"texture":"#0","tintindex":0},"south":{"uv":[2.125,12.875,2.625,13.0],"rotation":0,"texture":"#0","tintindex":0},"up":{"uv":[13.375,5.25,12.875,5.125],"rotation":0,"texture":"#0","tintindex":0},"west":{"uv":[14.375,5.25,14.5,5.375],"rotation":0,"texture":"#0","tintindex":0}}}],"display":{"head":{"translation":[0.0,-6.4,0.0],"rotation":[0.0,0.0,0.0],"scale":[3.8095,3.8095,3.8095]}}}