{"textures":{"0":"modelengine:entity/edusan"},"elements":[{"name":"left front d cube","from":[3.9357436,8.0,6.9839354],"to":[6.9839363,8.508031,9.016064],"rotation":{"angle":45.0,"axis":"y","origin":[5.9678717,7.491969,8.0]},"faces":{"down":{"uv":[12.375,6.125,12.125,6.25],"rotation":0,"texture":"#0","tintindex":0},"east":{"uv":[14.0,11.5,14.125,11.625],"rotation":0,"texture":"#0","tintindex":0},"north":{"uv":[2.75,14.0,3.0,14.125],"rotation":0,"texture":"#0","tintindex":0},"south":{"uv":[14.0,2.75,14.25,2.875],"rotation":0,"texture":"#0","tintindex":0},"up":{"uv":[12.375,6.0,12.125,5.875],"rotation":0,"texture":"#0","tintindex":0},"west":{"uv":[14.0,11.75,14.125,11.875],"rotation":0,"texture":"#0","tintindex":0}}},{"name":"left front d cube","from":[1.9036154,8.0,6.4759035],"to":[6.9839363,8.508031,6.9839354],"rotation":{"angle":45.0,"axis":"y","origin":[5.9678717,7.491969,8.0]},"faces":{"down":{"uv":[12.875,13.125,12.5,13.25],"rotation":0,"texture":"#0","tintindex":0},"east":{"uv":[14.375,4.5,14.5,4.625],"rotation":0,"texture":"#0","tintindex":0},"north":{"uv":[11.0,13.125,11.375,13.25],"rotation":0,"texture":"#0","tintindex":0},"south":{"uv":[11.5,13.125,11.875,13.25],"rotation":0,"texture":"#0","tintindex":0},"up":{"uv":[12.375,13.25,12.0,13.125],"rotation":0,"texture":"#0","tintindex":0},"west":{"uv":[4.75,14.375,4.875,14.5],"rotation":0,"texture":"#0","tintindex":0}}}],"display":{"head":{"translation":[0.0,-6.4,0.0],"rotation":[0.0,0.0,0.0],"scale":[3.8095,3.8095,3.8095]}}}