{"textures":{"0":"modelengine:entity/edusan"},"elements":[{"name":"right fin cube","from":[7.1606426,7.210463,4.681257],"to":[9.192771,9.24259,13.825832],"rotation":{"angle":22.5,"axis":"x","origin":[7.6686745,2.8921905,6.713384]},"faces":{"down":{"uv":[10.25,4.25,10.125,4.875],"rotation":0,"texture":"#0","tintindex":0},"east":{"uv":[2.125,10.125,2.75,10.25],"rotation":0,"texture":"#0","tintindex":0},"north":{"uv":[12.75,0.0,12.875,0.125],"rotation":0,"texture":"#0","tintindex":0},"south":{"uv":[12.75,8.5,12.875,8.625],"rotation":0,"texture":"#0","tintindex":0},"up":{"uv":[10.25,3.125,10.125,2.5],"rotation":0,"texture":"#0","tintindex":0},"west":{"uv":[10.125,2.25,10.75,2.375],"rotation":0,"texture":"#0","tintindex":0}}},{"name":"right fin cube","from":[7.6686745,7.7184935,13.825832],"to":[9.192771,9.24259,18.90615],"rotation":{"angle":22.5,"axis":"x","origin":[7.6686745,2.8921905,6.713384]},"faces":{"down":{"uv":[12.0,3.0,11.875,3.375],"rotation":0,"texture":"#0","tintindex":0},"east":{"uv":[11.875,1.0,12.25,1.125],"rotation":0,"texture":"#0","tintindex":0},"north":{"uv":[13.5,2.5,13.625,2.625],"rotation":0,"texture":"#0","tintindex":0},"south":{"uv":[2.75,13.5,2.875,13.625],"rotation":0,"texture":"#0","tintindex":0},"up":{"uv":[12.0,2.875,11.875,2.5],"rotation":0,"texture":"#0","tintindex":0},"west":{"uv":[11.875,2.25,12.25,2.375],"rotation":0,"texture":"#0","tintindex":0}}},{"name":"right fin cube","from":[8.176707,3.1039426,19.807232],"to":[9.192771,4.120004,25.903614],"rotation":{"angle":0.0,"axis":"x","origin":[8.176707,1.8338636,23.871487]},"faces":{"down":{"uv":[4.875,12.25,4.75,12.625],"rotation":0,"texture":"#0","tintindex":0},"east":{"uv":[3.125,12.25,3.5,12.375],"rotation":0,"texture":"#0","tintindex":0},"north":{"uv":[14.0,13.875,14.125,14.0],"rotation":0,"texture":"#0","tintindex":0},"south":{"uv":[14.125,0.0,14.25,0.125],"rotation":0,"texture":"#0","tintindex":0},"up":{"uv":[12.375,4.125,12.25,3.75],"rotation":0,"texture":"#0","tintindex":0},"west":{"uv":[12.25,3.5,12.625,3.625],"rotation":0,"texture":"#0","tintindex":0}}},{"name":"right fin cube","from":[8.176707,3.1039426,25.903614],"to":[9.192771,4.120004,32.0],"rotation":{"angle":0.0,"axis":"x","origin":[8.176707,1.8338636,23.871487]},"faces":{"down":{"uv":[0.125,12.375,0.0,12.75],"rotation":0,"texture":"#0","tintindex":0},"east":{"uv":[12.25,12.25,12.625,12.375],"rotation":0,"texture":"#0","tintindex":0},"north":{"uv":[2.25,14.125,2.375,14.25],"rotation":0,"texture":"#0","tintindex":0},"south":{"uv":[14.125,2.375,14.25,2.5],"rotation":0,"texture":"#0","tintindex":0},"up":{"uv":[9.375,12.625,9.25,12.25],"rotation":0,"texture":"#0","tintindex":0},"west":{"uv":[12.375,0.25,12.75,0.375],"rotation":0,"texture":"#0","tintindex":0}}}],"display":{"head":{"translation":[0.0,-6.4,2.360022],"rotation":[0.0,0.0,0.0],"scale":[3.8095,3.8095,3.8095]}}}