{"textures":{"0":"modelengine:entity/edusan"},"elements":[{"name":"right arm cube","from":[6.6735725,10.417665,5.6394563],"to":[9.213734,25.658625,11.227809],"rotation":{"angle":0.0,"axis":"x","origin":[8.959717,28.4528,9.703712]},"faces":{"down":{"uv":[11.0,7.5,10.75,7.875],"rotation":0,"texture":"#0","tintindex":0},"east":{"uv":[2.75,7.125,3.125,8.125],"rotation":0,"texture":"#0","tintindex":0},"north":{"uv":[9.25,0.75,9.5,1.75],"rotation":0,"texture":"#0","tintindex":0},"south":{"uv":[0.875,9.25,1.125,10.25],"rotation":0,"texture":"#0","tintindex":0},"up":{"uv":[11.0,7.375,10.75,7.0],"rotation":0,"texture":"#0","tintindex":0},"west":{"uv":[1.625,7.25,2.0,8.25],"rotation":0,"texture":"#0","tintindex":0}}},{"name":"right arm cube","from":[7.181605,-3.807232,9.703712],"to":[8.705701,11.433728,12.7519045],"rotation":{"angle":-22.5,"axis":"x","origin":[7.9436526,1.5271044,9.703712]},"faces":{"down":{"uv":[12.75,10.0,12.625,10.25],"rotation":0,"texture":"#0","tintindex":0},"east":{"uv":[8.875,0.875,9.125,1.875],"rotation":0,"texture":"#0","tintindex":0},"north":{"uv":[5.5,9.75,5.625,10.75],"rotation":0,"texture":"#0","tintindex":0},"south":{"uv":[6.75,9.75,6.875,10.75],"rotation":0,"texture":"#0","tintindex":0},"up":{"uv":[12.75,5.5,12.625,5.25],"rotation":0,"texture":"#0","tintindex":0},"west":{"uv":[3.75,8.875,4.0,9.875],"rotation":0,"texture":"#0","tintindex":0}}},{"name":"right arm cube","from":[7.6896367,7.642273,11.089067],"to":[8.197668,12.214561,11.597099],"rotation":{"angle":-45.0,"axis":"x","origin":[7.9436526,9.928418,10.073004]},"faces":{"down":{"uv":[14.5,7.75,14.375,7.875],"rotation":0,"texture":"#0","tintindex":0},"east":{"uv":[5.125,13.5,5.25,13.875],"rotation":0,"texture":"#0","tintindex":0},"north":{"uv":[3.25,13.5,3.375,13.875],"rotation":0,"texture":"#0","tintindex":0},"south":{"uv":[6.25,13.5,6.375,13.875],"rotation":0,"texture":"#0","tintindex":0},"up":{"uv":[7.75,14.5,7.625,14.375],"rotation":0,"texture":"#0","tintindex":0},"west":{"uv":[13.5,6.625,13.625,7.0],"rotation":0,"texture":"#0","tintindex":0}}},{"name":"right arm cube","from":[7.6896367,3.5780172,11.597099],"to":[8.197668,8.150306,12.105132],"rotation":{"angle":-45.0,"axis":"x","origin":[7.9436526,5.8641615,10.581036]},"faces":{"down":{"uv":[14.5,8.0,14.375,8.125],"rotation":0,"texture":"#0","tintindex":0},"east":{"uv":[8.625,13.5,8.75,13.875],"rotation":0,"texture":"#0","tintindex":0},"north":{"uv":[13.5,7.125,13.625,7.5],"rotation":0,"texture":"#0","tintindex":0},"south":{"uv":[13.5,9.25,13.625,9.625],"rotation":0,"texture":"#0","tintindex":0},"up":{"uv":[8.0,14.5,7.875,14.375],"rotation":0,"texture":"#0","tintindex":0},"west":{"uv":[13.5,9.75,13.625,10.125],"rotation":0,"texture":"#0","tintindex":0}}},{"name":"right arm cube","from":[7.6896367,-0.48623943,13.121196],"to":[8.197668,4.08605,13.629228],"rotation":{"angle":-45.0,"axis":"x","origin":[7.9436526,1.7999029,12.105132]},"faces":{"down":{"uv":[14.5,8.25,14.375,8.375],"rotation":0,"texture":"#0","tintindex":0},"east":{"uv":[13.5,11.125,13.625,11.5],"rotation":0,"texture":"#0","tintindex":0},"north":{"uv":[13.5,10.625,13.625,11.0],"rotation":0,"texture":"#0","tintindex":0},"south":{"uv":[13.5,11.625,13.625,12.0],"rotation":0,"texture":"#0","tintindex":0},"up":{"uv":[8.25,14.5,8.125,14.375],"rotation":0,"texture":"#0","tintindex":0},"west":{"uv":[13.5,12.125,13.625,12.5],"rotation":0,"texture":"#0","tintindex":0}}},{"name":"right arm cube","from":[7.6896367,11.70653,10.581036],"to":[8.197668,16.278818,11.089067],"rotation":{"angle":-45.0,"axis":"x","origin":[7.9436526,13.992673,9.564972]},"faces":{"down":{"uv":[8.875,14.375,8.75,14.5],"rotation":0,"texture":"#0","tintindex":0},"east":{"uv":[1.75,13.625,1.875,14.0],"rotation":0,"texture":"#0","tintindex":0},"north":{"uv":[1.5,13.625,1.625,14.0],"rotation":0,"texture":"#0","tintindex":0},"south":{"uv":[2.0,13.625,2.125,14.0],"rotation":0,"texture":"#0","tintindex":0},"up":{"uv":[14.5,8.625,14.375,8.5],"rotation":0,"texture":"#0","tintindex":0},"west":{"uv":[2.25,13.625,2.375,14.0],"rotation":0,"texture":"#0","tintindex":0}}},{"name":"right arm cube","from":[7.6896367,-1.725502,14.948177],"to":[8.197668,-1.2174692,19.520466],"rotation":{"angle":22.5,"axis":"x","origin":[7.8166447,-0.7094374,18.504402]},"faces":{"down":{"uv":[5.75,13.625,5.625,14.0],"rotation":0,"texture":"#0","tintindex":0},"east":{"uv":[13.5,13.0,13.875,13.125],"rotation":0,"texture":"#0","tintindex":0},"north":{"uv":[14.375,8.75,14.5,8.875],"rotation":0,"texture":"#0","tintindex":0},"south":{"uv":[9.0,14.375,9.125,14.5],"rotation":0,"texture":"#0","tintindex":0},"up":{"uv":[2.625,14.0,2.5,13.625],"rotation":0,"texture":"#0","tintindex":0},"west":{"uv":[4.5,13.625,4.875,13.75],"rotation":0,"texture":"#0","tintindex":0}}},{"name":"right arm cube","from":[7.6896367,-4.773693,20.028496],"to":[8.197668,-4.265663,24.600788],"rotation":{"angle":22.5,"axis":"x","origin":[7.8166447,-3.7576294,23.58472]},"faces":{"down":{"uv":[8.375,13.625,8.25,14.0],"rotation":0,"texture":"#0","tintindex":0},"east":{"uv":[13.625,8.5,14.0,8.625],"rotation":0,"texture":"#0","tintindex":0},"north":{"uv":[14.375,9.0,14.5,9.125],"rotation":0,"texture":"#0","tintindex":0},"south":{"uv":[9.25,14.375,9.375,14.5],"rotation":0,"texture":"#0","tintindex":0},"up":{"uv":[6.0,14.0,5.875,13.625],"rotation":0,"texture":"#0","tintindex":0},"west":{"uv":[13.625,8.75,14.0,8.875],"rotation":0,"texture":"#0","tintindex":0}}},{"name":"right arm cube","from":[7.6896367,6.1181784,11.597099],"to":[7.6896367,8.658337,14.1372595],"rotation":{"angle":-45.0,"axis":"x","origin":[7.9436526,9.928418,10.073004]},"faces":{"down":{"uv":[8.5,13.625,8.5,13.875],"rotation":0,"texture":"#0","tintindex":0},"east":{"uv":[12.0,0.25,12.25,0.5],"rotation":0,"texture":"#0","tintindex":0},"north":{"uv":[8.875,13.5,8.875,13.75],"rotation":0,"texture":"#0","tintindex":0},"south":{"uv":[5.0,13.625,5.0,13.875],"rotation":0,"texture":"#0","tintindex":0},"up":{"uv":[6.125,13.875,6.125,13.625],"rotation":0,"texture":"#0","tintindex":0},"west":{"uv":[2.75,12.0,3.0,12.25],"rotation":0,"texture":"#0","tintindex":0}}},{"name":"right arm cube","from":[7.6896367,2.0539217,12.105132],"to":[7.6896367,4.594082,14.1372595],"rotation":{"angle":-45.0,"axis":"x","origin":[7.9436526,5.8641615,10.581036]},"faces":{"down":{"uv":[5.5,12.625,5.5,12.75],"rotation":0,"texture":"#0","tintindex":0},"east":{"uv":[1.5,12.5,1.625,12.75],"rotation":0,"texture":"#0","tintindex":0},"north":{"uv":[13.875,14.25,13.875,14.5],"rotation":0,"texture":"#0","tintindex":0},"south":{"uv":[6.0,14.375,6.0,14.625],"rotation":0,"texture":"#0","tintindex":0},"up":{"uv":[6.375,12.625,6.375,12.5],"rotation":0,"texture":"#0","tintindex":0},"west":{"uv":[1.75,12.5,1.875,12.75],"rotation":0,"texture":"#0","tintindex":0}}},{"name":"right arm cube","from":[7.6896367,-2.010334,13.629228],"to":[7.6896367,0.52982426,15.661355],"rotation":{"angle":-45.0,"axis":"x","origin":[7.9436526,1.7999029,12.105132]},"faces":{"down":{"uv":[5.125,12.75,5.125,12.875],"rotation":0,"texture":"#0","tintindex":0},"east":{"uv":[2.0,12.5,2.125,12.75],"rotation":0,"texture":"#0","tintindex":0},"north":{"uv":[8.375,14.375,8.375,14.625],"rotation":0,"texture":"#0","tintindex":0},"south":{"uv":[10.75,14.375,10.75,14.625],"rotation":0,"texture":"#0","tintindex":0},"up":{"uv":[11.625,12.75,11.625,12.625],"rotation":0,"texture":"#0","tintindex":0},"west":{"uv":[2.25,12.5,2.375,12.75],"rotation":0,"texture":"#0","tintindex":0}}},{"name":"right arm cube","from":[7.6896367,10.182434,11.089067],"to":[7.6896367,12.722594,13.121196],"rotation":{"angle":-45.0,"axis":"x","origin":[7.9436526,13.992673,9.564972]},"faces":{"down":{"uv":[11.25,12.875,11.25,13.0],"rotation":0,"texture":"#0","tintindex":0},"east":{"uv":[2.5,12.5,2.625,12.75],"rotation":0,"texture":"#0","tintindex":0},"north":{"uv":[14.0,14.375,14.0,14.625],"rotation":0,"texture":"#0","tintindex":0},"south":{"uv":[14.125,14.375,14.125,14.625],"rotation":0,"texture":"#0","tintindex":0},