{"textures":{"0":"modelengine:entity/edusan"},"elements":[{"name":"right fin cube","from":[7.5176477,6.150419,8.073782],"to":[8.02568,7.166481,14.170165],"rotation":{"angle":22.5,"axis":"x","origin":[7.5176477,6.65845,12.138038]},"faces":{"down":{"uv":[13.125,5.625,13.0,6.0],"rotation":0,"texture":"#0","tintindex":0},"east":{"uv":[12.25,10.375,12.625,10.5],"rotation":0,"texture":"#0","tintindex":0},"north":{"uv":[14.375,3.5,14.5,3.625],"rotation":0,"texture":"#0","tintindex":0},"south":{"uv":[3.75,14.375,3.875,14.5],"rotation":0,"texture":"#0","tintindex":0},"up":{"uv":[5.25,13.375,5.125,13.0],"rotation":0,"texture":"#0","tintindex":0},"west":{"uv":[12.25,10.625,12.625,10.75],"rotation":0,"texture":"#0","tintindex":0}}},{"name":"right fin cube","from":[7.5176477,6.150419,14.170165],"to":[8.02568,7.166481,20.266552],"rotation":{"angle":22.5,"axis":"x","origin":[7.5176477,6.65845,12.138038]},"faces":{"down":{"uv":[13.125,7.75,13.0,8.125],"rotation":0,"texture":"#0","tintindex":0},"east":{"uv":[10.875,12.25,11.25,12.375],"rotation":0,"texture":"#0","tintindex":0},"north":{"uv":[14.375,3.75,14.5,3.875],"rotation":0,"texture":"#0","tintindex":0},"south":{"uv":[4.0,14.375,4.125,14.5],"rotation":0,"texture":"#0","tintindex":0},"up":{"uv":[13.125,6.5,13.0,6.125],"rotation":0,"texture":"#0","tintindex":0},"west":{"uv":[12.25,11.5,12.625,11.625],"rotation":0,"texture":"#0","tintindex":0}}},{"name":"right fin cube","from":[7.5176477,5.642389,20.266552],"to":[8.02568,7.166481,23.798698],"rotation":{"angle":22.5,"axis":"x","origin":[7.5176477,6.65845,12.138038]},"faces":{"down":{"uv":[7.625,13.75,7.5,14.0],"rotation":0,"texture":"#0","tintindex":0},"east":{"uv":[12.375,4.5,12.625,4.625],"rotation":0,"texture":"#0","tintindex":0},"north":{"uv":[3.25,14.25,3.375,14.375],"rotation":0,"texture":"#0","tintindex":0},"south":{"uv":[5.0,14.25,5.125,14.375],"rotation":0,"texture":"#0","tintindex":0},"up":{"uv":[5.5,14.0,5.375,13.75],"rotation":0,"texture":"#0","tintindex":0},"west":{"uv":[5.25,12.375,5.5,12.5],"rotation":0,"texture":"#0","tintindex":0}}},{"name":"right fin cube","from":[8.02568,5.1343536,22.29868],"to":[8.533712,6.65845,27.354923],"rotation":{"angle":22.5,"axis":"x","origin":[7.5176477,6.65845,12.138038]},"faces":{"down":{"uv":[3.625,13.25,3.5,13.625],"rotation":0,"texture":"#0","tintindex":0},"east":{"uv":[11.875,5.375,12.25,5.5],"rotation":0,"texture":"#0","tintindex":0},"north":{"uv":[6.125,14.25,6.25,14.375],"rotation":0,"texture":"#0","tintindex":0},"south":{"uv":[8.5,14.25,8.625,14.375],"rotation":0,"texture":"#0","tintindex":0},"up":{"uv":[1.375,13.625,1.25,13.25],"rotation":0,"texture":"#0","tintindex":0},"west":{"uv":[11.875,5.625,12.25,5.75],"rotation":0,"texture":"#0","tintindex":0}}}],"display":{"head":{"translation":[0.0,-6.4,0.0],"rotation":[0.0,0.0,0.0],"scale":[3.8095,3.8095,3.8095]}}}