{"textures":{"0":"modelengine:entity/edusan"},"elements":[{"name":"right front b cube","from":[7.491968,7.491965,5.459841],"to":[12.5722885,8.0,8.508032],"rotation":{"angle":-45.0,"axis":"y","origin":[8.508032,6.983934,8.508032]},"faces":{"down":{"uv":[11.125,0.625,10.75,0.875],"rotation":0,"texture":"#0","tintindex":0},"east":{"uv":[6.125,14.0,6.375,14.125],"rotation":0,"texture":"#0","tintindex":0},"north":{"uv":[13.25,3.125,13.625,3.25],"rotation":0,"texture":"#0","tintindex":0},"south":{"uv":[13.25,3.375,13.625,3.5],"rotation":0,"texture":"#0","tintindex":0},"up":{"uv":[0.875,11.0,0.5,10.75],"rotation":0,"texture":"#0","tintindex":0},"west":{"uv":[8.5,14.0,8.75,14.125],"rotation":0,"texture":"#0","tintindex":0}}},{"name":"right front b cube","from":[7.491968,7.491965,4.951809],"to":[14.604415,8.0,5.459841],"rotation":{"angle":-45.0,"axis":"y","origin":[8.508032,6.983934,8.508032]},"faces":{"down":{"uv":[13.375,11.0,12.875,11.125],"rotation":0,"texture":"#0","tintindex":0},"east":{"uv":[14.375,9.5,14.5,9.625],"rotation":0,"texture":"#0","tintindex":0},"north":{"uv":[12.875,9.875,13.375,10.0],"rotation":0,"texture":"#0","tintindex":0},"south":{"uv":[12.875,10.125,13.375,10.25],"rotation":0,"texture":"#0","tintindex":0},"up":{"uv":[13.375,10.875,12.875,10.75],"rotation":0,"texture":"#0","tintindex":0},"west":{"uv":[9.75,14.375,9.875,14.5],"rotation":0,"texture":"#0","tintindex":0}}}],"display":{"head":{"translation":[0.0,-6.4,0.0],"rotation":[0.0,0.0,0.0],"scale":[3.8095,3.8095,3.8095]}}}