{"textures":{"3":"mineinabyss:entity/mobs/dosetori/wing"},"elements":[{"from":[-7.670246,6.5832024,4.1371427],"to":[-2.3216743,8.36606,5.325714],"rotation":{"angle":-22.5,"axis":"z","origin":[9.093381,10.639656,8.0]},"faces":{"east":{"uv":[12.125,10.875,12.375,11.25],"rotation":0,"texture":"#3","tintindex":0},"south":{"uv":[13.75,10.875,14.875,11.25],"rotation":0,"texture":"#3","tintindex":0},"north":{"uv":[12.375,10.875,13.5,11.25],"rotation":0,"texture":"#3","tintindex":0},"west":{"uv":[13.5,10.875,13.75,11.25],"rotation":0,"texture":"#3","tintindex":0},"up":{"uv":[13.5,10.875,12.375,10.625],"rotation":0,"texture":"#3","tintindex":0},"down":{"uv":[14.625,10.625,13.5,10.875],"rotation":0,"texture":"#3","tintindex":0}}},{"from":[-7.07596,7.4746313,5.028571],"to":[2.135469,7.567488,11.565714],"rotation":{"angle":-22.5,"axis":"z","origin":[9.093381,10.639656,8.0]},"faces":{"east":{"uv":[8.0,9.375,9.375,9.5],"rotation":0,"texture":"#3","tintindex":0},"south":{"uv":[12.625,9.375,14.5,9.5],"rotation":0,"texture":"#3","tintindex":0},"north":{"uv":[9.375,9.375,11.25,9.5],"rotation":0,"texture":"#3","tintindex":0},"west":{"uv":[11.25,9.375,12.625,9.5],"rotation":0,"texture":"#3","tintindex":0},"up":{"uv":[11.25,9.375,9.375,8.0],"rotation":0,"texture":"#3","tintindex":0},"down":{"uv":[11.25,8.0,9.375,9.375],"rotation":0,"texture":"#3","tintindex":0}}},{"from":[-4.1045313,6.8803453,4.4342856],"to":[2.135469,8.068917,5.622857],"rotation":{"angle":-22.5,"axis":"z","origin":[9.093381,10.639656,8.0]},"faces":{"east":{"uv":[8.0,12.375,8.25,12.625],"rotation":0,"texture":"#3","tintindex":0},"south":{"uv":[9.75,12.375,11.0,12.625],"rotation":0,"texture":"#3","tintindex":0},"north":{"uv":[8.25,12.375,9.5,12.625],"rotation":0,"texture":"#3","tintindex":0},"west":{"uv":[9.5,12.375,9.75,12.625],"rotation":0,"texture":"#3","tintindex":0},"up":{"uv":[9.5,12.375,8.25,12.125],"rotation":0,"texture":"#3","tintindex":0},"down":{"uv":[10.75,12.125,9.5,12.375],"rotation":0,"texture":"#3","tintindex":0}}}],"display":{"head":{"translation":[0.0,-6.4,0.0],"scale":[4.0,4.0,4.0]}}}
