{"textures":{"0":"mineinabyss:mobs/dosetori"},"elements":[{"from":[-4.1045313,6.8803453,4.4342856],"to":[2.135469,8.068917,5.622857],"rotation":{"angle":-22.5,"axis":"z","origin":[9.093381,10.639656,8.0]},"faces":{"east":{"uv":[9.625,8.625,9.875,8.875],"rotation":0,"texture":"#0","tintindex":0},"south":{"uv":[7.375,5.25,8.75,5.5],"rotation":0,"texture":"#0","tintindex":0},"north":{"uv":[7.375,5.0,8.75,5.25],"rotation":0,"texture":"#0","tintindex":0},"west":{"uv":[9.625,8.875,9.875,9.125],"rotation":0,"texture":"#0","tintindex":0},"up":{"uv":[8.75,5.75,7.375,5.5],"rotation":0,"texture":"#0","tintindex":0},"down":{"uv":[8.75,6.625,7.375,6.875],"rotation":0,"texture":"#0","tintindex":0}}},{"from":[-7.07596,7.4746313,5.028571],"to":[2.135469,7.567488,11.565714],"rotation":{"angle":-22.5,"axis":"z","origin":[9.093381,10.639656,8.0]},"faces":{"east":{"uv":[9.75,3.625,11.1875,3.65625],"rotation":0,"texture":"#0","tintindex":0},"south":{"uv":[9.625,9.125,11.625,9.15625],"rotation":0,"texture":"#0","tintindex":0},"north":{"uv":[9.625,0.25,11.625,0.28125],"rotation":0,"texture":"#0","tintindex":0},"west":{"uv":[9.75,3.75,11.1875,3.78125],"rotation":0,"texture":"#0","tintindex":0},"up":{"uv":[3.875,1.4375,1.875,0.0],"rotation":0,"texture":"#0","tintindex":0},"down":{"uv":[3.875,1.5,1.875,2.9375],"rotation":0,"texture":"#0","tintindex":0}}},{"from":[-7.670246,6.5832024,4.1371427],"to":[-2.3216743,8.36606,5.325714],"rotation":{"angle":-22.5,"axis":"z","origin":[9.093381,10.639656,8.0]},"faces":{"east":{"uv":[3.375,9.5,3.625,9.875],"rotation":0,"texture":"#0","tintindex":0},"south":{"uv":[6.5,0.0,7.65625,0.375],"rotation":0,"texture":"#0","tintindex":0},"north":{"uv":[5.625,6.375,6.78125,6.75],"rotation":0,"texture":"#0","tintindex":0},"west":{"uv":[9.5,5.375,9.75,5.75],"rotation":0,"texture":"#0","tintindex":0},"up":{"uv":[8.78125,6.375,7.625,6.125],"rotation":0,"texture":"#0","tintindex":0},"down":{"uv":[9.15625,3.375,8.0,3.625],"rotation":0,"texture":"#0","tintindex":0}}}],"display":{"head":{"translation":[0.0,-6.4,0.0],"scale":[4.0,4.0,4.0]}}}