{"textures":{"0":"modelengine:entity/0"},"elements":[{"name":"cube","from":[5.0,6.8,6.8],"to":[6.2,9.8,8.6],"rotation":{"angle":-45.0,"axis":"x","origin":[5.6,8.6,9.2]},"faces":{"down":{"uv":[0.0,0.0,0.0,0.0],"rotation":0,"texture":"#0","tintindex":0},"east":{"uv":[3.0270271,2.5945947,4.3243246,4.756757],"rotation":0,"texture":"#0","tintindex":0},"north":{"uv":[0.0,2.5945947,0.8648649,4.756757],"rotation":0,"texture":"#0","tintindex":0},"south":{"uv":[2.1621623,2.5945947,3.0270271,4.756757],"rotation":0,"texture":"#0","tintindex":0},"up":{"uv":[4.3243246,4.3243246,5.1891894,5.6216216],"rotation":0,"texture":"#0","tintindex":0},"west":{"uv":[0.8648649,2.5945947,2.1621623,4.756757],"rotation":0,"texture":"#0","tintindex":0}}},{"name":"cube","from":[5.0,5.6,6.8],"to":[8.0,6.8,8.6],"rotation":{"angle":-45.0,"axis":"x","origin":[5.6,8.6,9.2]},"faces":{"down":{"uv":[0.8648649,4.756757,2.1621623,6.918919],"rotation":270,"texture":"#0","tintindex":0},"east":{"uv":[4.3243246,5.6216216,5.1891894,6.918919],"rotation":90,"texture":"#0","tintindex":0},"north":{"uv":[2.1621623,4.756757,3.0270271,6.918919],"rotation":90,"texture":"#0","tintindex":0},"south":{"uv":[0.0,4.756757,0.8648649,6.918919],"rotation":270,"texture":"#0","tintindex":0},"up":{"uv":[3.0270271,4.756757,4.3243246,6.918919],"rotation":270,"texture":"#0","tintindex":0},"west":{"uv":[0.0,4.3243246,1.2972974,5.1891894],"rotation":0,"texture":"#0","tintindex":0}}},{"name":"cube","from":[8.9,3.1999998,3.7999997],"to":[10.700001,6.8,5.6],"rotation":{"angle":0.0,"axis":"x","origin":[5.6,-3.4000006,6.8]},"faces":{"down":{"uv":[0.0,0.0,0.0,0.0],"rotation":0,"texture":"#0","tintindex":0},"east":{"uv":[14.702703,2.1621623,16.0,4.756757],"rotation":0,"texture":"#0","tintindex":0},"north":{"uv":[14.702703,2.1621623,16.0,4.756757],"rotation":0,"texture":"#0","tintindex":0},"south":{"uv":[14.702703,2.1621623,16.0,4.756757],"rotation":0,"texture":"#0","tintindex":0},"up":{"uv":[14.27027,0.43243244,15.567568,1.7297298],"rotation":0,"texture":"#0","tintindex":0},"west":{"uv":[14.702703,2.1621623,16.0,4.756757],"rotation":0,"texture":"#0","tintindex":0}}},{"name":"cube","from":[8.3,6.2,3.1999998],"to":[11.3,6.2,6.2],"rotation":{"angle":0.0,"axis":"x","origin":[5.6,-3.4000006,6.8]},"faces":{"down":{"uv":[13.837838,0.0,16.0,2.1621623],"rotation":0,"texture":"#0","tintindex":0},"east":{"uv":[0.0,0.0,0.0,0.0],"rotation":0,"texture":"#0","tintindex":0},"north":{"uv":[0.0,0.0,0.0,0.0],"rotation":0,"texture":"#0","tintindex":0},"south":{"uv":[0.0,0.0,0.0,0.0],"rotation":0,"texture":"#0","tintindex":0},"up":{"uv":[13.837838,0.0,16.0,2.1621623],"rotation":0,"texture":"#0","tintindex":0},"west":{"uv":[0.0,0.0,0.0,0.0],"rotation":0,"texture":"#0","tintindex":0}}},{"name":"cube","from":[9.74,5.3,4.8199997],"to":[10.940001,7.1,7.8199997],"rotation":{"angle":0.0,"axis":"x","origin":[5.6,-3.4000006,6.8]},"faces":{"down":{"uv":[5.1891894,4.756757,6.0540543,6.918919],"rotation":0,"texture":"#0","tintindex":0},"east":{"uv":[6.4864864,4.756757,7.783784,6.918919],"rotation":270,"texture":"#0","tintindex":0},"north":{"uv":[9.513514,5.6216216,10.378379,6.918919],"rotation":270,"texture":"#0","tintindex":0},"south":{"uv":[0.0,0.0,0.0,0.0],"rotation":270,"texture":"#0","tintindex":0},"up":{"uv":[7.783784,4.756757,8.648649,6.918919],"rotation":180,"texture":"#0","tintindex":0},"west":{"uv":[8.216216,4.756757,9.513514,6.918919],"rotation":90,"texture":"#0","tintindex":0}}},{"name":"cube","from":[9.8,5.0,7.4],"to":[11.0,8.6,9.2],"rotation":{"angle":22.5,"axis":"x","origin":[5.6,8.6,9.2]},"faces":{"down":{"uv":[0.0,0.0,0.0,0.0],"rotation":0,"texture":"#0","tintindex":0},"east":{"uv":[6.0540543,2.5945947,7.3513517,5.1891894],"rotation":0,"texture":"#0","tintindex":0},"north":{"uv":[7.3513517,2.5945947,8.216216,5.1891894],"rotation":0,"texture":"#0","tintindex":0},"south":{"uv":[5.1891894,2.5945947,6.0540543,5.1891894],"rotation":0,"texture":"#0","tintindex":0},"up":{"uv":[6.0540543,2.5945947,7.3513517,5.1891894],"rotation":0,"texture":"#0","tintindex":0},"west":{"uv":[0.0,0.0,0.0,0.0],"rotation":0,"texture":"#0","tintindex":0}}}],"display":{"head":{"translation":[0.0,-6.4,0.0],"rotation":[0.0,0.0,0.0],"scale":[3.8095,3.8095,3.8095]}}}