{"textures":{"0":"modelengine:entity/0"},"elements":[{"name":"cube","from":[8.0,8.0,8.0],"to":[12.8,15.2,11.0],"rotation":{"angle":0.0,"axis":"x","origin":[8.0,8.0,8.0]},"faces":{"down":{"uv":[0.0,0.0,0.0,0.0],"rotation":0,"texture":"#0","tintindex":0},"east":{"uv":[0.0,10.810811,2.1621623,16.0],"rotation":0,"texture":"#0","tintindex":0},"north":{"uv":[2.1621623,10.810811,5.6216216,16.0],"rotation":0,"texture":"#0","tintindex":0},"south":{"uv":[7.783784,10.810811,11.243243,16.0],"rotation":0,"texture":"#0","tintindex":0},"up":{"uv":[11.243243,10.810811,13.405406,14.27027],"rotation":270,"texture":"#0","tintindex":0},"west":{"uv":[5.6216216,10.810811,7.783784,16.0],"rotation":0,"texture":"#0","tintindex":0}}},{"name":"cube","from":[8.6,15.2,8.0],"to":[12.2,20.600002,10.4],"rotation":{"angle":-22.5,"axis":"x","origin":[8.0,15.2,10.4]},"faces":{"down":{"uv":[0.0,0.0,0.0,0.0],"rotation":0,"texture":"#0","tintindex":0},"east":{"uv":[0.0,6.918919,1.7297298,10.810811],"rotation":0,"texture":"#0","tintindex":0},"north":{"uv":[1.7297298,6.918919,4.3243246,10.810811],"rotation":0,"texture":"#0","tintindex":0},"south":{"uv":[6.0540543,6.918919,8.648649,10.810811],"rotation":0,"texture":"#0","tintindex":0},"up":{"uv":[8.648649,6.918919,10.378379,9.513514],"rotation":90,"texture":"#0","tintindex":0},"west":{"uv":[4.3243246,6.918919,6.0540543,10.810811],"rotation":0,"texture":"#0","tintindex":0}}}],"display":{"head":{"translation":[0.0,-6.4,0.0],"rotation":[0.0,0.0,0.0],"scale":[3.8095,3.8095,3.8095]}}}