{"textures":{"0":"mineinabyss:character/ozen"},"elements":[{"from":[8.571428,6.857143,5.714286],"to":[11.428572,13.142858,5.714286],"rotation":{"angle":-45.0,"axis":"y","origin":[10.285714,-4.5714293,5.714286]},"faces":{"south":{"uv":[8.75,2.75,8.125,4.125],"rotation":0,"texture":"#0","tintindex":0},"north":{"uv":[8.125,2.75,8.75,4.125],"rotation":0,"texture":"#0","tintindex":0}}},{"from":[4.5714283,6.857143,5.714286],"to":[7.428571,13.142858,5.714286],"rotation":{"angle":45.0,"axis":"y","origin":[5.714286,-4.5714293,5.714286]},"faces":{"south":{"uv":[8.125,2.75,8.75,4.125],"rotation":0,"texture":"#0","tintindex":0},"north":{"uv":[8.75,2.75,8.125,4.125],"rotation":0,"texture":"#0","tintindex":0}}},{"from":[5.714286,7.428571,6.0],"to":[10.285714,12.0,10.571428],"rotation":{"angle":0.0,"axis":"y","origin":[5.142857,-16.57143,9.714286]},"faces":{"east":{"uv":[8.125,3.0,7.125,4.0],"rotation":0,"texture":"#0","tintindex":0},"south":{"uv":[7.125,2.0,8.125,3.0],"rotation":0,"texture":"#0","tintindex":0},"north":{"uv":[4.75,7.0,5.75,8.0],"rotation":0,"texture":"#0","tintindex":0},"west":{"uv":[7.125,3.0,8.125,4.0],"rotation":0,"texture":"#0","tintindex":0},"down":{"uv":[6.75,7.25,5.75,8.25],"rotation":0,"texture":"#0","tintindex":0}}},{"from":[1.1428566,12.0,1.4285712],"to":[14.857143,12.0,15.142858],"rotation":{"angle":0.0,"axis":"y","origin":[5.142857,-16.57143,9.714286]},"faces":{"up":{"uv":[6.0,3.0,3.0,0.0],"rotation":0,"texture":"#0","tintindex":0},"down":{"uv":[6.0,0.0,3.0,3.0],"rotation":0,"texture":"#0","tintindex":0}}}],"display":{"head":{"translation":[0.0,-6.4,0.0],"scale":[4.0,4.0,4.0]}}}