{"textures":{"0":"mineinabyss:entity/characters/gaburoon"},"elements":[{"from":[11.857143,11.514286,5.742857],"to":[13.228571,12.314286,7.028571],"rotation":{"angle":22.5,"axis":"x","origin":[12.542857,11.942858,6.957143]},"faces":{"east":{"uv":[5.375,12.75,5.5,12.8125],"rotation":0,"texture":"#0","tintindex":0},"south":{"uv":[12.75,6.8125,12.875,6.875],"rotation":0,"texture":"#0","tintindex":0},"north":{"uv":[12.625,6.8125,12.75,6.875],"rotation":0,"texture":"#0","tintindex":0},"west":{"uv":[12.8125,2.0,12.9375,2.0625],"rotation":0,"texture":"#0","tintindex":0},"up":{"uv":[5.375,13.0625,5.25,12.9375],"rotation":0,"texture":"#0","tintindex":0},"down":{"uv":[13.0625,5.6875,12.9375,5.8125],"rotation":0,"texture":"#0","tintindex":0}}},{"from":[11.0,13.614286,6.642857],"to":[14.142858,16.857143,7.214286],"rotation":{"angle":-45.0,"axis":"z","origin":[12.571428,15.214286,6.0714283]},"faces":{"east":{"uv":[1.0625,9.3125,1.125,9.6875],"rotation":0,"texture":"#0","tintindex":0},"south":{"uv":[12.1875,1.3125,12.5625,1.6875],"rotation":0,"texture":"#0","tintindex":0},"north":{"uv":[12.1875,0.75,12.5625,1.125],"rotation":0,"texture":"#0","tintindex":0},"west":{"uv":[7.3125,9.375,7.375,9.75],"rotation":0,"texture":"#0","tintindex":0},"up":{"uv":[2.4375,4.25,2.0625,4.1875],"rotation":0,"texture":"#0","tintindex":0},"down":{"uv":[10.625,5.1875,10.25,5.25],"rotation":0,"texture":"#0","tintindex":0}}},{"from":[15.285715,5.714286,8.071428],"to":[18.714287,13.571428,9.214286],"rotation":{"angle":22.5,"axis":"x","origin":[12.571428,8.5,10.357143]},"faces":{"east":{"uv":[1.0,12.25,1.125,13.125],"rotation":0,"texture":"#0","tintindex":0},"south":{"uv":[7.125,10.6875,7.5,11.5625],"rotation":0,"texture":"#0","tintindex":0},"north":{"uv":[0.9375,10.6875,1.3125,11.5625],"rotation":0,"texture":"#0","tintindex":0},"west":{"uv":[4.0,12.25,4.125,13.125],"rotation":0,"texture":"#0","tintindex":0},"up":{"uv":[10.25,3.6875,9.875,3.5625],"rotation":0,"texture":"#0","tintindex":0},"down":{"uv":[11.75,4.5,11.375,4.625],"rotation":0,"texture":"#0","tintindex":0}}},{"from":[8.714286,6.857143,10.928572],"to":[16.428572,12.428572,19.357143],"rotation":{"angle":0.0,"axis":"y","origin":[12.571428,10.785714,15.428572]},"faces":{"east":{"uv":[9.0,7.5,9.9375,8.125],"rotation":0,"texture":"#0","tintindex":0},"south":{"uv":[9.375,6.1875,10.25,6.8125],"rotation":0,"texture":"#0","tintindex":0},"north":{"uv":[9.1875,5.5625,10.0625,6.1875],"rotation":0,"texture":"#0","tintindex":0},"west":{"uv":[9.0,8.125,9.9375,8.75],"rotation":0,"texture":"#0","tintindex":0},"up":{"uv":[8.5625,6.5625,7.6875,5.625],"rotation":0,"texture":"#0","tintindex":0},"down":{"uv":[8.5625,6.5625,7.6875,7.5],"rotation":0,"texture":"#0","tintindex":0}}},{"from":[6.428571,10.857143,10.928572],"to":[18.714287,20.428572,19.928572],"rotation":{"angle":-22.5,"axis":"x","origin":[12.571428,10.785714,15.428572]},"faces":{"east":{"uv":[6.6875,0.0,7.6875,1.0625],"rotation":0,"texture":"#0","tintindex":0},"south":{"uv":[5.3125,1.0625,6.6875,2.125],"rotation":0,"texture":"#0","tintindex":0},"north":{"uv":[5.3125,0.0,6.6875,1.0625],"rotation":0,"texture":"#0","tintindex":0},"west":{"uv":[6.6875,1.0625,7.6875,2.125],"rotation":0,"texture":"#0","tintindex":0},"up":{"uv":[4.9375,6.375,3.5625,5.375],"rotation":0,"texture":"#0","tintindex":0},"down":{"uv":[6.3125,5.625,4.9375,6.625],"rotation":0,"texture":"#0","tintindex":0}}},{"from":[9.285714,7.428571,8.071428],"to":[15.857143,13.0,9.214286],"rotation":{"angle":0.0,"axis":"y","origin":[12.571428,10.785714,15.428572]},"faces":{"east":{"uv":[0.9375,10.0625,1.0625,10.6875],"rotation":0,"texture":"#0","tintindex":0},"south":{"uv":[5.5625,9.9375,6.3125,10.5625],"rotation":0,"texture":"#0","tintindex":0},"north":{"uv":[9.9375,1.125,10.6875,1.75],"rotation":0,"texture":"#0","tintindex":0},"west":{"uv":[0.8125,10.875,0.9375,11.5],"rotation":0,"texture":"#0","tintindex":0},"up":{"uv":[10.6875,1.875,9.9375,1.75],"rotation":0,"texture":"#0","tintindex":0},"down":{"uv":[11.875,10.9375,11.125,11.0625],"rotation":0,"texture":"#0","tintindex":0}}},{"from":[12.0,12.714286,5.885714],"to":[13.085714,13.4,6.885714],"rotation":{"angle":22.5,"axis":"x","origin":[12.542857,11.942858,6.957143]},"faces":{"east":{"uv":[1.625,10.25,1.75,10.3125],"rotation":0,"texture":"#0","tintindex":0},"south":{"uv":[10.875,8.0625,11.0,8.125],"rotation":0,"texture":"#0","tintindex":0},"north":{"uv":[4.0625,9.125,4.1875,9.1875],"rotation":0,"texture":"#0","tintindex":0},"west":{"uv":[11.8125,4.9375,11.9375,5.0],"rotation":0,"texture":"#0","tintindex":0},"up":{"uv":[1.625,13.0625,1.5,12.9375],"rotation":0,"texture":"#0","tintindex":0},"down":{"uv":[1.75,12.9375,1.625,13.0625],"rotation":0,"texture":"#0","tintindex":0}}},{"from":[11.571428,11.142858,5.6],"to":[13.514286,11.542857,7.1714287],"rotation":{"angle":22.5,"axis":"x","origin":[12.542857,11.942858,6.957143]},"faces":{"east":{"uv":[12.0625,2.1875,12.25,2.25],"rotation":0,"texture":"#0","tintindex":0},"south":{"uv":[12.0625,3.9375,12.25,4.0],"rotation":0,"texture":"#0","tintindex":0},"north":{"uv":[11.9375,10.5625,12.125,10.625],"rotation":0,"texture":"#0","tintindex":0},"west":{"uv":[12.25,7.875,12.4375,7.9375],"rotation":0,"texture":"#0","tintindex":0},"up":{"uv":[13.0,5.5625,12.8125,5.375],"rotation":0,"texture":"#0","tintindex":0},"down":{"uv":[5.75,12.8125,5.5625,13.0],"rotation":0,"texture":"#0","tintindex":0}}},{"from":[12.0,10.485714,5.885714],"to":[13.085714,11.171429,6.885714],"rotation":{"angle":22.5,"axis":"x","origin":[12.542857,11.942858,6.957143]},"faces":{"east":{"uv":[12.25,3.375,12.375,3.4375],"rotation":0,"texture":"#0","tintindex":0},"south":{"uv":[12.25,3.9375,12.375,4.0],"rotation":0,"texture":"#0","tintindex":0},"north":{"uv":[1.1875,12.0,1.3125,12.0625],"rotation":0,"texture":"#0","tintindex":0},"west":{"uv":[12.625,5.4375,12.75,5.5],"rotation":0,"texture":"#0","tintindex":0},"up":{"uv":[5.125,13.0625,5.0,12.9375],"rotation":0,"texture":"#0","tintindex":0},"down":{"uv":[5.25,12.9375,5.125,13.0625],"rotation":0,"texture":"#0","tintindex":0}}},{"from":[11.571428,12.285715,5.6],"to":[13.514286,12.685715,7.1714287],"rotation":{"angle":22.5,"axis":"x","origin":[12.542857,11.942858,6.957143]},"faces":{"east":{"uv":[7.3125,11.5625,7.5,11.625],"rotation":0,"texture":"#0","tintindex":0},"south":{"uv":[11.625,7.0,11.8125,7.0625],"rotation":0,"texture":"#0","tintindex":0},"north":{"uv":[11.4375,8.4375,11.625,8.5],"rotation":0,"texture":"#0","tintindex":0},"west":{"uv":[11.75,2.9375,11.9375,3.0],"rotation":0,"texture":"#0","tintindex":0},"up":{"uv":[13.0,5.375,12.8125,5.1875],"rotation":0,"texture":"#0","tintindex":0},"down":{"uv":[5.5625,12.8125,5.375,13.0],"rotation":0,"texture":"#0","tintindex":0}}},{"from":[8.142858,6.285714,7.642857],"to":[17.0,17.214287,10.357143],"rotation":{"angle":-22.5,"axis":"x","origin":[12.857143,13.071428,8.357142]},"faces":{"east":{"uv":[6.8125,9.9375,7.125,11.125],"rotation":0,"texture":"#0","tintindex":0},"south":{"uv":[5.1875,6.625,6.1875,7.8125],"rotation":0,"texture":"#0","tintindex":0},"north":{"uv":[4.1875,6.625,5.1875,7.8125],"rotation":0,"texture":"#0","tintindex":0},"west":{"uv":[0.0,10.25,0.3125,11.4375],"rotation":0,"texture":"#0","tintindex":0},"up":{"uv":[11.8125,0.75,10.8125,0.4375],"rotation":0,"texture":"#0","tintindex":0},"down":{"uv":[11.8125,4.6875,10.8125,5.0],"rotation":0,"texture":"#0","tintindex":0}}},{"from":[6.428571,5.714286,8.071428],"to":[9.857143,13.571428,9.214286],"rotation":{"angle":22.5,"axis":"x","origin":[12.571428,8.5,10.357143]},"faces":{"east":{"uv":[4.125,12.25,4.25,13.125],"rotation":0,"texture":"#0","tintindex":0},"south":{"uv":[2.125,10.75,2.5,11.625],"rotation":0,"texture":"#0","tintindex":0},"north":{"uv":[10.6875,8.875,11.0625,9.75],"rotation":0,"texture":"#0","tintindex":0},"west":{"uv":[4.25,12.25,4.375,13.125],"rotation":0,"texture":"#0","tintindex":0},"up":{"uv":[11.875,9.5,11.5,9.375],"rotation":0,"texture":"#0","tintindex":0},"down":{"uv":[12.9375,7.5,12.5625,7.625],"rotation":0,