{"textures":{"0":"mineinabyss:character/gaburoon"},"elements":[{"from":[8.342857,-5.992857,6.678571],"to":[9.6,4.0571427,9.035714],"rotation":{"angle":0.0,"axis":"y","origin":[12.4875,-0.9321432,6.6]},"faces":{"east":{"uv":[4.0,11.125,4.25,12.25],"rotation":0,"texture":"#0","tintindex":0},"south":{"uv":[3.875,11.25,4.0,12.375],"rotation":0,"texture":"#0","tintindex":0},"north":{"uv":[4.0625,8.0,4.1875,9.125],"rotation":0,"texture":"#0","tintindex":0},"west":{"uv":[4.25,11.125,4.5,12.25],"rotation":0,"texture":"#0","tintindex":0},"up":{"uv":[5.0625,5.625,4.9375,5.375],"rotation":0,"texture":"#0","tintindex":0},"down":{"uv":[12.0,2.25,11.875,2.5],"rotation":0,"texture":"#0","tintindex":0}}},{"from":[9.6,-5.992857,7.3071427],"to":[10.857143,3.4285712,8.407143],"rotation":{"angle":0.0,"axis":"y","origin":[1.8410711,-0.9321432,6.6]},"faces":{"east":{"uv":[3.75,12.0625,3.875,13.0625],"rotation":0,"texture":"#0","tintindex":0},"south":{"uv":[2.25,12.1875,2.375,13.1875],"rotation":0,"texture":"#0","tintindex":0},"north":{"uv":[0.75,12.0625,0.875,13.0625],"rotation":0,"texture":"#0","tintindex":0},"west":{"uv":[10.8125,12.1875,10.9375,13.1875],"rotation":0,"texture":"#0","tintindex":0},"up":{"uv":[6.0,13.0625,5.875,12.9375],"rotation":0,"texture":"#0","tintindex":0},"down":{"uv":[6.125,12.9375,6.0,13.0625],"rotation":0,"texture":"#0","tintindex":0}}},{"from":[9.395715,-8.664288,7.3071427],"to":[10.857143,-5.992857,8.407143],"rotation":{"angle":-45.0,"axis":"z","origin":[10.857143,-5.992857,7.857143]},"faces":{"east":{"uv":[2.6875,6.9375,2.8125,7.25],"rotation":0,"texture":"#0","tintindex":0},"south":{"uv":[9.1875,6.1875,9.375,6.5],"rotation":0,"texture":"#0","tintindex":0},"north":{"uv":[8.0625,8.875,8.25,9.1875],"rotation":0,"texture":"#0","tintindex":0},"west":{"uv":[2.4375,9.5625,2.5625,9.875],"rotation":0,"texture":"#0","tintindex":0},"up":{"uv":[11.875,13.0,11.6875,12.875],"rotation":0,"texture":"#0","tintindex":0},"down":{"uv":[13.0625,12.5,12.875,12.625],"rotation":0,"texture":"#0","tintindex":0}}},{"from":[7.714286,-8.507145,6.678571],"to":[8.971429,-5.992857,9.035714],"rotation":{"angle":0.0,"axis":"y","origin":[12.4875,1.3535709,6.6]},"faces":{"east":{"uv":[5.5,12.5625,5.75,12.8125],"rotation":0,"texture":"#0","tintindex":0},"south":{"uv":[12.8125,8.625,12.9375,8.875],"rotation":0,"texture":"#0","tintindex":0},"north":{"uv":[8.5625,12.8125,8.6875,13.0625],"rotation":0,"texture":"#0","tintindex":0},"west":{"uv":[12.5625,7.25,12.8125,7.5],"rotation":0,"texture":"#0","tintindex":0},"up":{"uv":[12.9375,9.875,12.8125,9.625],"rotation":0,"texture":"#0","tintindex":0},"down":{"uv":[12.9375,9.875,12.8125,10.125],"rotation":0,"texture":"#0","tintindex":0}}},{"from":[7.714286,1.5428567,7.3071427],"to":[10.857143,3.4285712,8.407143],"rotation":{"angle":-45.0,"axis":"z","origin":[10.857143,3.4285712,7.857143]},"faces":{"east":{"uv":[12.875,9.375,13.0,9.5625],"rotation":0,"texture":"#0","tintindex":0},"south":{"uv":[9.5625,1.125,9.9375,1.3125],"rotation":0,"texture":"#0","tintindex":0},"north":{"uv":[2.5625,8.75,2.9375,8.9375],"rotation":0,"texture":"#0","tintindex":0},"west":{"uv":[11.3125,12.875,11.4375,13.0625],"rotation":0,"texture":"#0","tintindex":0},"up":{"uv":[13.0,3.75,12.625,3.625],"rotation":0,"texture":"#0","tintindex":0},"down":{"uv":[13.0625,5.0625,12.6875,5.1875],"rotation":0,"texture":"#0","tintindex":0}}}],"display":{"head":{"translation":[0.0,-6.4,0.0],"scale":[4.0,4.0,4.0]}}}