{"textures":{"0":"mineinabyss:character/gaburoon"},"elements":[{"from":[8.0,2.5917478,4.1962624],"to":[13.0,5.8774614,11.4819765],"rotation":{"angle":22.5,"axis":"z","origin":[8.0,2.5917478,5.2676907]},"faces":{"east":{"uv":[10.8125,6.6875,11.625,7.0625],"rotation":0,"texture":"#0","tintindex":0},"south":{"uv":[11.5625,0.0,12.125,0.375],"rotation":0,"texture":"#0","tintindex":0},"north":{"uv":[9.4375,2.25,10.0,2.625],"rotation":0,"texture":"#0","tintindex":0},"west":{"uv":[10.875,1.875,11.6875,2.25],"rotation":0,"texture":"#0","tintindex":0},"up":{"uv":[10.5625,3.0625,10.0,2.25],"rotation":0,"texture":"#0","tintindex":0},"down":{"uv":[0.9375,10.0625,0.375,10.875],"rotation":0,"texture":"#0","tintindex":0}}},{"from":[5.285714,2.5917478,1.8391194],"to":[10.714286,8.306033,2.9819765],"rotation":{"angle":45.0,"axis":"x","origin":[8.0,4.8774614,4.410548]},"faces":{"east":{"uv":[10.4375,12.3125,10.5625,12.9375],"rotation":0,"texture":"#0","tintindex":0},"south":{"uv":[9.375,10.375,10.0,11.0],"rotation":0,"texture":"#0","tintindex":0},"north":{"uv":[10.25,6.0625,10.875,6.6875],"rotation":0,"texture":"#0","tintindex":0},"west":{"uv":[3.875,12.375,4.0,13.0],"rotation":0,"texture":"#0","tintindex":0},"up":{"uv":[13.0625,11.375,12.4375,11.25],"rotation":0,"texture":"#0","tintindex":0},"down":{"uv":[13.0625,11.375,12.4375,11.5],"rotation":0,"texture":"#0","tintindex":0}}},{"from":[3.0,2.5917478,4.1962624],"to":[8.0,5.8774614,11.4819765],"rotation":{"angle":-22.5,"axis":"z","origin":[8.0,2.5917478,5.2676907]},"faces":{"east":{"uv":[7.5,10.9375,8.3125,11.3125],"rotation":0,"texture":"#0","tintindex":0},"south":{"uv":[11.625,6.625,12.1875,7.0],"rotation":0,"texture":"#0","tintindex":0},"north":{"uv":[11.625,1.3125,12.1875,1.6875],"rotation":0,"texture":"#0","tintindex":0},"west":{"uv":[11.0,7.0625,11.8125,7.4375],"rotation":0,"texture":"#0","tintindex":0},"up":{"uv":[10.625,6.0625,10.0625,5.25],"rotation":0,"texture":"#0","tintindex":0},"down":{"uv":[8.3125,10.125,7.75,10.9375],"rotation":0,"texture":"#0","tintindex":0}}}],"display":{"head":{"translation":[0.0,-6.4,0.0],"scale":[4.0,4.0,4.0]}}}