{"textures":{"0":"mineinabyss:character/gaburoon"},"elements":[{"from":[5.785714,-1.5,5.214286],"to":[10.214286,5.714286,10.785714],"rotation":{"angle":0.0,"axis":"y","origin":[9.410714,7.464286,6.857143]},"faces":{"east":{"uv":[9.625,9.5625,10.25,10.375],"rotation":0,"texture":"#0","tintindex":0},"south":{"uv":[4.5625,10.3125,5.0625,11.125],"rotation":0,"texture":"#0","tintindex":0},"north":{"uv":[4.0625,10.3125,4.5625,11.125],"rotation":0,"texture":"#0","tintindex":0},"west":{"uv":[8.75,9.6875,9.375,10.5],"rotation":0,"texture":"#0","tintindex":0},"up":{"uv":[11.375,6.6875,10.875,6.0625],"rotation":0,"texture":"#0","tintindex":0},"down":{"uv":[6.625,10.875,6.125,11.5],"rotation":0,"texture":"#0","tintindex":0}}},{"from":[5.042857,-0.81428623,6.357143],"to":[7.042857,4.1142855,9.642858],"rotation":{"angle":-22.5,"axis":"z","origin":[4.642857,2.1071424,8.0]},"faces":{"east":{"uv":[11.6875,3.4375,12.0625,4.0],"rotation":0,"texture":"#0","tintindex":0},"south":{"uv":[7.5625,12.1875,7.8125,12.75],"rotation":0,"texture":"#0","tintindex":0},"north":{"uv":[7.3125,12.1875,7.5625,12.75],"rotation":0,"texture":"#0","tintindex":0},"west":{"uv":[9.0625,11.6875,9.4375,12.25],"rotation":0,"texture":"#0","tintindex":0},"up":{"uv":[12.6875,9.25,12.4375,8.875],"rotation":0,"texture":"#0","tintindex":0},"down":{"uv":[12.6875,9.25,12.4375,9.625],"rotation":0,"texture":"#0","tintindex":0}}},{"from":[6.357143,-0.9285717,4.0714283],"to":[9.642858,4.0,6.214286],"rotation":{"angle":22.5,"axis":"x","origin":[8.0,1.2499995,4.285714]},"faces":{"east":{"uv":[7.8125,12.1875,8.0625,12.75],"rotation":0,"texture":"#0","tintindex":0},"south":{"uv":[9.4375,11.75,9.8125,12.3125],"rotation":0,"texture":"#0","tintindex":0},"north":{"uv":[8.0625,11.75,8.4375,12.3125],"rotation":0,"texture":"#0","tintindex":0},"west":{"uv":[12.1875,9.8125,12.4375,10.375],"rotation":0,"texture":"#0","tintindex":0},"up":{"uv":[12.8125,9.875,12.4375,9.625],"rotation":0,"texture":"#0","tintindex":0},"down":{"uv":[12.8125,9.875,12.4375,10.125],"rotation":0,"texture":"#0","tintindex":0}}},{"from":[6.357143,-2.2142859,9.5],"to":[9.642858,2.7142854,11.642858],"rotation":{"angle":-22.5,"axis":"x","origin":[8.0,1.2499995,8.285714]},"faces":{"east":{"uv":[12.1875,10.375,12.4375,10.9375],"rotation":0,"texture":"#0","tintindex":0},"south":{"uv":[10.1875,11.75,10.5625,12.3125],"rotation":0,"texture":"#0","tintindex":0},"north":{"uv":[9.8125,11.75,10.1875,12.3125],"rotation":0,"texture":"#0","tintindex":0},"west":{"uv":[10.5625,12.1875,10.8125,12.75],"rotation":0,"texture":"#0","tintindex":0},"up":{"uv":[12.8125,10.375,12.4375,10.125],"rotation":0,"texture":"#0","tintindex":0},"down":{"uv":[12.8125,10.375,12.4375,10.625],"rotation":0,"texture":"#0","tintindex":0}}}],"display":{"head":{"translation":[0.0,-6.4,0.0],"scale":[4.0,4.0,4.0]}}}