{"textures":{"0":"modelengine:entity/head_main_top","1":"modelengine:entity/head_main_sides","2":"modelengine:entity/snout_base_top","3":"modelengine:entity/head_yellow","4":"modelengine:entity/darker_head_yellow","5":"modelengine:entity/urikouri","6":"modelengine:entity/urikouri(32)","7":"modelengine:entity/urikouri"},"elements":[{"name":"mouth_front_right","from":[-0.25000024,6.8479996,-0.0400002],"to":[-0.13000035,7.2079997,0.3199997],"rotation":{"angle":22.5,"axis":"y","origin":[1.3999997,11.0,3.7999997]},"faces":{"down":{"uv":[2.78125,12.875,2.75,12.953125],"rotation":0,"texture":"#7","tintindex":0},"east":{"uv":[11.625,0.625,11.703125,0.703125],"rotation":0,"texture":"#7","tintindex":0},"north":{"uv":[0.0,12.875,0.03125,12.953125],"rotation":0,"texture":"#7","tintindex":0},"south":{"uv":[0.75,12.875,0.78125,12.953125],"rotation":0,"texture":"#7","tintindex":0},"up":{"uv":[2.28125,12.953125,2.25,12.875],"rotation":0,"texture":"#7","tintindex":0},"west":{"uv":[0.75,11.625,0.828125,11.703125],"rotation":0,"texture":"#7","tintindex":0}}},{"name":"mouth_back_right","from":[-1.414,6.8599997,1.1599998],"to":[-1.2940001,7.16,1.8799999],"rotation":{"angle":0.0,"axis":"x","origin":[2.6,11.0,2.6]},"faces":{"down":{"uv":[7.65625,11.875,7.625,12.03125],"rotation":0,"texture":"#7","tintindex":0},"east":{"uv":[0.75,10.75,0.90625,10.8125],"rotation":0,"texture":"#7","tintindex":0},"north":{"uv":[7.25,13.0,7.28125,13.0625],"rotation":0,"texture":"#7","tintindex":0},"south":{"uv":[7.5,13.0,7.53125,13.0625],"rotation":0,"texture":"#7","tintindex":0},"up":{"uv":[7.40625,12.03125,7.375,11.875],"rotation":0,"texture":"#7","tintindex":0},"west":{"uv":[1.125,10.75,1.28125,10.8125],"rotation":0,"texture":"#7","tintindex":0}}},{"name":"jowel_right","from":[-0.34000015,6.8599997,0.55999994],"to":[-0.22000027,7.34,0.9199996],"rotation":{"angle":22.5,"axis":"y","origin":[1.3999997,11.0,3.7999997]},"faces":{"down":{"uv":[12.65625,12.75,12.625,12.828125],"rotation":0,"texture":"#7","tintindex":0},"east":{"uv":[11.25,6.875,11.328125,6.96875],"rotation":0,"texture":"#7","tintindex":0},"north":{"uv":[12.5,1.25,12.53125,1.34375],"rotation":0,"texture":"#7","tintindex":0},"south":{"uv":[1.5,12.5,1.53125,12.59375],"rotation":0,"texture":"#7","tintindex":0},"up":{"uv":[12.78125,12.078125,12.75,12.0],"rotation":0,"texture":"#7","tintindex":0},"west":{"uv":[11.25,8.125,11.328125,8.21875],"rotation":0,"texture":"#7","tintindex":0}}}],"display":{"head":{"translation":[0.0,-6.4,0.0],"rotation":[0.0,0.0,0.0],"scale":[3.8095,3.8095,3.8095]}}}