{"textures":{"0":"modelengine:entity/head_main_top","1":"modelengine:entity/head_main_sides","2":"modelengine:entity/snout_base_top","3":"modelengine:entity/head_yellow","4":"modelengine:entity/darker_head_yellow","5":"modelengine:entity/urikouri","6":"modelengine:entity/urikouri(32)","7":"modelengine:entity/urikouri"},"elements":[{"name":"wing","from":[8.0,7.34,7.715187],"to":[8.120001,7.8199997,9.395187],"rotation":{"angle":0.0,"axis":"x","origin":[8.166929,7.58,8.555187]},"faces":{"down":{"uv":[2.53125,10.5,2.5,10.84375],"rotation":0,"texture":"#7","tintindex":0},"east":{"uv":[7.875,6.5,8.21875,6.59375],"rotation":0,"texture":"#7","tintindex":0},"north":{"uv":[12.625,9.5,12.65625,9.59375],"rotation":0,"texture":"#7","tintindex":0},"south":{"uv":[12.625,9.75,12.65625,9.84375],"rotation":0,"texture":"#7","tintindex":0},"up":{"uv":[10.53125,2.71875,10.5,2.375],"rotation":0,"texture":"#7","tintindex":0},"west":{"uv":[7.75,7.875,8.09375,7.96875],"rotation":0,"texture":"#7","tintindex":0}}},{"name":"wing","from":[7.9400005,7.94,8.6],"to":[8.06,8.42,9.8],"rotation":{"angle":0.0,"axis":"x","origin":[7.9400005,7.805171,8.791269]},"faces":{"down":{"uv":[3.03125,11.25,3.0,11.5],"rotation":0,"texture":"#7","tintindex":0},"east":{"uv":[8.75,4.375,9.0,4.46875],"rotation":0,"texture":"#7","tintindex":0},"north":{"uv":[12.625,10.0,12.65625,10.09375],"rotation":0,"texture":"#7","tintindex":0},"south":{"uv":[12.625,10.25,12.65625,10.34375],"rotation":0,"texture":"#7","tintindex":0},"up":{"uv":[11.28125,3.0,11.25,2.75],"rotation":0,"texture":"#7","tintindex":0},"west":{"uv":[8.875,3.0,9.125,3.09375],"rotation":0,"texture":"#7","tintindex":0}}},{"name":"wing","from":[7.9100003,8.12,7.7599998],"to":[8.030001,8.6,9.440001],"rotation":{"angle":-45.0,"axis":"x","origin":[7.9400005,7.805171,8.791269]},"faces":{"down":{"uv":[10.53125,1.875,10.5,2.21875],"rotation":0,"texture":"#7","tintindex":0},"east":{"uv":[7.875,5.375,8.21875,5.46875],"rotation":0,"texture":"#7","tintindex":0},"north":{"uv":[8.625,12.625,8.65625,12.71875],"rotation":0,"texture":"#7","tintindex":0},"south":{"uv":[8.875,12.625,8.90625,12.71875],"rotation":0,"texture":"#7","tintindex":0},"up":{"uv":[8.78125,10.71875,8.75,10.375],"rotation":0,"texture":"#7","tintindex":0},"west":{"uv":[6.25,7.875,6.59375,7.96875],"rotation":0,"texture":"#7","tintindex":0}}},{"name":"wing","from":[7.9400005,7.5651712,7.951269],"to":[8.06,8.045171,10.23127],"rotation":{"angle":22.5,"axis":"z","origin":[8.0,7.805171,9.091269]},"faces":{"down":{"uv":[1.53125,9.75,1.5,10.21875],"rotation":0,"texture":"#7","tintindex":0},"east":{"uv":[6.875,1.5,7.34375,1.59375],"rotation":0,"texture":"#7","tintindex":0},"north":{"uv":[12.625,8.0,12.65625,8.09375],"rotation":0,"texture":"#7","tintindex":0},"south":{"uv":[8.125,12.625,8.15625,12.71875],"rotation":0,"texture":"#7","tintindex":0},"up":{"uv":[1.28125,10.21875,1.25,9.75],"rotation":0,"texture":"#7","tintindex":0},"west":{"uv":[3.0,6.875,3.46875,6.96875],"rotation":0,"texture":"#7","tintindex":0}}},{"name":"wing","from":[7.9400005,7.04,7.3512692],"to":[8.06,7.52,9.631269],"rotation":{"angle":-45.0,"axis":"z","origin":[8.0,7.205171,8.491269]},"faces":{"down":{"uv":[2.03125,9.75,2.0,10.21875],"rotation":0,"texture":"#7","tintindex":0},"east":{"uv":[3.625,6.875,4.09375,6.96875],"rotation":0,"texture":"#7","tintindex":0},"north":{"uv":[12.625,9.0,12.65625,9.09375],"rotation":0,"texture":"#7","tintindex":0},"south":{"uv":[12.625,9.25,12.65625,9.34375],"rotation":0,"texture":"#7","tintindex":0},"up":{"uv":[1.78125,10.21875,1.75,9.75],"rotation":0,"texture":"#7","tintindex":0},"west":{"uv":[4.5,6.875,4.96875,6.96875],"rotation":0,"texture":"#7","tintindex":0}}},{"name":"wing","from":[7.9400005,8.24,8.55127],"to":[8.06,8.719999,10.23127],"rotation":{"angle":-45.0,"axis":"z","origin":[8.0,8.405171,9.691269]},"faces":{"down":{"uv":[10.53125,3.5,10.5,3.84375],"rotation":0,"texture":"#7","tintindex":0},"east":{"uv":[8.0,1.25,8.34375,1.34375],"rotation":0,"texture":"#7","tintindex":0},"north":{"uv":[10.375,12.625,10.40625,12.71875],"rotation":0,"texture":"#7","tintindex":0},"south":{"uv":[12.625,10.5,12.65625,10.59375],"rotation":0,"texture":"#7","tintindex":0},"up":{"uv":[2.78125,10.84375,2.75,10.5],"rotation":0,"texture":"#7","tintindex":0},"west":{"uv":[8.0,1.5,8.34375,1.59375],"rotation":0,"texture":"#7","tintindex":0}}},{"name":"wing","from":[7.88,7.46,8.360001],"to":[8.0,7.94,10.04],"rotation":{"angle":22.5,"axis":"x","origin":[7.754,8.780001,9.26]},"faces":{"down":{"uv":[8.53125,10.375,8.5,10.71875],"rotation":0,"texture":"#7","tintindex":0},"east":{"uv":[7.875,5.125,8.21875,5.21875],"rotation":0,"texture":"#7","tintindex":0},"north":{"uv":[12.625,7.75,12.65625,7.84375],"rotation":0,"texture":"#7","tintindex":0},"south":{"uv":[7.875,12.625,7.90625,12.71875],"rotation":0,"texture":"#7","tintindex":0},"up":{"uv":[8.28125,10.71875,8.25,10.375],"rotation":0,"texture":"#7","tintindex":0},"west":{"uv":[5.25,7.875,5.59375,7.96875],"rotation":0,"texture":"#7","tintindex":0}}}],"display":{"head":{"translation":[0.0,-6.4,0.0],"rotation":[0.0,0.0,0.0],"scale":[3.8095,3.8095,3.8095]}}}