{"textures":{"0":"mineinabyss:entity/mobs/orbpiercer"},"elements":[{"from":[4.397169,1.8942852,3.5314283],"to":[11.18574,9.962857,9.611428],"rotation":{"angle":22.5,"axis":"x","origin":[7.791455,5.428571,6.0]},"faces":{"east":{"uv":[7.25,9.03125,7.59375,9.46875],"rotation":0,"texture":"#0","tintindex":0},"south":{"uv":[9.03125,3.59375,9.40625,4.03125],"rotation":0,"texture":"#0","tintindex":0},"north":{"uv":[9.03125,3.125,9.40625,3.5625],"rotation":0,"texture":"#0","tintindex":0},"west":{"uv":[7.625,9.03125,7.96875,9.46875],"rotation":0,"texture":"#0","tintindex":0},"up":{"uv":[3.6875,10.71875,3.3125,10.375],"rotation":0,"texture":"#0","tintindex":0},"down":{"uv":[7.75,10.375,7.375,10.71875],"rotation":0,"texture":"#0","tintindex":0}}}],"display":{"head":{"translation":[0.0,-6.4,0.0],"scale":[4.0,4.0,4.0]}}}
