{"textures":{"0":"mineinabyss:entity/mobs/orbpiercer"},"elements":[{"from":[5.72132,6.9464283,4.142857],"to":[9.578463,8.232142,5.428571],"rotation":{"angle":0.0,"axis":"y","origin":[-12.921537,1.1607141,14.428572]},"faces":{"east":{"uv":[7.9375,4.5,8.0,4.5625],"rotation":0,"texture":"#0","tintindex":0},"south":{"uv":[11.90625,4.1875,12.125,4.25],"rotation":0,"texture":"#0","tintindex":0},"north":{"uv":[9.96875,7.375,10.1875,7.4375],"rotation":0,"texture":"#0","tintindex":0},"west":{"uv":[8.9375,3.0,9.0,3.0625],"rotation":0,"texture":"#0","tintindex":0},"up":{"uv":[15.03125,11.46875,14.8125,11.40625],"rotation":0,"texture":"#0","tintindex":0},"down":{"uv":[15.0625,1.5625,14.84375,1.625],"rotation":0,"texture":"#0","tintindex":0}}},{"from":[4.4356055,6.303571,5.428571],"to":[10.864178,8.232142,14.428572],"rotation":{"angle":0.0,"axis":"y","origin":[-12.921537,1.1607141,14.428572]},"faces":{"east":{"uv":[3.125,6.34375,3.625,6.4375],"rotation":0,"texture":"#0","tintindex":0},"south":{"uv":[6.625,8.0625,6.96875,8.15625],"rotation":0,"texture":"#0","tintindex":0},"north":{"uv":[5.3125,7.84375,5.65625,7.9375],"rotation":0,"texture":"#0","tintindex":0},"west":{"uv":[3.125,6.46875,3.625,6.5625],"rotation":0,"texture":"#0","tintindex":0},"up":{"uv":[8.59375,9.3125,8.25,8.8125],"rotation":0,"texture":"#0","tintindex":0},"down":{"uv":[4.25,8.84375,3.90625,9.34375],"rotation":0,"texture":"#0","tintindex":0}}}],"display":{"head":{"translation":[0.0,-6.4,0.0],"scale":[4.0,4.0,4.0]}}}
