{"textures":{"0":"mineinabyss:mobs/orbpiercer"},"elements":[{"from":[2.1970544,0.47011375,4.6553717],"to":[9.528712,6.5870285,17.058914],"rotation":{"angle":45.0,"axis":"x","origin":[7.791455,0.5714283,10.857143]},"faces":{"east":{"uv":[8.59375,4.75,9.28125,5.09375],"rotation":0,"texture":"#0","tintindex":0},"south":{"uv":[9.3125,4.40625,9.71875,4.75],"rotation":0,"texture":"#0","tintindex":0},"north":{"uv":[8.625,9.25,9.03125,9.59375],"rotation":0,"texture":"#0","tintindex":0},"west":{"uv":[5.15625,8.59375,5.84375,8.9375],"rotation":0,"texture":"#0","tintindex":0},"up":{"uv":[3.4375,9.1875,3.03125,8.5],"rotation":0,"texture":"#0","tintindex":0},"down":{"uv":[3.875,8.5,3.46875,9.1875],"rotation":0,"texture":"#0","tintindex":0}}}],"display":{"head":{"translation":[0.0,-6.4,0.0],"scale":[4.0,4.0,4.0]}}}