{"textures":{"0":"mineinabyss:entity/mobs/orbpiercer"},"elements":[{"from":[3.482769,2.2986856,0.94108534],"to":[10.814426,8.4156,13.344629],"rotation":{"angle":45.0,"axis":"x","origin":[5.220026,-1.7142859,7.142857]},"faces":{"east":{"uv":[8.1875,1.46875,8.875,1.8125],"rotation":0,"texture":"#0","tintindex":0},"south":{"uv":[9.21875,6.0625,9.625,6.40625],"rotation":0,"texture":"#0","tintindex":0},"north":{"uv":[9.09375,1.65625,9.5,2.0],"rotation":0,"texture":"#0","tintindex":0},"west":{"uv":[4.4375,8.59375,5.125,8.9375],"rotation":0,"texture":"#0","tintindex":0},"up":{"uv":[7.46875,9.0,7.0625,8.3125],"rotation":0,"texture":"#0","tintindex":0},"down":{"uv":[7.90625,8.3125,7.5,9.0],"rotation":0,"texture":"#0","tintindex":0}}}],"display":{"head":{"translation":[0.0,-6.4,0.0],"scale":[4.0,4.0,4.0]}}}
