{"textures":{"0":"mineinabyss:entity/mobs/orbpiercer"},"elements":[{"from":[0.79002094,14.8984,4.246375],"to":[3.3614492,17.46983,19.674946],"rotation":{"angle":-22.5,"axis":"x","origin":[7.1757355,19.503414,29.892633]},"faces":{"east":{"uv":[10.3125,1.46875,9.46875,1.625],"rotation":0,"texture":"#0","tintindex":0},"south":{"uv":[14.375,12.34375,14.25,12.5],"rotation":0,"texture":"#0","tintindex":0},"north":{"uv":[14.375,11.46875,14.25,11.625],"rotation":0,"texture":"#0","tintindex":0},"west":{"uv":[10.3125,1.28125,9.46875,1.4375],"rotation":0,"texture":"#0","tintindex":0},"up":{"uv":[6.96875,11.8125,7.09375,10.96875],"rotation":0,"texture":"#0","tintindex":0},"down":{"uv":[7.125,10.96875,7.25,11.8125],"rotation":0,"texture":"#0","tintindex":0}}},{"from":[4.3664546,14.702293,11.454018],"to":[6.0378833,22.930864,13.382589],"rotation":{"angle":45.0,"axis":"x","origin":[6.3664546,14.592936,12.318565]},"faces":{"east":{"uv":[6.28125,13.40625,6.375,13.84375],"rotation":0,"texture":"#0","tintindex":0},"south":{"uv":[6.40625,13.40625,6.5,13.84375],"rotation":0,"texture":"#0","tintindex":0},"north":{"uv":[6.15625,13.40625,6.25,13.84375],"rotation":0,"texture":"#0","tintindex":0},"west":{"uv":[0.25,13.4375,0.34375,13.875],"rotation":0,"texture":"#0","tintindex":0},"up":{"uv":[15.25,5.75,15.15625,5.65625],"rotation":0,"texture":"#0","tintindex":0},"down":{"uv":[5.8125,15.15625,5.71875,15.25],"rotation":0,"texture":"#0","tintindex":0}}},{"from":[4.88074,21.714287,17.861736],"to":[5.5235977,32.0,18.890306],"rotation":{"angle":22.5,"axis":"x","origin":[6.3664546,21.664366,14.889994]},"faces":{"east":{"uv":[13.71875,3.5,13.78125,4.0625],"rotation":0,"texture":"#0","tintindex":0},"south":{"uv":[3.90625,14.71875,3.9375,15.28125],"rotation":0,"texture":"#0","tintindex":0},"north":{"uv":[3.84375,14.71875,3.875,15.28125],"rotation":0,"texture":"#0","tintindex":0},"west":{"uv":[10.21875,13.71875,10.28125,14.28125],"rotation":0,"texture":"#0","tintindex":0},"up":{"uv":[15.375,10.6875,15.34375,10.625],"rotation":0,"texture":"#0","tintindex":0},"down":{"uv":[15.375,10.71875,15.34375,10.78125],"rotation":0,"texture":"#0","tintindex":0}}}],"display":{"head":{"translation":[0.0,-2.7081895,0.0],"scale":[4.0,4.0,4.0]}}}
