{"textures":{"0":"mineinabyss:entity/mobs/orbpiercer"},"elements":[{"from":[-9.307144,15.371428,7.4244733],"to":[-8.514286,32.0,8.441616],"rotation":{"angle":0.0,"axis":"y","origin":[-12.486277,15.790539,8.429098]},"faces":{"east":{"uv":[12.625,1.875,12.5625,2.78125],"rotation":0,"texture":"#0","tintindex":0},"south":{"uv":[12.625,0.9375,12.5625,1.84375],"rotation":0,"texture":"#0","tintindex":0},"north":{"uv":[12.59375,11.78125,12.53125,12.6875],"rotation":0,"texture":"#0","tintindex":0},"west":{"uv":[12.625,0.0,12.5625,0.90625],"rotation":0,"texture":"#0","tintindex":0},"up":{"uv":[10.625,15.375,10.6875,15.3125],"rotation":0,"texture":"#0","tintindex":0},"down":{"uv":[10.71875,15.3125,10.78125,15.375],"rotation":0,"texture":"#0","tintindex":0}}},{"from":[0.33571434,13.442856,4.210188],"to":[1.1857138,30.014284,5.22733],"rotation":{"angle":0.0,"axis":"y","origin":[-2.843419,13.861967,5.2148123]},"faces":{"east":{"uv":[12.65625,9.90625,12.59375,10.8125],"rotation":0,"texture":"#0","tintindex":0},"south":{"uv":[12.65625,8.96875,12.59375,9.875],"rotation":0,"texture":"#0","tintindex":0},"north":{"uv":[12.625,3.6875,12.5625,4.59375],"rotation":0,"texture":"#0","tintindex":0},"west":{"uv":[12.65625,6.625,12.59375,7.53125],"rotation":0,"texture":"#0","tintindex":0},"up":{"uv":[10.8125,15.375,10.875,15.3125],"rotation":0,"texture":"#0","tintindex":0},"down":{"uv":[10.90625,15.3125,10.96875,15.375],"rotation":0,"texture":"#0","tintindex":0}}}],"display":{"head":{"translation":[0.0,8.438768,0.0],"scale":[4.0,4.0,4.0]}}}
