{"textures":{"0":"mineinabyss:mobs/orbpiercer"},"elements":[{"from":[-9.364286,15.542856,7.3673306],"to":[-8.4,32.0,8.498759],"rotation":{"angle":0.0,"axis":"y","origin":[-12.486277,15.961967,8.429098]},"faces":{"east":{"uv":[12.5625,8.96875,12.5,9.875],"rotation":0,"texture":"#0","tintindex":0},"south":{"uv":[12.5625,6.75,12.5,7.65625],"rotation":0,"texture":"#0","tintindex":0},"north":{"uv":[12.53125,4.1875,12.46875,5.09375],"rotation":0,"texture":"#0","tintindex":0},"west":{"uv":[4.90625,12.5,4.84375,13.40625],"rotation":0,"texture":"#0","tintindex":0},"up":{"uv":[15.3125,10.3125,15.375,10.25],"rotation":0,"texture":"#0","tintindex":0},"down":{"uv":[10.28125,15.3125,10.34375,15.375],"rotation":0,"texture":"#0","tintindex":0}}},{"from":[0.27857113,13.6142845,4.1530447],"to":[1.242857,30.071428,5.2844734],"rotation":{"angle":0.0,"axis":"y","origin":[-2.843419,14.033396,5.2148123]},"faces":{"east":{"uv":[12.59375,10.84375,12.53125,11.75],"rotation":0,"texture":"#0","tintindex":0},"south":{"uv":[12.59375,7.6875,12.53125,8.59375],"rotation":0,"texture":"#0","tintindex":0},"north":{"uv":[12.5625,9.90625,12.5,10.8125],"rotation":0,"texture":"#0","tintindex":0},"west":{"uv":[12.59375,5.6875,12.53125,6.59375],"rotation":0,"texture":"#0","tintindex":0},"up":{"uv":[15.3125,10.40625,15.375,10.34375],"rotation":0,"texture":"#0","tintindex":0},"down":{"uv":[10.375,15.3125,10.4375,15.375],"rotation":0,"texture":"#0","tintindex":0}}}],"display":{"head":{"translation":[0.0,7.753053,0.0],"scale":[4.0,4.0,4.0]}}}