{"textures":{"0":"mineinabyss:mobs/orbpiercer"},"elements":[{"from":[-6.3571415,15.542856,7.3673306],"to":[-5.3928547,32.0,8.498759],"rotation":{"angle":0.0,"axis":"y","origin":[-2.2708654,15.961967,8.429098]},"faces":{"east":{"uv":[4.84375,12.5,4.90625,13.40625],"rotation":0,"texture":"#0","tintindex":0},"south":{"uv":[12.5,6.75,12.5625,7.65625],"rotation":0,"texture":"#0","tintindex":0},"north":{"uv":[12.46875,4.1875,12.53125,5.09375],"rotation":0,"texture":"#0","tintindex":0},"west":{"uv":[12.5,8.96875,12.5625,9.875],"rotation":0,"texture":"#0","tintindex":0},"up":{"uv":[15.375,10.3125,15.3125,10.25],"rotation":0,"texture":"#0","tintindex":0},"down":{"uv":[10.34375,15.3125,10.28125,15.375],"rotation":0,"texture":"#0","tintindex":0}}},{"from":[-16.0,13.6142845,4.1530447],"to":[-15.035713,30.071428,5.2844734],"rotation":{"angle":0.0,"axis":"y","origin":[-11.913725,14.033396,5.2148123]},"faces":{"east":{"uv":[12.53125,5.6875,12.59375,6.59375],"rotation":0,"texture":"#0","tintindex":0},"south":{"uv":[12.53125,7.6875,12.59375,8.59375],"rotation":0,"texture":"#0","tintindex":0},"north":{"uv":[12.5,9.90625,12.5625,10.8125],"rotation":0,"texture":"#0","tintindex":0},"west":{"uv":[12.53125,10.84375,12.59375,11.75],"rotation":0,"texture":"#0","tintindex":0},"up":{"uv":[15.375,10.40625,15.3125,10.34375],"rotation":0,"texture":"#0","tintindex":0},"down":{"uv":[10.4375,15.3125,10.375,15.375],"rotation":0,"texture":"#0","tintindex":0}}}],"display":{"head":{"translation":[-16.682632,7.753053,0.0],"scale":[4.0,4.0,4.0]}}}