{"textures":{"0":"mineinabyss:entity/mobs/orbpiercer"},"elements":[{"from":[9.346928,21.071428,20.284286],"to":[9.989785,32.0,21.44143],"rotation":{"angle":22.5,"axis":"x","origin":[9.096928,22.283081,16.946024]},"faces":{"east":{"uv":[13.65625,5.0625,13.59375,5.65625],"rotation":0,"texture":"#0","tintindex":0},"south":{"uv":[14.03125,14.34375,14.0,14.9375],"rotation":0,"texture":"#0","tintindex":0},"north":{"uv":[13.96875,14.34375,13.9375,14.9375],"rotation":0,"texture":"#0","tintindex":0},"west":{"uv":[5.09375,13.59375,5.03125,14.1875],"rotation":0,"texture":"#0","tintindex":0},"up":{"uv":[8.3125,15.40625,8.34375,15.34375],"rotation":0,"texture":"#0","tintindex":0},"down":{"uv":[8.375,15.34375,8.40625,15.40625],"rotation":0,"texture":"#0","tintindex":0}}},{"from":[8.446928,1.9776297,0.9463701],"to":[11.018356,4.5490584,16.374943],"rotation":{"angle":-45.0,"axis":"x","origin":[12.054071,5.1919155,3.517799]},"faces":{"east":{"uv":[1.21875,10.1875,0.375,10.34375],"rotation":0,"texture":"#0","tintindex":0},"south":{"uv":[10.34375,14.3125,10.21875,14.46875],"rotation":0,"texture":"#0","tintindex":0},"north":{"uv":[14.4375,9.5625,14.3125,9.71875],"rotation":0,"texture":"#0","tintindex":0},"west":{"uv":[10.9375,6.4375,10.09375,6.59375],"rotation":0,"texture":"#0","tintindex":0},"up":{"uv":[5.25,11.9375,5.375,11.09375],"rotation":0,"texture":"#0","tintindex":0},"down":{"uv":[5.40625,11.09375,5.53125,11.9375],"rotation":0,"texture":"#0","tintindex":0}}},{"from":[8.446928,1.9776297,0.9463701],"to":[11.018356,4.5490584,16.374943],"rotation":{"angle":-45.0,"axis":"x","origin":[12.054071,5.1919155,3.517799]},"faces":{"east":{"uv":[11.09375,7.375,10.25,7.53125],"rotation":0,"texture":"#0","tintindex":0},"south":{"uv":[14.4375,10.59375,14.3125,10.75],"rotation":0,"texture":"#0","tintindex":0},"north":{"uv":[10.5,14.3125,10.375,14.46875],"rotation":0,"texture":"#0","tintindex":0},"west":{"uv":[11.03125,9.71875,10.1875,9.875],"rotation":0,"texture":"#0","tintindex":0},"up":{"uv":[5.5625,11.9375,5.6875,11.09375],"rotation":0,"texture":"#0","tintindex":0},"down":{"uv":[7.9375,11.09375,8.0625,11.9375],"rotation":0,"texture":"#0","tintindex":0}}},{"from":[16.303083,-5.209573,20.297466],"to":[19.131655,11.761857,23.12604],"rotation":{"angle":45.0,"axis":"x","origin":[14.171093,14.086433,20.990196]},"faces":{"east":{"uv":[3.78125,9.21875,3.625,10.15625],"rotation":0,"texture":"#0","tintindex":0},"south":{"uv":[3.59375,9.21875,3.4375,10.15625],"rotation":0,"texture":"#0","tintindex":0},"north":{"uv":[3.21875,9.21875,3.0625,10.15625],"rotation":0,"texture":"#0","tintindex":0},"west":{"uv":[3.40625,9.21875,3.25,10.15625],"rotation":0,"texture":"#0","tintindex":0},"up":{"uv":[7.84375,14.34375,8.0,14.1875],"rotation":0,"texture":"#0","tintindex":0},"down":{"uv":[8.03125,14.1875,8.1875,14.34375],"rotation":0,"texture":"#0","tintindex":0}}},{"from":[16.546928,7.2937164,19.439102],"to":[18.218357,15.522287,21.367674],"rotation":{"angle":45.0,"axis":"x","origin":[16.832642,7.1843596,20.30365]},"faces":{"east":{"uv":[6.96875,13.375,6.875,13.8125],"rotation":0,"texture":"#0","tintindex":0},"south":{"uv":[6.84375,13.375,6.75,13.8125],"rotation":0,"texture":"#0","tintindex":0},"north":{"uv":[13.46875,6.0,13.375,6.4375],"rotation":0,"texture":"#0","tintindex":0},"west":{"uv":[6.71875,13.375,6.625,13.8125],"rotation":0,"texture":"#0","tintindex":0},"up":{"uv":[12.875,15.1875,12.96875,15.09375],"rotation":0,"texture":"#0","tintindex":0},"down":{"uv":[13.0,15.09375,13.09375,15.1875],"rotation":0,"texture":"#0","tintindex":0}}},{"from":[9.346928,21.071428,20.284286],"to":[9.989785,32.0,21.44143],"rotation":{"angle":22.5,"axis":"x","origin":[9.096928,22.283081,16.946024]},"faces":{"east":{"uv":[13.65625,1.875,13.59375,2.46875],"rotation":0,"texture":"#0","tintindex":0},"south":{"uv":[12.53125,14.34375,12.5,14.9375],"rotation":0,"texture":"#0","tintindex":0},"north":{"uv":[12.46875,14.34375,12.4375,14.9375],"rotation":0,"texture":"#0","tintindex":0},"west":{"uv":[1.90625,13.59375,1.84375,14.1875],"rotation":0,"texture":"#0","tintindex":0},"up":{"uv":[7.90625,15.40625,7.9375,15.34375],"rotation":0,"texture":"#0","tintindex":0},"down":{"uv":[7.96875,15.34375,8.0,15.40625],"rotation":0,"texture":"#0","tintindex":0}}},{"from":[7.118356,15.598909,12.83405],"to":[8.146928,27.59891,13.9054785],"rotation":{"angle":22.5,"axis":"x","origin":[7.0612135,15.537994,13.369764]},"faces":{"east":{"uv":[12.59375,13.34375,12.53125,14.0],"rotation":0,"texture":"#0","tintindex":0},"south":{"uv":[12.09375,13.34375,12.03125,14.0],"rotation":0,"texture":"#0","tintindex":0},"north":{"uv":[2.0625,13.125,2.0,13.78125],"rotation":0,"texture":"#0","tintindex":0},"west":{"uv":[1.34375,13.34375,1.28125,14.0],"rotation":0,"texture":"#0","tintindex":0},"up":{"uv":[15.3125,9.59375,15.375,9.53125],"rotation":0,"texture":"#0","tintindex":0},"down":{"uv":[9.75,15.3125,9.8125,15.375],"rotation":0,"texture":"#0","tintindex":0}}},{"from":[7.0845113,13.100689,25.100708],"to":[8.923082,27.294973,27.222137],"rotation":{"angle":22.5,"axis":"x","origin":[4.5282354,22.0207,25.199959]},"faces":{"east":{"uv":[2.96875,11.125,2.84375,11.90625],"rotation":0,"texture":"#0","tintindex":0},"south":{"uv":[8.75,11.90625,8.65625,12.6875],"rotation":0,"texture":"#0","tintindex":0},"north":{"uv":[8.625,11.90625,8.53125,12.6875],"rotation":0,"texture":"#0","tintindex":0},"west":{"uv":[1.15625,11.125,1.03125,11.90625],"rotation":0,"texture":"#0","tintindex":0},"up":{"uv":[1.03125,15.03125,1.125,14.90625],"rotation":0,"texture":"#0","tintindex":0},"down":{"uv":[1.15625,14.90625,1.25,15.03125],"rotation":0,"texture":"#0","tintindex":0}}},{"from":[4.323829,12.030518,15.081564],"to":[5.995258,22.830519,17.010136],"rotation":{"angle":45.0,"axis":"x","origin":[4.2024007,12.737985,16.045849]},"faces":{"east":{"uv":[2.625,12.875,2.53125,13.46875],"rotation":0,"texture":"#0","tintindex":0},"south":{"uv":[12.96875,2.5,12.875,3.09375],"rotation":0,"texture":"#0","tintindex":0},"north":{"uv":[2.375,12.875,2.28125,13.46875],"rotation":0,"texture":"#0","tintindex":0},"west":{"uv":[2.5,12.875,2.40625,13.46875],"rotation":0,"texture":"#0","tintindex":0},"up":{"uv":[9.9375,15.1875,10.03125,15.09375],"rotation":0,"texture":"#0","tintindex":0},"down":{"uv":[10.0625,15.09375,10.15625,15.1875],"rotation":0,"texture":"#0","tintindex":0}}},{"from":[6.5183563,9.5961895,-4.2929335],"to":[9.089785,12.167618,5.9927816],"rotation":{"angle":-45.0,"axis":"x","origin":[7.189785,13.61293,7.446506]},"faces":{"east":{"uv":[12.28125,0.59375,11.71875,0.75],"rotation":0,"texture":"#0","tintindex":0},"south":{"uv":[9.28125,14.1875,9.125,14.34375],"rotation":0,"texture":"#0","tintindex":0},"north":{"uv":[9.09375,14.1875,8.9375,14.34375],"rotation":0,"texture":"#0","tintindex":0},"west":{"uv":[12.1875,9.1875,11.625,9.34375],"rotation":0,"texture":"#0","tintindex":0},"up":{"uv":[11.71875,11.21875,11.875,10.65625],"rotation":0,"texture":"#0","tintindex":0},"down":{"uv":[11.8125,1.75,11.96875,2.3125],"rotation":0,"texture":"#0","tintindex":0}}},{"from":[16.161213,7.0247602,8.564211],"to":[18.732643,9.5961895,18.849926],"rotation":{"angle":-45.0,"axis":"x","origin":[16.832642,11.041502,20.30365]},"faces":{"east":{"uv":[12.65625,8.8125,12.09375,8.9375],"rotation":0,"texture":"#0","tintindex":0},"south":{"uv":[1.34375,14.34375,1.1875,14.46875],"rotation":0,"texture":"#0","tintindex":0},"north":{"uv":[1.15625,14.34375,1.0,14.46875],"rotation":0,"texture":"#0","tintindex":0},"west":{"uv":[12.65625,5.53125,12.09375,5.65625],"rotation":0,"texture":"#0","tintindex":0},"up":{"uv":[0.3125,12.40625,0.46875,11.84375],"rotation":0,"texture":"#0","tintindex":0},"down":{"uv":[2.125,11.84375,2.28125,12.40625],"rotation":0,"texture":"#0","tintindex":0}}},{"from":[6.904071,9.865145,6.581959],"to":[8.5755,18.093716,8.51053],"rotation":{"angle":45.0,"axis":"x","origin":[7.189785,9.755788,7.446506]},"faces":{"east":{"uv":[13.4375,11.40625,13.34375,11.84375],"rotation":0,"texture":"#0","tintindex":0},