{"textures":{"0":"modelengine:entity/stingerhead"},"elements":[{"name":"cube","from":[-16.0,-16.0,-16.0],"to":[-12.882683,-11.843586,-13.921791],"rotation":{"angle":0.0,"axis":"x","origin":[-6.4464607,-1.0480728,-0.28674316]},"faces":{"down":{"uv":[2.125,12.75,1.875,12.875],"rotation":0,"texture":"#0","tintindex":0},"east":{"uv":[12.5,6.625,12.625,6.875],"rotation":0,"texture":"#0","tintindex":0},"north":{"uv":[12.0,2.375,12.25,2.625],"rotation":0,"texture":"#0","tintindex":0},"south":{"uv":[12.0,2.75,12.25,3.0],"rotation":0,"texture":"#0","tintindex":0},"up":{"uv":[12.375,0.875,12.125,0.75],"rotation":0,"texture":"#0","tintindex":0},"west":{"uv":[12.625,1.125,12.75,1.375],"rotation":0,"texture":"#0","tintindex":0}}}],"display":{"head":{"translation":[-117.53264,-68.742966,-113.49168],"rotation":[0.0,0.0,0.0],"scale":[3.8095,3.8095,3.8095]}}}