{"textures":{"0":"modelengine:entity/stingerhead"},"elements":[{"name":"cube","from":[4.609088,10.152369,7.0643835],"to":[8.245953,14.3087845,9.662144],"rotation":{"angle":0.0,"axis":"x","origin":[-1.0652804,24.306538,27.336296]},"faces":{"down":{"uv":[8.5,12.75,8.25,12.875],"rotation":0,"texture":"#0","tintindex":0},"east":{"uv":[12.75,7.375,12.875,7.625],"rotation":0,"texture":"#0","tintindex":0},"north":{"uv":[12.125,1.75,12.375,2.0],"rotation":0,"texture":"#0","tintindex":0},"south":{"uv":[2.375,12.125,2.625,12.375],"rotation":0,"texture":"#0","tintindex":0},"up":{"uv":[13.0,7.875,12.75,7.75],"rotation":0,"texture":"#0","tintindex":0},"west":{"uv":[8.0,12.75,8.125,13.0],"rotation":0,"texture":"#0","tintindex":0}}},{"name":"cube","from":[8.004608,6.156848,7.9057283],"to":[9.563265,9.27416,12.062144],"rotation":{"angle":0.0,"axis":"x","origin":[-1.0652804,24.306538,27.336296]},"faces":{"down":{"uv":[1.0,14.0,0.875,14.25],"rotation":0,"texture":"#0","tintindex":0},"east":{"uv":[2.75,12.125,3.0,12.375],"rotation":0,"texture":"#0","tintindex":0},"north":{"uv":[10.0,13.875,10.125,14.125],"rotation":0,"texture":"#0","tintindex":0},"south":{"uv":[11.25,13.875,11.375,14.125],"rotation":0,"texture":"#0","tintindex":0},"up":{"uv":[0.75,14.25,0.625,14.0],"rotation":0,"texture":"#0","tintindex":0},"west":{"uv":[3.125,12.125,3.375,12.375],"rotation":0,"texture":"#0","tintindex":0}}},{"name":"cube","from":[8.004608,5.117744,6.3470716],"to":[9.043713,8.235056,8.42528],"rotation":{"angle":0.0,"axis":"x","origin":[-1.0652804,24.306538,27.336296]},"faces":{"down":{"uv":[14.375,8.375,14.25,8.5],"rotation":0,"texture":"#0","tintindex":0},"east":{"uv":[12.75,8.625,12.875,8.875],"rotation":0,"texture":"#0","tintindex":0},"north":{"uv":[1.125,14.0,1.25,14.25],"rotation":0,"texture":"#0","tintindex":0},"south":{"uv":[1.375,14.0,1.5,14.25],"rotation":0,"texture":"#0","tintindex":0},"up":{"uv":[8.125,14.375,8.0,14.25],"rotation":0,"texture":"#0","tintindex":0},"west":{"uv":[12.75,9.0,12.875,9.25],"rotation":0,"texture":"#0","tintindex":0}}},{"name":"cube","from":[8.004608,4.5981917,5.7470713],"to":[8.52416,6.156848,6.7861757],"rotation":{"angle":0.0,"axis":"x","origin":[-1.0652804,24.306538,27.336296]},"faces":{"down":{"uv":[3.125,14.625,3.0,14.75],"rotation":0,"texture":"#0","tintindex":0},"east":{"uv":[2.25,14.625,2.375,14.75],"rotation":0,"texture":"#0","tintindex":0},"north":{"uv":[2.0,14.625,2.125,14.75],"rotation":0,"texture":"#0","tintindex":0},"south":{"uv":[2.5,14.625,2.625,14.75],"rotation":0,"texture":"#0","tintindex":0},"up":{"uv":[2.875,14.75,2.75,14.625],"rotation":0,"texture":"#0","tintindex":0},"west":{"uv":[14.625,2.5,14.75,2.625],"rotation":0,"texture":"#0","tintindex":0}}}],"display":{"head":{"translation":[0.0,-6.4,0.0],"rotation":[0.0,0.0,0.0],"scale":[3.8095,3.8095,3.8095]}}}