{"textures":{"0":"modelengine:entity/stingerhead"},"elements":[{"name":"cube","from":[-16.0,-16.0,-16.0],"to":[-12.88269,-11.843586,-13.921791],"rotation":{"angle":0.0,"axis":"x","origin":[-22.354816,-1.0480728,-0.28674316]},"faces":{"down":{"uv":[6.625,12.75,6.375,12.875],"rotation":0,"texture":"#0","tintindex":0},"east":{"uv":[12.75,5.375,12.875,5.625],"rotation":0,"texture":"#0","tintindex":0},"north":{"uv":[10.875,12.0,11.125,12.25],"rotation":0,"texture":"#0","tintindex":0},"south":{"uv":[11.25,12.0,11.5,12.25],"rotation":0,"texture":"#0","tintindex":0},"up":{"uv":[6.25,12.875,6.0,12.75],"rotation":0,"texture":"#0","tintindex":0},"west":{"uv":[12.75,5.75,12.875,6.0],"rotation":0,"texture":"#0","tintindex":0}}}],"display":{"head":{"translation":[-58.14144,-68.742966,-113.49168],"rotation":[0.0,0.0,0.0],"scale":[3.8095,3.8095,3.8095]}}}