{"textures":{"0":"modelengine:entity/stingerhead"},"elements":[{"name":"cube","from":[-16.0,1.2645912,-16.0],"to":[-15.220673,2.3036919,-10.804485],"rotation":{"angle":-45.0,"axis":"x","origin":[-25.05983,1.2959824,9.340256]},"faces":{"down":{"uv":[12.875,13.375,12.75,13.625],"rotation":0,"texture":"#0","tintindex":0},"east":{"uv":[13.375,10.75,13.625,10.875],"rotation":0,"texture":"#0","tintindex":0},"north":{"uv":[14.625,1.0,14.75,1.125],"rotation":0,"texture":"#0","tintindex":0},"south":{"uv":[1.25,14.625,1.375,14.75],"rotation":0,"texture":"#0","tintindex":0},"up":{"uv":[12.625,13.625,12.5,13.375],"rotation":0,"texture":"#0","tintindex":0},"west":{"uv":[13.375,11.0,13.625,11.125],"rotation":0,"texture":"#0","tintindex":0}}},{"name":"cube","from":[-15.262577,-16.0,-12.848972],"to":[-14.48325,-15.168716,-10.043392],"rotation":{"angle":0.0,"axis":"x","origin":[-25.05983,1.2959824,9.340256]},"faces":{"down":{"uv":[14.375,7.875,14.25,8.0],"rotation":0,"texture":"#0","tintindex":0},"east":{"uv":[5.5,14.25,5.625,14.375],"rotation":0,"texture":"#0","tintindex":0},"north":{"uv":[1.5,14.625,1.625,14.75],"rotation":0,"texture":"#0","tintindex":0},"south":{"uv":[1.75,14.625,1.875,14.75],"rotation":0,"texture":"#0","tintindex":0},"up":{"uv":[14.375,7.125,14.25,7.0],"rotation":0,"texture":"#0","tintindex":0},"west":{"uv":[6.625,14.25,6.75,14.375],"rotation":0,"texture":"#0","tintindex":0}}}],"display":{"head":{"translation":[-48.04273,-77.49411,-149.43246],"rotation":[0.0,0.0,0.0],"scale":[3.8095,3.8095,3.8095]}}}