{"textures":{"0":"mineinabyss:mobs/stingerhead"},"elements":[{"from":[13.242058,7.7397714,2.4804568],"to":[13.736869,8.234583,2.9752684],"rotation":{"angle":0.0,"axis":"y","origin":[8.144365,23.936115,24.18448]},"faces":{"east":{"uv":[14.625,13.0,14.75,13.125],"rotation":0,"texture":"#0","tintindex":0},"south":{"uv":[13.25,14.625,13.375,14.75],"rotation":0,"texture":"#0","tintindex":0},"north":{"uv":[13.0,14.625,13.125,14.75],"rotation":0,"texture":"#0","tintindex":0},"west":{"uv":[14.625,13.25,14.75,13.375],"rotation":0,"texture":"#0","tintindex":0},"up":{"uv":[13.625,14.75,13.5,14.625],"rotation":0,"texture":"#0","tintindex":0},"down":{"uv":[14.75,13.875,14.625,14.0],"rotation":0,"texture":"#0","tintindex":0}}},{"from":[2.4743314,7.7397714,2.4804568],"to":[2.969143,8.234583,2.9752684],"rotation":{"angle":0.0,"axis":"y","origin":[8.144365,23.936115,24.18448]},"faces":{"east":{"uv":[5.625,14.625,5.75,14.75],"rotation":0,"texture":"#0","tintindex":0},"south":{"uv":[14.625,5.75,14.75,5.875],"rotation":0,"texture":"#0","tintindex":0},"north":{"uv":[14.625,5.5,14.75,5.625],"rotation":0,"texture":"#0","tintindex":0},"west":{"uv":[5.875,14.625,6.0,14.75],"rotation":0,"texture":"#0","tintindex":0},"up":{"uv":[14.75,6.125,14.625,6.0],"rotation":0,"texture":"#0","tintindex":0},"down":{"uv":[14.75,6.75,14.625,6.875],"rotation":0,"texture":"#0","tintindex":0}}}],"display":{"head":{"translation":[0.0,-6.4,0.0],"scale":[4.0,4.0,4.0]}}}