{"textures":{"0":"modelengine:entity/stingerhead"},"elements":[{"name":"cube","from":[2.1980476,7.72676,2.2044795],"to":[2.7175999,8.246312,2.724032],"rotation":{"angle":0.0,"axis":"x","origin":[8.151584,24.732922,24.993702]},"faces":{"down":{"uv":[14.75,6.75,14.625,6.875],"rotation":0,"texture":"#0","tintindex":0},"east":{"uv":[5.625,14.625,5.75,14.75],"rotation":0,"texture":"#0","tintindex":0},"north":{"uv":[14.625,5.5,14.75,5.625],"rotation":0,"texture":"#0","tintindex":0},"south":{"uv":[14.625,5.75,14.75,5.875],"rotation":0,"texture":"#0","tintindex":0},"up":{"uv":[14.75,6.125,14.625,6.0],"rotation":0,"texture":"#0","tintindex":0},"west":{"uv":[5.875,14.625,6.0,14.75],"rotation":0,"texture":"#0","tintindex":0}}},{"name":"cube","from":[13.50416,7.72676,2.2044795],"to":[14.023712,8.246312,2.724032],"rotation":{"angle":0.0,"axis":"x","origin":[8.151584,24.732922,24.993702]},"faces":{"down":{"uv":[14.75,13.875,14.625,14.0],"rotation":0,"texture":"#0","tintindex":0},"east":{"uv":[14.625,13.0,14.75,13.125],"rotation":0,"texture":"#0","tintindex":0},"north":{"uv":[13.0,14.625,13.125,14.75],"rotation":0,"texture":"#0","tintindex":0},"south":{"uv":[13.25,14.625,13.375,14.75],"rotation":0,"texture":"#0","tintindex":0},"up":{"uv":[13.625,14.75,13.5,14.625],"rotation":0,"texture":"#0","tintindex":0},"west":{"uv":[14.625,13.25,14.75,13.375],"rotation":0,"texture":"#0","tintindex":0}}}],"display":{"head":{"translation":[0.0,-6.4,0.0],"rotation":[0.0,0.0,0.0],"scale":[3.8095,3.8095,3.8095]}}}