{"textures":{"0":"modelengine:entity/stingerhead"},"elements":[{"name":"cube","from":[13.226426,9.0321865,6.9289827],"to":[15.148753,19.475185,9.422846],"rotation":{"angle":-22.5,"axis":"z","origin":[5.4141135,22.079235,2.252342]},"faces":{"down":{"uv":[13.875,4.125,13.75,4.25],"rotation":0,"texture":"#0","tintindex":0},"east":{"uv":[10.375,5.625,10.5,6.25],"rotation":0,"texture":"#0","tintindex":0},"north":{"uv":[10.375,2.75,10.5,3.375],"rotation":0,"texture":"#0","tintindex":0},"south":{"uv":[6.5,10.375,6.625,11.0],"rotation":0,"texture":"#0","tintindex":0},"up":{"uv":[3.875,13.875,3.75,13.75],"rotation":0,"texture":"#0","tintindex":0},"west":{"uv":[6.75,10.375,6.875,11.0],"rotation":0,"texture":"#0","tintindex":0}}}],"display":{"head":{"translation":[0.0,-6.4,0.0],"rotation":[0.0,0.0,0.0],"scale":[3.8095,3.8095,3.8095]}}}