{"textures":{"0":"mineinabyss:entity/mobs/stingerhead"},"elements":[{"from":[0.78902817,9.946744,-4.910617],"to":[3.2630854,16.379293,5.480424],"rotation":{"angle":-22.5,"axis":"x","origin":[8.249966,15.545785,14.928448]},"faces":{"east":{"uv":[3.25,4.5,3.875,4.875],"rotation":0,"texture":"#0","tintindex":0},"south":{"uv":[9.125,11.25,9.25,11.625],"rotation":0,"texture":"#0","tintindex":0},"north":{"uv":[7.125,11.25,7.25,11.625],"rotation":0,"texture":"#0","tintindex":0},"west":{"uv":[4.0,4.5,4.625,4.875],"rotation":0,"texture":"#0","tintindex":0},"up":{"uv":[5.375,10.75,5.25,10.125],"rotation":0,"texture":"#0","tintindex":0},"down":{"uv":[10.25,6.25,10.125,6.875],"rotation":0,"texture":"#0","tintindex":0}}},{"from":[5.2423315,-0.25519848,4.092721],"to":[11.180069,1.7240467,23.88518],"rotation":{"angle":0.0,"axis":"y","origin":[8.249966,15.545785,14.928448]},"faces":{"east":{"uv":[6.375,4.875,7.5,5.0],"rotation":0,"texture":"#0","tintindex":0},"south":{"uv":[11.75,11.0,12.125,11.125],"rotation":0,"texture":"#0","tintindex":0},"north":{"uv":[11.75,10.75,12.125,10.875],"rotation":0,"texture":"#0","tintindex":0},"west":{"uv":[6.5,1.75,7.625,1.875],"rotation":0,"texture":"#0","tintindex":0},"up":{"uv":[2.625,3.375,2.25,2.25],"rotation":0,"texture":"#0","tintindex":0},"down":{"uv":[3.125,1.5,2.75,2.625],"rotation":0,"texture":"#0","tintindex":0}}},{"from":[2.2734628,7.0137386,5.2355785],"to":[14.148937,13.941099,16.12143],"rotation":{"angle":0.0,"axis":"y","origin":[8.249966,15.545785,14.928448]},"faces":{"east":{"uv":[0.625,3.375,1.25,3.75],"rotation":0,"texture":"#0","tintindex":0},"south":{"uv":[1.375,3.5,2.0,3.875],"rotation":0,"texture":"#0","tintindex":0},"north":{"uv":[3.25,2.25,3.875,2.625],"rotation":0,"texture":"#0","tintindex":0},"west":{"uv":[3.625,0.0,4.25,0.375],"rotation":0,"texture":"#0","tintindex":0},"up":{"uv":[2.875,0.625,2.25,0.0],"rotation":0,"texture":"#0","tintindex":0},"down":{"uv":[1.375,2.25,0.75,2.875],"rotation":0,"texture":"#0","tintindex":0}}},{"from":[-0.69540596,5.37607,4.2906413],"to":[1.7786512,9.829372,8.743944],"rotation":{"angle":0.0,"axis":"y","origin":[8.249966,15.545785,14.928448]},"faces":{"east":{"uv":[8.0,4.5,8.25,4.75],"rotation":0,"texture":"#0","tintindex":0},"south":{"uv":[6.625,11.375,6.75,11.625],"rotation":0,"texture":"#0","tintindex":0},"north":{"uv":[9.375,11.25,9.5,11.5],"rotation":0,"texture":"#0","tintindex":0},"west":{"uv":[8.625,2.0,8.875,2.25],"rotation":0,"texture":"#0","tintindex":0},"up":{"uv":[8.75,11.625,8.625,11.375],"rotation":0,"texture":"#0","tintindex":0},"down":{"uv":[0.125,12.5,0.0,12.75],"rotation":0,"texture":"#0","tintindex":0}}},{"from":[1.7786512,11.063842,-5.7600794],"to":[14.643749,17.991201,5.1257725],"rotation":{"angle":-22.5,"axis":"x","origin":[8.249966,15.545785,14.928448]},"faces":{"east":{"uv":[3.625,0.5,4.25,0.875],"rotation":0,"texture":"#0","tintindex":0},"south":{"uv":[2.75,3.125,3.5,3.5],"rotation":0,"texture":"#0","tintindex":0},"north":{"uv":[1.375,3.0,2.125,3.375],"rotation":0,"texture":"#0","tintindex":0},"west":{"uv":[3.625,1.0,4.25,1.375],"rotation":0,"texture":"#0","tintindex":0},"up":{"uv":[1.5,2.125,0.75,1.5],"rotation":0,"texture":"#0","tintindex":0},"down":{"uv":[2.375,1.5,1.625,2.125],"rotation":0,"texture":"#0","tintindex":0}}},{"from":[3.2630854,1.7240467,3.8277612],"to":[13.159315,13.599522,27.57871],"rotation":{"angle":0.0,"axis":"y","origin":[8.249966,15.545785,14.928448]},"faces":{"east":{"uv":[0.0,0.0,1.375,0.625],"rotation":0,"texture":"#0","tintindex":0},"south":{"uv":[1.5,2.25,2.125,2.875],"rotation":0,"texture":"#0","tintindex":0},"north":{"uv":[2.25,0.75,2.875,1.375],"rotation":0,"texture":"#0","tintindex":0},"west":{"uv":[0.0,0.75,1.375,1.375],"rotation":0,"texture":"#0","tintindex":0},"up":{"uv":[0.625,2.875,0.0,1.5],"rotation":0,"texture":"#0","tintindex":0},"down":{"uv":[2.125,0.0,1.5,1.375],"rotation":0,"texture":"#0","tintindex":0}}},{"from":[13.159315,9.946744,-4.910617],"to":[15.633371,16.379293,5.480424],"rotation":{"angle":-22.5,"axis":"x","origin":[8.249966,15.545785,14.928448]},"faces":{"east":{"uv":[0.5,4.5,1.125,4.875],"rotation":0,"texture":"#0","tintindex":0},"south":{"uv":[11.25,6.875,11.375,7.25],"rotation":0,"texture":"#0","tintindex":0},"north":{"uv":[6.875,11.25,7.0,11.625],"rotation":0,"texture":"#0","tintindex":0},"west":{"uv":[4.5,3.0,5.125,3.375],"rotation":0,"texture":"#0","tintindex":0},"up":{"uv":[3.75,10.75,3.625,10.125],"rotation":0,"texture":"#0","tintindex":0},"down":{"uv":[5.125,10.125,5.0,10.75],"rotation":0,"texture":"#0","tintindex":0}}},{"from":[13.159315,4.386447,3.1030984],"to":[16.128183,11.3138075,10.030458],"rotation":{"angle":0.0,"axis":"y","origin":[8.249966,15.545785,14.928448]},"faces":{"east":{"uv":[6.0,2.75,6.375,3.125],"rotation":0,"texture":"#0","tintindex":0},"south":{"uv":[10.25,2.25,10.5,2.625],"rotation":0,"texture":"#0","tintindex":0},"north":{"uv":[1.375,10.25,1.625,10.625],"rotation":0,"texture":"#0","tintindex":0},"west":{"uv":[6.0,3.875,6.375,4.25],"rotation":0,"texture":"#0","tintindex":0},"up":{"uv":[10.5,5.0,10.25,4.625],"rotation":0,"texture":"#0","tintindex":0},"down":{"uv":[10.5,5.125,10.25,5.5],"rotation":0,"texture":"#0","tintindex":0}}},{"from":[14.643749,5.37607,4.2906413],"to":[17.117805,9.829372,8.743944],"rotation":{"angle":0.0,"axis":"y","origin":[8.249966,15.545785,14.928448]},"faces":{"east":{"uv":[2.625,8.875,2.875,9.125],"rotation":0,"texture":"#0","tintindex":0},"south":{"uv":[12.5,5.375,12.625,5.625],"rotation":0,"texture":"#0","tintindex":0},"north":{"uv":[1.375,12.5,1.5,12.75],"rotation":0,"texture":"#0","tintindex":0},"west":{"uv":[9.25,5.375,9.5,5.625],"rotation":0,"texture":"#0","tintindex":0},"up":{"uv":[5.875,12.75,5.75,12.5],"rotation":0,"texture":"#0","tintindex":0},"down":{"uv":[12.625,5.75,12.5,6.0],"rotation":0,"texture":"#0","tintindex":0}}},{"from":[4.2527084,0.22733831,-0.48986244],"to":[12.169691,4.18583,7.4973383],"rotation":{"angle":0.0,"axis":"y","origin":[8.249966,15.545785,14.928448]},"faces":{"east":{"uv":[3.25,9.75,3.75,10.0],"rotation":0,"texture":"#0","tintindex":0},"south":{"uv":[9.75,3.375,10.25,3.625],"rotation":0,"texture":"#0","tintindex":0},"north":{"uv":[9.75,3.0,10.25,3.25],"rotation":0,"texture":"#0","tintindex":0},"west":{"uv":[9.75,3.75,10.25,4.0],"rotation":0,"texture":"#0","tintindex":0},"up":{"uv":[5.375,0.875,4.875,0.375],"rotation":0,"texture":"#0","tintindex":0},"down":{"uv":[5.375,1.75,4.875,2.25],"rotation":0,"texture":"#0","tintindex":0}}},{"from":[6.231954,13.293053,14.866847],"to":[10.190446,14.282676,19.81496],"rotation":{"angle":0.0,"axis":"y","origin":[8.249966,15.545785,14.928448]},"faces":{"east":{"uv":[13.375,13.0,13.625,13.125],"rotation":0,"texture":"#0","tintindex":0},"south":{"uv":[14.0,5.625,14.25,5.75],"rotation":0,"texture":"#0","tintindex":0},"north":{"uv":[5.5,14.0,5.75,14.125],"rotation":0,"texture":"#0","tintindex":0},"west":{"uv":[13.5,0.0,13.75,0.125],"rotation":0,"texture":"#0","tintindex":0},"up":{"uv":[11.5,9.625,11.25,9.375],"rotation":0,"texture":"#0","tintindex":0},"down":{"uv":[11.5,9.75,11.25,10.0],"rotation":0,"texture":"#0","tintindex":0}}},{"from":[3.2630854,-0.60905075,-5.0612907],"to":[13.159315,1.3701954,1.8660693],"rotation":{"angle":0.0,"axis":"y","origin":[8.249966,15.545785,14.928448]},"faces":{"east":{"uv":[6.5,4.125,6.875,4.25],"rotation":0,"texture":"#0","tintindex":0},"south":{"uv":[10.125,9.125,10.75,9.25],"rotation":0,"texture":"#0","tintindex":0},"north":{"uv":[10.125,7.0,10.75,7.125],"rotation":0,"texture":"#0","tintindex":0},"west":{"uv":[11.25,5.875,11.625,6.0],"rotation":0,"texture":"#0","tintindex":0},"up":{"uv":[1.875,5.0,1.25,4.625],"rotation":0,"texture":"#0","tintindex":0},"down":{"uv":[2.625,4.625,2.0,5.0],"rotation":0,"texture":"#0","tintindex":0}}},{"from":[0.2942171,4.386447,3.1030984],"to":[3.2630854,11.3138075,10.030458],"rotation":{"angle":0.0,"axis":"y","origin":[8.249966,15.545785,14.928448]},"faces":{"east":{"uv":[6.0,1.75,6.375,2.125],"rotation":0,