{"textures":{"0":"modelengine:entity/stingerhead"},"elements":[{"name":"cube","from":[-4.3767824,8.684912,7.488896],"to":[4.72577,10.721553,9.244976],"rotation":{"angle":45.0,"axis":"z","origin":[3.9430819,24.229687,20.716015]},"faces":{"down":{"uv":[7.125,12.5,6.625,12.625],"rotation":0,"texture":"#0","tintindex":0},"east":{"uv":[14.5,13.625,14.625,13.75],"rotation":0,"texture":"#0","tintindex":0},"north":{"uv":[10.625,3.125,11.125,3.25],"rotation":0,"texture":"#0","tintindex":0},"south":{"uv":[10.625,5.875,11.125,6.0],"rotation":0,"texture":"#0","tintindex":0},"up":{"uv":[13.0,6.5,12.5,6.375],"rotation":0,"texture":"#0","tintindex":0},"west":{"uv":[13.75,14.5,13.875,14.625],"rotation":0,"texture":"#0","tintindex":0}}}],"display":{"head":{"translation":[0.0,-6.4,0.0],"rotation":[0.0,0.0,0.0],"scale":[3.8095,3.8095,3.8095]}}}