{"textures":{"0":"mineinabyss:mobs/stingerhead"},"elements":[{"from":[-1.3790178,15.218908,6.92544],"to":[-0.033143044,20.820166,8.944274],"rotation":{"angle":45.0,"axis":"z","origin":[12.480434,21.916576,15.019909]},"faces":{"east":{"uv":[11.875,6.75,12.0,7.125],"rotation":0,"texture":"#0","tintindex":0},"south":{"uv":[12.25,13.125,12.375,13.5],"rotation":0,"texture":"#0","tintindex":0},"north":{"uv":[12.0,13.125,12.125,13.5],"rotation":0,"texture":"#0","tintindex":0},"west":{"uv":[10.0,11.875,10.125,12.25],"rotation":0,"texture":"#0","tintindex":0},"up":{"uv":[6.625,14.625,6.5,14.5],"rotation":0,"texture":"#0","tintindex":0},"down":{"uv":[14.625,6.5,14.5,6.625],"rotation":0,"texture":"#0","tintindex":0}}}],"display":{"head":{"translation":[0.0,-6.4,0.0],"scale":[4.0,4.0,4.0]}}}