{"textures":{"0":"mineinabyss:mobs/stingerhead"},"elements":[{"from":[2.6626744,6.7541704,7.98587],"to":[13.548526,11.702285,10.954739],"rotation":{"angle":-45.0,"axis":"x","origin":[8.144365,6.793257,8.18448]},"faces":{"east":{"uv":[11.25,2.5,11.5,2.75],"rotation":0,"texture":"#0","tintindex":0},"south":{"uv":[5.25,3.125,5.875,3.375],"rotation":0,"texture":"#0","tintindex":0},"north":{"uv":[5.25,2.75,5.875,3.0],"rotation":0,"texture":"#0","tintindex":0},"west":{"uv":[11.25,2.875,11.5,3.125],"rotation":0,"texture":"#0","tintindex":0},"up":{"uv":[7.625,4.75,7.0,4.5],"rotation":0,"texture":"#0","tintindex":0},"down":{"uv":[7.625,5.125,7.0,5.375],"rotation":0,"texture":"#0","tintindex":0}}},{"from":[1.1782398,3.97467,5.030858],"to":[3.157486,10.407219,9.484161],"rotation":{"angle":45.0,"axis":"x","origin":[8.144365,6.793257,8.18448]},"faces":{"east":{"uv":[5.0,8.125,5.25,8.5],"rotation":0,"texture":"#0","tintindex":0},"south":{"uv":[11.25,5.125,11.375,5.5],"rotation":0,"texture":"#0","tintindex":0},"north":{"uv":[11.25,4.625,11.375,5.0],"rotation":0,"texture":"#0","tintindex":0},"west":{"uv":[3.625,9.25,3.875,9.625],"rotation":0,"texture":"#0","tintindex":0},"up":{"uv":[9.125,5.125,9.0,4.875],"rotation":0,"texture":"#0","tintindex":0},"down":{"uv":[9.25,3.0,9.125,3.25],"rotation":0,"texture":"#0","tintindex":0}}},{"from":[9.107474,0.19947386,3.0518856],"to":[12.076344,3.1683426,8.0],"rotation":{"angle":0.0,"axis":"y","origin":[7.855634,18.221828,26.470196]},"faces":{"east":{"uv":[1.625,11.25,1.375,11.5],"rotation":0,"texture":"#0","tintindex":0},"south":{"uv":[4.5,12.125,4.25,12.375],"rotation":0,"texture":"#0","tintindex":0},"north":{"uv":[12.375,3.875,12.125,4.125],"rotation":0,"texture":"#0","tintindex":0},"west":{"uv":[11.5,1.0,11.25,1.25],"rotation":0,"texture":"#0","tintindex":0},"up":{"uv":[11.25,1.625,11.5,1.375],"rotation":0,"texture":"#0","tintindex":0},"down":{"uv":[11.25,2.125,11.5,2.375],"rotation":0,"texture":"#0","tintindex":0}}},{"from":[6.126354,4.1274633,3.4321122],"to":[10.579658,5.1170855,5.411358],"rotation":{"angle":22.5,"axis":"x","origin":[8.144365,6.793257,8.18448]},"faces":{"east":{"uv":[14.25,12.625,14.375,12.75],"rotation":0,"texture":"#0","tintindex":0},"south":{"uv":[13.375,12.75,13.625,12.875],"rotation":0,"texture":"#0","tintindex":0},"north":{"uv":[13.375,11.25,13.625,11.375],"rotation":0,"texture":"#0","tintindex":0},"west":{"uv":[14.25,12.875,14.375,13.0],"rotation":0,"texture":"#0","tintindex":0},"up":{"uv":[4.625,1.375,4.375,1.25],"rotation":0,"texture":"#0","tintindex":0},"down":{"uv":[8.5,5.75,8.25,5.875],"rotation":0,"texture":"#0","tintindex":0}}},{"from":[3.157486,5.6066403,3.3156095],"to":[13.053715,8.575509,6.2844777],"rotation":{"angle":22.5,"axis":"x","origin":[8.144365,6.793257,8.18448]},"faces":{"east":{"uv":[12.125,4.25,12.375,4.5],"rotation":0,"texture":"#0","tintindex":0},"south":{"uv":[7.75,4.875,8.375,5.125],"rotation":0,"texture":"#0","tintindex":0},"north":{"uv":[7.75,1.625,8.375,1.875],"rotation":0,"texture":"#0","tintindex":0},"west":{"uv":[4.625,12.125,4.875,12.375],"rotation":0,"texture":"#0","tintindex":0},"up":{"uv":[8.5,2.25,7.875,2.0],"rotation":0,"texture":"#0","tintindex":0},"down":{"uv":[8.5,3.0,7.875,3.25],"rotation":0,"texture":"#0","tintindex":0}}},{"from":[9.335337,4.6176686,3.623314],"to":[12.304206,5.607291,6.097371],"rotation":{"angle":0.0,"axis":"y","origin":[8.144365,6.793257,8.18448]},"faces":{"east":{"uv":[11.5,14.25,11.625,14.375],"rotation":0,"texture":"#0","tintindex":0},"south":{"uv":[5.125,14.0,5.375,14.125],"rotation":0,"texture":"#0","tintindex":0},"north":{"uv":[14.0,0.75,14.25,0.875],"rotation":0,"texture":"#0","tintindex":0},"west":{"uv":[14.25,11.75,14.375,11.875],"rotation":0,"texture":"#0","tintindex":0},"up":{"uv":[11.0,12.875,10.75,12.75],"rotation":0,"texture":"#0","tintindex":0},"down":{"uv":[13.0,11.0,12.75,11.125],"rotation":0,"texture":"#0","tintindex":0}}},{"from":[3.923657,0.19947386,3.0518856],"to":[6.8925257,3.1683426,8.0],"rotation":{"angle":0.0,"axis":"y","origin":[8.144365,18.221828,26.470196]},"faces":{"east":{"uv":[11.25,1.0,11.5,1.25],"rotation":0,"texture":"#0","tintindex":0},"south":{"uv":[4.25,12.125,4.5,12.375],"rotation":0,"texture":"#0","tintindex":0},"north":{"uv":[12.125,3.875,12.375,4.125],"rotation":0,"texture":"#0","tintindex":0},"west":{"uv":[1.375,11.25,1.625,11.5],"rotation":0,"texture":"#0","tintindex":0},"up":{"uv":[11.5,1.625,11.25,1.375],"rotation":0,"texture":"#0","tintindex":0},"down":{"uv":[11.5,2.125,11.25,2.375],"rotation":0,"texture":"#0","tintindex":0}}},{"from":[3.9069943,4.6176686,3.623314],"to":[6.875863,5.607291,6.097371],"rotation":{"angle":0.0,"axis":"y","origin":[8.144365,6.793257,8.18448]},"faces":{"east":{"uv":[12.125,14.25,12.25,14.375],"rotation":0,"texture":"#0","tintindex":0},"south":{"uv":[14.0,5.375,14.25,5.5],"rotation":0,"texture":"#0","tintindex":0},"north":{"uv":[14.0,5.125,14.25,5.25],"rotation":0,"texture":"#0","tintindex":0},"west":{"uv":[14.25,12.375,14.375,12.5],"rotation":0,"texture":"#0","tintindex":0},"up":{"uv":[11.375,12.875,11.125,12.75],"rotation":0,"texture":"#0","tintindex":0},"down":{"uv":[13.0,11.25,12.75,11.375],"rotation":0,"texture":"#0","tintindex":0}}},{"from":[13.053715,3.97467,5.030858],"to":[15.032961,10.407219,9.484161],"rotation":{"angle":45.0,"axis":"x","origin":[8.144365,6.793257,8.18448]},"faces":{"east":{"uv":[7.125,6.25,7.375,6.625],"rotation":0,"texture":"#0","tintindex":0},"south":{"uv":[11.25,4.125,11.375,4.5],"rotation":0,"texture":"#0","tintindex":0},"north":{"uv":[7.25,0.75,7.375,1.125],"rotation":0,"texture":"#0","tintindex":0},"west":{"uv":[1.875,8.125,2.125,8.5],"rotation":0,"texture":"#0","tintindex":0},"up":{"uv":[3.375,6.5,3.25,6.25],"rotation":0,"texture":"#0","tintindex":0},"down":{"uv":[8.75,3.375,8.625,3.625],"rotation":0,"texture":"#0","tintindex":0}}},{"from":[4.1471086,2.9033828,4.1947427],"to":[12.064092,6.861874,12.181943],"rotation":{"angle":0.0,"axis":"y","origin":[8.144365,6.793257,8.18448]},"faces":{"east":{"uv":[7.0,9.625,7.5,9.875],"rotation":0,"texture":"#0","tintindex":0},"south":{"uv":[0.875,9.75,1.375,10.0],"rotation":0,"texture":"#0","tintindex":0},"north":{"uv":[6.375,9.625,6.875,9.875],"rotation":0,"texture":"#0","tintindex":0},"west":{"uv":[2.625,9.75,3.125,10.0],"rotation":0,"texture":"#0","tintindex":0},"up":{"uv":[5.25,4.5,4.75,4.0],"rotation":0,"texture":"#0","tintindex":0},"down":{"uv":[5.25,4.625,4.75,5.125],"rotation":0,"texture":"#0","tintindex":0}}},{"from":[11.361783,2.1700983,6.597235],"to":[14.083246,6.12859,9.071292],"rotation":{"angle":45.0,"axis":"x","origin":[8.144365,6.793257,8.18448]},"faces":{"east":{"uv":[6.75,12.75,6.875,13.0],"rotation":0,"texture":"#0","tintindex":0},"south":{"uv":[7.0,12.75,7.125,13.0],"rotation":0,"texture":"#0","tintindex":0},"north":{"uv":[12.75,6.625,12.875,6.875],"rotation":0,"texture":"#0","tintindex":0},"west":{"uv":[12.75,7.0,12.875,7.25],"rotation":0,"texture":"#0","tintindex":0},"up":{"uv":[4.0,6.0,3.875,5.875],"rotation":0,"texture":"#0","tintindex":0},"down":{"uv":[2.625,6.0,2.5,6.125],"rotation":0,"texture":"#0","tintindex":0}}},{"from":[2.127954,2.1700983,6.597235],"to":[4.849417,6.12859,9.071292],"rotation":{"angle":45.0,"axis":"x","origin":[8.144365,6.793257,8.18448]},"faces":{"east":{"uv":[12.75,2.375,12.875,2.625],"rotation":0,"texture":"#0","tintindex":0},"south":{"uv":[12.75,2.75,12.875,3.0],"rotation":0,"texture":"#0","tintindex":0},"north":{"uv":[0.75,12.75,0.875,13.0],"rotation":0,"texture":"#0","tintindex":0},"west":{"uv":[12.75,5.0,12.875,5.25],"rotation":0,"texture":"#0","tintindex":0},"up":{"uv":[5.125,2.875,5.0,2.75],"rotation":0,"texture":"#0","tintindex":0},"down":{"uv":[4.625,5.0,4.5,5.125],"rotation":0,"texture":"#0","tintindex":0}}}],"display":{"head":{"translation":[0.0,-6.4,0.0],"scale":[4.0,4.0,4.0]}}}