{"textures":{"0":"modelengine:entity/stingerhead"},"elements":[{"name":"cube","from":[0.24358463,7.038823,6.9868765],"to":[8.5564165,8.961176,9.0131235],"rotation":{"angle":0.0,"axis":"x","origin":[14.891672,13.834087,2.1543555]},"faces":{"down":{"uv":[11.625,6.375,11.125,6.5],"rotation":0,"texture":"#0","tintindex":0},"east":{"uv":[13.5,5.5,13.625,5.625],"rotation":0,"texture":"#0","tintindex":0},"north":{"uv":[11.125,3.625,11.625,3.75],"rotation":0,"texture":"#0","tintindex":0},"south":{"uv":[11.125,6.125,11.625,6.25],"rotation":0,"texture":"#0","tintindex":0},"up":{"uv":[6.75,11.25,6.25,11.125],"rotation":0,"texture":"#0","tintindex":0},"west":{"uv":[6.5,13.5,6.625,13.625],"rotation":0,"texture":"#0","tintindex":0}}}],"display":{"head":{"translation":[0.0,-6.4,0.0],"rotation":[0.0,0.0,0.0],"scale":[3.8095,3.8095,3.8095]}}}