{"textures":{"0":"modelengine:entity/stingerhead"},"elements":[{"name":"cube","from":[2.7736273,7.293404,6.9401116],"to":[8.426372,8.706596,9.059888],"rotation":{"angle":0.0,"axis":"x","origin":[15.5539875,19.126028,12.841544]},"faces":{"down":{"uv":[12.25,5.25,11.875,5.375],"rotation":0,"texture":"#0","tintindex":0},"east":{"uv":[6.25,14.5,6.375,14.625],"rotation":0,"texture":"#0","tintindex":0},"north":{"uv":[13.125,8.125,13.5,8.25],"rotation":0,"texture":"#0","tintindex":0},"south":{"uv":[13.125,10.125,13.5,10.25],"rotation":0,"texture":"#0","tintindex":0},"up":{"uv":[12.25,5.125,11.875,5.0],"rotation":0,"texture":"#0","tintindex":0},"west":{"uv":[14.5,6.25,14.625,6.375],"rotation":0,"texture":"#0","tintindex":0}}}],"display":{"head":{"translation":[0.0,-6.4,0.0],"rotation":[0.0,0.0,0.0],"scale":[3.8095,3.8095,3.8095]}}}