{"textures":{"0":"modelengine:entity/stingerhead"},"elements":[{"name":"cube","from":[13.539708,1.1379128,7.293416],"to":[14.952899,6.790633,8.706585],"rotation":{"angle":-22.5,"axis":"z","origin":[21.267635,21.68328,12.831152]},"faces":{"down":{"uv":[14.875,10.125,14.75,10.25],"rotation":0,"texture":"#0","tintindex":0},"east":{"uv":[13.125,10.375,13.25,10.75],"rotation":0,"texture":"#0","tintindex":0},"north":{"uv":[10.25,13.125,10.375,13.5],"rotation":0,"texture":"#0","tintindex":0},"south":{"uv":[10.5,13.125,10.625,13.5],"rotation":0,"texture":"#0","tintindex":0},"up":{"uv":[10.125,14.875,10.0,14.75],"rotation":0,"texture":"#0","tintindex":0},"west":{"uv":[13.125,10.875,13.25,11.25],"rotation":0,"texture":"#0","tintindex":0}}}],"display":{"head":{"translation":[0.0,-6.4,0.0],"rotation":[0.0,0.0,0.0],"scale":[3.8095,3.8095,3.8095]}}}