{"textures":{"0":"modelengine:entity/stingerhead"},"elements":[{"name":"cube","from":[7.6051397,5.526932,7.579172],"to":[8.39486,10.473068,8.420829],"rotation":{"angle":0.0,"axis":"x","origin":[23.517044,25.686787,-2.7294283]},"faces":{"down":{"uv":[14.875,12.125,14.75,12.25],"rotation":0,"texture":"#0","tintindex":0},"east":{"uv":[13.5,11.5,13.625,11.75],"rotation":0,"texture":"#0","tintindex":0},"north":{"uv":[11.25,13.5,11.375,13.75],"rotation":0,"texture":"#0","tintindex":0},"south":{"uv":[13.5,11.875,13.625,12.125],"rotation":0,"texture":"#0","tintindex":0},"up":{"uv":[12.125,14.875,12.0,14.75],"rotation":0,"texture":"#0","tintindex":0},"west":{"uv":[13.0,13.5,13.125,13.75],"rotation":0,"texture":"#0","tintindex":0}}}],"display":{"head":{"translation":[0.0,-6.4,0.0],"rotation":[0.0,0.0,0.0],"scale":[3.8095,3.8095,3.8095]}}}