{"textures":{"0":"modelengine:entity/stingerhead"},"elements":[{"from":[13.089113,0.98551655,7.3270626],"to":[14.43501,6.369082,8.672937],"rotation":{"angle":-22.5,"axis":"z","origin":[21.746872,20.322567,15.075155]},"faces":{"east":{"uv":[0.0,13.25,0.125,13.625],"rotation":0,"texture":"#0","tintindex":0},"south":{"uv":[0.25,13.25,0.375,13.625],"rotation":0,"texture":"#0","tintindex":0},"north":{"uv":[13.125,12.75,13.25,13.125],"rotation":0,"texture":"#0","tintindex":0},"west":{"uv":[1.0,13.25,1.125,13.625],"rotation":0,"texture":"#0","tintindex":0},"up":{"uv":[14.875,10.75,14.75,10.625],"rotation":0,"texture":"#0","tintindex":0},"down":{"uv":[14.875,10.875,14.75,11.0],"rotation":0,"texture":"#0","tintindex":0}}}],"display":{"head":{"translation":[0.0,-6.4,0.0],"scale":[4.0,4.0,4.0]}}}