{"textures":{"0":"modelengine:entity/stingerhead"},"elements":[{"name":"cube","from":[9.720539,4.2186174,7.00196],"to":[14.438075,5.6318097,8.998039],"rotation":{"angle":-22.5,"axis":"z","origin":[16.86865,21.241241,18.390873]},"faces":{"down":{"uv":[4.25,13.625,4.0,13.75],"rotation":0,"texture":"#0","tintindex":0},"east":{"uv":[12.75,14.75,12.875,14.875],"rotation":0,"texture":"#0","tintindex":0},"north":{"uv":[13.5,7.875,13.75,8.0],"rotation":0,"texture":"#0","tintindex":0},"south":{"uv":[3.125,13.625,3.375,13.75],"rotation":0,"texture":"#0","tintindex":0},"up":{"uv":[13.875,4.0,13.625,3.875],"rotation":0,"texture":"#0","tintindex":0},"west":{"uv":[14.75,13.5,14.875,13.625],"rotation":0,"texture":"#0","tintindex":0}}}],"display":{"head":{"translation":[0.0,-6.4,0.0],"rotation":[0.0,0.0,0.0],"scale":[3.8095,3.8095,3.8095]}}}