{"textures":{"0":"mineinabyss:mobs/stingerhead"},"elements":[{"from":[16.247238,0.49141312,7.0494857],"to":[17.593113,4.984305,8.950515],"rotation":{"angle":-45.0,"axis":"z","origin":[17.265135,17.920147,19.875315]},"faces":{"east":{"uv":[9.25,13.625,9.375,13.875],"rotation":0,"texture":"#0","tintindex":0},"south":{"uv":[13.625,9.5,13.75,9.75],"rotation":0,"texture":"#0","tintindex":0},"north":{"uv":[7.375,13.625,7.5,13.875],"rotation":0,"texture":"#0","tintindex":0},"west":{"uv":[13.625,9.875,13.75,10.125],"rotation":0,"texture":"#0","tintindex":0},"up":{"uv":[14.875,14.5,14.75,14.375],"rotation":0,"texture":"#0","tintindex":0},"down":{"uv":[14.875,14.625,14.75,14.75],"rotation":0,"texture":"#0","tintindex":0}}}],"display":{"head":{"translation":[0.0,-6.4,0.0],"scale":[4.0,4.0,4.0]}}}