{"textures":{"0":"mineinabyss:mobs/stingerhead"},"elements":[{"from":[7.549714,5.842617,7.648686],"to":[8.450286,10.157383,8.351315],"rotation":{"angle":0.0,"axis":"y","origin":[21.37431,24.905704,17.771885]},"faces":{"east":{"uv":[6.125,13.625,6.25,13.875],"rotation":0,"texture":"#0","tintindex":0},"south":{"uv":[13.625,6.125,13.75,6.375],"rotation":0,"texture":"#0","tintindex":0},"north":{"uv":[5.875,13.625,6.0,13.875],"rotation":0,"texture":"#0","tintindex":0},"west":{"uv":[6.75,13.625,6.875,13.875],"rotation":0,"texture":"#0","tintindex":0},"up":{"uv":[14.875,14.25,14.75,14.125],"rotation":0,"texture":"#0","tintindex":0},"down":{"uv":[14.375,14.75,14.25,14.875],"rotation":0,"texture":"#0","tintindex":0}}}],"display":{"head":{"translation":[0.0,-6.4,0.0],"scale":[4.0,4.0,4.0]}}}