{"textures":{"0":"modelengine:entity/stingerhead"},"elements":[{"from":[-16.0,0.98550797,-4.6091204],"to":[-11.507107,2.3314052,-3.1840696],"rotation":{"angle":22.5,"axis":"z","origin":[0.030126572,9.078972,-3.244092]},"faces":{"east":{"uv":[14.875,0.5,15.0,0.625],"rotation":0,"texture":"#0","tintindex":0},"south":{"uv":[13.625,12.25,13.875,12.375],"rotation":0,"texture":"#0","tintindex":0},"north":{"uv":[13.625,8.125,13.875,8.25],"rotation":0,"texture":"#0","tintindex":0},"west":{"uv":[0.75,14.875,0.875,15.0],"rotation":0,"texture":"#0","tintindex":0},"up":{"uv":[13.75,13.75,13.5,13.625],"rotation":0,"texture":"#0","tintindex":0},"down":{"uv":[0.25,13.75,0.0,13.875],"rotation":0,"texture":"#0","tintindex":0}}}],"display":{"head":{"translation":[-58.97162,-6.4,0.0],"scale":[4.0,4.0,4.0]}}}