{"textures":{"0":"modelengine:entity/stingerhead"},"elements":[{"name":"cube","from":[7.098787,12.801041,6.44654],"to":[16.907925,15.253313,9.553461],"rotation":{"angle":-22.5,"axis":"z","origin":[-3.0486531,10.519287,6.232844]},"faces":{"down":{"uv":[6.25,9.625,5.75,9.875],"rotation":0,"texture":"#0","tintindex":0},"east":{"uv":[13.125,1.875,13.375,2.0],"rotation":0,"texture":"#0","tintindex":0},"north":{"uv":[10.625,2.625,11.125,2.75],"rotation":0,"texture":"#0","tintindex":0},"south":{"uv":[10.625,2.875,11.125,3.0],"rotation":0,"texture":"#0","tintindex":0},"up":{"uv":[10.125,2.875,9.625,2.625],"rotation":0,"texture":"#0","tintindex":0},"west":{"uv":[13.125,3.625,13.375,3.75],"rotation":0,"texture":"#0","tintindex":0}}}],"display":{"head":{"translation":[0.0,-6.4,0.0],"rotation":[0.0,0.0,0.0],"scale":[3.8095,3.8095,3.8095]}}}