{"textures":{"0":"modelengine:entity/stingerhead"},"elements":[{"name":"cube","from":[7.4752517,6.098444,7.6830673],"to":[8.524747,9.901556,8.316932],"rotation":{"angle":0.0,"axis":"x","origin":[23.611748,26.426395,3.8169312]},"faces":{"down":{"uv":[15.0,2.5,14.875,2.625],"rotation":0,"texture":"#0","tintindex":0},"east":{"uv":[9.0,14.125,9.125,14.375],"rotation":0,"texture":"#0","tintindex":0},"north":{"uv":[8.75,14.125,8.875,14.375],"rotation":0,"texture":"#0","tintindex":0},"south":{"uv":[14.125,9.375,14.25,9.625],"rotation":0,"texture":"#0","tintindex":0},"up":{"uv":[2.625,15.0,2.5,14.875],"rotation":0,"texture":"#0","tintindex":0},"west":{"uv":[14.125,9.75,14.25,10.0],"rotation":0,"texture":"#0","tintindex":0}}}],"display":{"head":{"translation":[0.0,-6.4,0.0],"rotation":[0.0,0.0,0.0],"scale":[3.8095,3.8095,3.8095]}}}