{"textures":{"0":"modelengine:entity/stingerhead"},"elements":[{"name":"cube","from":[9.974785,11.662925,6.5551395],"to":[18.287617,13.741132,9.44486],"rotation":{"angle":-22.5,"axis":"z","origin":[1.646256,13.697211,10.898924]},"faces":{"down":{"uv":[11.625,8.25,11.125,8.375],"rotation":0,"texture":"#0","tintindex":0},"east":{"uv":[13.75,2.5,13.875,2.625],"rotation":0,"texture":"#0","tintindex":0},"north":{"uv":[11.125,7.75,11.625,7.875],"rotation":0,"texture":"#0","tintindex":0},"south":{"uv":[11.125,8.0,11.625,8.125],"rotation":0,"texture":"#0","tintindex":0},"up":{"uv":[8.75,11.25,8.25,11.125],"rotation":0,"texture":"#0","tintindex":0},"west":{"uv":[2.625,13.75,2.75,13.875],"rotation":0,"texture":"#0","tintindex":0}}}],"display":{"head":{"translation":[0.0,-6.4,0.0],"rotation":[0.0,0.0,0.0],"scale":[3.8095,3.8095,3.8095]}}}