{"textures":{"0":"modelengine:entity/stingerhead"},"elements":[{"name":"cube","from":[15.008431,6.5303783,29.880222],"to":[22.73936,7.94357,32.0],"rotation":{"angle":22.5,"axis":"z","origin":[15.7762165,21.895947,20.247051]},"faces":{"down":{"uv":[12.125,10.25,11.75,10.375],"rotation":0,"texture":"#0","tintindex":0},"east":{"uv":[12.25,14.5,12.375,14.625],"rotation":0,"texture":"#0","tintindex":0},"north":{"uv":[13.125,3.875,13.5,4.0],"rotation":0,"texture":"#0","tintindex":0},"south":{"uv":[13.125,4.5,13.5,4.625],"rotation":0,"texture":"#0","tintindex":0},"up":{"uv":[12.125,10.125,11.75,10.0],"rotation":0,"texture":"#0","tintindex":0},"west":{"uv":[14.5,12.25,14.625,12.375],"rotation":0,"texture":"#0","tintindex":0}}}],"display":{"head":{"translation":[0.0,-6.4,49.24279],"rotation":[0.0,0.0,0.0],"scale":[3.8095,3.8095,3.8095]}}}