{"textures":{"0":"modelengine:entity/stingerhead"},"elements":[{"name":"cube","from":[8.173628,7.293404,6.9401116],"to":[13.826373,8.706596,9.059888],"rotation":{"angle":0.0,"axis":"x","origin":[0.9056597,19.126028,12.841544]},"faces":{"down":{"uv":[12.375,1.0,12.0,1.125],"rotation":0,"texture":"#0","tintindex":0},"east":{"uv":[14.5,10.875,14.625,11.0],"rotation":0,"texture":"#0","tintindex":0},"north":{"uv":[13.25,4.125,13.625,4.25],"rotation":0,"texture":"#0","tintindex":0},"south":{"uv":[4.375,13.25,4.75,13.375],"rotation":0,"texture":"#0","tintindex":0},"up":{"uv":[0.625,12.125,0.25,12.0],"rotation":0,"texture":"#0","tintindex":0},"west":{"uv":[11.0,14.5,11.125,14.625],"rotation":0,"texture":"#0","tintindex":0}}}],"display":{"head":{"translation":[0.0,-6.4,0.0],"rotation":[0.0,0.0,0.0],"scale":[3.8095,3.8095,3.8095]}}}