{"textures":{"0":"modelengine:entity/stingerhead"},"elements":[{"name":"cube","from":[0.71740437,1.4338033,7.475252],"to":[2.1305962,6.1513157,8.524748],"rotation":{"angle":22.5,"axis":"z","origin":[-5.8641157,22.42617,20.390636]},"faces":{"down":{"uv":[15.0,11.375,14.875,11.5],"rotation":0,"texture":"#0","tintindex":0},"east":{"uv":[13.875,6.0,14.0,6.25],"rotation":0,"texture":"#0","tintindex":0},"north":{"uv":[13.875,4.75,14.0,5.0],"rotation":0,"texture":"#0","tintindex":0},"south":{"uv":[13.875,6.375,14.0,6.625],"rotation":0,"texture":"#0","tintindex":0},"up":{"uv":[15.0,11.25,14.875,11.125],"rotation":0,"texture":"#0","tintindex":0},"west":{"uv":[8.125,13.875,8.25,14.125],"rotation":0,"texture":"#0","tintindex":0}}}],"display":{"head":{"translation":[0.0,-6.4,0.0],"rotation":[0.0,0.0,0.0],"scale":[3.8095,3.8095,3.8095]}}}