{"textures":{"0":"modelengine:entity/stingerhead"},"elements":[{"name":"cube","from":[15.008431,6.5303783,29.880222],"to":[22.73936,7.94357,32.0],"rotation":{"angle":22.5,"axis":"z","origin":[15.7762165,21.895947,23.000668]},"faces":{"down":{"uv":[12.125,10.5,11.75,10.625],"rotation":0,"texture":"#0","tintindex":0},"east":{"uv":[12.5,14.5,12.625,14.625],"rotation":0,"texture":"#0","tintindex":0},"north":{"uv":[13.125,6.125,13.5,6.25],"rotation":0,"texture":"#0","tintindex":0},"south":{"uv":[13.125,6.375,13.5,6.5],"rotation":0,"texture":"#0","tintindex":0},"up":{"uv":[10.875,11.875,10.5,11.75],"rotation":0,"texture":"#0","tintindex":0},"west":{"uv":[14.5,12.5,14.625,12.625],"rotation":0,"texture":"#0","tintindex":0}}}],"display":{"head":{"translation":[0.0,-6.4,29.342535],"rotation":[0.0,0.0,0.0],"scale":[3.8095,3.8095,3.8095]}}}