{"textures":{"0":"modelengine:entity/stingerhead"},"elements":[{"from":[6.0908113,1.0366626,-4.6091204],"to":[10.583703,2.3825598,-3.1840696],"rotation":{"angle":-22.5,"axis":"z","origin":[-5.5699205,9.078972,-3.244092]},"faces":{"east":{"uv":[14.875,12.875,15.0,13.0],"rotation":0,"texture":"#0","tintindex":0},"south":{"uv":[13.875,3.375,14.125,3.5],"rotation":0,"texture":"#0","tintindex":0},"north":{"uv":[13.875,0.0,14.125,0.125],"rotation":0,"texture":"#0","tintindex":0},"west":{"uv":[13.0,14.875,13.125,15.0],"rotation":0,"texture":"#0","tintindex":0},"up":{"uv":[14.125,8.0,13.875,7.875],"rotation":0,"texture":"#0","tintindex":0},"down":{"uv":[8.625,13.875,8.375,14.0],"rotation":0,"texture":"#0","tintindex":0}}}],"display":{"head":{"translation":[0.0,-6.4,0.0],"scale":[4.0,4.0,4.0]}}}