{"textures":{"0":"mineinabyss:mobs/stingerhead"},"elements":[{"from":[11.448042,18.190554,7.3270626],"to":[16.831585,19.536427,8.672937],"rotation":{"angle":-45.0,"axis":"z","origin":[-4.231159,18.320747,-2.1937609]},"faces":{"east":{"uv":[5.75,14.875,5.875,15.0],"rotation":0,"texture":"#0","tintindex":0},"south":{"uv":[13.0,13.25,13.375,13.375],"rotation":0,"texture":"#0","tintindex":0},"north":{"uv":[13.25,12.5,13.625,12.625],"rotation":0,"texture":"#0","tintindex":0},"west":{"uv":[14.875,5.75,15.0,5.875],"rotation":0,"texture":"#0","tintindex":0},"up":{"uv":[13.75,3.25,13.375,3.125],"rotation":0,"texture":"#0","tintindex":0},"down":{"uv":[13.75,3.375,13.375,3.5],"rotation":0,"texture":"#0","tintindex":0}}}],"display":{"head":{"translation":[0.0,-6.4,0.0],"scale":[4.0,4.0,4.0]}}}