{"textures":{"0":"mineinabyss:entity/mobs/stingerhead"},"elements":[{"from":[7.50024,6.1889944,7.648686],"to":[8.49976,9.811006,8.351315],"rotation":{"angle":0.0,"axis":"y","origin":[-6.2166758,25.54895,19.800617]},"faces":{"east":{"uv":[14.125,11.125,14.25,11.375],"rotation":0,"texture":"#0","tintindex":0},"south":{"uv":[12.5,14.125,12.625,14.375],"rotation":0,"texture":"#0","tintindex":0},"north":{"uv":[11.0,14.125,11.125,14.375],"rotation":0,"texture":"#0","tintindex":0},"west":{"uv":[12.75,14.125,12.875,14.375],"rotation":0,"texture":"#0","tintindex":0},"up":{"uv":[11.875,15.0,11.75,14.875],"rotation":0,"texture":"#0","tintindex":0},"down":{"uv":[15.0,11.875,14.875,12.0],"rotation":0,"texture":"#0","tintindex":0}}}],"display":{"head":{"translation":[0.0,-6.4,0.0],"scale":[4.0,4.0,4.0]}}}
