{"textures":{"0":"modelengine:entity/stingerhead"},"elements":[{"name":"cube","from":[3.7109718,0.01931572,5.4206],"to":[8.330828,4.639171,10.040457],"rotation":{"angle":-22.5,"axis":"x","origin":[2.6918838,10.003675,-7.096121]},"faces":{"down":{"uv":[10.625,9.375,10.375,9.625],"rotation":0,"texture":"#0","tintindex":0},"east":{"uv":[10.375,3.5,10.625,3.75],"rotation":0,"texture":"#0","tintindex":0},"north":{"uv":[10.25,8.75,10.5,9.0],"rotation":0,"texture":"#0","tintindex":0},"south":{"uv":[10.375,6.375,10.625,6.625],"rotation":0,"texture":"#0","tintindex":0},"up":{"uv":[9.0,10.625,8.75,10.375],"rotation":0,"texture":"#0","tintindex":0},"west":{"uv":[7.0,10.375,7.25,10.625],"rotation":0,"texture":"#0","tintindex":0}}}],"display":{"head":{"translation":[0.0,-6.4,0.0],"rotation":[0.0,0.0,0.0],"scale":[3.8095,3.8095,3.8095]}}}