{"textures":{"0":"mineinabyss:entity/mobs/stingerhead"},"elements":[{"from":[6.0207543,6.096333,7.6427493],"to":[7.010377,7.085956,9.621995],"rotation":{"angle":22.5,"axis":"x","origin":[8.038766,12.34231,11.895071]},"faces":{"east":{"uv":[14.375,0.5,14.5,0.625],"rotation":0,"texture":"#0","tintindex":0},"south":{"uv":[5.0,14.75,5.125,14.875],"rotation":0,"texture":"#0","tintindex":0},"north":{"uv":[4.75,14.75,4.875,14.875],"rotation":0,"texture":"#0","tintindex":0},"west":{"uv":[0.625,14.375,0.75,14.5],"rotation":0,"texture":"#0","tintindex":0},"up":{"uv":[14.5,0.875,14.375,0.75],"rotation":0,"texture":"#0","tintindex":0},"down":{"uv":[1.0,14.375,0.875,14.5],"rotation":0,"texture":"#0","tintindex":0}}},{"from":[8.989623,6.096333,7.6427493],"to":[9.979246,7.085956,9.621995],"rotation":{"angle":22.5,"axis":"x","origin":[8.038766,12.34231,11.895071]},"faces":{"east":{"uv":[14.25,13.625,14.375,13.75],"rotation":0,"texture":"#0","tintindex":0},"south":{"uv":[4.5,14.75,4.625,14.875],"rotation":0,"texture":"#0","tintindex":0},"north":{"uv":[14.75,4.0,14.875,4.125],"rotation":0,"texture":"#0","tintindex":0},"west":{"uv":[14.0,14.25,14.125,14.375],"rotation":0,"texture":"#0","tintindex":0},"up":{"uv":[14.375,14.375,14.25,14.25],"rotation":0,"texture":"#0","tintindex":0},"down":{"uv":[14.5,0.25,14.375,0.375],"rotation":0,"texture":"#0","tintindex":0}}},{"from":[5.306651,7.2276816,5.703231],"to":[6.741623,8.217304,10.651345],"rotation":{"angle":0.0,"axis":"y","origin":[8.038766,12.34231,11.895071]},"faces":{"east":{"uv":[1.75,13.375,2.0,13.5],"rotation":0,"texture":"#0","tintindex":0},"south":{"uv":[14.625,0.0,14.75,0.125],"rotation":0,"texture":"#0","tintindex":0},"north":{"uv":[0.0,14.625,0.125,14.75],"rotation":0,"texture":"#0","tintindex":0},"west":{"uv":[6.75,13.375,7.0,13.5],"rotation":0,"texture":"#0","tintindex":0},"up":{"uv":[0.625,13.625,0.5,13.375],"rotation":0,"texture":"#0","tintindex":0},"down":{"uv":[7.25,13.375,7.125,13.625],"rotation":0,"texture":"#0","tintindex":0}}},{"from":[9.258377,7.2276816,5.703231],"to":[10.693349,8.217304,10.651345],"rotation":{"angle":0.0,"axis":"y","origin":[8.038766,12.34231,11.895071]},"faces":{"east":{"uv":[13.375,8.625,13.625,8.75],"rotation":0,"texture":"#0","tintindex":0},"south":{"uv":[1.0,14.625,1.125,14.75],"rotation":0,"texture":"#0","tintindex":0},"north":{"uv":[14.625,0.75,14.75,0.875],"rotation":0,"texture":"#0","tintindex":0},"west":{"uv":[13.375,8.875,13.625,9.0],"rotation":0,"texture":"#0","tintindex":0},"up":{"uv":[13.5,9.875,13.375,9.625],"rotation":0,"texture":"#0","tintindex":0},"down":{"uv":[13.5,10.375,13.375,10.625],"rotation":0,"texture":"#0","tintindex":0}}}],"display":{"head":{"translation":[0.0,-6.4,0.0],"scale":[4.0,4.0,4.0]}}}
