{"textures":{"0":"mineinabyss:mobs/stingerhead"},"elements":[{"from":[6.793618,3.062355,1.076014],"to":[9.762487,6.031224,5.034506],"rotation":{"angle":0.0,"axis":"y","origin":[15.167562,9.244206,7.9228945]},"faces":{"east":{"uv":[8.5,12.0,8.75,12.25],"rotation":0,"texture":"#0","tintindex":0},"south":{"uv":[12.0,9.125,12.25,9.375],"rotation":0,"texture":"#0","tintindex":0},"north":{"uv":[8.125,12.0,8.375,12.25],"rotation":0,"texture":"#0","tintindex":0},"west":{"uv":[9.375,12.0,9.625,12.25],"rotation":0,"texture":"#0","tintindex":0},"up":{"uv":[12.25,9.75,12.0,9.5],"rotation":0,"texture":"#0","tintindex":0},"down":{"uv":[10.75,12.0,10.5,12.25],"rotation":0,"texture":"#0","tintindex":0}}},{"from":[8.124818,5.201098,2.218871],"to":[10.905344,5.6959095,2.7136827],"rotation":{"angle":0.0,"axis":"y","origin":[15.167562,20.67278,26.208609]},"faces":{"east":{"uv":[7.25,14.625,7.375,14.75],"rotation":0,"texture":"#0","tintindex":0},"south":{"uv":[9.75,14.25,9.875,14.375],"rotation":0,"texture":"#0","tintindex":0},"north":{"uv":[9.5,14.25,9.625,14.375],"rotation":0,"texture":"#0","tintindex":0},"west":{"uv":[14.625,7.25,14.75,7.375],"rotation":0,"texture":"#0","tintindex":0},"up":{"uv":[10.125,14.375,10.0,14.25],"rotation":0,"texture":"#0","tintindex":0},"down":{"uv":[14.375,10.125,14.25,10.25],"rotation":0,"texture":"#0","tintindex":0}}},{"from":[9.497527,4.476435,3.3617287],"to":[10.48715,4.9712467,3.8565397],"rotation":{"angle":0.0,"axis":"y","origin":[15.167562,20.67278,26.208609]},"faces":{"east":{"uv":[8.25,14.625,8.375,14.75],"rotation":0,"texture":"#0","tintindex":0},"south":{"uv":[8.5,14.625,8.625,14.75],"rotation":0,"texture":"#0","tintindex":0},"north":{"uv":[14.625,8.0,14.75,8.125],"rotation":0,"texture":"#0","tintindex":0},"west":{"uv":[14.625,9.125,14.75,9.25],"rotation":0,"texture":"#0","tintindex":0},"up":{"uv":[9.375,14.75,9.25,14.625],"rotation":0,"texture":"#0","tintindex":0},"down":{"uv":[14.75,9.375,14.625,9.5],"rotation":0,"texture":"#0","tintindex":0}}},{"from":[9.497527,3.9050064,1.6474428],"to":[10.48715,4.399818,2.1422544],"rotation":{"angle":0.0,"axis":"y","origin":[15.167562,9.244206,7.9228945]},"faces":{"east":{"uv":[14.75,2.75,14.875,2.875],"rotation":0,"texture":"#0","tintindex":0},"south":{"uv":[14.75,3.0,14.875,3.125],"rotation":0,"texture":"#0","tintindex":0},"north":{"uv":[14.75,2.25,14.875,2.375],"rotation":0,"texture":"#0","tintindex":0},"west":{"uv":[14.75,3.25,14.875,3.375],"rotation":0,"texture":"#0","tintindex":0},"up":{"uv":[14.875,3.625,14.75,3.5],"rotation":0,"texture":"#0","tintindex":0},"down":{"uv":[14.875,3.75,14.75,3.875],"rotation":0,"texture":"#0","tintindex":0}}},{"from":[7.4416637,-5.2924566,21.286438],"to":[8.431287,-1.3339653,22.27606],"rotation":{"angle":45.0,"axis":"x","origin":[15.167562,20.67278,26.208609]},"faces":{"east":{"uv":[14.0,4.0,14.125,4.25],"rotation":0,"texture":"#0","tintindex":0},"south":{"uv":[4.25,14.0,4.375,14.25],"rotation":0,"texture":"#0","tintindex":0},"north":{"uv":[14.0,3.625,14.125,3.875],"rotation":0,"texture":"#0","tintindex":0},"west":{"uv":[4.5,14.0,4.625,14.25],"rotation":0,"texture":"#0","tintindex":0},"up":{"uv":[14.75,5.125,14.625,5.0],"rotation":0,"texture":"#0","tintindex":0},"down":{"uv":[14.75,5.25,14.625,5.375],"rotation":0,"texture":"#0","tintindex":0}}}],"display":{"head":{"translation":[0.0,-6.4,0.0],"scale":[4.0,4.0,4.0]}}}