{"textures":{"0":"modelengine:entity/stingerhead"},"elements":[{"from":[5.5128503,5.047864,3.3617287],"to":[6.502473,5.542675,3.8565397],"rotation":{"angle":0.0,"axis":"y","origin":[0.9099703,21.244207,26.208609]},"faces":{"east":{"uv":[10.75,14.625,10.875,14.75],"rotation":0,"texture":"#0","tintindex":0},"south":{"uv":[14.625,11.125,14.75,11.25],"rotation":0,"texture":"#0","tintindex":0},"north":{"uv":[10.5,14.625,10.625,14.75],"rotation":0,"texture":"#0","tintindex":0},"west":{"uv":[14.625,11.375,14.75,11.5],"rotation":0,"texture":"#0","tintindex":0},"up":{"uv":[11.875,14.75,11.75,14.625],"rotation":0,"texture":"#0","tintindex":0},"down":{"uv":[14.75,11.875,14.625,12.0],"rotation":0,"texture":"#0","tintindex":0}}},{"from":[5.094656,5.7725267,2.218871],"to":[7.8751817,6.267338,2.7136827],"rotation":{"angle":0.0,"axis":"y","origin":[0.9099703,21.244207,26.208609]},"faces":{"east":{"uv":[14.625,9.625,14.75,9.75],"rotation":0,"texture":"#0","tintindex":0},"south":{"uv":[14.25,10.375,14.375,10.5],"rotation":0,"texture":"#0","tintindex":0},"north":{"uv":[10.25,14.25,10.375,14.375],"rotation":0,"texture":"#0","tintindex":0},"west":{"uv":[14.625,9.875,14.75,10.0],"rotation":0,"texture":"#0","tintindex":0},"up":{"uv":[14.375,10.75,14.25,10.625],"rotation":0,"texture":"#0","tintindex":0},"down":{"uv":[11.375,14.25,11.25,14.375],"rotation":0,"texture":"#0","tintindex":0}}},{"from":[7.568713,4.8615737,7.849455],"to":[8.558336,8.8200655,8.839078],"rotation":{"angle":45.0,"axis":"x","origin":[0.9099703,9.815636,7.9228945]},"faces":{"east":{"uv":[1.875,14.0,2.0,14.25],"rotation":0,"texture":"#0","tintindex":0},"south":{"uv":[2.125,14.0,2.25,14.25],"rotation":0,"texture":"#0","tintindex":0},"north":{"uv":[1.625,14.0,1.75,14.25],"rotation":0,"texture":"#0","tintindex":0},"west":{"uv":[14.0,2.25,14.125,2.5],"rotation":0,"texture":"#0","tintindex":0},"up":{"uv":[3.375,14.75,3.25,14.625],"rotation":0,"texture":"#0","tintindex":0},"down":{"uv":[3.625,14.625,3.5,14.75],"rotation":0,"texture":"#0","tintindex":0}}},{"from":[5.5128503,4.476435,1.6474428],"to":[6.502473,4.9712467,2.1422544],"rotation":{"angle":0.0,"axis":"y","origin":[0.9099703,9.815636,7.9228945]},"faces":{"east":{"uv":[0.25,14.75,0.375,14.875],"rotation":0,"texture":"#0","tintindex":0},"south":{"uv":[14.75,1.25,14.875,1.375],"rotation":0,"texture":"#0","tintindex":0},"north":{"uv":[14.5,14.625,14.625,14.75],"rotation":0,"texture":"#0","tintindex":0},"west":{"uv":[14.75,1.5,14.875,1.625],"rotation":0,"texture":"#0","tintindex":0},"up":{"uv":[14.875,1.875,14.75,1.75],"rotation":0,"texture":"#0","tintindex":0},"down":{"uv":[14.875,2.0,14.75,2.125],"rotation":0,"texture":"#0","tintindex":0}}},{"from":[6.237513,3.6337838,1.076014],"to":[9.206382,6.6026525,5.034506],"rotation":{"angle":0.0,"axis":"y","origin":[0.9099703,9.815636,7.9228945]},"faces":{"east":{"uv":[12.0,11.625,12.25,11.875],"rotation":0,"texture":"#0","tintindex":0},"south":{"uv":[12.0,12.0,12.25,12.25],"rotation":0,"texture":"#0","tintindex":0},"north":{"uv":[12.0,11.25,12.25,11.5],"rotation":0,"texture":"#0","tintindex":0},"west":{"uv":[12.125,0.0,12.375,0.25],"rotation":0,"texture":"#0","tintindex":0},"up":{"uv":[12.375,0.625,12.125,0.375],"rotation":0,"texture":"#0","tintindex":0},"down":{"uv":[1.25,12.125,1.0,12.375],"rotation":0,"texture":"#0","tintindex":0}}}],"display":{"head":{"translation":[0.0,-6.4,0.0],"scale":[4.0,4.0,4.0]}}}