{"textures":{"0":"modelengine:entity/stingerhead"},"elements":[{"from":[-15.432297,28.104847,4.957919],"to":[-11.537121,32.0,5.686286],"rotation":{"angle":0.0,"axis":"y","origin":[-1.9886627,-4.293827,8.629622]},"faces":{"east":{"uv":[14.0,12.375,14.125,12.625],"rotation":0,"texture":"#0","tintindex":0},"south":{"uv":[1.0,12.5,1.25,12.75],"rotation":0,"texture":"#0","tintindex":0},"north":{"uv":[12.5,0.75,12.75,1.0],"rotation":0,"texture":"#0","tintindex":0},"west":{"uv":[14.0,12.75,14.125,13.0],"rotation":0,"texture":"#0","tintindex":0},"up":{"uv":[14.25,13.25,14.0,13.125],"rotation":0,"texture":"#0","tintindex":0},"down":{"uv":[14.25,13.375,14.0,13.5],"rotation":0,"texture":"#0","tintindex":0}}},{"from":[-13.762606,22.541374,-1.7200699],"to":[-13.206812,23.097145,0.25917625],"rotation":{"angle":0.0,"axis":"y","origin":[-1.9886627,-4.293827,8.629622]},"faces":{"east":{"uv":[13.5,14.375,13.625,14.5],"rotation":0,"texture":"#0","tintindex":0},"south":{"uv":[14.75,7.75,14.875,7.875],"rotation":0,"texture":"#0","tintindex":0},"north":{"uv":[7.75,14.75,7.875,14.875],"rotation":0,"texture":"#0","tintindex":0},"west":{"uv":[14.375,13.875,14.5,14.0],"rotation":0,"texture":"#0","tintindex":0},"up":{"uv":[0.375,14.625,0.25,14.5],"rotation":0,"texture":"#0","tintindex":0},"down":{"uv":[14.625,1.25,14.5,1.375],"rotation":0,"texture":"#0","tintindex":0}}},{"from":[-16.0,20.095682,-7.465967],"to":[-10.125599,25.970083,-1.2946758],"rotation":{"angle":22.5,"axis":"x","origin":[-1.9886627,-4.293827,8.629622]},"faces":{"east":{"uv":[9.125,5.75,9.5,6.125],"rotation":0,"texture":"#0","tintindex":0},"south":{"uv":[6.125,9.125,6.5,9.5],"rotation":0,"texture":"#0","tintindex":0},"north":{"uv":[5.625,9.125,6.0,9.5],"rotation":0,"texture":"#0","tintindex":0},"west":{"uv":[6.625,9.125,7.0,9.5],"rotation":0,"texture":"#0","tintindex":0},"up":{"uv":[7.5,9.5,7.125,9.125],"rotation":0,"texture":"#0","tintindex":0},"down":{"uv":[8.0,9.125,7.625,9.5],"rotation":0,"texture":"#0","tintindex":0}}},{"from":[-15.24704,10.045419,-16.0],"to":[-11.722378,14.744963,-12.475361],"rotation":{"angle":45.0,"axis":"x","origin":[-1.9886627,-4.293827,8.629622]},"faces":{"east":{"uv":[11.75,6.0,12.0,6.25],"rotation":0,"texture":"#0","tintindex":0},"south":{"uv":[6.25,11.75,6.5,12.0],"rotation":0,"texture":"#0","tintindex":0},"north":{"uv":[5.875,11.75,6.125,12.0],"rotation":0,"texture":"#0","tintindex":0},"west":{"uv":[11.75,6.375,12.0,6.625],"rotation":0,"texture":"#0","tintindex":0},"up":{"uv":[2.625,12.75,2.375,12.5],"rotation":0,"texture":"#0","tintindex":0},"down":{"uv":[3.0,12.5,2.75,12.75],"rotation":0,"texture":"#0","tintindex":0}}},{"from":[-14.937485,27.220184,5.921303],"to":[-12.031931,30.125717,8.134103],"rotation":{"angle":0.0,"axis":"y","origin":[-1.9886627,-4.293827,8.629622]},"faces":{"east":{"uv":[13.0,2.375,13.125,2.625],"rotation":0,"texture":"#0","tintindex":0},"south":{"uv":[12.5,2.0,12.75,2.25],"rotation":0,"texture":"#0","tintindex":0},"north":{"uv":[12.5,1.625,12.75,1.875],"rotation":0,"texture":"#0","tintindex":0},"west":{"uv":[13.0,2.75,13.125,3.0],"rotation":0,"texture":"#0","tintindex":0},"up":{"uv":[13.25,5.0,13.0,4.875],"rotation":0,"texture":"#0","tintindex":0},"down":{"uv":[13.25,5.125,13.0,5.25],"rotation":0,"texture":"#0","tintindex":0}}},{"from":[-14.752228,22.673008,10.787359],"to":[-12.21719,24.218403,13.261417],"rotation":{"angle":-22.5,"axis":"x","origin":[-1.9886627,-4.293827,8.629622]},"faces":{"east":{"uv":[14.375,13.125,14.5,13.25],"rotation":0,"texture":"#0","tintindex":0},"south":{"uv":[13.25,14.375,13.375,14.5],"rotation":0,"texture":"#0","tintindex":0},"north":{"uv":[13.0,14.375,13.125,14.5],"rotation":0,"texture":"#0","tintindex":0},"west":{"uv":[14.375,13.375,14.5,13.5],"rotation":0,"texture":"#0","tintindex":0},"up":{"uv":[13.625,0.875,13.5,0.75],"rotation":0,"texture":"#0","tintindex":0},"down":{"uv":[1.375,13.5,1.25,13.625],"rotation":0,"texture":"#0","tintindex":0}}}],"display":{"head":{"translation":[-5.1821747,47.091194,-47.494858],"scale":[4.0,4.0,4.0]}}}