{"textures":{"0":"modelengine:entity/stingerhead"},"elements":[{"from":[-14.960897,28.294128,-10.4750595],"to":[-12.927008,30.328001,-8.9261],"rotation":{"angle":45.0,"axis":"x","origin":[-9.025681,-1.2403345,-0.70100975]},"faces":{"east":{"uv":[6.0,13.0,6.125,13.25],"rotation":0,"texture":"#0","tintindex":0},"south":{"uv":[12.5,4.625,12.75,4.875],"rotation":0,"texture":"#0","tintindex":0},"north":{"uv":[4.625,12.5,4.875,12.75],"rotation":0,"texture":"#0","tintindex":0},"west":{"uv":[6.25,13.0,6.375,13.25],"rotation":0,"texture":"#0","tintindex":0},"up":{"uv":[13.25,6.75,13.0,6.625],"rotation":0,"texture":"#0","tintindex":0},"down":{"uv":[13.25,6.875,13.0,7.0],"rotation":0,"texture":"#0","tintindex":0}}},{"from":[-16.0,15.405121,19.964413],"to":[-11.887905,19.72501,24.076494],"rotation":{"angle":-22.5,"axis":"x","origin":[-9.025681,-1.2403345,-0.70100975]},"faces":{"east":{"uv":[9.25,6.25,9.625,6.625],"rotation":0,"texture":"#0","tintindex":0},"south":{"uv":[9.25,6.75,9.625,7.125],"rotation":0,"texture":"#0","tintindex":0},"north":{"uv":[5.0,9.25,5.375,9.625],"rotation":0,"texture":"#0","tintindex":0},"west":{"uv":[9.25,7.25,9.625,7.625],"rotation":0,"texture":"#0","tintindex":0},"up":{"uv":[9.625,9.125,9.25,8.75],"rotation":0,"texture":"#0","tintindex":0},"down":{"uv":[9.625,9.25,9.25,9.625],"rotation":0,"texture":"#0","tintindex":0}}},{"from":[-15.177586,23.754803,8.49611],"to":[-12.710321,26.22205,11.785774],"rotation":{"angle":0.0,"axis":"y","origin":[-9.025681,-1.2403345,-0.70100975]},"faces":{"east":{"uv":[7.375,11.75,7.625,12.0],"rotation":0,"texture":"#0","tintindex":0},"south":{"uv":[5.375,12.5,5.625,12.75],"rotation":0,"texture":"#0","tintindex":0},"north":{"uv":[5.0,12.5,5.25,12.75],"rotation":0,"texture":"#0","tintindex":0},"west":{"uv":[11.75,7.625,12.0,7.875],"rotation":0,"texture":"#0","tintindex":0},"up":{"uv":[8.0,12.0,7.75,11.75],"rotation":0,"texture":"#0","tintindex":0},"down":{"uv":[12.0,8.0,11.75,8.25],"rotation":0,"texture":"#0","tintindex":0}}},{"from":[-14.831217,26.623747,-4.1045],"to":[-13.05669,27.70552,-2.3726597],"rotation":{"angle":22.5,"axis":"x","origin":[-9.025681,-1.2403345,-0.70100975]},"faces":{"east":{"uv":[14.5,1.75,14.625,1.875],"rotation":0,"texture":"#0","tintindex":0},"south":{"uv":[14.5,2.0,14.625,2.125],"rotation":0,"texture":"#0","tintindex":0},"north":{"uv":[14.5,1.5,14.625,1.625],"rotation":0,"texture":"#0","tintindex":0},"west":{"uv":[14.5,2.25,14.625,2.375],"rotation":0,"texture":"#0","tintindex":0},"up":{"uv":[13.625,1.375,13.5,1.25],"rotation":0,"texture":"#0","tintindex":0},"down":{"uv":[1.625,13.5,1.5,13.625],"rotation":0,"texture":"#0","tintindex":0}}},{"from":[-14.138479,24.010962,-16.0],"to":[-13.749424,24.400002,-14.614532],"rotation":{"angle":45.0,"axis":"x","origin":[-9.025681,-1.2403345,-0.70100975]},"faces":{"east":{"uv":[14.5,2.75,14.625,2.875],"rotation":0,"texture":"#0","tintindex":0},"south":{"uv":[14.75,8.25,14.875,8.375],"rotation":0,"texture":"#0","tintindex":0},"north":{"uv":[8.0,14.75,8.125,14.875],"rotation":0,"texture":"#0","tintindex":0},"west":{"uv":[14.5,3.0,14.625,3.125],"rotation":0,"texture":"#0","tintindex":0},"up":{"uv":[14.625,3.375,14.5,3.25],"rotation":0,"texture":"#0","tintindex":0},"down":{"uv":[14.625,3.5,14.5,3.625],"rotation":0,"texture":"#0","tintindex":0}}},{"from":[-15.307262,29.273396,-10.661427],"to":[-12.580639,32.0,-10.151569],"rotation":{"angle":45.0,"axis":"x","origin":[-9.025681,-1.2403345,-0.70100975]},"faces":{"east":{"uv":[0.375,14.125,0.5,14.375],"rotation":0,"texture":"#0","tintindex":0},"south":{"uv":[12.5,4.25,12.75,4.5],"rotation":0,"texture":"#0","tintindex":0},"north":{"uv":[4.25,12.5,4.5,12.75],"rotation":0,"texture":"#0","tintindex":0},"west":{"uv":[14.125,1.0,14.25,1.25],"rotation":0,"texture":"#0","tintindex":0},"up":{"uv":[14.375,1.5,14.125,1.375],"rotation":0,"texture":"#0","tintindex":0},"down":{"uv":[14.375,1.625,14.125,1.75],"rotation":0,"texture":"#0","tintindex":0}}}],"display":{"head":{"translation":[-21.093056,19.182459,-57.479416],"scale":[4.0,4.0,4.0]}}}