{"textures":{"0":"mineinabyss:mobs/stingerhead"},"elements":[{"from":[-6.847498,22.673008,10.787359],"to":[-4.312458,24.218403,13.261417],"rotation":{"angle":-22.5,"axis":"x","origin":[-16.998493,-4.293827,8.629622]},"faces":{"east":{"uv":[14.375,7.25,14.5,7.375],"rotation":0,"texture":"#0","tintindex":0},"south":{"uv":[14.375,8.125,14.5,8.25],"rotation":0,"texture":"#0","tintindex":0},"north":{"uv":[7.25,14.375,7.375,14.5],"rotation":0,"texture":"#0","tintindex":0},"west":{"uv":[8.25,14.375,8.375,14.5],"rotation":0,"texture":"#0","tintindex":0},"up":{"uv":[9.0,12.125,8.875,12.0],"rotation":0,"texture":"#0","tintindex":0},"down":{"uv":[12.25,7.0,12.125,7.125],"rotation":0,"texture":"#0","tintindex":0}}},{"from":[-7.342309,10.045419,-16.0],"to":[-3.817646,14.744963,-12.475361],"rotation":{"angle":45.0,"axis":"x","origin":[-16.998493,-4.293827,8.629622]},"faces":{"east":{"uv":[2.875,11.75,3.125,12.0],"rotation":0,"texture":"#0","tintindex":0},"south":{"uv":[3.25,11.75,3.5,12.0],"rotation":0,"texture":"#0","tintindex":0},"north":{"uv":[2.5,11.75,2.75,12.0],"rotation":0,"texture":"#0","tintindex":0},"west":{"uv":[11.75,3.25,12.0,3.5],"rotation":0,"texture":"#0","tintindex":0},"up":{"uv":[12.625,5.25,12.375,5.0],"rotation":0,"texture":"#0","tintindex":0},"down":{"uv":[12.625,7.0,12.375,7.25],"rotation":0,"texture":"#0","tintindex":0}}},{"from":[-5.857875,22.541374,-1.7200699],"to":[-5.302081,23.097145,0.25917625],"rotation":{"angle":0.0,"axis":"y","origin":[-16.998493,-4.293827,8.629622]},"faces":{"east":{"uv":[8.5,14.375,8.625,14.5],"rotation":0,"texture":"#0","tintindex":0},"south":{"uv":[14.75,7.0,14.875,7.125],"rotation":0,"texture":"#0","tintindex":0},"north":{"uv":[6.875,14.75,7.0,14.875],"rotation":0,"texture":"#0","tintindex":0},"west":{"uv":[14.375,9.125,14.5,9.25],"rotation":0,"texture":"#0","tintindex":0},"up":{"uv":[9.375,14.5,9.25,14.375],"rotation":0,"texture":"#0","tintindex":0},"down":{"uv":[14.5,9.375,14.375,9.5],"rotation":0,"texture":"#0","tintindex":0}}},{"from":[-7.032755,27.220184,5.921303],"to":[-4.127201,30.125717,8.134103],"rotation":{"angle":0.0,"axis":"y","origin":[-16.998493,-4.293827,8.629622]},"faces":{"east":{"uv":[4.75,12.875,4.875,13.125],"rotation":0,"texture":"#0","tintindex":0},"south":{"uv":[12.375,2.75,12.625,3.0],"rotation":0,"texture":"#0","tintindex":0},"north":{"uv":[12.375,2.375,12.625,2.625],"rotation":0,"texture":"#0","tintindex":0},"west":{"uv":[5.0,12.875,5.125,13.125],"rotation":0,"texture":"#0","tintindex":0},"up":{"uv":[5.5,13.0,5.25,12.875],"rotation":0,"texture":"#0","tintindex":0},"down":{"uv":[5.875,12.875,5.625,13.0],"rotation":0,"texture":"#0","tintindex":0}}},{"from":[-7.527567,28.104847,4.957919],"to":[-3.632389,32.0,5.686286],"rotation":{"angle":0.0,"axis":"y","origin":[-16.998493,-4.293827,8.629622]},"faces":{"east":{"uv":[9.25,14.0,9.375,14.25],"rotation":0,"texture":"#0","tintindex":0},"south":{"uv":[2.0,12.375,2.25,12.625],"rotation":0,"texture":"#0","tintindex":0},"north":{"uv":[0.625,12.375,0.875,12.625],"rotation":0,"texture":"#0","tintindex":0},"west":{"uv":[14.0,10.5,14.125,10.75],"rotation":0,"texture":"#0","tintindex":0},"up":{"uv":[11.75,14.125,11.5,14.0],"rotation":0,"texture":"#0","tintindex":0},"down":{"uv":[14.25,11.5,14.0,11.625],"rotation":0,"texture":"#0","tintindex":0}}},{"from":[-8.517189,20.095682,-7.465967],"to":[-2.642766,25.970083,-1.2946758],"rotation":{"angle":22.5,"axis":"x","origin":[-16.998493,-4.293827,8.629622]},"faces":{"east":{"uv":[3.5,8.75,3.875,9.125],"rotation":0,"texture":"#0","tintindex":0},"south":{"uv":[5.125,8.75,5.5,9.125],"rotation":0,"texture":"#0","tintindex":0},"north":{"uv":[3.0,8.75,3.375,9.125],"rotation":0,"texture":"#0","tintindex":0},"west":{"uv":[8.75,5.25,9.125,5.625],"rotation":0,"texture":"#0","tintindex":0},"up":{"uv":[9.125,6.625,8.75,6.25],"rotation":0,"texture":"#0","tintindex":0},"down":{"uv":[9.125,6.75,8.75,7.125],"rotation":0,"texture":"#0","tintindex":0}}}],"display":{"head":{"translation":[0.0,47.091194,-47.494858],"scale":[4.0,4.0,4.0]}}}