{"textures":{"0":"mineinabyss:mobs/stingerhead"},"elements":[{"from":[3.757897,-1.6721983,4.3743467],"to":[12.664503,4.166568,9.322461],"rotation":{"angle":-22.5,"axis":"x","origin":[8.249966,12.584671,-4.4534254]},"faces":{"east":{"uv":[1.5,9.75,1.75,10.125],"rotation":0,"texture":"#0","tintindex":0},"south":{"uv":[5.375,4.0,5.875,4.375],"rotation":0,"texture":"#0","tintindex":0},"north":{"uv":[3.5,5.375,4.0,5.75],"rotation":0,"texture":"#0","tintindex":0},"west":{"uv":[9.75,4.125,10.0,4.5],"rotation":0,"texture":"#0","tintindex":0},"up":{"uv":[7.0,4.0,6.5,3.75],"rotation":0,"texture":"#0","tintindex":0},"down":{"uv":[7.0,6.375,6.5,6.625],"rotation":0,"texture":"#0","tintindex":0}}},{"from":[1.2838397,-3.8354216,3.6891809],"to":[15.13856,1.0137444,6.6580496],"rotation":{"angle":-22.5,"axis":"x","origin":[8.249966,12.584671,-4.4534254]},"faces":{"east":{"uv":[11.375,1.75,11.625,2.0],"rotation":0,"texture":"#0","tintindex":0},"south":{"uv":[5.0,2.375,5.75,2.625],"rotation":0,"texture":"#0","tintindex":0},"north":{"uv":[0.0,5.0,0.75,5.25],"rotation":0,"texture":"#0","tintindex":0},"west":{"uv":[2.625,11.375,2.875,11.625],"rotation":0,"texture":"#0","tintindex":0},"up":{"uv":[5.375,6.375,4.625,6.125],"rotation":0,"texture":"#0","tintindex":0},"down":{"uv":[6.875,5.125,6.125,5.375],"rotation":0,"texture":"#0","tintindex":0}}},{"from":[-2.6746511,1.9098592,2.2479234],"to":[19.097052,5.2745905,7.1960382],"rotation":{"angle":-22.5,"axis":"x","origin":[8.249966,12.584671,-4.4534254]},"faces":{"east":{"uv":[11.0,11.25,11.25,11.5],"rotation":0,"texture":"#0","tintindex":0},"south":{"uv":[4.375,0.0,5.625,0.25],"rotation":0,"texture":"#0","tintindex":0},"north":{"uv":[3.25,4.125,4.5,4.375],"rotation":0,"texture":"#0","tintindex":0},"west":{"uv":[1.0,11.375,1.25,11.625],"rotation":0,"texture":"#0","tintindex":0},"up":{"uv":[4.0,3.0,2.75,2.75],"rotation":0,"texture":"#0","tintindex":0},"down":{"uv":[1.25,3.0,0.0,3.25],"rotation":0,"texture":"#0","tintindex":0}}}],"display":{"head":{"translation":[0.0,-6.4,0.0],"scale":[4.0,4.0,4.0]}}}