{"textures":{"0":"modelengine:entity/stingerhead"},"elements":[{"name":"cube","from":[-9.343048,19.500465,-7.0392647],"to":[-3.1749043,25.668583,-0.55940914],"rotation":{"angle":22.5,"axis":"x","origin":[-18.248417,-6.1085205,9.861103]},"faces":{"down":{"uv":[9.125,6.75,8.75,7.125],"rotation":0,"texture":"#0","tintindex":0},"east":{"uv":[3.5,8.75,3.875,9.125],"rotation":0,"texture":"#0","tintindex":0},"north":{"uv":[3.0,8.75,3.375,9.125],"rotation":0,"texture":"#0","tintindex":0},"south":{"uv":[5.125,8.75,5.5,9.125],"rotation":0,"texture":"#0","tintindex":0},"up":{"uv":[9.125,6.625,8.75,6.25],"rotation":0,"texture":"#0","tintindex":0},"west":{"uv":[8.75,5.25,9.125,5.625],"rotation":0,"texture":"#0","tintindex":0}}},{"name":"cube","from":[-8.303945,27.910088,6.0058155],"to":[-4.2140083,32.0,6.7706003],"rotation":{"angle":0.0,"axis":"x","origin":[-18.248417,-6.1085205,9.861103]},"faces":{"down":{"uv":[14.25,11.5,14.0,11.625],"rotation":0,"texture":"#0","tintindex":0},"east":{"uv":[9.25,14.0,9.375,14.25],"rotation":0,"texture":"#0","tintindex":0},"north":{"uv":[0.625,12.375,0.875,12.625],"rotation":0,"texture":"#0","tintindex":0},"south":{"uv":[2.0,12.375,2.25,12.625],"rotation":0,"texture":"#0","tintindex":0},"up":{"uv":[11.75,14.125,11.5,14.0],"rotation":0,"texture":"#0","tintindex":0},"west":{"uv":[14.0,10.5,14.125,10.75],"rotation":0,"texture":"#0","tintindex":0}}},{"name":"cube","from":[-7.7843924,26.981194,7.0173683],"to":[-4.733561,30.032001,9.340809],"rotation":{"angle":0.0,"axis":"x","origin":[-18.248417,-6.1085205,9.861103]},"faces":{"down":{"uv":[5.875,12.875,5.625,13.0],"rotation":0,"texture":"#0","tintindex":0},"east":{"uv":[4.75,12.875,4.875,13.125],"rotation":0,"texture":"#0","tintindex":0},"north":{"uv":[12.375,2.375,12.625,2.625],"rotation":0,"texture":"#0","tintindex":0},"south":{"uv":[12.375,2.75,12.625,3.0],"rotation":0,"texture":"#0","tintindex":0},"up":{"uv":[5.5,13.0,5.25,12.875],"rotation":0,"texture":"#0","tintindex":0},"west":{"uv":[5.0,12.875,5.125,13.125],"rotation":0,"texture":"#0","tintindex":0}}},{"name":"cube","from":[-8.109424,8.947689,-16.0],"to":[-4.4085283,13.882206,-12.2991295],"rotation":{"angle":45.0,"axis":"x","origin":[-18.248417,-6.1085205,9.861103]},"faces":{"down":{"uv":[12.625,7.0,12.375,7.25],"rotation":0,"texture":"#0","tintindex":0},"east":{"uv":[2.875,11.75,3.125,12.0],"rotation":0,"texture":"#0","tintindex":0},"north":{"uv":[2.5,11.75,2.75,12.0],"rotation":0,"texture":"#0","tintindex":0},"south":{"uv":[3.25,11.75,3.5,12.0],"rotation":0,"texture":"#0","tintindex":0},"up":{"uv":[12.625,5.25,12.375,5.0],"rotation":0,"texture":"#0","tintindex":0},"west":{"uv":[11.75,3.25,12.0,3.5],"rotation":0,"texture":"#0","tintindex":0}}},{"name":"cube","from":[-7.5898724,22.206661,12.126728],"to":[-4.9280806,23.829323,14.724488],"rotation":{"angle":-22.5,"axis":"x","origin":[-18.248417,-6.1085205,9.861103]},"faces":{"down":{"uv":[12.25,7.0,12.125,7.125],"rotation":0,"texture":"#0","tintindex":0},"east":{"uv":[14.375,7.25,14.5,7.375],"rotation":0,"texture":"#0","tintindex":0},"north":{"uv":[7.25,14.375,7.375,14.5],"rotation":0,"texture":"#0","tintindex":0},"south":{"uv":[14.375,8.125,14.5,8.25],"rotation":0,"texture":"#0","tintindex":0},"up":{"uv":[9.0,12.125,8.875,12.0],"rotation":0,"texture":"#0","tintindex":0},"west":{"uv":[8.25,14.375,8.375,14.5],"rotation":0,"texture":"#0","tintindex":0}}},{"name":"cube","from":[-6.550769,22.068443,-1.006072],"to":[-5.967185,22.652004,1.0721359],"rotation":{"angle":0.0,"axis":"x","origin":[-18.248417,-6.1085205,9.861103]},"faces":{"down":{"uv":[14.5,9.375,14.375,9.5],"rotation":0,"texture":"#0","tintindex":0},"east":{"uv":[8.5,14.375,8.625,14.5],"rotation":0,"texture":"#0","tintindex":0},"north":{"uv":[6.875,14.75,7.0,14.875],"rotation":0,"texture":"#0","tintindex":0},"south":{"uv":[14.75,7.0,14.875,7.125],"rotation":0,"texture":"#0","tintindex":0},"up":{"uv":[9.375,14.5,9.25,14.375],"rotation":0,"texture":"#0","tintindex":0},"west":{"uv":[14.375,9.125,14.5,9.25],"rotation":0,"texture":"#0","tintindex":0}}}],"display":{"head":{"translation":[0.0,50.501373,-51.024963],"rotation":[0.0,0.0,0.0],"scale":[3.8095,3.8095,3.8095]}}}