{"textures":{"0":"mineinabyss:mobs/stingerhead"},"elements":[{"from":[5.201744,29.273396,-10.661427],"to":[7.928368,32.0,-10.151569],"rotation":{"angle":45.0,"axis":"x","origin":[1.701056,-1.2403336,-0.70100975]},"faces":{"east":{"uv":[14.0,11.75,14.125,12.0],"rotation":0,"texture":"#0","tintindex":0},"south":{"uv":[10.0,12.375,10.25,12.625],"rotation":0,"texture":"#0","tintindex":0},"north":{"uv":[9.625,12.375,9.875,12.625],"rotation":0,"texture":"#0","tintindex":0},"west":{"uv":[11.875,14.0,12.0,14.25],"rotation":0,"texture":"#0","tintindex":0},"up":{"uv":[12.375,14.125,12.125,14.0],"rotation":0,"texture":"#0","tintindex":0},"down":{"uv":[14.25,12.125,14.0,12.25],"rotation":0,"texture":"#0","tintindex":0}}},{"from":[5.548112,28.29413,-10.4750595],"to":[7.582,30.328003,-8.9261],"rotation":{"angle":45.0,"axis":"x","origin":[1.701056,-1.2403336,-0.70100975]},"faces":{"east":{"uv":[12.875,10.125,13.0,10.375],"rotation":0,"texture":"#0","tintindex":0},"south":{"uv":[10.75,12.375,11.0,12.625],"rotation":0,"texture":"#0","tintindex":0},"north":{"uv":[10.375,12.375,10.625,12.625],"rotation":0,"texture":"#0","tintindex":0},"west":{"uv":[12.875,10.5,13.0,10.75],"rotation":0,"texture":"#0","tintindex":0},"up":{"uv":[13.125,8.5,12.875,8.375],"rotation":0,"texture":"#0","tintindex":0},"down":{"uv":[13.125,12.5,12.875,12.625],"rotation":0,"texture":"#0","tintindex":0}}},{"from":[4.509008,15.405123,19.964413],"to":[8.621104,19.72501,24.076494],"rotation":{"angle":-22.5,"axis":"x","origin":[1.701056,-1.2403336,-0.70100975]},"faces":{"east":{"uv":[8.875,8.25,9.25,8.625],"rotation":0,"texture":"#0","tintindex":0},"south":{"uv":[8.75,8.875,9.125,9.25],"rotation":0,"texture":"#0","tintindex":0},"north":{"uv":[8.25,8.875,8.625,9.25],"rotation":0,"texture":"#0","tintindex":0},"west":{"uv":[9.0,0.0,9.375,0.375],"rotation":0,"texture":"#0","tintindex":0},"up":{"uv":[9.375,0.875,9.0,0.5],"rotation":0,"texture":"#0","tintindex":0},"down":{"uv":[9.375,1.0,9.0,1.375],"rotation":0,"texture":"#0","tintindex":0}}},{"from":[5.6777916,26.623747,-4.1045],"to":[7.45232,27.705523,-2.3726597],"rotation":{"angle":22.5,"axis":"x","origin":[1.701056,-1.2403336,-0.70100975]},"faces":{"east":{"uv":[14.375,9.875,14.5,10.0],"rotation":0,"texture":"#0","tintindex":0},"south":{"uv":[10.5,14.375,10.625,14.5],"rotation":0,"texture":"#0","tintindex":0},"north":{"uv":[14.375,9.625,14.5,9.75],"rotation":0,"texture":"#0","tintindex":0},"west":{"uv":[10.75,14.375,10.875,14.5],"rotation":0,"texture":"#0","tintindex":0},"up":{"uv":[13.625,0.375,13.5,0.25],"rotation":0,"texture":"#0","tintindex":0},"down":{"uv":[13.625,0.5,13.5,0.625],"rotation":0,"texture":"#0","tintindex":0}}},{"from":[5.3314238,23.7548,8.49611],"to":[7.798688,26.22205,11.785774],"rotation":{"angle":0.0,"axis":"y","origin":[1.701056,-1.2403336,-0.70100975]},"faces":{"east":{"uv":[4.0,11.75,4.25,12.0],"rotation":0,"texture":"#0","tintindex":0},"south":{"uv":[11.125,12.375,11.375,12.625],"rotation":0,"texture":"#0","tintindex":0},"north":{"uv":[12.375,11.0,12.625,11.25],"rotation":0,"texture":"#0","tintindex":0},"west":{"uv":[4.375,11.75,4.625,12.0],"rotation":0,"texture":"#0","tintindex":0},"up":{"uv":[5.0,12.0,4.75,11.75],"rotation":0,"texture":"#0","tintindex":0},"down":{"uv":[5.375,11.75,5.125,12.0],"rotation":0,"texture":"#0","tintindex":0}}},{"from":[6.370528,24.010963,-16.0],"to":[6.759584,24.400002,-14.614532],"rotation":{"angle":45.0,"axis":"x","origin":[1.701056,-1.2403336,-0.70100975]},"faces":{"east":{"uv":[14.375,11.125,14.5,11.25],"rotation":0,"texture":"#0","tintindex":0},"south":{"uv":[14.75,7.5,14.875,7.625],"rotation":0,"texture":"#0","tintindex":0},"north":{"uv":[7.5,14.75,7.625,14.875],"rotation":0,"texture":"#0","tintindex":0},"west":{"uv":[14.375,11.375,14.5,11.5],"rotation":0,"texture":"#0","tintindex":0},"up":{"uv":[11.875,14.5,11.75,14.375],"rotation":0,"texture":"#0","tintindex":0},"down":{"uv":[14.5,12.0,14.375,12.125],"rotation":0,"texture":"#0","tintindex":0}}}],"display":{"head":{"translation":[0.0,38.382454,-57.479416],"scale":[4.0,4.0,4.0]}}}