{"textures":{"0":"modelengine:entity/stingerhead"},"elements":[{"name":"cube","from":[-6.2924557,0.35114646,9.395063],"to":[-0.12431216,6.519267,15.87492],"rotation":{"angle":0.0,"axis":"x","origin":[2.547392,-10.433256,19.986553]},"faces":{"down":{"uv":[8.75,8.375,8.375,8.75],"rotation":0,"texture":"#0","tintindex":0},"east":{"uv":[8.25,7.375,8.625,7.75],"rotation":0,"texture":"#0","tintindex":0},"north":{"uv":[8.25,6.875,8.625,7.25],"rotation":0,"texture":"#0","tintindex":0},"south":{"uv":[8.375,3.75,8.75,4.125],"rotation":0,"texture":"#0","tintindex":0},"up":{"uv":[8.75,8.25,8.375,7.875],"rotation":0,"texture":"#0","tintindex":0},"west":{"uv":[8.375,4.25,8.75,4.625],"rotation":0,"texture":"#0","tintindex":0}}},{"name":"cube","from":[-5.253353,8.10708,16.632528],"to":[-1.1634164,12.196993,17.397312],"rotation":{"angle":-22.5,"axis":"x","origin":[2.547392,-10.433256,19.986553]},"faces":{"down":{"uv":[14.25,8.125,14.0,8.25],"rotation":0,"texture":"#0","tintindex":0},"east":{"uv":[14.0,7.0,14.125,7.25],"rotation":0,"texture":"#0","tintindex":0},"north":{"uv":[6.125,12.125,6.375,12.375],"rotation":0,"texture":"#0","tintindex":0},"south":{"uv":[12.125,6.25,12.375,6.5],"rotation":0,"texture":"#0","tintindex":0},"up":{"uv":[14.25,7.5,14.0,7.375],"rotation":0,"texture":"#0","tintindex":0},"west":{"uv":[7.25,14.0,7.375,14.25],"rotation":0,"texture":"#0","tintindex":0}}},{"name":"cube","from":[-4.7338004,6.95141,17.308056],"to":[-1.6829677,10.002217,19.631496],"rotation":{"angle":-22.5,"axis":"x","origin":[2.547392,-10.433256,19.986553]},"faces":{"down":{"uv":[3.5,12.875,3.25,13.0],"rotation":0,"texture":"#0","tintindex":0},"east":{"uv":[3.0,12.875,3.125,13.125],"rotation":0,"texture":"#0","tintindex":0},"north":{"uv":[6.5,12.125,6.75,12.375],"rotation":0,"texture":"#0","tintindex":0},"south":{"uv":[12.125,6.625,12.375,6.875],"rotation":0,"texture":"#0","tintindex":0},"up":{"uv":[13.125,2.25,12.875,2.125],"rotation":0,"texture":"#0","tintindex":0},"west":{"uv":[12.875,3.125,13.0,3.375],"rotation":0,"texture":"#0","tintindex":0}}},{"name":"cube","from":[-5.058833,1.5843618,6.2976956],"to":[-1.3579359,6.51886,9.998592],"rotation":{"angle":22.5,"axis":"x","origin":[2.547392,-10.433256,19.986553]},"faces":{"down":{"uv":[7.5,12.125,7.25,12.375],"rotation":0,"texture":"#0","tintindex":0},"east":{"uv":[10.125,11.5,10.375,11.75],"rotation":0,"texture":"#0","tintindex":0},"north":{"uv":[11.5,8.875,11.75,9.125],"rotation":0,"texture":"#0","tintindex":0},"south":{"uv":[0.0,11.625,0.25,11.875],"rotation":0,"texture":"#0","tintindex":0},"up":{"uv":[7.125,12.375,6.875,12.125],"rotation":0,"texture":"#0","tintindex":0},"west":{"uv":[0.375,11.625,0.625,11.875],"rotation":0,"texture":"#0","tintindex":0}}},{"name":"cube","from":[-4.5392804,3.5468175,18.840984],"to":[-1.8774877,5.169482,21.438744],"rotation":{"angle":-45.0,"axis":"x","origin":[2.547392,-10.433256,19.986553]},"faces":{"down":{"uv":[10.25,9.375,10.125,9.5],"rotation":0,"texture":"#0","tintindex":0},"east":{"uv":[3.375,14.375,3.5,14.5],"rotation":0,"texture":"#0","tintindex":0},"north":{"uv":[2.875,14.375,3.0,14.5],"rotation":0,"texture":"#0","tintindex":0},"south":{"uv":[3.625,14.375,3.75,14.5],"rotation":0,"texture":"#0","tintindex":0},"up":{"uv":[6.75,8.5,6.625,8.375],"rotation":0,"texture":"#0","tintindex":0},"west":{"uv":[4.125,14.375,4.25,14.5],"rotation":0,"texture":"#0","tintindex":0}}},{"name":"cube","from":[-3.5001764,2.8344023,11.267377],"to":[-2.916593,3.4179616,13.345584],"rotation":{"angle":-22.5,"axis":"x","origin":[2.547392,-10.433256,19.986553]},"faces":{"down":{"uv":[14.5,4.75,14.375,4.875],"rotation":0,"texture":"#0","tintindex":0},"east":{"uv":[14.375,4.25,14.5,4.375],"rotation":0,"texture":"#0","tintindex":0},"north":{"uv":[14.75,6.25,14.875,6.375],"rotation":0,"texture":"#0","tintindex":0},"south":{"uv":[6.375,14.75,6.5,14.875],"rotation":0,"texture":"#0","tintindex":0},"up":{"uv":[14.5,4.625,14.375,4.5],"rotation":0,"texture":"#0","tintindex":0},"west":{"uv":[4.375,14.375,4.5,14.5],"rotation":0,"texture":"#0","tintindex":0}}}],"display":{"head":{"translation":[0.0,-6.4,0.0],"rotation":[0.0,0.0,0.0],"scale":[3.8095,3.8095,3.8095]}}}