{"textures":{"0":"modelengine:entity/stingerhead"},"elements":[{"name":"cube","from":[9.604141,6.5670257,6.001417],"to":[12.991622,9.123242,7.653602],"rotation":{"angle":-22.5,"axis":"z","origin":[12.450878,21.287785,2.6028733]},"faces":{"down":{"uv":[8.625,14.125,8.375,14.25],"rotation":0,"texture":"#0","tintindex":0},"east":{"uv":[9.0,14.5,9.125,14.625],"rotation":0,"texture":"#0","tintindex":0},"north":{"uv":[13.125,1.375,13.375,1.5],"rotation":0,"texture":"#0","tintindex":0},"south":{"uv":[13.125,1.625,13.375,1.75],"rotation":0,"texture":"#0","tintindex":0},"up":{"uv":[14.375,7.75,14.125,7.625],"rotation":0,"texture":"#0","tintindex":0},"west":{"uv":[9.5,14.5,9.625,14.625],"rotation":0,"texture":"#0","tintindex":0}}}],"display":{"head":{"translation":[0.0,-6.4,0.0],"rotation":[0.0,0.0,0.0],"scale":[3.8095,3.8095,3.8095]}}}