{"textures":{"0":"mineinabyss:mobs/stingerhead"},"elements":[{"from":[2.9442115,6.038263,7.1568685],"to":[6.170383,8.472732,8.58192],"rotation":{"angle":22.5,"axis":"z","origin":[3.187274,20.109188,8.521897]},"faces":{"east":{"uv":[14.0,14.5,14.125,14.625],"rotation":0,"texture":"#0","tintindex":0},"south":{"uv":[13.125,7.625,13.375,7.75],"rotation":0,"texture":"#0","tintindex":0},"north":{"uv":[7.5,13.125,7.75,13.25],"rotation":0,"texture":"#0","tintindex":0},"west":{"uv":[14.5,14.125,14.625,14.25],"rotation":0,"texture":"#0","tintindex":0},"up":{"uv":[13.25,14.25,13.0,14.125],"rotation":0,"texture":"#0","tintindex":0},"down":{"uv":[13.625,14.125,13.375,14.25],"rotation":0,"texture":"#0","tintindex":0}}}],"display":{"head":{"translation":[0.0,-6.4,0.0],"scale":[4.0,4.0,4.0]}}}