{"textures":{"0":"modelengine:entity/belchero"},"elements":[{"name":"cube","from":[10.4,-7.6000004,3.1999998],"to":[11.6,2.6,4.3999996],"rotation":{"angle":0.0,"axis":"x","origin":[8.0,-7.6000004,7.4]},"faces":{"down":{"uv":[2.3333335,15.0,3.0,15.666667],"rotation":0,"texture":"#0","tintindex":0},"east":{"uv":[2.3333335,15.0,8.0,15.666667],"rotation":90,"texture":"#0","tintindex":0},"north":{"uv":[2.3333335,15.0,8.0,15.666667],"rotation":90,"texture":"#0","tintindex":0},"south":{"uv":[2.3333335,15.0,8.0,15.666667],"rotation":90,"texture":"#0","tintindex":0},"up":{"uv":[2.3333335,15.0,3.0,15.666667],"rotation":0,"texture":"#0","tintindex":0},"west":{"uv":[2.3333335,15.0,8.0,15.666667],"rotation":90,"texture":"#0","tintindex":0}}},{"name":"cube","from":[9.8,0.7999997,6.8],"to":[12.2,10.4,9.2],"rotation":{"angle":22.5,"axis":"x","origin":[11.6,10.4,8.0]},"faces":{"down":{"uv":[4.0,13.333334,2.6666667,14.666667],"rotation":0,"texture":"#0","tintindex":0},"east":{"uv":[2.6666667,14.666667,8.0,13.333334],"rotation":90,"texture":"#0","tintindex":0},"north":{"uv":[2.6666667,14.666667,8.0,13.333334],"rotation":90,"texture":"#0","tintindex":0},"south":{"uv":[2.6666667,14.666667,8.0,13.333334],"rotation":90,"texture":"#0","tintindex":0},"up":{"uv":[4.0,13.333334,2.6666667,14.666667],"rotation":0,"texture":"#0","tintindex":0},"west":{"uv":[2.6666667,14.666667,8.0,13.333334],"rotation":90,"texture":"#0","tintindex":0}}}],"display":{"head":{"translation":[0.0,-6.4,0.0],"rotation":[0.0,0.0,0.0],"scale":[3.8095,3.8095,3.8095]}}}