{"file_name":"antennae_l","texture_size":[64,64],"textures":{"7f02e86f-2fe3-dd50-3f6a-9e36c2f08999":"modelengine:entity/benikuchinawa"},"elements":[{"name":"eye00","from":[7.227565,5.4163394,0.30491686],"to":[8.540845,19.11938,1.1257169],"rotation":{"angle":45.0,"axis":"x","origin":[10.722445,-2.0887065,7.31717]},"faces":{"down":{"uv":[14.84375,13.25,14.75,13.3125],"rotation":0,"texture":"#7f02e86f-2fe3-dd50-3f6a-9e36c2f08999","tintindex":0},"east":{"uv":[11.0,13.25,11.0625,14.1875],"rotation":0,"texture":"#7f02e86f-2fe3-dd50-3f6a-9e36c2f08999","tintindex":0},"north":{"uv":[13.0,13.0,13.09375,13.9375],"rotation":0,"texture":"#7f02e86f-2fe3-dd50-3f6a-9e36c2f08999","tintindex":0},"south":{"uv":[0.0,13.25,0.09375,14.1875],"rotation":0,"texture":"#7f02e86f-2fe3-dd50-3f6a-9e36c2f08999","tintindex":0},"up":{"uv":[13.34375,14.8125,13.25,14.75],"rotation":0,"texture":"#7f02e86f-2fe3-dd50-3f6a-9e36c2f08999","tintindex":0},"west":{"uv":[11.25,13.25,11.3125,14.1875],"rotation":0,"texture":"#7f02e86f-2fe3-dd50-3f6a-9e36c2f08999","tintindex":0}}},{"name":"eye01","from":[7.234131,17.018654,17.333809],"to":[8.534279,17.839453,19.30373],"rotation":{"angle":0.0,"axis":"x","origin":[10.722445,-2.0887065,7.31717]},"faces":{"down":{"uv":[14.09375,11.0,14.0,11.125],"rotation":0,"texture":"#7f02e86f-2fe3-dd50-3f6a-9e36c2f08999","tintindex":0},"east":{"uv":[14.5,0.0,14.625,0.0625],"rotation":0,"texture":"#7f02e86f-2fe3-dd50-3f6a-9e36c2f08999","tintindex":0},"north":{"uv":[13.5,14.75,13.59375,14.8125],"rotation":0,"texture":"#7f02e86f-2fe3-dd50-3f6a-9e36c2f08999","tintindex":0},"south":{"uv":[14.75,13.5,14.84375,13.5625],"rotation":0,"texture":"#7f02e86f-2fe3-dd50-3f6a-9e36c2f08999","tintindex":0},"up":{"uv":[14.09375,10.875,14.0,10.75],"rotation":0,"texture":"#7f02e86f-2fe3-dd50-3f6a-9e36c2f08999","tintindex":0},"west":{"uv":[0.25,14.5,0.375,14.5625],"rotation":0,"texture":"#7f02e86f-2fe3-dd50-3f6a-9e36c2f08999","tintindex":0}}},{"name":"eye02","from":[7.244845,15.869534,16.51301],"to":[8.5449915,16.197853,19.30373],"rotation":{"angle":0.0,"axis":"x","origin":[10.722445,-2.0887065,7.31717]},"faces":{"down":{"uv":[1.09375,14.0,1.0,14.1875],"rotation":0,"texture":"#7f02e86f-2fe3-dd50-3f6a-9e36c2f08999","tintindex":0},"east":{"uv":[14.75,14.75,14.9375,14.78125],"rotation":0,"texture":"#7f02e86f-2fe3-dd50-3f6a-9e36c2f08999","tintindex":0},"north":{"uv":[3.75,15.0,3.84375,15.03125],"rotation":0,"texture":"#7f02e86f-2fe3-dd50-3f6a-9e36c2f08999","tintindex":0},"south":{"uv":[15.0,3.75,15.09375,3.78125],"rotation":0,"texture":"#7f02e86f-2fe3-dd50-3f6a-9e36c2f08999","tintindex":0},"up":{"uv":[0.84375,14.1875,0.75,14.0],"rotation":0,"texture":"#7f02e86f-2fe3-dd50-3f6a-9e36c2f08999","tintindex":0},"west":{"uv":[0.0,15.0,0.1875,15.03125],"rotation":0,"texture":"#7f02e86f-2fe3-dd50-3f6a-9e36c2f08999","tintindex":0}}}],"display":{"head":{"translation":[0.0,-6.4,0.0],"rotation":[0.0,0.0,0.0],"scale":[3.8095,3.8095,3.8095]},"gui":{"translation":[0.0,0.0,0.0],"rotation":[35.0,225.0,0.0],"scale":[0.625,0.625,0.625]}}}