{"textures":{"0":"modelengine:entity/benikuchinawa"},"elements":[{"name":"deco1","from":[12.32,-8.090786,-3.7399817],"to":[12.860001,-4.3107853,-3.1999807],"rotation":{"angle":-45.0,"axis":"x","origin":[8.0,8.93,-15.46]},"faces":{"down":{"uv":[1.78125,15.25,1.75,15.28125],"rotation":0,"texture":"#0","tintindex":0},"east":{"uv":[14.5,9.0,14.53125,9.25],"rotation":0,"texture":"#0","tintindex":0},"north":{"uv":[9.0,14.5,9.03125,14.75],"rotation":0,"texture":"#0","tintindex":0},"south":{"uv":[9.25,14.5,9.28125,14.75],"rotation":0,"texture":"#0","tintindex":0},"up":{"uv":[15.28125,1.53125,15.25,1.5],"rotation":0,"texture":"#0","tintindex":0},"west":{"uv":[14.5,9.25,14.53125,9.5],"rotation":0,"texture":"#0","tintindex":0}}},{"name":"deco2","from":[2.6,-8.090786,-3.7399817],"to":[3.6799998,-4.3107853,-3.1999807],"rotation":{"angle":-45.0,"axis":"x","origin":[8.0,8.93,-15.46]},"faces":{"down":{"uv":[15.0625,6.75,15.0,6.78125],"rotation":0,"texture":"#0","tintindex":0},"east":{"uv":[9.5,14.5,9.53125,14.75],"rotation":0,"texture":"#0","tintindex":0},"north":{"uv":[14.0,5.0,14.0625,5.25],"rotation":0,"texture":"#0","tintindex":0},"south":{"uv":[5.25,14.0,5.3125,14.25],"rotation":0,"texture":"#0","tintindex":0},"up":{"uv":[6.8125,15.03125,6.75,15.0],"rotation":0,"texture":"#0","tintindex":0},"west":{"uv":[14.5,9.5,14.53125,9.75],"rotation":0,"texture":"#0","tintindex":0}}},{"name":"deco3","from":[4.7599998,-7.550786,-4.8199816],"to":[5.3,-3.7707868,-4.279981],"rotation":{"angle":-45.0,"axis":"x","origin":[8.0,8.93,-15.46]},"faces":{"down":{"uv":[2.03125,15.25,2.0,15.28125],"rotation":0,"texture":"#0","tintindex":0},"east":{"uv":[14.5,9.75,14.53125,10.0],"rotation":0,"texture":"#0","tintindex":0},"north":{"uv":[9.75,14.5,9.78125,14.75],"rotation":0,"texture":"#0","tintindex":0},"south":{"uv":[10.0,14.5,10.03125,14.75],"rotation":0,"texture":"#0","tintindex":0},"up":{"uv":[15.28125,1.78125,15.25,1.75],"rotation":0,"texture":"#0","tintindex":0},"west":{"uv":[14.5,10.0,14.53125,10.25],"rotation":0,"texture":"#0","tintindex":0}}},{"name":"deco4","from":[10.700001,-7.550786,-4.8199816],"to":[11.24,-3.7707868,-4.279981],"rotation":{"angle":-45.0,"axis":"x","origin":[8.0,8.93,-15.46]},"faces":{"down":{"uv":[2.28125,15.25,2.25,15.28125],"rotation":0,"texture":"#0","tintindex":0},"east":{"uv":[14.5,10.25,14.53125,10.5],"rotation":0,"texture":"#0","tintindex":0},"north":{"uv":[10.25,14.5,10.28125,14.75],"rotation":0,"texture":"#0","tintindex":0},"south":{"uv":[10.5,14.5,10.53125,14.75],"rotation":0,"texture":"#0","tintindex":0},"up":{"uv":[15.28125,2.03125,15.25,2.0],"rotation":0,"texture":"#0","tintindex":0},"west":{"uv":[14.5,10.5,14.53125,10.75],"rotation":0,"texture":"#0","tintindex":0}}},{"name":"deco5","from":[9.08,-7.550786,-4.8199816],"to":[9.62,-3.7707868,-4.279981],"rotation":{"angle":-45.0,"axis":"x","origin":[8.0,8.93,-15.46]},"faces":{"down":{"uv":[2.53125,15.25,2.5,15.28125],"rotation":0,"texture":"#0","tintindex":0},"east":{"uv":[14.5,10.75,14.53125,11.0],"rotation":0,"texture":"#0","tintindex":0},"north":{"uv":[10.75,14.5,10.78125,14.75],"rotation":0,"texture":"#0","tintindex":0},"south":{"uv":[11.0,14.5,11.03125,14.75],"rotation":0,"texture":"#0","tintindex":0},"up":{"uv":[15.28125,2.28125,15.25,2.25],"rotation":0,"texture":"#0","tintindex":0},"west":{"uv":[14.5,11.0,14.53125,11.25],"rotation":0,"texture":"#0","tintindex":0}}},{"name":"deco6","from":[6.38,-7.550786,-4.8199816],"to":[6.92,-3.7707868,-4.279981],"rotation":{"angle":-45.0,"axis":"x","origin":[8.0,8.93,-15.46]},"faces":{"down":{"uv":[2.78125,15.25,2.75,15.28125],"rotation":0,"texture":"#0","tintindex":0},"east":{"uv":[14.5,11.25,14.53125,11.5],"rotation":0,"texture":"#0","tintindex":0},"north":{"uv":[11.25,14.5,11.28125,14.75],"rotation":0,"texture":"#0","tintindex":0},"south":{"uv":[11.5,14.5,11.53125,14.75],"rotation":0,"texture":"#0","tintindex":0},"up":{"uv":[15.28125,2.53125,15.25,2.5],"rotation":0,"texture":"#0","tintindex":0},"west":{"uv":[14.5,11.5,14.53125,11.75],"rotation":0,"texture":"#0","tintindex":0}}},{"name":"deco7","from":[6.92,-9.170786,-3.1999807],"to":[7.46,-5.390786,-2.6599808],"rotation":{"angle":-45.0,"axis":"x","origin":[8.0,8.93,-15.46]},"faces":{"down":{"uv":[3.03125,15.25,3.0,15.28125],"rotation":0,"texture":"#0","tintindex":0},"east":{"uv":[14.5,11.75,14.53125,12.0],"rotation":0,"texture":"#0","tintindex":0},"north":{"uv":[11.75,14.5,11.78125,14.75],"rotation":0,"texture":"#0","tintindex":0},"south":{"uv":[12.0,14.5,12.03125,14.75],"rotation":0,"texture":"#0","tintindex":0},"up":{"uv":[15.28125,2.78125,15.25,2.75],"rotation":0,"texture":"#0","tintindex":0},"west":{"uv":[14.5,12.0,14.53125,12.25],"rotation":0,"texture":"#0","tintindex":0}}},{"name":"deco8","from":[8.54,-9.170786,-3.1999807],"to":[9.08,-5.390786,-2.6599808],"rotation":{"angle":-45.0,"axis":"x","origin":[8.0,8.93,-15.46]},"faces":{"down":{"uv":[3.28125,15.25,3.25,15.28125],"rotation":0,"texture":"#0","tintindex":0},"east":{"uv":[14.5,12.25,14.53125,12.5],"rotation":0,"texture":"#0","tintindex":0},"north":{"uv":[12.25,14.5,12.28125,14.75],"rotation":0,"texture":"#0","tintindex":0},"south":{"uv":[12.5,14.5,12.53125,14.75],"rotation":0,"texture":"#0","tintindex":0},"up":{"uv":[15.28125,3.03125,15.25,3.0],"rotation":0,"texture":"#0","tintindex":0},"west":{"uv":[14.5,12.5,14.53125,12.75],"rotation":0,"texture":"#0","tintindex":0}}},{"name":"deco9","from":[9.62,-9.710787,-2.6599808],"to":[10.16,-5.930786,-2.1199808],"rotation":{"angle":-45.0,"axis":"x","origin":[8.0,8.93,-15.46]},"faces":{"down":{"uv":[3.53125,15.25,3.5,15.28125],"rotation":0,"texture":"#0","tintindex":0},"east":{"uv":[14.5,12.75,14.53125,13.0],"rotation":0,"texture":"#0","tintindex":0},"north":{"uv":[12.75,14.5,12.78125,14.75],"rotation":0,"texture":"#0","tintindex":0},"south":{"uv":[13.0,14.5,13.03125,14.75],"rotation":0,"texture":"#0","tintindex":0},"up":{"uv":[15.28125,3.28125,15.25,3.25],"rotation":0,"texture":"#0","tintindex":0},"west":{"uv":[14.5,13.0,14.53125,13.25],"rotation":0,"texture":"#0","tintindex":0}}},{"name":"deco10","from":[5.84,-9.710787,-2.6599808],"to":[6.38,-5.930786,-2.1199808],"rotation":{"angle":-45.0,"axis":"x","origin":[8.0,8.93,-15.46]},"faces":{"down":{"uv":[3.78125,15.25,3.75,15.28125],"rotation":0,"texture":"#0","tintindex":0},"east":{"uv":[14.5,13.25,14.53125,13.5],"rotation":0,"texture":"#0","tintindex":0},"north":{"uv":[13.25,14.5,13.28125,14.75],"rotation":0,"texture":"#0","tintindex":0},"south":{"uv":[13.5,14.5,13.53125,14.75],"rotation":0,"texture":"#0","tintindex":0},"up":{"uv":[15.28125,3.53125,15.25,3.5],"rotation":0,"texture":"#0","tintindex":0},"west":{"uv":[14.5,13.5,14.53125,13.75],"rotation":0,"texture":"#0","tintindex":0}}},{"name":"deco11","from":[4.22,-10.250787,-2.1199808],"to":[4.7599998,-6.470787,-1.5799813],"rotation":{"angle":-45.0,"axis":"x","origin":[8.0,8.93,-15.46]},"faces":{"down":{"uv":[4.03125,15.25,4.0,15.28125],"rotation":0,"texture":"#0","tintindex":0},"east":{"uv":[14.5,13.75,14.53125,14.0],"rotation":0,"texture":"#0","tintindex":0},"north":{"uv":[13.75,14.5,13.78125,14.75],"rotation":0,"texture":"#0","tintindex":0},"south":{"uv":[14.0,14.5,14.03125,14.75],"rotation":0,"texture":"#0","tintindex":0},"up":{"uv":[15.28125,3.78125,15.25,3.75],"rotation":0,"texture":"#0","tintindex":0},"west":{"uv":[14.5,14.0,14.53125,14.25],"rotation":0,"texture":"#0","tintindex":0}}},{"name":"deco12","from":[11.24,-10.250787,-2.1199808],"to":[11.780001,-6.470787,-1.5799813],"rotation":{"angle":-45.0,"axis":"x","origin":[8.0,8.93,-15.46]},"faces":{"down":{"uv":[4.28125,15.25,4.25,15.28125],"rotation":0,"texture":"#0","tintindex":0},"east":{"uv":[14.5,14.25,14.53125,14.5],"rotation":0,"texture":"#0","tintindex":0},"north":{"uv":[14.25,14.5,14.28125,14.75],"rotation":0,"texture":"#0","tintindex":0},"south":{"uv":[14.5,14.5,14.53125,14.75],"rotation":0,"texture":"#0","tintindex":0},"up":{"uv":[15.28125,4.03125,15.25,4.0],"rotation":0,"texture":"#0","tintindex":0},