{"textures":{"0":"modelengine:entity/benikuchinawa"},"elements":[{"name":"deco0","from":[11.780001,-13.581002,-0.72344184],"to":[12.32,-9.801001,-0.18344212],"rotation":{"angle":-45.0,"axis":"x","origin":[8.0,9.08,-16.96]},"faces":{"down":{"uv":[15.03125,11.0,15.0,11.03125],"rotation":0,"texture":"#0","tintindex":0},"east":{"uv":[14.25,9.5,14.28125,9.75],"rotation":0,"texture":"#0","tintindex":0},"north":{"uv":[14.25,9.25,14.28125,9.5],"rotation":0,"texture":"#0","tintindex":0},"south":{"uv":[14.25,9.75,14.28125,10.0],"rotation":0,"texture":"#0","tintindex":0},"up":{"uv":[11.03125,15.03125,11.0,15.0],"rotation":0,"texture":"#0","tintindex":0},"west":{"uv":[10.0,14.25,10.03125,14.5],"rotation":0,"texture":"#0","tintindex":0}}},{"name":"deco1","from":[3.6799998,-13.581002,-0.72344184],"to":[4.22,-9.801001,-0.18344212],"rotation":{"angle":-45.0,"axis":"x","origin":[8.0,9.08,-16.96]},"faces":{"down":{"uv":[15.03125,11.25,15.0,11.28125],"rotation":0,"texture":"#0","tintindex":0},"east":{"uv":[10.25,14.25,10.28125,14.5],"rotation":0,"texture":"#0","tintindex":0},"north":{"uv":[14.25,10.0,14.28125,10.25],"rotation":0,"texture":"#0","tintindex":0},"south":{"uv":[14.25,10.25,14.28125,10.5],"rotation":0,"texture":"#0","tintindex":0},"up":{"uv":[11.28125,15.03125,11.25,15.0],"rotation":0,"texture":"#0","tintindex":0},"west":{"uv":[14.25,10.5,14.28125,10.75],"rotation":0,"texture":"#0","tintindex":0}}},{"name":"deco2","from":[4.7599998,-12.501001,-2.8834414],"to":[5.3,-8.721001,-2.343442],"rotation":{"angle":-45.0,"axis":"x","origin":[8.0,9.08,-16.96]},"faces":{"down":{"uv":[15.03125,11.5,15.0,11.53125],"rotation":0,"texture":"#0","tintindex":0},"east":{"uv":[11.0,14.25,11.03125,14.5],"rotation":0,"texture":"#0","tintindex":0},"north":{"uv":[14.25,10.75,14.28125,11.0],"rotation":0,"texture":"#0","tintindex":0},"south":{"uv":[14.25,11.0,14.28125,11.25],"rotation":0,"texture":"#0","tintindex":0},"up":{"uv":[11.53125,15.03125,11.5,15.0],"rotation":0,"texture":"#0","tintindex":0},"west":{"uv":[11.25,14.25,11.28125,14.5],"rotation":0,"texture":"#0","tintindex":0}}},{"name":"deco3","from":[10.700001,-12.501001,-2.8834414],"to":[11.24,-8.721001,-2.343442],"rotation":{"angle":-45.0,"axis":"x","origin":[8.0,9.08,-16.96]},"faces":{"down":{"uv":[15.03125,11.75,15.0,11.78125],"rotation":0,"texture":"#0","tintindex":0},"east":{"uv":[11.5,14.25,11.53125,14.5],"rotation":0,"texture":"#0","tintindex":0},"north":{"uv":[14.25,11.25,14.28125,11.5],"rotation":0,"texture":"#0","tintindex":0},"south":{"uv":[14.25,11.5,14.28125,11.75],"rotation":0,"texture":"#0","tintindex":0},"up":{"uv":[11.78125,15.03125,11.75,15.0],"rotation":0,"texture":"#0","tintindex":0},"west":{"uv":[11.75,14.25,11.78125,14.5],"rotation":0,"texture":"#0","tintindex":0}}},{"name":"deco4","from":[9.08,-12.501001,-2.8834414],"to":[9.62,-8.721001,-2.343442],"rotation":{"angle":-45.0,"axis":"x","origin":[8.0,9.08,-16.96]},"faces":{"down":{"uv":[15.03125,12.0,15.0,12.03125],"rotation":0,"texture":"#0","tintindex":0},"east":{"uv":[12.0,14.25,12.03125,14.5],"rotation":0,"texture":"#0","tintindex":0},"north":{"uv":[14.25,11.75,14.28125,12.0],"rotation":0,"texture":"#0","tintindex":0},"south":{"uv":[12.25,14.25,12.28125,14.5],"rotation":0,"texture":"#0","tintindex":0},"up":{"uv":[12.03125,15.03125,12.0,15.0],"rotation":0,"texture":"#0","tintindex":0},"west":{"uv":[12.5,14.25,12.53125,14.5],"rotation":0,"texture":"#0","tintindex":0}}},{"name":"deco5","from":[6.38,-12.501001,-2.8834414],"to":[6.92,-8.721001,-2.343442],"rotation":{"angle":-45.0,"axis":"x","origin":[8.0,9.08,-16.96]},"faces":{"down":{"uv":[15.03125,12.25,15.0,12.28125],"rotation":0,"texture":"#0","tintindex":0},"east":{"uv":[13.0,14.25,13.03125,14.5],"rotation":0,"texture":"#0","tintindex":0},"north":{"uv":[12.75,14.25,12.78125,14.5],"rotation":0,"texture":"#0","tintindex":0},"south":{"uv":[13.25,14.25,13.28125,14.5],"rotation":0,"texture":"#0","tintindex":0},"up":{"uv":[12.28125,15.03125,12.25,15.0],"rotation":0,"texture":"#0","tintindex":0},"west":{"uv":[14.25,13.25,14.28125,13.5],"rotation":0,"texture":"#0","tintindex":0}}},{"name":"deco6","from":[6.92,-14.120999,-1.263442],"to":[7.46,-10.341001,-0.72344184],"rotation":{"angle":-45.0,"axis":"x","origin":[8.0,9.08,-16.96]},"faces":{"down":{"uv":[15.03125,12.5,15.0,12.53125],"rotation":0,"texture":"#0","tintindex":0},"east":{"uv":[14.25,13.5,14.28125,13.75],"rotation":0,"texture":"#0","tintindex":0},"north":{"uv":[13.5,14.25,13.53125,14.5],"rotation":0,"texture":"#0","tintindex":0},"south":{"uv":[13.75,14.25,13.78125,14.5],"rotation":0,"texture":"#0","tintindex":0},"up":{"uv":[12.53125,15.03125,12.5,15.0],"rotation":0,"texture":"#0","tintindex":0},"west":{"uv":[14.25,13.75,14.28125,14.0],"rotation":0,"texture":"#0","tintindex":0}}},{"name":"deco7","from":[8.54,-14.120999,-1.263442],"to":[9.08,-10.341001,-0.72344184],"rotation":{"angle":-45.0,"axis":"x","origin":[8.0,9.08,-16.96]},"faces":{"down":{"uv":[15.03125,12.75,15.0,12.78125],"rotation":0,"texture":"#0","tintindex":0},"east":{"uv":[14.25,14.0,14.28125,14.25],"rotation":0,"texture":"#0","tintindex":0},"north":{"uv":[14.0,14.25,14.03125,14.5],"rotation":0,"texture":"#0","tintindex":0},"south":{"uv":[14.25,14.25,14.28125,14.5],"rotation":0,"texture":"#0","tintindex":0},"up":{"uv":[12.78125,15.03125,12.75,15.0],"rotation":0,"texture":"#0","tintindex":0},"west":{"uv":[0.0,14.5,0.03125,14.75],"rotation":0,"texture":"#0","tintindex":0}}},{"name":"deco8","from":[9.62,-14.120999,0.35655832],"to":[10.16,-11.421,0.89655805],"rotation":{"angle":-45.0,"axis":"x","origin":[8.0,9.08,-16.96]},"faces":{"down":{"uv":[15.03125,13.0,15.0,13.03125],"rotation":0,"texture":"#0","tintindex":0},"east":{"uv":[14.75,11.0,14.78125,11.1875],"rotation":0,"texture":"#0","tintindex":0},"north":{"uv":[11.0,14.75,11.03125,14.9375],"rotation":0,"texture":"#0","tintindex":0},"south":{"uv":[11.25,14.75,11.28125,14.9375],"rotation":0,"texture":"#0","tintindex":0},"up":{"uv":[13.03125,15.03125,13.0,15.0],"rotation":0,"texture":"#0","tintindex":0},"west":{"uv":[14.75,11.25,14.78125,11.4375],"rotation":0,"texture":"#0","tintindex":0}}},{"name":"deco9","from":[5.84,-14.120999,0.35655832],"to":[6.38,-11.421,0.89655805],"rotation":{"angle":-45.0,"axis":"x","origin":[8.0,9.08,-16.96]},"faces":{"down":{"uv":[15.03125,13.25,15.0,13.28125],"rotation":0,"texture":"#0","tintindex":0},"east":{"uv":[14.75,11.5,14.78125,11.6875],"rotation":0,"texture":"#0","tintindex":0},"north":{"uv":[11.5,14.75,11.53125,14.9375],"rotation":0,"texture":"#0","tintindex":0},"south":{"uv":[11.75,14.75,11.78125,14.9375],"rotation":0,"texture":"#0","tintindex":0},"up":{"uv":[13.28125,15.03125,13.25,15.0],"rotation":0,"texture":"#0","tintindex":0},"west":{"uv":[14.75,11.75,14.78125,11.9375],"rotation":0,"texture":"#0","tintindex":0}}},{"name":"deco10","from":[4.22,-14.661,0.89655805],"to":[4.7599998,-11.961,1.4365579],"rotation":{"angle":-45.0,"axis":"x","origin":[8.0,9.08,-16.96]},"faces":{"down":{"uv":[15.03125,13.5,15.0,13.53125],"rotation":0,"texture":"#0","tintindex":0},"east":{"uv":[14.75,12.0,14.78125,12.1875],"rotation":0,"texture":"#0","tintindex":0},"north":{"uv":[12.0,14.75,12.03125,14.9375],"rotation":0,"texture":"#0","tintindex":0},"south":{"uv":[12.25,14.75,12.28125,14.9375],"rotation":0,"texture":"#0","tintindex":0},"up":{"uv":[13.53125,15.03125,13.5,15.0],"rotation":0,"texture":"#0","tintindex":0},"west":{"uv":[14.75,12.25,14.78125,12.4375],"rotation":0,"texture":"#0","tintindex":0}}},{"name":"deco11","from":[11.24,-14.661,0.89655805],"to":[11.780001,-11.961,1.4365579],"rotation":{"angle":-45.0,"axis":"x","origin":[8.0,9.08,-16.96]},"faces":{"down":{"uv":[15.03125,13.75,15.0,13.78125],"rotation":0,"texture":"#0","tintindex":0},"east":{"uv":[14.75,12.5,14.78125,12.6875],"rotation":0,"texture":"#0","tintindex":0},"north":{"uv":[12.5,14.75,12.53125,14.9375],"rotation":0,"texture":"#0","tintindex":0},"south":{"uv":[12.75,14.75,12.78125,14.9375],"rotation":0,"texture":"#0","tintindex":0},