{"file_name":"fangs","texture_size":[64,64],"textures":{"7f02e86f-2fe3-dd50-3f6a-9e36c2f08999":"modelengine:entity/benikuchinawa"},"elements":[{"name":"bigtooth0","from":[2.2327995,6.65506,8.138971],"to":[3.5935998,10.266581,9.780571],"rotation":{"angle":-22.5,"axis":"x","origin":[8.0,4.0803733,9.915219]},"faces":{"down":{"uv":[12.09375,14.0,12.0,14.125],"rotation":0,"texture":"#7f02e86f-2fe3-dd50-3f6a-9e36c2f08999","tintindex":0},"east":{"uv":[8.0,11.25,8.125,11.5],"rotation":0,"texture":"#7f02e86f-2fe3-dd50-3f6a-9e36c2f08999","tintindex":0},"north":{"uv":[13.75,12.5,13.84375,12.75],"rotation":0,"texture":"#7f02e86f-2fe3-dd50-3f6a-9e36c2f08999","tintindex":0},"south":{"uv":[13.75,13.0,13.84375,13.25],"rotation":0,"texture":"#7f02e86f-2fe3-dd50-3f6a-9e36c2f08999","tintindex":0},"up":{"uv":[14.09375,11.875,14.0,11.75],"rotation":0,"texture":"#7f02e86f-2fe3-dd50-3f6a-9e36c2f08999","tintindex":0},"west":{"uv":[10.5,11.5,10.625,11.75],"rotation":0,"texture":"#7f02e86f-2fe3-dd50-3f6a-9e36c2f08999","tintindex":0}}},{"name":"bigtooth1","from":[2.4487998,4.71106,8.354972],"to":[3.5935998,6.8105803,9.780571],"rotation":{"angle":-22.5,"axis":"x","origin":[8.0,4.0803733,9.915219]},"faces":{"down":{"uv":[0.34375,14.25,0.25,14.34375],"rotation":0,"texture":"#7f02e86f-2fe3-dd50-3f6a-9e36c2f08999","tintindex":0},"east":{"uv":[8.5,14.0,8.59375,14.15625],"rotation":0,"texture":"#7f02e86f-2fe3-dd50-3f6a-9e36c2f08999","tintindex":0},"north":{"uv":[14.0,8.25,14.09375,8.40625],"rotation":0,"texture":"#7f02e86f-2fe3-dd50-3f6a-9e36c2f08999","tintindex":0},"south":{"uv":[14.0,8.5,14.09375,8.65625],"rotation":0,"texture":"#7f02e86f-2fe3-dd50-3f6a-9e36c2f08999","tintindex":0},"up":{"uv":[0.09375,14.34375,0.0,14.25],"rotation":0,"texture":"#7f02e86f-2fe3-dd50-3f6a-9e36c2f08999","tintindex":0},"west":{"uv":[8.75,14.0,8.84375,14.15625],"rotation":0,"texture":"#7f02e86f-2fe3-dd50-3f6a-9e36c2f08999","tintindex":0}}},{"name":"bigtooth2","from":[2.6647997,3.367308,9.011647],"to":[3.3775997,5.250828,10.005247],"rotation":{"angle":-45.0,"axis":"x","origin":[8.0,4.0803733,9.915219]},"faces":{"down":{"uv":[15.0625,2.75,15.0,2.8125],"rotation":0,"texture":"#7f02e86f-2fe3-dd50-3f6a-9e36c2f08999","tintindex":0},"east":{"uv":[14.5,7.0,14.5625,7.125],"rotation":0,"texture":"#7f02e86f-2fe3-dd50-3f6a-9e36c2f08999","tintindex":0},"north":{"uv":[7.0,14.5,7.0625,14.625],"rotation":0,"texture":"#7f02e86f-2fe3-dd50-3f6a-9e36c2f08999","tintindex":0},"south":{"uv":[7.25,14.5,7.3125,14.625],"rotation":0,"texture":"#7f02e86f-2fe3-dd50-3f6a-9e36c2f08999","tintindex":0},"up":{"uv":[2.8125,15.0625,2.75,15.0],"rotation":0,"texture":"#7f02e86f-2fe3-dd50-3f6a-9e36c2f08999","tintindex":0},"west":{"uv":[14.5,7.25,14.5625,7.375],"rotation":0,"texture":"#7f02e86f-2fe3-dd50-3f6a-9e36c2f08999","tintindex":0}}},{"name":"bigtooth3","from":[2.8808,3.1437955,10.243895],"to":[3.1615996,3.9213958,11.539895],"rotation":{"angle":22.5,"axis":"x","origin":[8.0,4.0803733,9.915219]},"faces":{"down":{"uv":[15.03125,4.0,15.0,4.09375],"rotation":0,"texture":"#7f02e86f-2fe3-dd50-3f6a-9e36c2f08999","tintindex":0},"east":{"uv":[15.0,0.0,15.09375,0.0625],"rotation":0,"texture":"#7f02e86f-2fe3-dd50-3f6a-9e36c2f08999","tintindex":0},"north":{"uv":[5.75,15.0,5.78125,15.0625],"rotation":0,"texture":"#7f02e86f-2fe3-dd50-3f6a-9e36c2f08999","tintindex":0},"south":{"uv":[15.0,5.75,15.03125,5.8125],"rotation":0,"texture":"#7f02e86f-2fe3-dd50-3f6a-9e36c2f08999","tintindex":0},"up":{"uv":[4.03125,15.09375,4.0,15.0],"rotation":0,"texture":"#7f02e86f-2fe3-dd50-3f6a-9e36c2f08999","tintindex":0},"west":{"uv":[0.25,15.0,0.34375,15.0625],"rotation":0,"texture":"#7f02e86f-2fe3-dd50-3f6a-9e36c2f08999","tintindex":0}}},{"name":"bigtooth4","from":[12.8384,3.1437955,10.243895],"to":[13.1192,3.9213958,11.539895],"rotation":{"angle":22.5,"axis":"x","origin":[8.0,4.0803733,9.915219]},"faces":{"down":{"uv":[15.03125,4.25,15.0,4.34375],"rotation":0,"texture":"#7f02e86f-2fe3-dd50-3f6a-9e36c2f08999","tintindex":0},"east":{"uv":[15.0,0.25,15.09375,0.3125],"rotation":0,"texture":"#7f02e86f-2fe3-dd50-3f6a-9e36c2f08999","tintindex":0},"north":{"uv":[6.0,15.0,6.03125,15.0625],"rotation":0,"texture":"#7f02e86f-2fe3-dd50-3f6a-9e36c2f08999","tintindex":0},"south":{"uv":[15.0,6.0,15.03125,6.0625],"rotation":0,"texture":"#7f02e86f-2fe3-dd50-3f6a-9e36c2f08999","tintindex":0},"up":{"uv":[4.28125,15.09375,4.25,15.0],"rotation":0,"texture":"#7f02e86f-2fe3-dd50-3f6a-9e36c2f08999","tintindex":0},"west":{"uv":[0.5,15.0,0.59375,15.0625],"rotation":0,"texture":"#7f02e86f-2fe3-dd50-3f6a-9e36c2f08999","tintindex":0}}},{"name":"bigtooth3","from":[12.6224,3.367308,9.011647],"to":[13.3352,5.250828,10.005247],"rotation":{"angle":-45.0,"axis":"x","origin":[8.0,4.0803733,9.915219]},"faces":{"down":{"uv":[15.0625,3.0,15.0,3.0625],"rotation":0,"texture":"#7f02e86f-2fe3-dd50-3f6a-9e36c2f08999","tintindex":0},"east":{"uv":[14.5,7.5,14.5625,7.625],"rotation":0,"texture":"#7f02e86f-2fe3-dd50-3f6a-9e36c2f08999","tintindex":0},"north":{"uv":[7.5,14.5,7.5625,14.625],"rotation":0,"texture":"#7f02e86f-2fe3-dd50-3f6a-9e36c2f08999","tintindex":0},"south":{"uv":[7.75,14.5,7.8125,14.625],"rotation":0,"texture":"#7f02e86f-2fe3-dd50-3f6a-9e36c2f08999","tintindex":0},"up":{"uv":[3.0625,15.0625,3.0,15.0],"rotation":0,"texture":"#7f02e86f-2fe3-dd50-3f6a-9e36c2f08999","tintindex":0},"west":{"uv":[14.5,7.75,14.5625,7.875],"rotation":0,"texture":"#7f02e86f-2fe3-dd50-3f6a-9e36c2f08999","tintindex":0}}},{"name":"bigtooth2","from":[12.4064,4.71106,8.354972],"to":[13.5512,6.8105803,9.780571],"rotation":{"angle":-22.5,"axis":"x","origin":[8.0,4.0803733,9.915219]},"faces":{"down":{"uv":[14.34375,0.5,14.25,0.59375],"rotation":0,"texture":"#7f02e86f-2fe3-dd50-3f6a-9e36c2f08999","tintindex":0},"east":{"uv":[9.0,14.0,9.09375,14.15625],"rotation":0,"texture":"#7f02e86f-2fe3-dd50-3f6a-9e36c2f08999","tintindex":0},"north":{"uv":[14.0,8.75,14.09375,8.90625],"rotation":0,"texture":"#7f02e86f-2fe3-dd50-3f6a-9e36c2f08999","tintindex":0},"south":{"uv":[14.0,9.0,14.09375,9.15625],"rotation":0,"texture":"#7f02e86f-2fe3-dd50-3f6a-9e36c2f08999","tintindex":0},"up":{"uv":[0.59375,14.34375,0.5,14.25],"rotation":0,"texture":"#7f02e86f-2fe3-dd50-3f6a-9e36c2f08999","tintindex":0},"west":{"uv":[9.25,14.0,9.34375,14.15625],"rotation":0,"texture":"#7f02e86f-2fe3-dd50-3f6a-9e36c2f08999","tintindex":0}}},{"name":"bigtooth1","from":[12.4064,6.65506,8.138971],"to":[13.7671995,10.266581,9.780571],"rotation":{"angle":-22.5,"axis":"x","origin":[8.0,4.0803733,9.915219]},"faces":{"down":{"uv":[12.59375,14.0,12.5,14.125],"rotation":0,"texture":"#7f02e86f-2fe3-dd50-3f6a-9e36c2f08999","tintindex":0},"east":{"uv":[9.5,12.25,9.625,12.5],"rotation":0,"texture":"#7f02e86f-2fe3-dd50-3f6a-9e36c2f08999","tintindex":0},"north":{"uv":[13.25,13.75,13.34375,14.0],"rotation":0,"texture":"#7f02e86f-2fe3-dd50-3f6a-9e36c2f08999","tintindex":0},"south":{"uv":[13.5,13.75,13.59375,14.0],"rotation":0,"texture":"#7f02e86f-2fe3-dd50-3f6a-9e36c2f08999","tintindex":0},"up":{"uv":[12.34375,14.125,12.25,14.0],"rotation":0,"texture":"#7f02e86f-2fe3-dd50-3f6a-9e36c2f08999","tintindex":0},"west":{"uv":[8.0,12.5,8.125,12.75],"rotation":0,"texture":"#7f02e86f-2fe3-dd50-3f6a-9e36c2f08999","tintindex":0}}}],"display":{"head":{"translation":[0.0,-6.4,0.0],"rotation":[0.0,0.0,0.0],"scale":[3.8095,3.8095,3.8095]},"gui":{"translation":[0.0,0.0,0.0],"rotation":[35.0,225.0,0.0],"scale":[0.625,0.625,0.625]}}}