{"file_name":"head","texture_size":[64,64],"textures":{"7f02e86f-2fe3-dd50-3f6a-9e36c2f08999":"modelengine:entity/benikuchinawa"},"elements":[{"name":"head3","from":[0.30050755,6.9137106,-5.524289],"to":[7.326268,8.719472,10.183231],"rotation":{"angle":-45.0,"axis":"y","origin":[8.000742,2.3345113,-5.435174]},"faces":{"down":{"uv":[0.5,10.5,0.0,11.59375],"rotation":0,"texture":"#7f02e86f-2fe3-dd50-3f6a-9e36c2f08999","tintindex":0},"east":{"uv":[12.75,11.5,13.84375,11.625],"rotation":0,"texture":"#7f02e86f-2fe3-dd50-3f6a-9e36c2f08999","tintindex":0},"north":{"uv":[10.0,13.25,10.5,13.375],"rotation":0,"texture":"#7f02e86f-2fe3-dd50-3f6a-9e36c2f08999","tintindex":0},"south":{"uv":[10.5,13.25,11.0,13.375],"rotation":0,"texture":"#7f02e86f-2fe3-dd50-3f6a-9e36c2f08999","tintindex":0},"up":{"uv":[8.75,11.34375,8.25,10.25],"rotation":0,"texture":"#7f02e86f-2fe3-dd50-3f6a-9e36c2f08999","tintindex":0},"west":{"uv":[12.75,11.75,13.84375,11.875],"rotation":0,"texture":"#7f02e86f-2fe3-dd50-3f6a-9e36c2f08999","tintindex":0}}},{"name":"head0","from":[-0.06901884,6.9218497,-1.127595],"to":[16.070503,11.00425,12.903766],"rotation":{"angle":-22.5,"axis":"x","origin":[8.000742,2.3345113,-5.435174]},"faces":{"down":{"uv":[3.625,5.5,2.5,6.46875],"rotation":0,"texture":"#7f02e86f-2fe3-dd50-3f6a-9e36c2f08999","tintindex":0},"east":{"uv":[12.25,3.75,13.21875,4.03125],"rotation":0,"texture":"#7f02e86f-2fe3-dd50-3f6a-9e36c2f08999","tintindex":0},"north":{"uv":[11.75,9.5,12.875,9.78125],"rotation":0,"texture":"#7f02e86f-2fe3-dd50-3f6a-9e36c2f08999","tintindex":0},"south":{"uv":[11.75,10.0,12.875,10.28125],"rotation":0,"texture":"#7f02e86f-2fe3-dd50-3f6a-9e36c2f08999","tintindex":0},"up":{"uv":[6.625,2.21875,5.5,1.25],"rotation":0,"texture":"#7f02e86f-2fe3-dd50-3f6a-9e36c2f08999","tintindex":0},"west":{"uv":[12.25,4.25,13.21875,4.53125],"rotation":0,"texture":"#7f02e86f-2fe3-dd50-3f6a-9e36c2f08999","tintindex":0}}},{"name":"head1","from":[-3.2730193,3.1418495,4.8124056],"to":[-0.093498945,8.19625,12.147766],"rotation":{"angle":-22.5,"axis":"x","origin":[8.000742,2.3345113,-5.435174]},"faces":{"down":{"uv":[2.21875,8.75,2.0,9.25],"rotation":0,"texture":"#7f02e86f-2fe3-dd50-3f6a-9e36c2f08999","tintindex":0},"east":{"uv":[7.0,4.0,7.5,4.34375],"rotation":0,"texture":"#7f02e86f-2fe3-dd50-3f6a-9e36c2f08999","tintindex":0},"north":{"uv":[2.75,11.75,2.96875,12.09375],"rotation":0,"texture":"#7f02e86f-2fe3-dd50-3f6a-9e36c2f08999","tintindex":0},"south":{"uv":[13.25,4.0,13.46875,4.34375],"rotation":0,"texture":"#7f02e86f-2fe3-dd50-3f6a-9e36c2f08999","tintindex":0},"up":{"uv":[2.46875,6.5,2.25,6.0],"rotation":0,"texture":"#7f02e86f-2fe3-dd50-3f6a-9e36c2f08999","tintindex":0},"west":{"uv":[8.25,7.75,8.75,8.09375],"rotation":0,"texture":"#7f02e86f-2fe3-dd50-3f6a-9e36c2f08999","tintindex":0}}},{"name":"head2","from":[16.094982,3.1418495,4.8124056],"to":[19.274502,8.19625,12.147766],"rotation":{"angle":-22.5,"axis":"x","origin":[8.000742,2.3345113,-5.435174]},"faces":{"down":{"uv":[3.96875,11.5,3.75,12.0],"rotation":0,"texture":"#7f02e86f-2fe3-dd50-3f6a-9e36c2f08999","tintindex":0},"east":{"uv":[9.25,7.25,9.75,7.59375],"rotation":0,"texture":"#7f02e86f-2fe3-dd50-3f6a-9e36c2f08999","tintindex":0},"north":{"uv":[4.25,13.25,4.46875,13.59375],"rotation":0,"texture":"#7f02e86f-2fe3-dd50-3f6a-9e36c2f08999","tintindex":0},"south":{"uv":[4.5,13.25,4.71875,13.59375],"rotation":0,"texture":"#7f02e86f-2fe3-dd50-3f6a-9e36c2f08999","tintindex":0},"up":{"uv":[8.21875,11.25,8.0,10.75],"rotation":0,"texture":"#7f02e86f-2fe3-dd50-3f6a-9e36c2f08999","tintindex":0},"west":{"uv":[10.5,4.75,11.0,5.09375],"rotation":0,"texture":"#7f02e86f-2fe3-dd50-3f6a-9e36c2f08999","tintindex":0}}},{"name":"head1","from":[1.6166456,4.3891687,-12.548211],"to":[14.384837,9.141169,-10.41413],"rotation":{"angle":45.0,"axis":"x","origin":[8.000742,2.3345113,-5.435174]},"faces":{"down":{"uv":[9.875,12.75,9.0,12.90625],"rotation":0,"texture":"#7f02e86f-2fe3-dd50-3f6a-9e36c2f08999","tintindex":0},"east":{"uv":[13.5,5.5,13.65625,5.84375],"rotation":0,"texture":"#7f02e86f-2fe3-dd50-3f6a-9e36c2f08999","tintindex":0},"north":{"uv":[3.75,12.0,4.625,12.34375],"rotation":0,"texture":"#7f02e86f-2fe3-dd50-3f6a-9e36c2f08999","tintindex":0},"south":{"uv":[4.75,12.0,5.625,12.34375],"rotation":0,"texture":"#7f02e86f-2fe3-dd50-3f6a-9e36c2f08999","tintindex":0},"up":{"uv":[8.875,12.90625,8.0,12.75],"rotation":0,"texture":"#7f02e86f-2fe3-dd50-3f6a-9e36c2f08999","tintindex":0},"west":{"uv":[6.25,13.5,6.40625,13.84375],"rotation":0,"texture":"#7f02e86f-2fe3-dd50-3f6a-9e36c2f08999","tintindex":0}}},{"name":"head2","from":[2.1566453,7.785571,-8.805311],"to":[13.844838,10.459652,-3.1893091],"rotation":{"angle":-22.5,"axis":"x","origin":[8.000742,2.3345113,-5.435174]},"faces":{"down":{"uv":[12.8125,0.0,12.0,0.375],"rotation":0,"texture":"#7f02e86f-2fe3-dd50-3f6a-9e36c2f08999","tintindex":0},"east":{"uv":[13.25,7.25,13.625,7.4375],"rotation":0,"texture":"#7f02e86f-2fe3-dd50-3f6a-9e36c2f08999","tintindex":0},"north":{"uv":[4.0,12.75,4.8125,12.9375],"rotation":0,"texture":"#7f02e86f-2fe3-dd50-3f6a-9e36c2f08999","tintindex":0},"south":{"uv":[12.75,4.75,13.5625,4.9375],"rotation":0,"texture":"#7f02e86f-2fe3-dd50-3f6a-9e36c2f08999","tintindex":0},"up":{"uv":[11.3125,12.125,10.5,11.75],"rotation":0,"texture":"#7f02e86f-2fe3-dd50-3f6a-9e36c2f08999","tintindex":0},"west":{"uv":[13.25,7.5,13.625,7.6875],"rotation":0,"texture":"#7f02e86f-2fe3-dd50-3f6a-9e36c2f08999","tintindex":0}}},{"name":"head2","from":[7.911628,6.9137106,-13.135409],"to":[23.619148,8.719472,-6.1096478],"rotation":{"angle":-45.0,"axis":"y","origin":[8.000742,2.3345113,-5.435174]},"faces":{"down":{"uv":[11.59375,3.5,10.5,4.0],"rotation":0,"texture":"#7f02e86f-2fe3-dd50-3f6a-9e36c2f08999","tintindex":0},"east":{"uv":[13.25,7.75,13.75,7.875],"rotation":0,"texture":"#7f02e86f-2fe3-dd50-3f6a-9e36c2f08999","tintindex":0},"north":{"uv":[12.75,11.0,13.84375,11.125],"rotation":0,"texture":"#7f02e86f-2fe3-dd50-3f6a-9e36c2f08999","tintindex":0},"south":{"uv":[12.75,11.25,13.84375,11.375],"rotation":0,"texture":"#7f02e86f-2fe3-dd50-3f6a-9e36c2f08999","tintindex":0},"up":{"uv":[8.09375,10.75,7.0,10.25],"rotation":0,"texture":"#7f02e86f-2fe3-dd50-3f6a-9e36c2f08999","tintindex":0},"west":{"uv":[9.5,13.25,10.0,13.375],"rotation":0,"texture":"#7f02e86f-2fe3-dd50-3f6a-9e36c2f08999","tintindex":0}}},{"name":"head3","from":[1.9363837,6.6977115,-9.980333],"to":[13.971905,8.719472,-5.3665724],"rotation":{"angle":0.0,"axis":"x","origin":[8.000742,2.3345113,-5.435174]},"faces":{"down":{"uv":[13.09375,7.5,12.25,7.8125],"rotation":0,"texture":"#7f02e86f-2fe3-dd50-3f6a-9e36c2f08999","tintindex":0},"east":{"uv":[3.0,13.75,3.3125,13.875],"rotation":0,"texture":"#7f02e86f-2fe3-dd50-3f6a-9e36c2f08999","tintindex":0},"north":{"uv":[9.0,13.0,9.84375,13.125],"rotation":0,"texture":"#7f02e86f-2fe3-dd50-3f6a-9e36c2f08999","tintindex":0},"south":{"uv":[13.0,9.5,13.84375,9.625],"rotation":0,"texture":"#7f02e86f-2fe3-dd50-3f6a-9e36c2f08999","tintindex":0},"up":{"uv":[13.09375,7.3125,12.25,7.0],"rotation":0,"texture":"#7f02e86f-2fe3-dd50-3f6a-9e36c2f08999","tintindex":0},"west":{"uv":[13.75,5.75,14.0625,5.875],"rotation":0,"texture":"#7f02e86f-2fe3-dd50-3f6a-9e36c2f08999","tintindex":0}}},{"name":"head3","from":[13.959628,8.749712,-10.183409],"to":[23.619148,11.959472,-3.9496489],"rotation":{"angle":-45.0,"axis":"y","origin":[8.000742,2.3345113,-5.435174]},"faces":{"down":{"uv":[12.65625,6.25,12.0,6.6875],"rotation":0,"texture":"#7f02e86f-2fe3-dd50-3f6a-9e36c2f08999","tintindex":0},"east":{"uv":[5.5,2.25,5.9375,2.46875],"rotation":0,"texture":"#7f02e86f-2fe3-dd50-3f6a-9e36c2f08999","tintindex":0},"north":{"uv":[11.0,7.0,11.65625,7.21875],"rotation":0,"texture":"#7f02e86f-2fe3-dd50-3f6a-9e36c2f08999","tintindex":0},"south":{"uv":[12.75,5.25,13.40625,5.46875],"rotation":0,"texture":"#7f02e86f-2fe3-dd50-3f6a-9e36c2f08999","tintindex":0},"up":{"uv":[12.65625,6.1875,12.0,5.75],"rotation":0,"texture":"#7f02e86f-2fe3-dd50-3f6a-9e36c2f08999",