{"file_name":"left_wing","texture_size":[64,64],"textures":{"7f02e86f-2fe3-dd50-3f6a-9e36c2f08999":"modelengine:entity/benikuchinawa"},"elements":[{"name":"cube","from":[10.448383,6.608759,7.2363048],"to":[15.848384,7.14876,21.996307],"rotation":{"angle":-22.5,"axis":"y","origin":[16.86596,1.8803048,-7.5783234]},"faces":{"down":{"uv":[11.125,9.5,10.75,10.78125],"rotation":0,"texture":"#7f02e86f-2fe3-dd50-3f6a-9e36c2f08999","tintindex":0},"east":{"uv":[13.75,4.75,15.03125,4.78125],"rotation":0,"texture":"#7f02e86f-2fe3-dd50-3f6a-9e36c2f08999","tintindex":0},"north":{"uv":[14.0,13.0,14.375,13.03125],"rotation":0,"texture":"#7f02e86f-2fe3-dd50-3f6a-9e36c2f08999","tintindex":0},"south":{"uv":[13.25,14.0,13.625,14.03125],"rotation":0,"texture":"#7f02e86f-2fe3-dd50-3f6a-9e36c2f08999","tintindex":0},"up":{"uv":[9.625,12.03125,9.25,10.75],"rotation":0,"texture":"#7f02e86f-2fe3-dd50-3f6a-9e36c2f08999","tintindex":0},"west":{"uv":[13.75,5.5,15.03125,5.53125],"rotation":0,"texture":"#7f02e86f-2fe3-dd50-3f6a-9e36c2f08999","tintindex":0}}},{"name":"cube","from":[4.951796,7.14876,5.072883],"to":[18.451797,8.22876,21.596886],"rotation":{"angle":-22.5,"axis":"y","origin":[16.86596,1.8803048,-7.5783234]},"faces":{"down":{"uv":[0.9375,6.0,0.0,7.15625],"rotation":0,"texture":"#7f02e86f-2fe3-dd50-3f6a-9e36c2f08999","tintindex":0},"east":{"uv":[6.0,13.25,7.15625,13.3125],"rotation":0,"texture":"#7f02e86f-2fe3-dd50-3f6a-9e36c2f08999","tintindex":0},"north":{"uv":[1.75,13.5,2.6875,13.5625],"rotation":0,"texture":"#7f02e86f-2fe3-dd50-3f6a-9e36c2f08999","tintindex":0},"south":{"uv":[2.75,13.5,3.6875,13.5625],"rotation":0,"texture":"#7f02e86f-2fe3-dd50-3f6a-9e36c2f08999","tintindex":0},"up":{"uv":[6.6875,6.90625,5.75,5.75],"rotation":0,"texture":"#7f02e86f-2fe3-dd50-3f6a-9e36c2f08999","tintindex":0},"west":{"uv":[13.25,6.75,14.40625,6.8125],"rotation":0,"texture":"#7f02e86f-2fe3-dd50-3f6a-9e36c2f08999","tintindex":0}}},{"name":"cube","from":[-11.795728,6.788759,4.3265696],"to":[0.6242733,8.408759,15.882569],"rotation":{"angle":22.5,"axis":"y","origin":[16.86596,1.8803048,-7.5783234]},"faces":{"down":{"uv":[5.875,9.25,5.0,10.0625],"rotation":0,"texture":"#7f02e86f-2fe3-dd50-3f6a-9e36c2f08999","tintindex":0},"east":{"uv":[13.0,10.25,13.8125,10.375],"rotation":0,"texture":"#7f02e86f-2fe3-dd50-3f6a-9e36c2f08999","tintindex":0},"north":{"uv":[7.0,13.0,7.875,13.125],"rotation":0,"texture":"#7f02e86f-2fe3-dd50-3f6a-9e36c2f08999","tintindex":0},"south":{"uv":[8.0,13.0,8.875,13.125],"rotation":0,"texture":"#7f02e86f-2fe3-dd50-3f6a-9e36c2f08999","tintindex":0},"up":{"uv":[4.875,10.0625,4.0,9.25],"rotation":0,"texture":"#7f02e86f-2fe3-dd50-3f6a-9e36c2f08999","tintindex":0},"west":{"uv":[10.5,13.0,11.3125,13.125],"rotation":0,"texture":"#7f02e86f-2fe3-dd50-3f6a-9e36c2f08999","tintindex":0}}}],"display":{"head":{"translation":[0.0,-6.4,0.0],"rotation":[0.0,0.0,0.0],"scale":[3.8095,3.8095,3.8095]},"gui":{"translation":[0.0,0.0,0.0],"rotation":[35.0,225.0,0.0],"scale":[0.625,0.625,0.625]}}}