{"file_name":"mouth","texture_size":[64,64],"textures":{"7f02e86f-2fe3-dd50-3f6a-9e36c2f08999":"modelengine:entity/benikuchinawa"},"elements":[{"name":"teeth4","from":[2.1559038,14.954241,-16.0],"to":[13.844096,15.888224,-15.066017],"rotation":{"angle":0.0,"axis":"x","origin":[8.0,10.280001,-12.857919]},"faces":{"down":{"uv":[14.3125,12.0,13.5,12.0625],"rotation":0,"texture":"#7f02e86f-2fe3-dd50-3f6a-9e36c2f08999","tintindex":0},"east":{"uv":[15.0,2.0,15.0625,2.0625],"rotation":0,"texture":"#7f02e86f-2fe3-dd50-3f6a-9e36c2f08999","tintindex":0},"north":{"uv":[6.5,13.5,7.3125,13.5625],"rotation":0,"texture":"#7f02e86f-2fe3-dd50-3f6a-9e36c2f08999","tintindex":0},"south":{"uv":[9.5,13.5,10.3125,13.5625],"rotation":0,"texture":"#7f02e86f-2fe3-dd50-3f6a-9e36c2f08999","tintindex":0},"up":{"uv":[12.8125,13.5625,12.0,13.5],"rotation":0,"texture":"#7f02e86f-2fe3-dd50-3f6a-9e36c2f08999","tintindex":0},"west":{"uv":[2.25,15.0,2.3125,15.0625],"rotation":0,"texture":"#7f02e86f-2fe3-dd50-3f6a-9e36c2f08999","tintindex":0}}},{"name":"teeth5","from":[1.0330489,14.954241,-12.488257],"to":[1.9670334,15.780224,0.12009668],"rotation":{"angle":-22.5,"axis":"y","origin":[8.0,10.280001,-12.857919]},"faces":{"down":{"uv":[4.0625,13.5,4.0,14.375],"rotation":0,"texture":"#7f02e86f-2fe3-dd50-3f6a-9e36c2f08999","tintindex":0},"east":{"uv":[13.5,4.0,14.375,4.0625],"rotation":0,"texture":"#7f02e86f-2fe3-dd50-3f6a-9e36c2f08999","tintindex":0},"north":{"uv":[15.0,2.25,15.0625,2.3125],"rotation":0,"texture":"#7f02e86f-2fe3-dd50-3f6a-9e36c2f08999","tintindex":0},"south":{"uv":[2.5,15.0,2.5625,15.0625],"rotation":0,"texture":"#7f02e86f-2fe3-dd50-3f6a-9e36c2f08999","tintindex":0},"up":{"uv":[3.8125,14.375,3.75,13.5],"rotation":0,"texture":"#7f02e86f-2fe3-dd50-3f6a-9e36c2f08999","tintindex":0},"west":{"uv":[13.5,4.25,14.375,4.3125],"rotation":0,"texture":"#7f02e86f-2fe3-dd50-3f6a-9e36c2f08999","tintindex":0}}},{"name":"teeth6","from":[0.24616861,13.87424,-11.020968],"to":[1.1801529,15.780224,-2.192617],"rotation":{"angle":-45.0,"axis":"y","origin":[0.71316075,14.827231,-6.6067934]},"faces":{"down":{"uv":[6.5625,13.75,6.5,14.375],"rotation":0,"texture":"#7f02e86f-2fe3-dd50-3f6a-9e36c2f08999","tintindex":0},"east":{"uv":[13.25,1.5,13.875,1.625],"rotation":0,"texture":"#7f02e86f-2fe3-dd50-3f6a-9e36c2f08999","tintindex":0},"north":{"uv":[10.5,14.75,10.5625,14.875],"rotation":0,"texture":"#7f02e86f-2fe3-dd50-3f6a-9e36c2f08999","tintindex":0},"south":{"uv":[14.75,10.5,14.8125,10.625],"rotation":0,"texture":"#7f02e86f-2fe3-dd50-3f6a-9e36c2f08999","tintindex":0},"up":{"uv":[3.5625,14.375,3.5,13.75],"rotation":0,"texture":"#7f02e86f-2fe3-dd50-3f6a-9e36c2f08999","tintindex":0},"west":{"uv":[13.25,1.75,13.875,1.875],"rotation":0,"texture":"#7f02e86f-2fe3-dd50-3f6a-9e36c2f08999","tintindex":0}}},{"name":"teeth7","from":[14.819847,13.87424,-11.020968],"to":[15.753832,15.780224,-2.192617],"rotation":{"angle":45.0,"axis":"y","origin":[15.2868395,14.827231,-6.6067934]},"faces":{"down":{"uv":[7.0625,13.75,7.0,14.375],"rotation":0,"texture":"#7f02e86f-2fe3-dd50-3f6a-9e36c2f08999","tintindex":0},"east":{"uv":[13.25,2.0,13.875,2.125],"rotation":0,"texture":"#7f02e86f-2fe3-dd50-3f6a-9e36c2f08999","tintindex":0},"north":{"uv":[10.75,14.75,10.8125,14.875],"rotation":0,"texture":"#7f02e86f-2fe3-dd50-3f6a-9e36c2f08999","tintindex":0},"south":{"uv":[14.75,10.75,14.8125,10.875],"rotation":0,"texture":"#7f02e86f-2fe3-dd50-3f6a-9e36c2f08999","tintindex":0},"up":{"uv":[6.8125,14.375,6.75,13.75],"rotation":0,"texture":"#7f02e86f-2fe3-dd50-3f6a-9e36c2f08999","tintindex":0},"west":{"uv":[2.5,13.25,3.125,13.375],"rotation":0,"texture":"#7f02e86f-2fe3-dd50-3f6a-9e36c2f08999","tintindex":0}}},{"name":"teeth6","from":[14.032966,14.954241,-12.488257],"to":[14.96695,15.780224,0.12009668],"rotation":{"angle":22.5,"axis":"y","origin":[8.0,10.280001,-12.857919]},"faces":{"down":{"uv":[6.0625,13.5,6.0,14.375],"rotation":0,"texture":"#7f02e86f-2fe3-dd50-3f6a-9e36c2f08999","tintindex":0},"east":{"uv":[4.75,13.5,5.625,13.5625],"rotation":0,"texture":"#7f02e86f-2fe3-dd50-3f6a-9e36c2f08999","tintindex":0},"north":{"uv":[3.25,15.0,3.3125,15.0625],"rotation":0,"texture":"#7f02e86f-2fe3-dd50-3f6a-9e36c2f08999","tintindex":0},"south":{"uv":[15.0,3.25,15.0625,3.3125],"rotation":0,"texture":"#7f02e86f-2fe3-dd50-3f6a-9e36c2f08999","tintindex":0},"up":{"uv":[5.8125,14.375,5.75,13.5],"rotation":0,"texture":"#7f02e86f-2fe3-dd50-3f6a-9e36c2f08999","tintindex":0},"west":{"uv":[13.5,5.25,14.375,5.3125],"rotation":0,"texture":"#7f02e86f-2fe3-dd50-3f6a-9e36c2f08999","tintindex":0}}},{"name":"mouth0","from":[2.09024,12.56096,-15.788322],"to":[13.90976,14.954241,-1.0787201],"rotation":{"angle":0.0,"axis":"x","origin":[8.0,10.280001,-12.857919]},"faces":{"down":{"uv":[6.5625,8.0,5.75,9.03125],"rotation":0,"texture":"#7f02e86f-2fe3-dd50-3f6a-9e36c2f08999","tintindex":0},"east":{"uv":[6.75,12.5,7.78125,12.65625],"rotation":0,"texture":"#7f02e86f-2fe3-dd50-3f6a-9e36c2f08999","tintindex":0},"north":{"uv":[1.0,13.0,1.8125,13.15625],"rotation":0,"texture":"#7f02e86f-2fe3-dd50-3f6a-9e36c2f08999","tintindex":0},"south":{"uv":[2.0,13.0,2.8125,13.15625],"rotation":0,"texture":"#7f02e86f-2fe3-dd50-3f6a-9e36c2f08999","tintindex":0},"up":{"uv":[4.3125,9.03125,3.5,8.0],"rotation":0,"texture":"#7f02e86f-2fe3-dd50-3f6a-9e36c2f08999","tintindex":0},"west":{"uv":[12.5,10.5,13.53125,10.65625],"rotation":0,"texture":"#7f02e86f-2fe3-dd50-3f6a-9e36c2f08999","tintindex":0}}},{"name":"mouth1","from":[2.41856,5.584875,-11.831887],"to":[13.581439,13.140555,0.06107378],"rotation":{"angle":-22.5,"axis":"x","origin":[8.0,10.280001,-12.857919]},"faces":{"down":{"uv":[1.78125,9.75,1.0,10.5625],"rotation":0,"texture":"#7f02e86f-2fe3-dd50-3f6a-9e36c2f08999","tintindex":0},"east":{"uv":[2.0,11.0,2.8125,11.53125],"rotation":0,"texture":"#7f02e86f-2fe3-dd50-3f6a-9e36c2f08999","tintindex":0},"north":{"uv":[11.0,5.5,11.78125,6.03125],"rotation":0,"texture":"#7f02e86f-2fe3-dd50-3f6a-9e36c2f08999","tintindex":0},"south":{"uv":[11.0,6.25,11.78125,6.78125],"rotation":0,"texture":"#7f02e86f-2fe3-dd50-3f6a-9e36c2f08999","tintindex":0},"up":{"uv":[10.53125,1.5625,9.75,0.75],"rotation":0,"texture":"#7f02e86f-2fe3-dd50-3f6a-9e36c2f08999","tintindex":0},"west":{"uv":[11.0,4.75,11.8125,5.28125],"rotation":0,"texture":"#7f02e86f-2fe3-dd50-3f6a-9e36c2f08999","tintindex":0}}},{"name":"mouth2","from":[13.43456,6.664875,-9.671888],"to":[14.87744,12.600555,0.06107378],"rotation":{"angle":-22.5,"axis":"x","origin":[8.0,10.280001,-12.857919]},"faces":{"down":{"uv":[8.84375,13.25,8.75,13.9375],"rotation":0,"texture":"#7f02e86f-2fe3-dd50-3f6a-9e36c2f08999","tintindex":0},"east":{"uv":[9.75,12.0,10.4375,12.40625],"rotation":0,"texture":"#7f02e86f-2fe3-dd50-3f6a-9e36c2f08999","tintindex":0},"north":{"uv":[7.25,13.75,7.34375,14.15625],"rotation":0,"texture":"#7f02e86f-2fe3-dd50-3f6a-9e36c2f08999","tintindex":0},"south":{"uv":[13.75,7.25,13.84375,7.65625],"rotation":0,"texture":"#7f02e86f-2fe3-dd50-3f6a-9e36c2f08999","tintindex":0},"up":{"uv":[8.59375,13.9375,8.5,13.25],"rotation":0,"texture":"#7f02e86f-2fe3-dd50-3f6a-9e36c2f08999","tintindex":0},"west":{"uv":[11.5,12.0,12.1875,12.40625],"rotation":0,"texture":"#7f02e86f-2fe3-dd50-3f6a-9e36c2f08999","tintindex":0}}},{"name":"mouth3","from":[1.1225595,6.664875,-9.671888],"to":[2.5654397,12.600555,0.06107378],"rotation":{"angle":-22.5,"axis":"x","origin":[8.0,10.280001,-12.857919]},"faces":{"down":{"uv":[9.34375,13.25,9.25,13.9375],"rotation":0,"texture":"#7f02e86f-2fe3-dd50-3f6a-9e36c2f08999","tintindex":0},"east":{"uv":[1.5,12.25,2.1875,12.65625],"rotation":0,"texture":"#7f02e86f-2fe3-dd50-3f6a-9e36c2f08999","tintindex":0},"north":{"uv":[13.75,7.75,13.84375,8.15625],"rotation":0,"texture":"#7f02e86f-2fe3-dd50-3f6a-9e36c2f08999","tintindex":0},"south":{"uv":[8.0,13.75,8.09375,14.15625],"rotation":0,"texture":"#7f02e86f-2fe3-dd50-3f6a-9e36c2f08999","tintindex":0},"up":{"uv":[9.09375,13.9375,9.0,13.25],"rotation":0,"texture":"#7f02e86f-2fe3-dd50-3f6a-9e36c2f08999",