{"file_name":"segment_5","texture_size":[64,64],"textures":{"7f02e86f-2fe3-dd50-3f6a-9e36c2f08999":"modelengine:entity/benikuchinawa"},"elements":[{"name":"body5","from":[2.989923,1.1260386,7.642198],"to":[12.296931,13.89164,20.20908],"rotation":{"angle":0.0,"axis":"x","origin":[7.929451,3.283525,-55.109947]},"faces":{"down":{"uv":[10.90625,6.25,10.25,7.125],"rotation":0,"texture":"#7f02e86f-2fe3-dd50-3f6a-9e36c2f08999","tintindex":0},"east":{"uv":[0.0,8.5,0.875,9.375],"rotation":0,"texture":"#7f02e86f-2fe3-dd50-3f6a-9e36c2f08999","tintindex":0},"north":{"uv":[10.25,5.25,10.90625,6.125],"rotation":0,"texture":"#7f02e86f-2fe3-dd50-3f6a-9e36c2f08999","tintindex":0},"south":{"uv":[5.5,10.25,6.15625,11.125],"rotation":0,"texture":"#7f02e86f-2fe3-dd50-3f6a-9e36c2f08999","tintindex":0},"up":{"uv":[6.90625,11.125,6.25,10.25],"rotation":0,"texture":"#7f02e86f-2fe3-dd50-3f6a-9e36c2f08999","tintindex":0},"west":{"uv":[8.5,2.75,9.375,3.625],"rotation":0,"texture":"#7f02e86f-2fe3-dd50-3f6a-9e36c2f08999","tintindex":0}}},{"name":"body4","from":[0.8299227,1.6660389,9.082199],"to":[14.456931,12.811639,21.109081],"rotation":{"angle":0.0,"axis":"x","origin":[7.929451,3.283525,-55.109947]},"faces":{"down":{"uv":[8.6875,8.25,7.75,9.09375],"rotation":0,"texture":"#7f02e86f-2fe3-dd50-3f6a-9e36c2f08999","tintindex":0},"east":{"uv":[7.75,9.25,8.59375,10.03125],"rotation":0,"texture":"#7f02e86f-2fe3-dd50-3f6a-9e36c2f08999","tintindex":0},"north":{"uv":[8.75,7.75,9.6875,8.53125],"rotation":0,"texture":"#7f02e86f-2fe3-dd50-3f6a-9e36c2f08999","tintindex":0},"south":{"uv":[8.75,8.75,9.6875,9.53125],"rotation":0,"texture":"#7f02e86f-2fe3-dd50-3f6a-9e36c2f08999","tintindex":0},"up":{"uv":[9.1875,7.59375,8.25,6.75],"rotation":0,"texture":"#7f02e86f-2fe3-dd50-3f6a-9e36c2f08999","tintindex":0},"west":{"uv":[0.0,9.5,0.84375,10.28125],"rotation":0,"texture":"#7f02e86f-2fe3-dd50-3f6a-9e36c2f08999","tintindex":0}}},{"name":"body5","from":[-1.3300776,3.826039,9.082199],"to":[16.616932,10.65164,21.109081],"rotation":{"angle":0.0,"axis":"x","origin":[7.929451,3.283525,-55.109947]},"faces":{"down":{"uv":[7.5,4.5,6.25,5.34375],"rotation":0,"texture":"#7f02e86f-2fe3-dd50-3f6a-9e36c2f08999","tintindex":0},"east":{"uv":[10.75,3.0,11.59375,3.46875],"rotation":0,"texture":"#7f02e86f-2fe3-dd50-3f6a-9e36c2f08999","tintindex":0},"north":{"uv":[3.0,10.25,4.25,10.71875],"rotation":0,"texture":"#7f02e86f-2fe3-dd50-3f6a-9e36c2f08999","tintindex":0},"south":{"uv":[4.25,10.25,5.5,10.71875],"rotation":0,"texture":"#7f02e86f-2fe3-dd50-3f6a-9e36c2f08999","tintindex":0},"up":{"uv":[7.25,3.09375,6.0,2.25],"rotation":0,"texture":"#7f02e86f-2fe3-dd50-3f6a-9e36c2f08999","tintindex":0},"west":{"uv":[11.25,8.0,12.09375,8.46875],"rotation":0,"texture":"#7f02e86f-2fe3-dd50-3f6a-9e36c2f08999","tintindex":0}}}],"display":{"head":{"translation":[0.0,-6.4,0.0],"rotation":[0.0,0.0,0.0],"scale":[3.8095,3.8095,3.8095]},"gui":{"translation":[0.0,0.0,0.0],"rotation":[35.0,225.0,0.0],"scale":[0.625,0.625,0.625]}}}