{"file_name":"segment_8","texture_size":[64,64],"textures":{"7f02e86f-2fe3-dd50-3f6a-9e36c2f08999":"modelengine:entity/benikuchinawa"},"elements":[{"name":"body8","from":[5.4978757,3.8134322,6.0787888],"to":[10.052883,11.071033,14.649668],"rotation":{"angle":0.0,"axis":"x","origin":[8.086392,3.8252952,-89.75033]},"faces":{"down":{"uv":[0.8125,12.5,0.5,13.09375],"rotation":0,"texture":"#7f02e86f-2fe3-dd50-3f6a-9e36c2f08999","tintindex":0},"east":{"uv":[12.0,4.75,12.59375,5.25],"rotation":0,"texture":"#7f02e86f-2fe3-dd50-3f6a-9e36c2f08999","tintindex":0},"north":{"uv":[1.0,12.5,1.3125,13.0],"rotation":0,"texture":"#7f02e86f-2fe3-dd50-3f6a-9e36c2f08999","tintindex":0},"south":{"uv":[11.5,12.5,11.8125,13.0],"rotation":0,"texture":"#7f02e86f-2fe3-dd50-3f6a-9e36c2f08999","tintindex":0},"up":{"uv":[11.3125,12.84375,11.0,12.25],"rotation":0,"texture":"#7f02e86f-2fe3-dd50-3f6a-9e36c2f08999","tintindex":0},"west":{"uv":[12.0,5.25,12.59375,5.75],"rotation":0,"texture":"#7f02e86f-2fe3-dd50-3f6a-9e36c2f08999","tintindex":0}}},{"name":"body7","from":[3.8778753,4.8934326,7.51879],"to":[11.672884,9.991034,18.249668],"rotation":{"angle":0.0,"axis":"x","origin":[8.086392,3.8252952,-89.75033]},"faces":{"down":{"uv":[6.03125,11.25,5.5,12.0],"rotation":0,"texture":"#7f02e86f-2fe3-dd50-3f6a-9e36c2f08999","tintindex":0},"east":{"uv":[12.25,8.5,13.0,8.84375],"rotation":0,"texture":"#7f02e86f-2fe3-dd50-3f6a-9e36c2f08999","tintindex":0},"north":{"uv":[12.5,1.25,13.03125,1.59375],"rotation":0,"texture":"#7f02e86f-2fe3-dd50-3f6a-9e36c2f08999","tintindex":0},"south":{"uv":[12.5,1.75,13.03125,2.09375],"rotation":0,"texture":"#7f02e86f-2fe3-dd50-3f6a-9e36c2f08999","tintindex":0},"up":{"uv":[11.28125,11.75,10.75,11.0],"rotation":0,"texture":"#7f02e86f-2fe3-dd50-3f6a-9e36c2f08999","tintindex":0},"west":{"uv":[8.75,12.25,9.5,12.59375],"rotation":0,"texture":"#7f02e86f-2fe3-dd50-3f6a-9e36c2f08999","tintindex":0}}},{"name":"body8","from":[4.9578757,5.4334326,16.878794],"to":[10.592884,9.451033,25.449669],"rotation":{"angle":0.0,"axis":"x","origin":[8.086392,3.8252952,-89.75033]},"faces":{"down":{"uv":[10.90625,12.25,10.5,12.84375],"rotation":0,"texture":"#7f02e86f-2fe3-dd50-3f6a-9e36c2f08999","tintindex":0},"east":{"uv":[12.5,2.75,13.09375,3.03125],"rotation":0,"texture":"#7f02e86f-2fe3-dd50-3f6a-9e36c2f08999","tintindex":0},"north":{"uv":[0.0,12.75,0.40625,13.03125],"rotation":0,"texture":"#7f02e86f-2fe3-dd50-3f6a-9e36c2f08999","tintindex":0},"south":{"uv":[10.0,12.75,10.40625,13.03125],"rotation":0,"texture":"#7f02e86f-2fe3-dd50-3f6a-9e36c2f08999","tintindex":0},"up":{"uv":[6.65625,12.84375,6.25,12.25],"rotation":0,"texture":"#7f02e86f-2fe3-dd50-3f6a-9e36c2f08999","tintindex":0},"west":{"uv":[12.5,3.25,13.09375,3.53125],"rotation":0,"texture":"#7f02e86f-2fe3-dd50-3f6a-9e36c2f08999","tintindex":0}}},{"name":"body8","from":[2.7978756,5.9734325,7.1587906],"to":[12.752884,8.371033,14.649668],"rotation":{"angle":0.0,"axis":"x","origin":[8.086392,3.8252952,-89.75033]},"faces":{"down":{"uv":[12.4375,1.5,11.75,2.03125],"rotation":0,"texture":"#7f02e86f-2fe3-dd50-3f6a-9e36c2f08999","tintindex":0},"east":{"uv":[13.25,0.5,13.78125,0.65625],"rotation":0,"texture":"#7f02e86f-2fe3-dd50-3f6a-9e36c2f08999","tintindex":0},"north":{"uv":[13.0,8.0,13.6875,8.15625],"rotation":0,"texture":"#7f02e86f-2fe3-dd50-3f6a-9e36c2f08999","tintindex":0},"south":{"uv":[13.0,8.25,13.6875,8.40625],"rotation":0,"texture":"#7f02e86f-2fe3-dd50-3f6a-9e36c2f08999","tintindex":0},"up":{"uv":[12.4375,1.28125,11.75,0.75],"rotation":0,"texture":"#7f02e86f-2fe3-dd50-3f6a-9e36c2f08999","tintindex":0},"west":{"uv":[0.75,13.25,1.28125,13.40625],"rotation":0,"texture":"#7f02e86f-2fe3-dd50-3f6a-9e36c2f08999","tintindex":0}}}],"display":{"head":{"translation":[0.0,-6.4,0.0],"rotation":[0.0,0.0,0.0],"scale":[3.8095,3.8095,3.8095]},"gui":{"translation":[0.0,0.0,0.0],"rotation":[35.0,225.0,0.0],"scale":[0.625,0.625,0.625]}}}