{"file_name":"tongue","texture_size":[64,64],"textures":{"7f02e86f-2fe3-dd50-3f6a-9e36c2f08999":"modelengine:entity/benikuchinawa"},"elements":[{"name":"tongue","from":[5.04512,10.027351,-3.3130527],"to":[10.95488,11.748151,10.029989],"rotation":{"angle":-22.5,"axis":"x","origin":[8.0,12.470366,7.1809053]},"faces":{"down":{"uv":[12.15625,7.0,11.75,7.8125],"rotation":0,"texture":"#7f02e86f-2fe3-dd50-3f6a-9e36c2f08999","tintindex":0},"east":{"uv":[13.5,12.25,14.3125,12.3125],"rotation":0,"texture":"#7f02e86f-2fe3-dd50-3f6a-9e36c2f08999","tintindex":0},"north":{"uv":[12.0,13.75,12.40625,13.8125],"rotation":0,"texture":"#7f02e86f-2fe3-dd50-3f6a-9e36c2f08999","tintindex":0},"south":{"uv":[12.5,13.75,12.90625,13.8125],"rotation":0,"texture":"#7f02e86f-2fe3-dd50-3f6a-9e36c2f08999","tintindex":0},"up":{"uv":[0.40625,12.5625,0.0,11.75],"rotation":0,"texture":"#7f02e86f-2fe3-dd50-3f6a-9e36c2f08999","tintindex":0},"west":{"uv":[13.5,12.75,14.3125,12.8125],"rotation":0,"texture":"#7f02e86f-2fe3-dd50-3f6a-9e36c2f08999","tintindex":0}}}],"display":{"head":{"translation":[0.0,-6.4,0.0],"rotation":[0.0,0.0,0.0],"scale":[3.8095,3.8095,3.8095]},"gui":{"translation":[0.0,0.0,0.0],"rotation":[35.0,225.0,0.0],"scale":[0.625,0.625,0.625]}}}