{"textures":{"1":"mineinabyss:mobs/hammerbeak/wings_fly"},"elements":[{"from":[9.242057,6.6196113,6.117303],"to":[9.869623,8.188526,7.6862173],"rotation":{"angle":0.0,"axis":"y","origin":[2.7702851,5.782857,2.7702851]},"faces":{"east":{"uv":[0.3125,4.125,0.1875,4.25],"rotation":0,"texture":"#1","tintindex":0},"south":{"uv":[0.375,4.125,0.3125,4.25],"rotation":0,"texture":"#1","tintindex":0},"north":{"uv":[0.1875,4.125,0.125,4.25],"rotation":0,"texture":"#1","tintindex":0},"west":{"uv":[0.125,4.125,0.0,4.25],"rotation":0,"texture":"#1","tintindex":0},"up":{"uv":[0.125,4.125,0.1875,4.0],"rotation":0,"texture":"#1","tintindex":0},"down":{"uv":[0.1875,4.0,0.25,4.125],"rotation":0,"texture":"#1","tintindex":0}}},{"from":[9.869623,6.9333944,5.80352],"to":[14.576366,7.874743,6.7448683],"rotation":{"angle":0.0,"axis":"y","origin":[2.7702851,5.782857,2.7702851]},"faces":{"east":{"uv":[1.5625,5.1875,1.5,5.25],"rotation":0,"texture":"#1","tintindex":0},"south":{"uv":[2.0,5.1875,1.5625,5.25],"rotation":0,"texture":"#1","tintindex":0},"north":{"uv":[1.5,5.1875,1.0625,5.25],"rotation":0,"texture":"#1","tintindex":0},"west":{"uv":[1.0625,5.1875,1.0,5.25],"rotation":0,"texture":"#1","tintindex":0},"up":{"uv":[1.0625,5.1875,1.5,5.125],"rotation":0,"texture":"#1","tintindex":0},"down":{"uv":[1.5,5.125,1.9375,5.1875],"rotation":0,"texture":"#1","tintindex":0}}},{"from":[-5.3163958,5.466198,6.1957483],"to":[1.2730441,5.5446434,11.216274],"rotation":{"angle":-22.5,"axis":"z","origin":[6.450462,6.3291006,7.7646627]},"faces":{"east":{"uv":[0.0,4.5,0.5,4.5625],"rotation":0,"texture":"#1","tintindex":0},"south":{"uv":[1.625,4.5,2.25,4.5625],"rotation":0,"texture":"#1","tintindex":0},"north":{"uv":[0.5,4.5,1.125,4.5625],"rotation":0,"texture":"#1","tintindex":0},"west":{"uv":[1.125,4.5,1.625,4.5625],"rotation":0,"texture":"#1","tintindex":0},"up":{"uv":[1.125,4.5,0.5,4.0],"rotation":0,"texture":"#1","tintindex":0},"down":{"uv":[1.125,4.03125,0.5,4.53125],"rotation":0,"texture":"#1","tintindex":0}}},{"from":[1.018331,7.4825144,6.038857],"to":[6.5095315,7.6394057,11.530057],"rotation":{"angle":0.0,"axis":"y","origin":[2.7702851,5.782857,2.7702851]},"faces":{"east":{"uv":[0.0,5.0625,0.5,5.125],"rotation":0,"texture":"#1","tintindex":0},"south":{"uv":[1.5,5.0625,2.0,5.125],"rotation":0,"texture":"#1","tintindex":0},"north":{"uv":[0.5,5.0625,1.0,5.125],"rotation":0,"texture":"#1","tintindex":0},"west":{"uv":[1.0,5.0625,1.5,5.125],"rotation":0,"texture":"#1","tintindex":0},"up":{"uv":[1.0,5.0625,0.5,4.5625],"rotation":0,"texture":"#1","tintindex":0},"down":{"uv":[1.0,4.5625,0.5,5.0625],"rotation":0,"texture":"#1","tintindex":0}}},{"from":[-3.4336987,4.838632,6.1957483],"to":[1.2730441,5.7799807,7.1370974],"rotation":{"angle":-22.5,"axis":"z","origin":[6.450462,6.3291006,7.7646627]},"faces":{"east":{"uv":[0.0,5.1875,0.0625,5.25],"rotation":0,"texture":"#1","tintindex":0},"south":{"uv":[0.5625,5.1875,1.0,5.25],"rotation":0,"texture":"#1","tintindex":0},"north":{"uv":[0.0625,5.1875,0.5,5.25],"rotation":0,"texture":"#1","tintindex":0},"west":{"uv":[0.5,5.1875,0.5625,5.25],"rotation":0,"texture":"#1","tintindex":0},"up":{"uv":[0.5,5.1875,0.0625,5.125],"rotation":0,"texture":"#1","tintindex":0},"down":{"uv":[0.9375,5.125,0.5,5.1875],"rotation":0,"texture":"#1","tintindex":0}}},{"from":[9.163611,7.4825144,6.038857],"to":[14.654812,7.6394057,11.530057],"rotation":{"angle":0.0,"axis":"y","origin":[2.7702851,5.782857,2.7702851]},"faces":{"east":{"uv":[1.5,5.0625,1.0,5.125],"rotation":0,"texture":"#1","tintindex":0},"south":{"uv":[2.0,5.0625,1.5,5.125],"rotation":0,"texture":"#1","tintindex":0},"north":{"uv":[1.0,5.0625,0.5,5.125],"rotation":0,"texture":"#1","tintindex":0},"west":{"uv":[0.5,5.0625,0.0,5.125],"rotation":0,"texture":"#1","tintindex":0},"up":{"uv":[0.5,5.0625,1.0,4.5625],"rotation":0,"texture":"#1","tintindex":0},"down":{"uv":[0.5,4.5625,1.0,5.0625],"rotation":0,"texture":"#1","tintindex":0}}},{"from":[5.80352,6.6196113,6.117303],"to":[6.4310856,8.188526,7.6862173],"rotation":{"angle":0.0,"axis":"y","origin":[2.7702851,5.782857,2.7702851]},"faces":{"east":{"uv":[0.0,4.125,0.125,4.25],"rotation":0,"texture":"#1","tintindex":0},"south":{"uv":[0.3125,4.125,0.375,4.25],"rotation":0,"texture":"#1","tintindex":0},"north":{"uv":[0.125,4.125,0.1875,4.25],"rotation":0,"texture":"#1","tintindex":0},"west":{"uv":[0.1875,4.125,0.3125,4.25],"rotation":0,"texture":"#1","tintindex":0},"up":{"uv":[0.1875,4.125,0.125,4.0],"rotation":0,"texture":"#1","tintindex":0},"down":{"uv":[0.25,4.0,0.1875,4.125],"rotation":0,"texture":"#1","tintindex":0}}},{"from":[14.400099,4.838632,6.1957483],"to":[19.106842,5.7799807,7.1370974],"rotation":{"angle":22.5,"axis":"z","origin":[9.222681,6.3291006,7.7646627]},"faces":{"east":{"uv":[0.5625,5.1875,0.5,5.25],"rotation":0,"texture":"#1","tintindex":0},"south":{"uv":[1.0,5.1875,0.5625,5.25],"rotation":0,"texture":"#1","tintindex":0},"north":{"uv":[0.5,5.1875,0.0625,5.25],"rotation":0,"texture":"#1","tintindex":0},"west":{"uv":[0.0625,5.1875,0.0,5.25],"rotation":0,"texture":"#1","tintindex":0},"up":{"uv":[0.0625,5.1875,0.5,5.125],"rotation":0,"texture":"#1","tintindex":0},"down":{"uv":[0.5,5.125,0.9375,5.1875],"rotation":0,"texture":"#1","tintindex":0}}},{"from":[14.400099,5.466198,6.1957483],"to":[20.989538,5.5446434,11.216274],"rotation":{"angle":22.5,"axis":"z","origin":[9.222681,6.3291006,7.7646627]},"faces":{"east":{"uv":[1.625,4.5,1.125,4.5625],"rotation":0,"texture":"#1","tintindex":0},"south":{"uv":[2.25,4.5,1.625,4.5625],"rotation":0,"texture":"#1","tintindex":0},"north":{"uv":[1.125,4.5,0.5,4.5625],"rotation":0,"texture":"#1","tintindex":0},"west":{"uv":[0.5,4.5,0.0,4.5625],"rotation":0,"texture":"#1","tintindex":0},"up":{"uv":[0.5,4.5,1.125,4.0],"rotation":0,"texture":"#1","tintindex":0},"down":{"uv":[0.5,4.03125,1.125,4.53125],"rotation":0,"texture":"#1","tintindex":0}}},{"from":[1.096777,6.9333944,5.80352],"to":[5.80352,7.874743,6.7448683],"rotation":{"angle":0.0,"axis":"y","origin":[2.7702851,5.782857,2.7702851]},"faces":{"east":{"uv":[1.0,5.1875,1.0625,5.25],"rotation":0,"texture":"#1","tintindex":0},"south":{"uv":[1.5625,5.1875,2.0,5.25],"rotation":0,"texture":"#1","tintindex":0},"north":{"uv":[1.0625,5.1875,1.5,5.25],"rotation":0,"texture":"#1","tintindex":0},"west":{"uv":[1.5,5.1875,1.5625,5.25],"rotation":0,"texture":"#1","tintindex":0},"up":{"uv":[1.5,5.1875,1.0625,5.125],"rotation":0,"texture":"#1","tintindex":0},"down":{"uv":[1.9375,5.125,1.5,5.1875],"rotation":0,"texture":"#1","tintindex":0}}}],"display":{"head":{"translation":[0.0,-6.4,0.0],"scale":[4.0,4.0,4.0]}}}