{"textures":{"3":"mineinabyss:mobs/dosetori/wing"},"elements":[{"from":[8.994286,3.9542856,4.8571424],"to":[15.531429,4.047143,11.394286],"rotation":{"angle":0.0,"axis":"y","origin":[7.6571426,4.028571,7.8285713]},"faces":{"east":{"uv":[12.125,12.0,10.75,12.125],"rotation":0,"texture":"#3","tintindex":0},"south":{"uv":[13.5,12.0,12.125,12.125],"rotation":0,"texture":"#3","tintindex":0},"north":{"uv":[10.75,12.0,9.375,12.125],"rotation":0,"texture":"#3","tintindex":0},"west":{"uv":[9.375,12.0,8.0,12.125],"rotation":0,"texture":"#3","tintindex":0},"up":{"uv":[9.375,12.0,10.75,10.625],"rotation":0,"texture":"#3","tintindex":0},"down":{"uv":[9.375,10.625,10.75,12.0],"rotation":0,"texture":"#3","tintindex":0}}},{"from":[-9.106483,-0.027881622,3.965714],"to":[-3.7579126,1.7549753,5.1542854],"rotation":{"angle":-22.5,"axis":"z","origin":[7.6571426,4.028571,7.8285713]},"faces":{"east":{"uv":[12.125,10.875,12.375,11.25],"rotation":0,"texture":"#3","tintindex":0},"south":{"uv":[13.75,10.875,14.875,11.25],"rotation":0,"texture":"#3","tintindex":0},"north":{"uv":[12.375,10.875,13.5,11.25],"rotation":0,"texture":"#3","tintindex":0},"west":{"uv":[13.5,10.875,13.75,11.25],"rotation":0,"texture":"#3","tintindex":0},"up":{"uv":[13.5,10.875,12.375,10.625],"rotation":0,"texture":"#3","tintindex":0},"down":{"uv":[14.625,10.625,13.5,10.875],"rotation":0,"texture":"#3","tintindex":0}}},{"from":[14.615055,0.2692604,4.262857],"to":[20.855055,1.4578319,5.4514284],"rotation":{"angle":22.5,"axis":"z","origin":[7.6571426,4.028571,7.8285713]},"faces":{"east":{"uv":[9.75,12.375,9.5,12.625],"rotation":0,"texture":"#3","tintindex":0},"south":{"uv":[11.0,12.375,9.75,12.625],"rotation":0,"texture":"#3","tintindex":0},"north":{"uv":[9.5,12.375,8.25,12.625],"rotation":0,"texture":"#3","tintindex":0},"west":{"uv":[8.25,12.375,8.0,12.625],"rotation":0,"texture":"#3","tintindex":0},"up":{"uv":[8.25,12.375,9.5,12.125],"rotation":0,"texture":"#3","tintindex":0},"down":{"uv":[9.5,12.125,10.75,12.375],"rotation":0,"texture":"#3","tintindex":0}}},{"from":[-5.5407696,0.2692604,4.262857],"to":[0.6992302,1.4578319,5.4514284],"rotation":{"angle":-22.5,"axis":"z","origin":[7.6571426,4.028571,7.8285713]},"faces":{"east":{"uv":[8.0,12.375,8.25,12.625],"rotation":0,"texture":"#3","tintindex":0},"south":{"uv":[9.75,12.375,11.0,12.625],"rotation":0,"texture":"#3","tintindex":0},"north":{"uv":[8.25,12.375,9.5,12.625],"rotation":0,"texture":"#3","tintindex":0},"west":{"uv":[9.5,12.375,9.75,12.625],"rotation":0,"texture":"#3","tintindex":0},"up":{"uv":[9.5,12.375,8.25,12.125],"rotation":0,"texture":"#3","tintindex":0},"down":{"uv":[10.75,12.125,9.5,12.375],"rotation":0,"texture":"#3","tintindex":0}}},{"from":[-8.5121975,0.8635464,4.8571424],"to":[0.6992302,0.95640373,11.394286],"rotation":{"angle":-22.5,"axis":"z","origin":[7.6571426,4.028571,7.8285713]},"faces":{"east":{"uv":[8.0,9.375,9.375,9.5],"rotation":0,"texture":"#3","tintindex":0},"south":{"uv":[12.625,9.375,14.5,9.5],"rotation":0,"texture":"#3","tintindex":0},"north":{"uv":[9.375,9.375,11.25,9.5],"rotation":0,"texture":"#3","tintindex":0},"west":{"uv":[11.25,9.375,12.625,9.5],"rotation":0,"texture":"#3","tintindex":0},"up":{"uv":[11.25,9.375,9.375,8.0],"rotation":0,"texture":"#3","tintindex":0},"down":{"uv":[11.25,8.0,9.375,9.375],"rotation":0,"texture":"#3","tintindex":0}}},{"from":[-0.21714306,3.9542856,4.8571424],"to":[6.3199997,4.047143,11.394286],"rotation":{"angle":0.0,"axis":"y","origin":[7.6571426,4.028571,7.8285713]},"faces":{"east":{"uv":[8.0,4.0,9.375,4.125],"rotation":0,"texture":"#3","tintindex":0},"south":{"uv":[12.125,4.0,13.5,4.125],"rotation":0,"texture":"#3","tintindex":0},"north":{"uv":[9.375,4.0,10.75,4.125],"rotation":0,"texture":"#3","tintindex":0},"west":{"uv":[10.75,4.0,12.125,4.125],"rotation":0,"texture":"#3","tintindex":0},"up":{"uv":[10.75,4.0,9.375,2.625],"rotation":0,"texture":"#3","tintindex":0},"down":{"uv":[10.75,2.625,9.375,4.0],"rotation":0,"texture":"#3","tintindex":0}}},{"from":[-0.21714306,3.9542856,4.8571424],"to":[6.3199997,4.047143,11.394286],"rotation":{"angle":0.0,"axis":"y","origin":[7.6571426,4.028571,7.8285713]},"faces":{"east":{"uv":[8.0,12.0,9.375,12.125],"rotation":0,"texture":"#3","tintindex":0},"south":{"uv":[12.125,12.0,13.5,12.125],"rotation":0,"texture":"#3","tintindex":0},"north":{"uv":[9.375,12.0,10.75,12.125],"rotation":0,"texture":"#3","tintindex":0},"west":{"uv":[10.75,12.0,12.125,12.125],"rotation":0,"texture":"#3","tintindex":0},"up":{"uv":[10.75,12.0,9.375,10.625],"rotation":0,"texture":"#3","tintindex":0},"down":{"uv":[10.75,10.625,9.375,12.0],"rotation":0,"texture":"#3","tintindex":0}}},{"from":[19.072199,-0.027881622,3.965714],"to":[24.420769,1.7549753,5.1542854],"rotation":{"angle":22.5,"axis":"z","origin":[7.6571426,4.028571,7.8285713]},"faces":{"east":{"uv":[13.75,10.875,13.5,11.25],"rotation":0,"texture":"#3","tintindex":0},"south":{"uv":[14.875,10.875,13.75,11.25],"rotation":0,"texture":"#3","tintindex":0},"north":{"uv":[13.5,10.875,12.375,11.25],"rotation":0,"texture":"#3","tintindex":0},"west":{"uv":[12.375,10.875,12.125,11.25],"rotation":0,"texture":"#3","tintindex":0},"up":{"uv":[12.375,10.875,13.5,10.625],"rotation":0,"texture":"#3","tintindex":0},"down":{"uv":[13.5,10.625,14.625,10.875],"rotation":0,"texture":"#3","tintindex":0}}},{"from":[-0.21714306,3.3599997,4.262857],"to":[6.022857,4.5485716,5.4514284],"rotation":{"angle":0.0,"axis":"y","origin":[7.6571426,4.028571,7.8285713]},"faces":{"east":{"uv":[11.0,12.375,11.25,12.625],"rotation":0,"texture":"#3","tintindex":0},"south":{"uv":[12.75,12.375,14.0,12.625],"rotation":0,"texture":"#3","tintindex":0},"north":{"uv":[11.25,12.375,12.5,12.625],"rotation":0,"texture":"#3","tintindex":0},"west":{"uv":[12.5,12.375,12.75,12.625],"rotation":0,"texture":"#3","tintindex":0},"up":{"uv":[12.5,12.375,11.25,12.125],"rotation":0,"texture":"#3","tintindex":0},"down":{"uv":[13.75,12.125,12.5,12.375],"rotation":0,"texture":"#3","tintindex":0}}},{"from":[9.291429,3.3599997,4.262857],"to":[15.531429,4.5485716,5.4514284],"rotation":{"angle":0.0,"axis":"y","origin":[7.6571426,4.028571,7.8285713]},"faces":{"east":{"uv":[12.75,12.375,12.5,12.625],"rotation":0,"texture":"#3","tintindex":0},"south":{"uv":[14.0,12.375,12.75,12.625],"rotation":0,"texture":"#3","tintindex":0},"north":{"uv":[12.5,12.375,11.25,12.625],"rotation":0,"texture":"#3","tintindex":0},"west":{"uv":[11.25,12.375,11.0,12.625],"rotation":0,"texture":"#3","tintindex":0},"up":{"uv":[11.25,12.375,12.5,12.125],"rotation":0,"texture":"#3","tintindex":0},"down":{"uv":[12.5,12.125,13.75,12.375],"rotation":0,"texture":"#3","tintindex":0}}},{"from":[14.615055,0.8635464,4.8571424],"to":[23.826485,0.95640373,11.394286],"rotation":{"angle":22.5,"axis":"z","origin":[7.6571426,4.028571,7.8285713]},"faces":{"east":{"uv":[12.625,9.375,11.25,9.5],"rotation":0,"texture":"#3","tintindex":0},"south":{"uv":[14.5,9.375,12.625,9.5],"rotation":0,"texture":"#3","tintindex":0},"north":{"uv":[11.25,9.375,9.375,9.5],"rotation":0,"texture":"#3","tintindex":0},"west":{"uv":[9.375,9.375,8.0,9.5],"rotation":0,"texture":"#3","tintindex":0},"up":{"uv":[9.375,9.375,11.25,8.0],"rotation":0,"texture":"#3","tintindex":0},"down":{"uv":[9.375,8.0,11.25,9.375],"rotation":0,"texture":"#3","tintindex":0}}},{"from":[-0.21714306,3.3599997,4.262857],"to":[6.022857,4.5485716,5.4514284],"rotation":{"angle":0.0,"axis":"y","origin":[7.6571426,4.028571,7.8285713]},"faces":{"east":{"uv":[11.0,4.375,11.25,4.625],"rotation":0,"texture":"#3","tintindex":0},"south":{"uv":[12.75,4.375,14.0,4.625],"rotation":0,"texture":"#3","tintindex":0},"north":{"uv":[11.25,4.375,12.5,4.625],"rotation":0,"texture":"#3","tintindex":0},"west":{"uv":[12.5,4.375,12.75,4.625],"rotation":0,"texture":"#3","tintindex":0},"up":{"uv":[12.5,4.375,11.25,4.125],"rotation":0,"texture":"#3","tintindex":0},"down":{"uv":[13.75,4.125,12.5,4.375],"rotation":0,"texture":"#3","tintindex":0}}}],"display":{"head":{"translation":[0.0,-6.4,0.0],"scale":[4.0,4.0,4.0]}}}