{"textures":{"3":"mineinabyss:entity/mobs/dosetori/wing"},"elements":[{"from":[18.843626,6.8006897,4.1371427],"to":[24.192198,8.583547,5.325714],"rotation":{"angle":0.0,"axis":"y","origin":[7.428571,8.0,8.0]},"faces":{"east":{"uv":[13.75,10.875,13.5,11.25],"rotation":0,"texture":"#3","tintindex":0},"south":{"uv":[14.875,10.875,13.75,11.25],"rotation":0,"texture":"#3","tintindex":0},"north":{"uv":[13.5,10.875,12.375,11.25],"rotation":0,"texture":"#3","tintindex":0},"west":{"uv":[12.375,10.875,12.125,11.25],"rotation":0,"texture":"#3","tintindex":0},"up":{"uv":[12.375,10.875,13.5,10.625],"rotation":0,"texture":"#3","tintindex":0},"down":{"uv":[13.5,10.625,14.625,10.875],"rotation":0,"texture":"#3","tintindex":0}}},{"from":[14.386484,7.0978327,4.4342856],"to":[20.626484,8.286404,5.622857],"rotation":{"angle":0.0,"axis":"y","origin":[7.428571,8.0,8.0]},"faces":{"east":{"uv":[9.75,12.375,9.5,12.625],"rotation":0,"texture":"#3","tintindex":0},"south":{"uv":[11.0,12.375,9.75,12.625],"rotation":0,"texture":"#3","tintindex":0},"north":{"uv":[9.5,12.375,8.25,12.625],"rotation":0,"texture":"#3","tintindex":0},"west":{"uv":[8.25,12.375,8.0,12.625],"rotation":0,"texture":"#3","tintindex":0},"up":{"uv":[8.25,12.375,9.5,12.125],"rotation":0,"texture":"#3","tintindex":0},"down":{"uv":[9.5,12.125,10.75,12.375],"rotation":0,"texture":"#3","tintindex":0}}},{"from":[14.386484,7.692118,5.028571],"to":[23.597912,7.7849755,11.565714],"rotation":{"angle":0.0,"axis":"y","origin":[7.428571,8.0,8.0]},"faces":{"east":{"uv":[12.625,9.375,11.25,9.5],"rotation":0,"texture":"#3","tintindex":0},"south":{"uv":[14.5,9.375,12.625,9.5],"rotation":0,"texture":"#3","tintindex":0},"north":{"uv":[11.25,9.375,9.375,9.5],"rotation":0,"texture":"#3","tintindex":0},"west":{"uv":[9.375,9.375,8.0,9.5],"rotation":0,"texture":"#3","tintindex":0},"up":{"uv":[9.375,9.375,11.25,8.0],"rotation":0,"texture":"#3","tintindex":0},"down":{"uv":[9.375,8.0,11.25,9.375],"rotation":0,"texture":"#3","tintindex":0}}}],"display":{"head":{"translation":[0.0,-6.4,0.0],"scale":[4.0,4.0,4.0]}}}
