{"file_name":"arm4","texture_size":[128,128],"textures":{"b4042178-98ef-b73c-6b16-9f5595c4d4f7":"modelengine:entity/stingerhead"},"elements":[{"name":"cube","from":[-2.1189532,-1.9753127,-0.9498892],"to":[-1.2097368,-0.9362087,-0.30044866],"rotation":{"angle":0.0,"axis":"x","origin":[-3.557897,1.5632291,-5.3684263]},"faces":{"down":{"uv":[8.4375,2.5,8.25,2.625],"rotation":0,"texture":"#b4042178-98ef-b73c-6b16-9f5595c4d4f7","tintindex":0},"east":{"uv":[7.125,9.0,7.25,9.1875],"rotation":0,"texture":"#b4042178-98ef-b73c-6b16-9f5595c4d4f7","tintindex":0},"north":{"uv":[8.625,8.625,8.8125,8.8125],"rotation":0,"texture":"#b4042178-98ef-b73c-6b16-9f5595c4d4f7","tintindex":0},"south":{"uv":[8.75,0.0,8.9375,0.1875],"rotation":0,"texture":"#b4042178-98ef-b73c-6b16-9f5595c4d4f7","tintindex":0},"up":{"uv":[8.4375,1.125,8.25,1.0],"rotation":0,"texture":"#b4042178-98ef-b73c-6b16-9f5595c4d4f7","tintindex":0},"west":{"uv":[7.25,9.0,7.375,9.1875],"rotation":0,"texture":"#b4042178-98ef-b73c-6b16-9f5595c4d4f7","tintindex":0}}},{"name":"cube","from":[-1.2700729,-2.974193,-1.5498891],"to":[-0.8804083,-2.1948643,-0.51078486],"rotation":{"angle":0.0,"axis":"x","origin":[-3.557897,1.5632291,-5.3684263]},"faces":{"down":{"uv":[5.0625,9.625,5.0,9.8125],"rotation":0,"texture":"#b4042178-98ef-b73c-6b16-9f5595c4d4f7","tintindex":0},"east":{"uv":[0.5,8.75,0.6875,8.9375],"rotation":0,"texture":"#b4042178-98ef-b73c-6b16-9f5595c4d4f7","tintindex":0},"north":{"uv":[9.625,4.5,9.6875,4.6875],"rotation":0,"texture":"#b4042178-98ef-b73c-6b16-9f5595c4d4f7","tintindex":0},"south":{"uv":[9.625,4.75,9.6875,4.9375],"rotation":0,"texture":"#b4042178-98ef-b73c-6b16-9f5595c4d4f7","tintindex":0},"up":{"uv":[4.9375,9.8125,4.875,9.625],"rotation":0,"texture":"#b4042178-98ef-b73c-6b16-9f5595c4d4f7","tintindex":0},"west":{"uv":[8.75,0.625,8.9375,0.8125],"rotation":0,"texture":"#b4042178-98ef-b73c-6b16-9f5595c4d4f7","tintindex":0}}},{"name":"cube","from":[-1.2700729,-3.2339683,-0.6406729],"to":[-1.0102968,-2.4546404,-0.12112045],"rotation":{"angle":0.0,"axis":"x","origin":[-3.557897,1.5632291,-5.3684263]},"faces":{"down":{"uv":[9.8125,5.125,9.75,5.25],"rotation":0,"texture":"#b4042178-98ef-b73c-6b16-9f5595c4d4f7","tintindex":0},"east":{"uv":[8.875,9.0,9.0,9.1875],"rotation":0,"texture":"#b4042178-98ef-b73c-6b16-9f5595c4d4f7","tintindex":0},"north":{"uv":[9.625,5.0,9.6875,5.1875],"rotation":0,"texture":"#b4042178-98ef-b73c-6b16-9f5595c4d4f7","tintindex":0},"south":{"uv":[5.125,9.625,5.1875,9.8125],"rotation":0,"texture":"#b4042178-98ef-b73c-6b16-9f5595c4d4f7","tintindex":0},"up":{"uv":[9.8125,5.125,9.75,5.0],"rotation":0,"texture":"#b4042178-98ef-b73c-6b16-9f5595c4d4f7","tintindex":0},"west":{"uv":[9.0,9.0,9.125,9.1875],"rotation":0,"texture":"#b4042178-98ef-b73c-6b16-9f5595c4d4f7","tintindex":0}}},{"name":"cube","from":[-1.2700729,-3.3638568,-0.23089671],"to":[-1.1401849,-2.974193,0.028879642],"rotation":{"angle":0.0,"axis":"x","origin":[-3.557897,1.5632291,-5.3684263]},"faces":{"down":{"uv":[7.8125,9.875,7.75,9.9375],"rotation":0,"texture":"#b4042178-98ef-b73c-6b16-9f5595c4d4f7","tintindex":0},"east":{"uv":[7.5,9.875,7.5625,9.9375],"rotation":0,"texture":"#b4042178-98ef-b73c-6b16-9f5595c4d4f7","tintindex":0},"north":{"uv":[9.875,7.375,9.9375,7.4375],"rotation":0,"texture":"#b4042178-98ef-b73c-6b16-9f5595c4d4f7","tintindex":0},"south":{"uv":[9.875,7.5,9.9375,7.5625],"rotation":0,"texture":"#b4042178-98ef-b73c-6b16-9f5595c4d4f7","tintindex":0},"up":{"uv":[9.9375,7.6875,9.875,7.625],"rotation":0,"texture":"#b4042178-98ef-b73c-6b16-9f5595c4d4f7","tintindex":0},"west":{"uv":[7.625,9.875,7.6875,9.9375],"rotation":0,"texture":"#b4042178-98ef-b73c-6b16-9f5595c4d4f7","tintindex":0}}},{"name":"cube","from":[-1.7896242,-5.2526445,-4.336133],"to":[-1.5298486,-4.2135406,-4.0763564],"rotation":{"angle":-45.0,"axis":"x","origin":[-3.557897,1.5632291,-5.3684263]},"faces":{"down":{"uv":[7.9375,9.875,7.875,9.9375],"rotation":0,"texture":"#b4042178-98ef-b73c-6b16-9f5595c4d4f7","tintindex":0},"east":{"uv":[9.625,5.25,9.6875,5.4375],"rotation":0,"texture":"#b4042178-98ef-b73c-6b16-9f5595c4d4f7","tintindex":0},"north":{"uv":[5.25,9.625,5.3125,9.8125],"rotation":0,"texture":"#b4042178-98ef-b73c-6b16-9f5595c4d4f7","tintindex":0},"south":{"uv":[5.375,9.625,5.4375,9.8125],"rotation":0,"texture":"#b4042178-98ef-b73c-6b16-9f5595c4d4f7","tintindex":0},"up":{"uv":[9.9375,7.8125,9.875,7.75],"rotation":0,"texture":"#b4042178-98ef-b73c-6b16-9f5595c4d4f7","tintindex":0},"west":{"uv":[5.5,9.625,5.5625,9.8125],"rotation":0,"texture":"#b4042178-98ef-b73c-6b16-9f5595c4d4f7","tintindex":0}}}],"display":{"head":{"translation":[0.0,-6.4,0.0],"rotation":[0.0,0.0,0.0],"scale":[3.8095,3.8095,3.8095]},"gui":{"translation":[0.0,0.0,0.0],"rotation":[35.0,225.0,0.0],"scale":[0.625,0.625,0.625]}}}