{"textures":{"0":"modelengine:entity/stingerhead"},"elements":[{"name":"cube","from":[-14.682686,-10.445824,-14.68269],"to":[-11.045818,-6.2894096,-12.084927],"rotation":{"angle":0.0,"axis":"x","origin":[-5.290043,3.7083435,5.589226]},"faces":{"down":{"uv":[10.125,12.75,9.875,12.875],"rotation":0,"texture":"#0","tintindex":0},"east":{"uv":[9.25,12.75,9.375,13.0],"rotation":0,"texture":"#0","tintindex":0},"north":{"uv":[12.125,3.125,12.375,3.375],"rotation":0,"texture":"#0","tintindex":0},"south":{"uv":[3.5,12.125,3.75,12.375],"rotation":0,"texture":"#0","tintindex":0},"up":{"uv":[9.75,12.875,9.5,12.75],"rotation":0,"texture":"#0","tintindex":0},"west":{"uv":[12.75,9.375,12.875,9.625],"rotation":0,"texture":"#0","tintindex":0}}},{"name":"cube","from":[-16.0,-14.441345,-13.841343],"to":[-14.441341,-11.324032,-9.684925],"rotation":{"angle":0.0,"axis":"x","origin":[-5.290043,3.7083435,5.589226]},"faces":{"down":{"uv":[3.0,14.0,2.875,14.25],"rotation":0,"texture":"#0","tintindex":0},"east":{"uv":[12.125,3.5,12.375,3.75],"rotation":0,"texture":"#0","tintindex":0},"north":{"uv":[2.375,14.0,2.5,14.25],"rotation":0,"texture":"#0","tintindex":0},"south":{"uv":[2.625,14.0,2.75,14.25],"rotation":0,"texture":"#0","tintindex":0},"up":{"uv":[14.125,2.875,14.0,2.625],"rotation":0,"texture":"#0","tintindex":0},"west":{"uv":[3.875,12.125,4.125,12.375],"rotation":0,"texture":"#0","tintindex":0}}},{"name":"cube","from":[-15.480446,-15.480446,-15.400002],"to":[-14.441341,-12.363136,-13.321789],"rotation":{"angle":0.0,"axis":"x","origin":[-5.290043,3.7083435,5.589226]},"faces":{"down":{"uv":[14.375,8.875,14.25,9.0],"rotation":0,"texture":"#0","tintindex":0},"east":{"uv":[10.25,12.75,10.375,13.0],"rotation":0,"texture":"#0","tintindex":0},"north":{"uv":[3.375,14.0,3.5,14.25],"rotation":0,"texture":"#0","tintindex":0},"south":{"uv":[3.625,14.0,3.75,14.25],"rotation":0,"texture":"#0","tintindex":0},"up":{"uv":[14.375,8.75,14.25,8.625],"rotation":0,"texture":"#0","tintindex":0},"west":{"uv":[10.5,12.75,10.625,13.0],"rotation":0,"texture":"#0","tintindex":0}}},{"name":"cube","from":[-14.960892,-16.0,-16.0],"to":[-14.441341,-14.441345,-14.960896],"rotation":{"angle":0.0,"axis":"x","origin":[-5.290043,3.7083435,5.589226]},"faces":{"down":{"uv":[14.75,4.75,14.625,4.875],"rotation":0,"texture":"#0","tintindex":0},"east":{"uv":[4.0,14.625,4.125,14.75],"rotation":0,"texture":"#0","tintindex":0},"north":{"uv":[3.75,14.625,3.875,14.75],"rotation":0,"texture":"#0","tintindex":0},"south":{"uv":[4.25,14.625,4.375,14.75],"rotation":0,"texture":"#0","tintindex":0},"up":{"uv":[14.75,4.625,14.625,4.5],"rotation":0,"texture":"#0","tintindex":0},"west":{"uv":[14.625,4.25,14.75,4.375],"rotation":0,"texture":"#0","tintindex":0}}}],"display":{"head":{"translation":[-121.84993,-86.50026,-135.42862],"rotation":[0.0,0.0,0.0],"scale":[3.8095,3.8095,3.8095]}}}