{"textures":{"0":"modelengine:entity/stingerhead"},"elements":[{"name":"cube","from":[-15.25391,1.2645912,-16.0],"to":[-14.4745865,2.3036919,-10.804485],"rotation":{"angle":-45.0,"axis":"x","origin":[-5.3420067,1.2959824,9.340256]},"faces":{"down":{"uv":[8.125,13.375,8.0,13.625],"rotation":0,"texture":"#0","tintindex":0},"east":{"uv":[13.375,6.875,13.625,7.0],"rotation":0,"texture":"#0","tintindex":0},"north":{"uv":[14.625,0.25,14.75,0.375],"rotation":0,"texture":"#0","tintindex":0},"south":{"uv":[0.5,14.625,0.625,14.75],"rotation":0,"texture":"#0","tintindex":0},"up":{"uv":[7.875,13.625,7.75,13.375],"rotation":0,"texture":"#0","tintindex":0},"west":{"uv":[7.375,13.375,7.625,13.5],"rotation":0,"texture":"#0","tintindex":0}}},{"name":"cube","from":[-16.0,-16.0,-12.848972],"to":[-15.220673,-15.168716,-10.043392],"rotation":{"angle":0.0,"axis":"x","origin":[-5.3420067,1.2959824,9.340256]},"faces":{"down":{"uv":[5.375,14.25,5.25,14.375],"rotation":0,"texture":"#0","tintindex":0},"east":{"uv":[14.25,2.75,14.375,2.875],"rotation":0,"texture":"#0","tintindex":0},"north":{"uv":[14.625,0.5,14.75,0.625],"rotation":0,"texture":"#0","tintindex":0},"south":{"uv":[0.75,14.625,0.875,14.75],"rotation":0,"texture":"#0","tintindex":0},"up":{"uv":[5.125,14.375,5.0,14.25],"rotation":0,"texture":"#0","tintindex":0},"west":{"uv":[14.25,4.0,14.375,4.125],"rotation":0,"texture":"#0","tintindex":0}}}],"display":{"head":{"translation":[-121.65593,-77.49411,-149.43246],"rotation":[0.0,0.0,0.0],"scale":[3.8095,3.8095,3.8095]}}}