{"file_name":"arm6","texture_size":[128,128],"textures":{"b4042178-98ef-b73c-6b16-9f5595c4d4f7":"modelengine:entity/stingerhead"},"elements":[{"name":"cube","from":[-1.2747531,1.5553813,-0.33224273],"to":[-1.0799208,1.815157,0.96663713],"rotation":{"angle":45.0,"axis":"x","origin":[-3.557897,1.5632291,-5.3684263]},"faces":{"down":{"uv":[1.4375,9.375,1.375,9.625],"rotation":0,"texture":"#b4042178-98ef-b73c-6b16-9f5595c4d4f7","tintindex":0},"east":{"uv":[0.5,9.375,0.75,9.4375],"rotation":0,"texture":"#b4042178-98ef-b73c-6b16-9f5595c4d4f7","tintindex":0},"north":{"uv":[9.875,6.25,9.9375,6.3125],"rotation":0,"texture":"#b4042178-98ef-b73c-6b16-9f5595c4d4f7","tintindex":0},"south":{"uv":[6.375,9.875,6.4375,9.9375],"rotation":0,"texture":"#b4042178-98ef-b73c-6b16-9f5595c4d4f7","tintindex":0},"up":{"uv":[9.4375,1.125,9.375,0.875],"rotation":0,"texture":"#b4042178-98ef-b73c-6b16-9f5595c4d4f7","tintindex":0},"west":{"uv":[0.75,9.375,1.0,9.4375],"rotation":0,"texture":"#b4042178-98ef-b73c-6b16-9f5595c4d4f7","tintindex":0}}},{"name":"cube","from":[-1.0882311,-2.7607665,-0.52251506],"to":[-0.89339876,-2.5529451,0.1788795],"rotation":{"angle":0.0,"axis":"x","origin":[-3.557897,1.5632291,-5.3684263]},"faces":{"down":{"uv":[9.8125,4.375,9.75,4.5],"rotation":0,"texture":"#b4042178-98ef-b73c-6b16-9f5595c4d4f7","tintindex":0},"east":{"uv":[4.125,9.75,4.25,9.8125],"rotation":0,"texture":"#b4042178-98ef-b73c-6b16-9f5595c4d4f7","tintindex":0},"north":{"uv":[9.875,6.375,9.9375,6.4375],"rotation":0,"texture":"#b4042178-98ef-b73c-6b16-9f5595c4d4f7","tintindex":0},"south":{"uv":[6.5,9.875,6.5625,9.9375],"rotation":0,"texture":"#b4042178-98ef-b73c-6b16-9f5595c4d4f7","tintindex":0},"up":{"uv":[9.8125,4.375,9.75,4.25],"rotation":0,"texture":"#b4042178-98ef-b73c-6b16-9f5595c4d4f7","tintindex":0},"west":{"uv":[9.75,4.125,9.875,4.1875],"rotation":0,"texture":"#b4042178-98ef-b73c-6b16-9f5595c4d4f7","tintindex":0}}}],"display":{"head":{"translation":[0.0,-6.4,0.0],"rotation":[0.0,0.0,0.0],"scale":[3.8095,3.8095,3.8095]},"gui":{"translation":[0.0,0.0,0.0],"rotation":[35.0,225.0,0.0],"scale":[0.625,0.625,0.625]}}}