{"file_name":"back_leg_2","texture_size":[128,128],"textures":{"b4042178-98ef-b73c-6b16-9f5595c4d4f7":"modelengine:entity/stingerhead"},"elements":[{"name":"cube","from":[8.971237,8.251334,7.673608],"to":[9.451818,10.862078,8.297073],"rotation":{"angle":-22.5,"axis":"z","origin":[7.050576,11.526524,9.466234]},"faces":{"down":{"uv":[8.875,6.75,8.75,6.875],"rotation":0,"texture":"#b4042178-98ef-b73c-6b16-9f5595c4d4f7","tintindex":0},"east":{"uv":[7.625,6.875,7.75,7.4375],"rotation":0,"texture":"#b4042178-98ef-b73c-6b16-9f5595c4d4f7","tintindex":0},"north":{"uv":[6.75,7.625,6.875,8.1875],"rotation":0,"texture":"#b4042178-98ef-b73c-6b16-9f5595c4d4f7","tintindex":0},"south":{"uv":[7.125,7.625,7.25,8.1875],"rotation":0,"texture":"#b4042178-98ef-b73c-6b16-9f5595c4d4f7","tintindex":0},"up":{"uv":[8.875,5.625,8.75,5.5],"rotation":0,"texture":"#b4042178-98ef-b73c-6b16-9f5595c4d4f7","tintindex":0},"west":{"uv":[7.625,7.5,7.75,8.0625],"rotation":0,"texture":"#b4042178-98ef-b73c-6b16-9f5595c4d4f7","tintindex":0}}}],"display":{"head":{"translation":[0.0,-6.4,0.0],"rotation":[0.0,0.0,0.0],"scale":[3.8095,3.8095,3.8095]},"gui":{"translation":[0.0,0.0,0.0],"rotation":[35.0,225.0,0.0],"scale":[0.625,0.625,0.625]}}}