{"textures":{"0":"modelengine:entity/stingerhead"},"elements":[{"name":"cube","from":[3.02624,1.4102496,3.6191492],"to":[13.417281,13.8794985,28.557644],"rotation":{"angle":0.0,"axis":"x","origin":[8.262465,15.923074,15.27487]},"faces":{"down":{"uv":[2.125,0.0,1.5,1.375],"rotation":0,"texture":"#0","tintindex":0},"east":{"uv":[0.0,0.0,1.375,0.625],"rotation":0,"texture":"#0","tintindex":0},"north":{"uv":[2.25,0.75,2.875,1.375],"rotation":0,"texture":"#0","tintindex":0},"south":{"uv":[1.5,2.25,2.125,2.875],"rotation":0,"texture":"#0","tintindex":0},"up":{"uv":[0.625,2.875,0.0,1.5],"rotation":0,"texture":"#0","tintindex":0},"west":{"uv":[0.0,0.75,1.375,1.375],"rotation":0,"texture":"#0","tintindex":0}}},{"name":"cube","from":[5.1044483,-0.667958,3.8973572],"to":[11.339072,1.4102496,24.67944],"rotation":{"angle":0.0,"axis":"x","origin":[8.262465,15.923074,15.27487]},"faces":{"down":{"uv":[3.125,1.5,2.75,2.625],"rotation":0,"texture":"#0","tintindex":0},"east":{"uv":[6.375,4.875,7.5,5.0],"rotation":0,"texture":"#0","tintindex":0},"north":{"uv":[11.75,10.75,12.125,10.875],"rotation":0,"texture":"#0","tintindex":0},"south":{"uv":[11.75,11.0,12.125,11.125],"rotation":0,"texture":"#0","tintindex":0},"up":{"uv":[2.625,3.375,2.25,2.25],"rotation":0,"texture":"#0","tintindex":0},"west":{"uv":[6.5,1.75,7.625,1.875],"rotation":0,"texture":"#0","tintindex":0}}},{"name":"cube","from":[1.987136,6.964426,5.0973573],"to":[14.456384,14.238154,16.5275],"rotation":{"angle":0.0,"axis":"x","origin":[8.262465,15.923074,15.27487]},"faces":{"down":{"uv":[1.375,2.25,0.75,2.875],"rotation":0,"texture":"#0","tintindex":0},"east":{"uv":[0.625,3.375,1.25,3.75],"rotation":0,"texture":"#0","tintindex":0},"north":{"uv":[3.25,2.25,3.875,2.625],"rotation":0,"texture":"#0","tintindex":0},"south":{"uv":[1.375,3.5,2.0,3.875],"rotation":0,"texture":"#0","tintindex":0},"up":{"uv":[2.875,0.625,2.25,0.0],"rotation":0,"texture":"#0","tintindex":0},"west":{"uv":[3.625,0.0,4.25,0.375],"rotation":0,"texture":"#0","tintindex":0}}},{"name":"cube","from":[1.467584,11.217034,-6.448083],"to":[14.975936,18.49076,4.9820614],"rotation":{"angle":-22.5,"axis":"x","origin":[8.262465,15.923074,15.27487]},"faces":{"down":{"uv":[2.375,1.5,1.625,2.125],"rotation":0,"texture":"#0","tintindex":0},"east":{"uv":[3.625,0.5,4.25,0.875],"rotation":0,"texture":"#0","tintindex":0},"north":{"uv":[1.375,3.0,2.125,3.375],"rotation":0,"texture":"#0","tintindex":0},"south":{"uv":[2.75,3.125,3.5,3.5],"rotation":0,"texture":"#0","tintindex":0},"up":{"uv":[1.5,2.125,0.75,1.5],"rotation":0,"texture":"#0","tintindex":0},"west":{"uv":[3.625,1.0,4.25,1.375],"rotation":0,"texture":"#0","tintindex":0}}},{"name":"cube","from":[13.417281,10.044083,-5.5561466],"to":[16.015041,16.798258,5.3544455],"rotation":{"angle":-22.5,"axis":"x","origin":[8.262465,15.923074,15.27487]},"faces":{"down":{"uv":[5.125,10.125,5.0,10.75],"rotation":0,"texture":"#0","tintindex":0},"east":{"uv":[0.5,4.5,1.125,4.875],"rotation":0,"texture":"#0","tintindex":0},"north":{"uv":[6.875,11.25,7.0,11.625],"rotation":0,"texture":"#0","tintindex":0},"south":{"uv":[11.25,6.875,11.375,7.25],"rotation":0,"texture":"#0","tintindex":0},"up":{"uv":[3.75,10.75,3.625,10.125],"rotation":0,"texture":"#0","tintindex":0},"west":{"uv":[4.5,3.0,5.125,3.375],"rotation":0,"texture":"#0","tintindex":0}}},{"name":"cube","from":[0.4284799,10.044083,-5.5561466],"to":[3.02624,16.798258,5.3544455],"rotation":{"angle":-22.5,"axis":"x","origin":[8.262465,15.923074,15.27487]},"faces":{"down":{"uv":[10.25,6.25,10.125,6.875],"rotation":0,"texture":"#0","tintindex":0},"east":{"uv":[3.25,4.5,3.875,4.875],"rotation":0,"texture":"#0","tintindex":0},"north":{"uv":[7.125,11.25,7.25,11.625],"rotation":0,"texture":"#0","tintindex":0},"south":{"uv":[9.125,11.25,9.25,11.625],"rotation":0,"texture":"#0","tintindex":0},"up":{"uv":[5.375,10.75,5.25,10.125],"rotation":0,"texture":"#0","tintindex":0},"west":{"uv":[4.0,4.5,4.625,4.875],"rotation":0,"texture":"#0","tintindex":0}}},{"name":"cube","from":[1.987136,3.1666656,1.8191494],"to":[14.456384,6.2839775,8.053774],"rotation":{"angle":0.0,"axis":"x","origin":[8.262465,15.923074,15.27487]},"faces":{"down":{"uv":[5.375,3.5,4.75,3.875],"rotation":0,"texture":"#0","tintindex":0},"east":{"uv":[10.625,7.875,11.0,8.125],"rotation":0,"texture":"#0","tintindex":0},"north":{"uv":[0.0,7.125,0.625,7.375],"rotation":0,"texture":"#0","tintindex":0},"south":{"uv":[7.125,2.0,7.75,2.25],"rotation":0,"texture":"#0","tintindex":0},"up":{"uv":[5.375,1.625,4.75,1.25],"rotation":0,"texture":"#0","tintindex":0},"west":{"uv":[10.625,8.75,11.0,9.0],"rotation":0,"texture":"#0","tintindex":0}}},{"name":"cube","from":[4.065344,12.679499,6.6560135],"to":[12.378177,15.277258,17.566607],"rotation":{"angle":0.0,"axis":"x","origin":[8.262465,15.923074,15.27487]},"faces":{"down":{"uv":[0.5,3.375,0.0,4.0],"rotation":0,"texture":"#0","tintindex":0},"east":{"uv":[10.125,4.125,10.75,4.25],"rotation":0,"texture":"#0","tintindex":0},"north":{"uv":[10.875,5.625,11.375,5.75],"rotation":0,"texture":"#0","tintindex":0},"south":{"uv":[10.875,7.5,11.375,7.625],"rotation":0,"texture":"#0","tintindex":0},"up":{"uv":[3.75,2.125,3.25,1.5],"rotation":0,"texture":"#0","tintindex":0},"west":{"uv":[10.125,4.375,10.75,4.5],"rotation":0,"texture":"#0","tintindex":0}}},{"name":"cube","from":[4.065344,-0.16129422,-0.9143543],"to":[12.378177,3.9951215,7.472205],"rotation":{"angle":0.0,"axis":"x","origin":[8.262465,15.923074,15.27487]},"faces":{"down":{"uv":[5.375,1.75,4.875,2.25],"rotation":0,"texture":"#0","tintindex":0},"east":{"uv":[3.25,9.75,3.75,10.0],"rotation":0,"texture":"#0","tintindex":0},"north":{"uv":[9.75,3.0,10.25,3.25],"rotation":0,"texture":"#0","tintindex":0},"south":{"uv":[9.75,3.375,10.25,3.625],"rotation":0,"texture":"#0","tintindex":0},"up":{"uv":[5.375,0.875,4.875,0.375],"rotation":0,"texture":"#0","tintindex":0},"west":{"uv":[9.75,3.75,10.25,4.0],"rotation":0,"texture":"#0","tintindex":0}}},{"name":"cube","from":[3.02624,-1.0395026,-5.7143555],"to":[13.417281,1.0387058,1.5593736],"rotation":{"angle":0.0,"axis":"x","origin":[8.262465,15.923074,15.27487]},"faces":{"down":{"uv":[2.625,4.625,2.0,5.0],"rotation":0,"texture":"#0","tintindex":0},"east":{"uv":[6.5,4.125,6.875,4.25],"rotation":0,"texture":"#0","tintindex":0},"north":{"uv":[10.125,7.0,10.75,7.125],"rotation":0,"texture":"#0","tintindex":0},"south":{"uv":[10.125,9.125,10.75,9.25],"rotation":0,"texture":"#0","tintindex":0},"up":{"uv":[1.875,5.0,1.25,4.625],"rotation":0,"texture":"#0","tintindex":0},"west":{"uv":[11.25,5.875,11.625,6.0],"rotation":0,"texture":"#0","tintindex":0}}},{"name":"cube","from":[-0.09107232,4.2057695,2.8582535],"to":[3.02624,11.479499,10.131982],"rotation":{"angle":0.0,"axis":"x","origin":[8.262465,15.923074,15.27487]},"faces":{"down":{"uv":[10.5,1.0,10.25,1.375],"rotation":0,"texture":"#0","tintindex":0},"east":{"uv":[6.0,1.75,6.375,2.125],"rotation":0,"texture":"#0","tintindex":0},"north":{"uv":[10.0,10.125,10.25,10.5],"rotation":0,"texture":"#0","tintindex":0},"south":{"uv":[10.25,0.0,10.5,0.375],"rotation":0,"texture":"#0","tintindex":0},"up":{"uv":[10.5,0.875,10.25,0.5],"rotation":0,"texture":"#0","tintindex":0},"west":{"uv":[2.0,6.0,2.375,6.375],"rotation":0,"texture":"#0","tintindex":0}}},{"name":"cube","from":[13.417281,4.2057695,2.8582535],"to":[16.534592,11.479499,10.131982],"rotation":{"angle":0.0,"axis":"x","origin":[8.262465,15.923074,15.27487]},"faces":{"down":{"uv":[10.5,5.125,10.25,5.5],"rotation":0,"texture":"#0","tintindex":0},"east":{"uv":[6.0,2.75,6.375,3.125],"rotation":0,"texture":"#0","tintindex":0},"north":{"uv":[1.375,10.25,1.625,10.625],"rotation":0,"texture":"#0","tintindex":0},"south":{"uv":[10.25,2.25,10.5,2.625],"rotation":0,"texture":"#0","tintindex":0},"up":{"uv":[10.5,5.0,10.25,4.625],"rotation":0,"texture":"#0","tintindex":0},"west":{"uv":[6.0,3.875,6.375,4.25],"rotation":0,"texture":"#0","tintindex":0}}},{"name":"cube","from":[-1.1301765,5.244874,4.105173],