{"textures":{"0":"modelengine:entity/stingerhead"},"elements":[{"name":"cube","from":[17.03841,15.629467,6.8717117],"to":[18.45158,21.51081,8.9914875],"rotation":{"angle":-45.0,"axis":"z","origin":[3.7999158,22.562778,15.370904]},"faces":{"down":{"uv":[11.625,14.5,11.5,14.625],"rotation":0,"texture":"#0","tintindex":0},"east":{"uv":[12.0,1.25,12.125,1.625],"rotation":0,"texture":"#0","tintindex":0},"north":{"uv":[9.0,13.25,9.125,13.625],"rotation":0,"texture":"#0","tintindex":0},"south":{"uv":[13.25,9.125,13.375,9.5],"rotation":0,"texture":"#0","tintindex":0},"up":{"uv":[11.375,14.625,11.25,14.5],"rotation":0,"texture":"#0","tintindex":0},"west":{"uv":[1.375,12.0,1.5,12.375],"rotation":0,"texture":"#0","tintindex":0}}}],"display":{"head":{"translation":[0.0,-6.4,0.0],"rotation":[0.0,0.0,0.0],"scale":[3.8095,3.8095,3.8095]}}}