{"textures":{"0":"modelengine:entity/stingerhead"},"elements":[{"name":"cube","from":[-1.8479686,15.579855,6.8717117],"to":[-0.43480015,21.461174,8.9914875],"rotation":{"angle":45.0,"axis":"z","origin":[12.704456,22.612404,15.370904]},"faces":{"down":{"uv":[14.625,6.5,14.5,6.625],"rotation":0,"texture":"#0","tintindex":0},"east":{"uv":[11.875,6.75,12.0,7.125],"rotation":0,"texture":"#0","tintindex":0},"north":{"uv":[12.0,13.125,12.125,13.5],"rotation":0,"texture":"#0","tintindex":0},"south":{"uv":[12.25,13.125,12.375,13.5],"rotation":0,"texture":"#0","tintindex":0},"up":{"uv":[6.625,14.625,6.5,14.5],"rotation":0,"texture":"#0","tintindex":0},"west":{"uv":[10.0,11.875,10.125,12.25],"rotation":0,"texture":"#0","tintindex":0}}}],"display":{"head":{"translation":[0.0,-6.4,0.0],"rotation":[0.0,0.0,0.0],"scale":[3.8095,3.8095,3.8095]}}}