{"textures":{"0":"modelengine:entity/stingerhead"},"elements":[{"name":"cube","from":[17.851479,15.092671,7.168352],"to":[19.264671,20.974018,9.288128],"rotation":{"angle":-45.0,"axis":"z","origin":[5.2709417,23.099575,13.069784]},"faces":{"down":{"uv":[14.625,10.625,14.5,10.75],"rotation":0,"texture":"#0","tintindex":0},"east":{"uv":[10.25,11.875,10.375,12.25],"rotation":0,"texture":"#0","tintindex":0},"north":{"uv":[3.5,13.25,3.625,13.625],"rotation":0,"texture":"#0","tintindex":0},"south":{"uv":[3.75,13.25,3.875,13.625],"rotation":0,"texture":"#0","tintindex":0},"up":{"uv":[14.625,10.5,14.5,10.375],"rotation":0,"texture":"#0","tintindex":0},"west":{"uv":[0.0,12.0,0.125,12.375],"rotation":0,"texture":"#0","tintindex":0}}}],"display":{"head":{"translation":[0.0,-6.4,0.0],"rotation":[0.0,0.0,0.0],"scale":[3.8095,3.8095,3.8095]}}}