{"file_name":"head","texture_size":[128,128],"textures":{"b4042178-98ef-b73c-6b16-9f5595c4d4f7":"modelengine:entity/stingerhead"},"elements":[{"name":"h_head_cube_2","from":[9.380936,6.060494,8.709776],"to":[10.160264,6.839822,9.74888],"rotation":{"angle":0.0,"axis":"x","origin":[7.962104,7.68323,7.951574]},"faces":{"down":{"uv":[5.8125,8.625,5.625,8.8125],"rotation":0,"texture":"#b4042178-98ef-b73c-6b16-9f5595c4d4f7","tintindex":0},"east":{"uv":[8.625,4.25,8.8125,4.4375],"rotation":0,"texture":"#b4042178-98ef-b73c-6b16-9f5595c4d4f7","tintindex":0},"north":{"uv":[3.875,8.625,4.0625,8.8125],"rotation":0,"texture":"#b4042178-98ef-b73c-6b16-9f5595c4d4f7","tintindex":0},"south":{"uv":[4.875,8.625,5.0625,8.8125],"rotation":0,"texture":"#b4042178-98ef-b73c-6b16-9f5595c4d4f7","tintindex":0},"up":{"uv":[5.5625,8.8125,5.375,8.625],"rotation":0,"texture":"#b4042178-98ef-b73c-6b16-9f5595c4d4f7","tintindex":0},"west":{"uv":[5.125,8.625,5.3125,8.8125],"rotation":0,"texture":"#b4042178-98ef-b73c-6b16-9f5595c4d4f7","tintindex":0}}},{"name":"h_head_cube_8","from":[5.784296,6.060494,8.709776],"to":[6.563624,6.839822,9.74888],"rotation":{"angle":0.0,"axis":"x","origin":[7.962104,7.68323,7.951574]},"faces":{"down":{"uv":[8.8125,7.625,8.625,7.8125],"rotation":0,"texture":"#b4042178-98ef-b73c-6b16-9f5595c4d4f7","tintindex":0},"east":{"uv":[6.375,8.625,6.5625,8.8125],"rotation":0,"texture":"#b4042178-98ef-b73c-6b16-9f5595c4d4f7","tintindex":0},"north":{"uv":[6.125,8.625,6.3125,8.8125],"rotation":0,"texture":"#b4042178-98ef-b73c-6b16-9f5595c4d4f7","tintindex":0},"south":{"uv":[8.625,6.875,8.8125,7.0625],"rotation":0,"texture":"#b4042178-98ef-b73c-6b16-9f5595c4d4f7","tintindex":0},"up":{"uv":[7.8125,8.8125,7.625,8.625],"rotation":0,"texture":"#b4042178-98ef-b73c-6b16-9f5595c4d4f7","tintindex":0},"west":{"uv":[7.375,8.625,7.5625,8.8125],"rotation":0,"texture":"#b4042178-98ef-b73c-6b16-9f5595c4d4f7","tintindex":0}}},{"name":"h_head_cube_16","from":[5.9544077,6.3827887,7.711076],"to":[6.214184,7.4218926,7.970852],"rotation":{"angle":-45.0,"axis":"x","origin":[7.962104,7.68323,7.951574]},"faces":{"down":{"uv":[7.4375,9.875,7.375,9.9375],"rotation":0,"texture":"#b4042178-98ef-b73c-6b16-9f5595c4d4f7","tintindex":0},"east":{"uv":[9.625,4.25,9.6875,4.4375],"rotation":0,"texture":"#b4042178-98ef-b73c-6b16-9f5595c4d4f7","tintindex":0},"north":{"uv":[4.25,9.625,4.3125,9.8125],"rotation":0,"texture":"#b4042178-98ef-b73c-6b16-9f5595c4d4f7","tintindex":0},"south":{"uv":[4.375,9.625,4.4375,9.8125],"rotation":0,"texture":"#b4042178-98ef-b73c-6b16-9f5595c4d4f7","tintindex":0},"up":{"uv":[9.9375,7.3125,9.875,7.25],"rotation":0,"texture":"#b4042178-98ef-b73c-6b16-9f5595c4d4f7","tintindex":0},"west":{"uv":[4.5,9.625,4.5625,9.8125],"rotation":0,"texture":"#b4042178-98ef-b73c-6b16-9f5595c4d4f7","tintindex":0}}},{"name":"h_head_cube_45","from":[9.190712,6.2816896,9.468992],"to":[9.450489,6.411578,9.598881],"rotation":{"angle":0.0,"axis":"x","origin":[7.962104,7.68323,7.951574]},"faces":{"down":{"uv":[10.0625,0.375,10.0,0.4375],"rotation":0,"texture":"#b4042178-98ef-b73c-6b16-9f5595c4d4f7","tintindex":0},"east":{"uv":[10.0,0.125,10.0625,0.1875],"rotation":0,"texture":"#b4042178-98ef-b73c-6b16-9f5595c4d4f7","tintindex":0},"north":{"uv":[0.125,10.0,0.1875,10.0625],"rotation":0,"texture":"#b4042178-98ef-b73c-6b16-9f5595c4d4f7","tintindex":0},"south":{"uv":[0.25,10.0,0.3125,10.0625],"rotation":0,"texture":"#b4042178-98ef-b73c-6b16-9f5595c4d4f7","tintindex":0},"up":{"uv":[0.4375,10.0625,0.375,10.0],"rotation":0,"texture":"#b4042178-98ef-b73c-6b16-9f5595c4d4f7","tintindex":0},"west":{"uv":[10.0,0.25,10.0625,0.3125],"rotation":0,"texture":"#b4042178-98ef-b73c-6b16-9f5595c4d4f7","tintindex":0}}},{"name":"h_head_cube_3","from":[8.302605,6.34064,8.278051],"to":[8.679284,6.600416,9.576932],"rotation":{"angle":0.0,"axis":"x","origin":[7.962104,7.68323,7.951574]},"faces":{"down":{"uv":[0.4375,9.375,0.375,9.625],"rotation":0,"texture":"#b4042178-98ef-b73c-6b16-9f5595c4d4f7","tintindex":0},"east":{"uv":[8.875,9.25,9.125,9.3125],"rotation":0,"texture":"#b4042178-98ef-b73c-6b16-9f5595c4d4f7","tintindex":0},"north":{"uv":[9.875,6.125,9.9375,6.1875],"rotation":0,"texture":"#b4042178-98ef-b73c-6b16-9f5595c4d4f7","tintindex":0},"south":{"uv":[6.25,9.875,6.3125,9.9375],"rotation":0,"texture":"#b4042178-98ef-b73c-6b16-9f5595c4d4f7","tintindex":0},"up":{"uv":[8.6875,9.5,8.625,9.25],"rotation":0,"texture":"#b4042178-98ef-b73c-6b16-9f5595c4d4f7","tintindex":0},"west":{"uv":[0.125,9.375,0.375,9.4375],"rotation":0,"texture":"#b4042178-98ef-b73c-6b16-9f5595c4d4f7","tintindex":0}}},{"name":"h_head_cube_49","from":[8.232056,6.043661,8.548257],"to":[8.491833,6.303437,9.067808],"rotation":{"angle":-22.5,"axis":"x","origin":[7.962104,7.68323,7.951574]},"faces":{"down":{"uv":[7.5625,9.75,7.5,9.875],"rotation":0,"texture":"#b4042178-98ef-b73c-6b16-9f5595c4d4f7","tintindex":0},"east":{"uv":[9.75,7.125,9.875,7.1875],"rotation":0,"texture":"#b4042178-98ef-b73c-6b16-9f5595c4d4f7","tintindex":0},"north":{"uv":[0.625,10.0,0.6875,10.0625],"rotation":0,"texture":"#b4042178-98ef-b73c-6b16-9f5595c4d4f7","tintindex":0},"south":{"uv":[10.0,0.625,10.0625,0.6875],"rotation":0,"texture":"#b4042178-98ef-b73c-6b16-9f5595c4d4f7","tintindex":0},"up":{"uv":[7.4375,9.875,7.375,9.75],"rotation":0,"texture":"#b4042178-98ef-b73c-6b16-9f5595c4d4f7","tintindex":0},"west":{"uv":[9.75,7.25,9.875,7.3125],"rotation":0,"texture":"#b4042178-98ef-b73c-6b16-9f5595c4d4f7","tintindex":0}}},{"name":"h_head_cube_9","from":[7.265276,6.34064,8.278051],"to":[7.6419563,6.600416,9.576932],"rotation":{"angle":0.0,"axis":"x","origin":[7.962104,7.68323,7.951574]},"faces":{"down":{"uv":[9.4375,1.875,9.375,2.125],"rotation":0,"texture":"#b4042178-98ef-b73c-6b16-9f5595c4d4f7","tintindex":0},"east":{"uv":[9.375,1.125,9.625,1.1875],"rotation":0,"texture":"#b4042178-98ef-b73c-6b16-9f5595c4d4f7","tintindex":0},"north":{"uv":[9.875,6.5,9.9375,6.5625],"rotation":0,"texture":"#b4042178-98ef-b73c-6b16-9f5595c4d4f7","tintindex":0},"south":{"uv":[6.625,9.875,6.6875,9.9375],"rotation":0,"texture":"#b4042178-98ef-b73c-6b16-9f5595c4d4f7","tintindex":0},"up":{"uv":[1.5625,9.625,1.5,9.375],"rotation":0,"texture":"#b4042178-98ef-b73c-6b16-9f5595c4d4f7","tintindex":0},"west":{"uv":[9.375,1.75,9.625,1.8125],"rotation":0,"texture":"#b4042178-98ef-b73c-6b16-9f5595c4d4f7","tintindex":0}}},{"name":"h_head_cube_48","from":[7.4527283,6.043661,8.548257],"to":[7.712504,6.303437,9.067808],"rotation":{"angle":-22.5,"axis":"x","origin":[7.962104,7.68323,7.951574]},"faces":{"down":{"uv":[7.1875,9.75,7.125,9.875],"rotation":0,"texture":"#b4042178-98ef-b73c-6b16-9f5595c4d4f7","tintindex":0},"east":{"uv":[9.75,6.75,9.875,6.8125],"rotation":0,"texture":"#b4042178-98ef-b73c-6b16-9f5595c4d4f7","tintindex":0},"north":{"uv":[0.5,10.0,0.5625,10.0625],"rotation":0,"texture":"#b4042178-98ef-b73c-6b16-9f5595c4d4f7","tintindex":0},"south":{"uv":[10.0,0.5,10.0625,0.5625],"rotation":0,"texture":"#b4042178-98ef-b73c-6b16-9f5595c4d4f7","tintindex":0},"up":{"uv":[7.0625,9.875,7.0,9.75],"rotation":0,"texture":"#b4042178-98ef-b73c-6b16-9f5595c4d4f7","tintindex":0},"west":{"uv":[9.75,6.875,9.875,6.9375],"rotation":0,"texture":"#b4042178-98ef-b73c-6b16-9f5595c4d4f7","tintindex":0}}},{"name":"h_head_cube_44","from":[6.494072,6.2816896,9.468992],"to":[6.753848,6.411578,9.598881],"rotation":{"angle":0.0,"axis":"x","origin":[7.962104,7.68323,7.951574]},"faces":{"down":{"uv":[10.0625,0.0,10.0,0.0625],"rotation":0,"texture":"#b4042178-98ef-b73c-6b16-9f5595c4d4f7","tintindex":0},"east":{"uv":[9.75,9.875,9.8125,9.9375],"rotation":0,"texture":"#b4042178-98ef-b73c-6b16-9f5595c4d4f7","tintindex":0},"north":{"uv":[9.875,9.625,9.9375,9.6875],"rotation":0,"texture":"#b4042178-98ef-b73c-6b16-9f5595c4d4f7","tintindex":0},"south":{"uv":[9.875,9.75,9.9375,9.8125],"rotation":0,"texture":"#b4042178-98ef-b73c-6b16-9f5595c4d4f7","tintindex":0},"up":{"uv":[0.0625,10.0625,0.0,10.0],"rotation":0,"texture":"#b4042178-98ef-b73c-6b16-9f5595c4d4f7",