{"textures":{"0":"modelengine:entity/stingerhead"},"elements":[{"name":"cube","from":[2.7736273,7.293416,6.940112],"to":[8.426372,8.706585,9.059888],"rotation":{"angle":0.0,"axis":"x","origin":[16.914883,18.710384,15.439304]},"faces":{"down":{"uv":[12.25,8.875,11.875,9.0],"rotation":0,"texture":"#0","tintindex":0},"east":{"uv":[6.75,14.5,6.875,14.625],"rotation":0,"texture":"#0","tintindex":0},"north":{"uv":[13.125,12.25,13.5,12.375],"rotation":0,"texture":"#0","tintindex":0},"south":{"uv":[12.5,13.125,12.875,13.25],"rotation":0,"texture":"#0","tintindex":0},"up":{"uv":[12.25,7.375,11.875,7.25],"rotation":0,"texture":"#0","tintindex":0},"west":{"uv":[7.0,14.5,7.125,14.625],"rotation":0,"texture":"#0","tintindex":0}}}],"display":{"head":{"translation":[0.0,-6.4,0.0],"rotation":[0.0,0.0,0.0],"scale":[3.8095,3.8095,3.8095]}}}