{"textures":{"0":"modelengine:entity/stingerhead"},"elements":[{"name":"cube","from":[-3.1142793,18.600826,7.293404],"to":[2.5384421,20.014019,8.706596],"rotation":{"angle":45.0,"axis":"z","origin":[18.902363,18.836792,0.050179243]},"faces":{"down":{"uv":[13.625,2.875,13.25,3.0],"rotation":0,"texture":"#0","tintindex":0},"east":{"uv":[12.25,14.75,12.375,14.875],"rotation":0,"texture":"#0","tintindex":0},"north":{"uv":[13.25,2.375,13.625,2.5],"rotation":0,"texture":"#0","tintindex":0},"south":{"uv":[2.625,13.25,3.0,13.375],"rotation":0,"texture":"#0","tintindex":0},"up":{"uv":[13.625,2.75,13.25,2.625],"rotation":0,"texture":"#0","tintindex":0},"west":{"uv":[14.75,12.375,14.875,12.5],"rotation":0,"texture":"#0","tintindex":0}}}],"display":{"head":{"translation":[0.0,-6.4,0.0],"rotation":[0.0,0.0,0.0],"scale":[3.8095,3.8095,3.8095]}}}