{"textures":{"0":"modelengine:entity/stingerhead"},"elements":[{"name":"cube","from":[-5.4901314,6.557252,29.880226],"to":[2.2408218,7.97042,32.0],"rotation":{"angle":-22.5,"axis":"z","origin":[1.3433658,21.869083,20.247055]},"faces":{"down":{"uv":[12.125,8.375,11.75,8.5],"rotation":0,"texture":"#0","tintindex":0},"east":{"uv":[14.5,7.0,14.625,7.125],"rotation":0,"texture":"#0","tintindex":0},"north":{"uv":[10.75,13.0,11.125,13.125],"rotation":0,"texture":"#0","tintindex":0},"south":{"uv":[13.0,11.5,13.375,11.625],"rotation":0,"texture":"#0","tintindex":0},"up":{"uv":[8.5,11.875,8.125,11.75],"rotation":0,"texture":"#0","tintindex":0},"west":{"uv":[7.5,14.5,7.625,14.625],"rotation":0,"texture":"#0","tintindex":0}}}],"display":{"head":{"translation":[0.0,-6.4,51.482784],"rotation":[0.0,0.0,0.0],"scale":[3.8095,3.8095,3.8095]}}}