{"textures":{"0":"modelengine:entity/stingerhead"},"elements":[{"name":"cube","from":[6.5098696,6.557252,7.1398277],"to":[14.240823,7.97042,9.259604],"rotation":{"angle":-22.5,"axis":"z","origin":[13.343366,21.869083,0.26027584]},"faces":{"down":{"uv":[12.125,8.625,11.75,8.75],"rotation":0,"texture":"#0","tintindex":0},"east":{"uv":[14.5,7.5,14.625,7.625],"rotation":0,"texture":"#0","tintindex":0},"north":{"uv":[13.0,11.75,13.375,11.875],"rotation":0,"texture":"#0","tintindex":0},"south":{"uv":[13.0,12.0,13.375,12.125],"rotation":0,"texture":"#0","tintindex":0},"up":{"uv":[9.0,11.875,8.625,11.75],"rotation":0,"texture":"#0","tintindex":0},"west":{"uv":[7.75,14.5,7.875,14.625],"rotation":0,"texture":"#0","tintindex":0}}}],"display":{"head":{"translation":[0.0,-6.4,0.0],"rotation":[0.0,0.0,0.0],"scale":[3.8095,3.8095,3.8095]}}}