{"textures":{"0":"modelengine:entity/stingerhead"},"elements":[{"name":"cube","from":[13.793424,1.538511,7.4752517],"to":[15.206616,6.2560472,8.524748],"rotation":{"angle":-22.5,"axis":"z","origin":[21.562897,22.287544,18.260468]},"faces":{"down":{"uv":[14.125,14.75,14.0,14.875],"rotation":0,"texture":"#0","tintindex":0},"east":{"uv":[5.125,13.625,5.25,13.875],"rotation":0,"texture":"#0","tintindex":0},"north":{"uv":[13.625,4.375,13.75,4.625],"rotation":0,"texture":"#0","tintindex":0},"south":{"uv":[5.375,13.625,5.5,13.875],"rotation":0,"texture":"#0","tintindex":0},"up":{"uv":[13.875,14.875,13.75,14.75],"rotation":0,"texture":"#0","tintindex":0},"west":{"uv":[5.625,13.625,5.75,13.875],"rotation":0,"texture":"#0","tintindex":0}}}],"display":{"head":{"translation":[0.0,-6.4,0.0],"rotation":[0.0,0.0,0.0],"scale":[3.8095,3.8095,3.8095]}}}