{"textures":{"0":"modelengine:entity/stingerhead"},"elements":[{"name":"cube","from":[7.5271997,5.734748,7.63112],"to":[8.472799,10.265252,8.368879],"rotation":{"angle":0.0,"axis":"x","origin":[22.043022,25.750988,18.260479]},"faces":{"down":{"uv":[14.375,14.75,14.25,14.875],"rotation":0,"texture":"#0","tintindex":0},"east":{"uv":[6.125,13.625,6.25,13.875],"rotation":0,"texture":"#0","tintindex":0},"north":{"uv":[5.875,13.625,6.0,13.875],"rotation":0,"texture":"#0","tintindex":0},"south":{"uv":[13.625,6.125,13.75,6.375],"rotation":0,"texture":"#0","tintindex":0},"up":{"uv":[14.875,14.25,14.75,14.125],"rotation":0,"texture":"#0","tintindex":0},"west":{"uv":[6.75,13.625,6.875,13.875],"rotation":0,"texture":"#0","tintindex":0}}}],"display":{"head":{"translation":[0.0,-6.4,0.0],"rotation":[0.0,0.0,0.0],"scale":[3.8095,3.8095,3.8095]}}}