{"file_name":"leg31","texture_size":[128,128],"textures":{"b4042178-98ef-b73c-6b16-9f5595c4d4f7":"modelengine:entity/stingerhead"},"elements":[{"name":"cube","from":[6.55466,3.2791698,3.8244739],"to":[6.7910595,4.4117956,4.008914],"rotation":{"angle":0.0,"axis":"x","origin":[3.162104,8.28323,1.3515741]},"faces":{"down":{"uv":[10.0625,3.25,10.0,3.3125],"rotation":0,"texture":"#b4042178-98ef-b73c-6b16-9f5595c4d4f7","tintindex":0},"east":{"uv":[9.0,9.375,9.0625,9.625],"rotation":0,"texture":"#b4042178-98ef-b73c-6b16-9f5595c4d4f7","tintindex":0},"north":{"uv":[8.875,9.375,8.9375,9.625],"rotation":0,"texture":"#b4042178-98ef-b73c-6b16-9f5595c4d4f7","tintindex":0},"south":{"uv":[9.125,9.375,9.1875,9.625],"rotation":0,"texture":"#b4042178-98ef-b73c-6b16-9f5595c4d4f7","tintindex":0},"up":{"uv":[3.3125,10.0625,3.25,10.0],"rotation":0,"texture":"#b4042178-98ef-b73c-6b16-9f5595c4d4f7","tintindex":0},"west":{"uv":[9.25,9.375,9.3125,9.625],"rotation":0,"texture":"#b4042178-98ef-b73c-6b16-9f5595c4d4f7","tintindex":0}}}],"display":{"head":{"translation":[0.0,-6.4,0.0],"rotation":[0.0,0.0,0.0],"scale":[3.8095,3.8095,3.8095]},"gui":{"translation":[0.0,0.0,0.0],"rotation":[35.0,225.0,0.0],"scale":[0.625,0.625,0.625]}}}