{"textures":{"0":"modelengine:entity/stingerhead"},"elements":[{"name":"cube","from":[-16.0,0.63478374,-5.2395763],"to":[-11.282463,2.0479755,-3.7432728],"rotation":{"angle":22.5,"axis":"z","origin":[0.83163357,9.132919,-3.8062968]},"faces":{"down":{"uv":[0.25,13.75,0.0,13.875],"rotation":0,"texture":"#0","tintindex":0},"east":{"uv":[14.875,0.5,15.0,0.625],"rotation":0,"texture":"#0","tintindex":0},"north":{"uv":[13.625,8.125,13.875,8.25],"rotation":0,"texture":"#0","tintindex":0},"south":{"uv":[13.625,12.25,13.875,12.375],"rotation":0,"texture":"#0","tintindex":0},"up":{"uv":[13.75,13.75,13.5,13.625],"rotation":0,"texture":"#0","tintindex":0},"west":{"uv":[0.75,14.875,0.875,15.0],"rotation":0,"texture":"#0","tintindex":0}}}],"display":{"head":{"translation":[-62.272186,-6.4,0.0],"rotation":[0.0,0.0,0.0],"scale":[3.8095,3.8095,3.8095]}}}