{"textures":{"0":"modelengine:entity/stingerhead"},"elements":[{"name":"cube","from":[22.050243,-0.010112047,7.605152],"to":[23.463436,4.707424,8.394848],"rotation":{"angle":-45.0,"axis":"z","origin":[22.200195,22.987408,8.726696]},"faces":{"down":{"uv":[1.125,14.875,1.0,15.0],"rotation":0,"texture":"#0","tintindex":0},"east":{"uv":[13.75,0.25,13.875,0.5],"rotation":0,"texture":"#0","tintindex":0},"north":{"uv":[12.25,13.625,12.375,13.875],"rotation":0,"texture":"#0","tintindex":0},"south":{"uv":[0.375,13.75,0.5,14.0],"rotation":0,"texture":"#0","tintindex":0},"up":{"uv":[15.0,0.875,14.875,0.75],"rotation":0,"texture":"#0","tintindex":0},"west":{"uv":[13.75,0.625,13.875,0.875],"rotation":0,"texture":"#0","tintindex":0}}}],"display":{"head":{"translation":[0.0,-6.4,0.0],"rotation":[0.0,0.0,0.0],"scale":[3.8095,3.8095,3.8095]}}}