{"textures":{"0":"modelengine:entity/stingerhead"},"elements":[{"name":"cube","from":[1.54615,-1.6518798,7.1946917],"to":[3.624357,6.6609516,8.805308],"rotation":{"angle":22.5,"axis":"z","origin":[-8.521155,18.863152,10.726963]},"faces":{"down":{"uv":[10.125,14.5,10.0,14.625],"rotation":0,"texture":"#0","tintindex":0},"east":{"uv":[8.75,12.625,8.875,13.125],"rotation":0,"texture":"#0","tintindex":0},"north":{"uv":[11.125,8.5,11.25,9.0],"rotation":0,"texture":"#0","tintindex":0},"south":{"uv":[8.875,11.125,9.0,11.625],"rotation":0,"texture":"#0","tintindex":0},"up":{"uv":[9.875,14.625,9.75,14.5],"rotation":0,"texture":"#0","tintindex":0},"west":{"uv":[9.0,12.625,9.125,13.125],"rotation":0,"texture":"#0","tintindex":0}}}],"display":{"head":{"translation":[0.0,-6.4,0.0],"rotation":[0.0,0.0,0.0],"scale":[3.8095,3.8095,3.8095]}}}