{"textures":{"0":"modelengine:entity/stingerhead"},"elements":[{"name":"cube","from":[1.2325624,0.58109593,7.293416],"to":[2.6457305,6.233816,8.706584],"rotation":{"angle":22.5,"axis":"z","origin":[-6.574567,20.938713,15.428912]},"faces":{"down":{"uv":[15.0,5.25,14.875,5.375],"rotation":0,"texture":"#0","tintindex":0},"east":{"uv":[11.0,13.25,11.125,13.625],"rotation":0,"texture":"#0","tintindex":0},"north":{"uv":[10.75,13.25,10.875,13.625],"rotation":0,"texture":"#0","tintindex":0},"south":{"uv":[11.5,13.25,11.625,13.625],"rotation":0,"texture":"#0","tintindex":0},"up":{"uv":[15.0,5.125,14.875,5.0],"rotation":0,"texture":"#0","tintindex":0},"west":{"uv":[11.75,13.25,11.875,13.625],"rotation":0,"texture":"#0","tintindex":0}}}],"display":{"head":{"translation":[0.0,-6.4,0.0],"rotation":[0.0,0.0,0.0],"scale":[3.8095,3.8095,3.8095]}}}