{"textures":{"0":"modelengine:entity/stingerhead"},"elements":[{"name":"cube","from":[11.620444,18.70008,7.2934155],"to":[17.273163,20.11325,8.706583],"rotation":{"angle":-45.0,"axis":"z","origin":[-4.842717,18.836784,-2.7034488]},"faces":{"down":{"uv":[13.75,3.375,13.375,3.5],"rotation":0,"texture":"#0","tintindex":0},"east":{"uv":[5.75,14.875,5.875,15.0],"rotation":0,"texture":"#0","tintindex":0},"north":{"uv":[13.25,12.5,13.625,12.625],"rotation":0,"texture":"#0","tintindex":0},"south":{"uv":[13.0,13.25,13.375,13.375],"rotation":0,"texture":"#0","tintindex":0},"up":{"uv":[13.75,3.25,13.375,3.125],"rotation":0,"texture":"#0","tintindex":0},"west":{"uv":[14.875,5.75,15.0,5.875],"rotation":0,"texture":"#0","tintindex":0}}}],"display":{"head":{"translation":[0.0,-6.4,0.0],"rotation":[0.0,0.0,0.0],"scale":[3.8095,3.8095,3.8095]}}}