{"file_name":"leg69","texture_size":[128,128],"textures":{"b4042178-98ef-b73c-6b16-9f5595c4d4f7":"modelengine:entity/stingerhead"},"elements":[{"name":"cube","from":[3.0998056,2.5090337,1.4345357],"to":[3.453104,3.688418,1.63196],"rotation":{"angle":-45.0,"axis":"z","origin":[3.162104,8.28323,1.3515741]},"faces":{"down":{"uv":[10.0625,6.75,10.0,6.8125],"rotation":0,"texture":"#b4042178-98ef-b73c-6b16-9f5595c4d4f7","tintindex":0},"east":{"uv":[2.625,9.625,2.6875,9.875],"rotation":0,"texture":"#b4042178-98ef-b73c-6b16-9f5595c4d4f7","tintindex":0},"north":{"uv":[2.5,9.625,2.5625,9.875],"rotation":0,"texture":"#b4042178-98ef-b73c-6b16-9f5595c4d4f7","tintindex":0},"south":{"uv":[2.75,9.625,2.8125,9.875],"rotation":0,"texture":"#b4042178-98ef-b73c-6b16-9f5595c4d4f7","tintindex":0},"up":{"uv":[6.8125,10.0625,6.75,10.0],"rotation":0,"texture":"#b4042178-98ef-b73c-6b16-9f5595c4d4f7","tintindex":0},"west":{"uv":[2.875,9.625,2.9375,9.875],"rotation":0,"texture":"#b4042178-98ef-b73c-6b16-9f5595c4d4f7","tintindex":0}}}],"display":{"head":{"translation":[0.0,-6.4,0.0],"rotation":[0.0,0.0,0.0],"scale":[3.8095,3.8095,3.8095]},"gui":{"translation":[0.0,0.0,0.0],"rotation":[35.0,225.0,0.0],"scale":[0.625,0.625,0.625]}}}