{"file_name":"leg70","texture_size":[128,128],"textures":{"b4042178-98ef-b73c-6b16-9f5595c4d4f7":"modelengine:entity/stingerhead"},"elements":[{"name":"cube","from":[-0.9460726,3.2012417,1.4734994],"to":[-0.6836982,4.15202,1.5929958],"rotation":{"angle":0.0,"axis":"x","origin":[3.162104,8.28323,1.3515741]},"faces":{"down":{"uv":[10.0625,6.875,10.0,6.9375],"rotation":0,"texture":"#b4042178-98ef-b73c-6b16-9f5595c4d4f7","tintindex":0},"east":{"uv":[9.75,2.625,9.8125,2.8125],"rotation":0,"texture":"#b4042178-98ef-b73c-6b16-9f5595c4d4f7","tintindex":0},"north":{"uv":[2.375,9.75,2.4375,9.9375],"rotation":0,"texture":"#b4042178-98ef-b73c-6b16-9f5595c4d4f7","tintindex":0},"south":{"uv":[3.0,9.75,3.0625,9.9375],"rotation":0,"texture":"#b4042178-98ef-b73c-6b16-9f5595c4d4f7","tintindex":0},"up":{"uv":[6.9375,10.0625,6.875,10.0],"rotation":0,"texture":"#b4042178-98ef-b73c-6b16-9f5595c4d4f7","tintindex":0},"west":{"uv":[3.125,9.75,3.1875,9.9375],"rotation":0,"texture":"#b4042178-98ef-b73c-6b16-9f5595c4d4f7","tintindex":0}}}],"display":{"head":{"translation":[0.0,-6.4,0.0],"rotation":[0.0,0.0,0.0],"scale":[3.8095,3.8095,3.8095]},"gui":{"translation":[0.0,0.0,0.0],"rotation":[35.0,225.0,0.0],"scale":[0.625,0.625,0.625]}}}