{"textures":{"0":"modelengine:entity/stingerhead"},"elements":[{"name":"h_mouth1_cube_0","from":[5.1719837,7.189066,5.5883923],"to":[6.6787043,8.228169,10.783913],"rotation":{"angle":0.0,"axis":"x","origin":[8.040704,12.559426,12.089825]},"faces":{"down":{"uv":[7.25,13.375,7.125,13.625],"rotation":0,"texture":"#0","tintindex":0},"east":{"uv":[1.75,13.375,2.0,13.5],"rotation":0,"texture":"#0","tintindex":0},"north":{"uv":[0.0,14.625,0.125,14.75],"rotation":0,"texture":"#0","tintindex":0},"south":{"uv":[14.625,0.0,14.75,0.125],"rotation":0,"texture":"#0","tintindex":0},"up":{"uv":[0.625,13.625,0.5,13.375],"rotation":0,"texture":"#0","tintindex":0},"west":{"uv":[6.75,13.375,7.0,13.5],"rotation":0,"texture":"#0","tintindex":0}}},{"name":"h_mouth1_cube_1","from":[5.921792,6.0011497,7.6248865],"to":[6.9608955,7.0402536,9.7030945],"rotation":{"angle":22.5,"axis":"x","origin":[8.040704,12.559426,12.089825]},"faces":{"down":{"uv":[1.0,14.375,0.875,14.5],"rotation":0,"texture":"#0","tintindex":0},"east":{"uv":[14.375,0.5,14.5,0.625],"rotation":0,"texture":"#0","tintindex":0},"north":{"uv":[4.75,14.75,4.875,14.875],"rotation":0,"texture":"#0","tintindex":0},"south":{"uv":[5.0,14.75,5.125,14.875],"rotation":0,"texture":"#0","tintindex":0},"up":{"uv":[14.5,0.875,14.375,0.75],"rotation":0,"texture":"#0","tintindex":0},"west":{"uv":[0.625,14.375,0.75,14.5],"rotation":0,"texture":"#0","tintindex":0}}},{"name":"h_mouth1_cube_2","from":[9.321297,7.189066,5.5883923],"to":[10.828016,8.228169,10.783913],"rotation":{"angle":0.0,"axis":"x","origin":[8.040704,12.559426,12.089825]},"faces":{"down":{"uv":[13.5,10.375,13.375,10.625],"rotation":0,"texture":"#0","tintindex":0},"east":{"uv":[13.375,8.625,13.625,8.75],"rotation":0,"texture":"#0","tintindex":0},"north":{"uv":[14.625,0.75,14.75,0.875],"rotation":0,"texture":"#0","tintindex":0},"south":{"uv":[1.0,14.625,1.125,14.75],"rotation":0,"texture":"#0","tintindex":0},"up":{"uv":[13.5,9.875,13.375,9.625],"rotation":0,"texture":"#0","tintindex":0},"west":{"uv":[13.375,8.875,13.625,9.0],"rotation":0,"texture":"#0","tintindex":0}}},{"name":"h_mouth1_cube_3","from":[9.039104,6.0011497,7.6248865],"to":[10.078209,7.0402536,9.7030945],"rotation":{"angle":22.5,"axis":"x","origin":[8.040704,12.559426,12.089825]},"faces":{"down":{"uv":[14.5,0.25,14.375,0.375],"rotation":0,"texture":"#0","tintindex":0},"east":{"uv":[14.25,13.625,14.375,13.75],"rotation":0,"texture":"#0","tintindex":0},"north":{"uv":[14.75,4.0,14.875,4.125],"rotation":0,"texture":"#0","tintindex":0},"south":{"uv":[4.5,14.75,4.625,14.875],"rotation":0,"texture":"#0","tintindex":0},"up":{"uv":[14.375,14.375,14.25,14.25],"rotation":0,"texture":"#0","tintindex":0},"west":{"uv":[14.0,14.25,14.125,14.375],"rotation":0,"texture":"#0","tintindex":0}}}],"display":{"head":{"translation":[0.0,-6.4,0.0],"rotation":[0.0,0.0,0.0],"scale":[3.8095,3.8095,3.8095]}}}