{"file_name":"tail_end3","texture_size":[128,128],"textures":{"b4042178-98ef-b73c-6b16-9f5595c4d4f7":"modelengine:entity/stingerhead"},"elements":[{"name":"cube","from":[0.6354377,13.175276,-14.239991],"to":[2.1774735,14.795234,-12.697959],"rotation":{"angle":22.5,"axis":"x","origin":[-0.43789625,6.9332294,-4.9484262]},"faces":{"down":{"uv":[2.1875,7.125,1.875,7.4375],"rotation":0,"texture":"#b4042178-98ef-b73c-6b16-9f5595c4d4f7","tintindex":0},"east":{"uv":[7.125,0.75,7.4375,1.0625],"rotation":0,"texture":"#b4042178-98ef-b73c-6b16-9f5595c4d4f7","tintindex":0},"north":{"uv":[0.75,7.125,1.0625,7.4375],"rotation":0,"texture":"#b4042178-98ef-b73c-6b16-9f5595c4d4f7","tintindex":0},"south":{"uv":[1.125,7.125,1.4375,7.4375],"rotation":0,"texture":"#b4042178-98ef-b73c-6b16-9f5595c4d4f7","tintindex":0},"up":{"uv":[7.4375,1.8125,7.125,1.5],"rotation":0,"texture":"#b4042178-98ef-b73c-6b16-9f5595c4d4f7","tintindex":0},"west":{"uv":[7.125,1.125,7.4375,1.4375],"rotation":0,"texture":"#b4042178-98ef-b73c-6b16-9f5595c4d4f7","tintindex":0}}},{"name":"cube","from":[0.89521337,18.37588,-1.4044666],"to":[1.9176979,19.398357,-1.2132702],"rotation":{"angle":-45.0,"axis":"x","origin":[-0.43789625,6.9332294,-4.9484262]},"faces":{"down":{"uv":[9.8125,8.75,9.625,8.8125],"rotation":0,"texture":"#b4042178-98ef-b73c-6b16-9f5595c4d4f7","tintindex":0},"east":{"uv":[9.625,8.375,9.6875,8.5625],"rotation":0,"texture":"#b4042178-98ef-b73c-6b16-9f5595c4d4f7","tintindex":0},"north":{"uv":[0.75,9.0,0.9375,9.1875],"rotation":0,"texture":"#b4042178-98ef-b73c-6b16-9f5595c4d4f7","tintindex":0},"south":{"uv":[9.0,0.75,9.1875,0.9375],"rotation":0,"texture":"#b4042178-98ef-b73c-6b16-9f5595c4d4f7","tintindex":0},"up":{"uv":[9.8125,8.6875,9.625,8.625],"rotation":0,"texture":"#b4042178-98ef-b73c-6b16-9f5595c4d4f7","tintindex":0},"west":{"uv":[8.5,9.625,8.5625,9.8125],"rotation":0,"texture":"#b4042178-98ef-b73c-6b16-9f5595c4d4f7","tintindex":0}}},{"name":"cube","from":[1.0251017,18.008654,-1.864018],"to":[1.7878097,18.771355,-1.2831583],"rotation":{"angle":-45.0,"axis":"x","origin":[-0.43789625,6.9332294,-4.9484262]},"faces":{"down":{"uv":[9.3125,8.0,9.125,8.125],"rotation":0,"texture":"#b4042178-98ef-b73c-6b16-9f5595c4d4f7","tintindex":0},"east":{"uv":[7.75,9.125,7.875,9.3125],"rotation":0,"texture":"#b4042178-98ef-b73c-6b16-9f5595c4d4f7","tintindex":0},"north":{"uv":[1.0,9.0,1.1875,9.1875],"rotation":0,"texture":"#b4042178-98ef-b73c-6b16-9f5595c4d4f7","tintindex":0},"south":{"uv":[9.0,1.0,9.1875,1.1875],"rotation":0,"texture":"#b4042178-98ef-b73c-6b16-9f5595c4d4f7","tintindex":0},"up":{"uv":[8.0625,9.25,7.875,9.125],"rotation":0,"texture":"#b4042178-98ef-b73c-6b16-9f5595c4d4f7","tintindex":0},"west":{"uv":[9.125,7.75,9.25,7.9375],"rotation":0,"texture":"#b4042178-98ef-b73c-6b16-9f5595c4d4f7","tintindex":0}}},{"name":"cube","from":[0.94384384,16.306406,-9.63097],"to":[1.8690679,17.231625,-8.397347],"rotation":{"angle":0.0,"axis":"x","origin":[-0.43789625,6.9332294,-4.9484262]},"faces":{"down":{"uv":[7.3125,8.5,7.125,8.75],"rotation":0,"texture":"#b4042178-98ef-b73c-6b16-9f5595c4d4f7","tintindex":0},"east":{"uv":[6.625,8.5,6.875,8.6875],"rotation":0,"texture":"#b4042178-98ef-b73c-6b16-9f5595c4d4f7","tintindex":0},"north":{"uv":[1.25,9.0,1.4375,9.1875],"rotation":0,"texture":"#b4042178-98ef-b73c-6b16-9f5595c4d4f7","tintindex":0},"south":{"uv":[9.0,1.25,9.1875,1.4375],"rotation":0,"texture":"#b4042178-98ef-b73c-6b16-9f5595c4d4f7","tintindex":0},"up":{"uv":[7.0625,8.75,6.875,8.5],"rotation":0,"texture":"#b4042178-98ef-b73c-6b16-9f5595c4d4f7","tintindex":0},"west":{"uv":[8.5,6.625,8.75,6.8125],"rotation":0,"texture":"#b4042178-98ef-b73c-6b16-9f5595c4d4f7","tintindex":0}}},{"name":"cube","from":[1.0737314,17.38226,-4.321559],"to":[1.7391797,17.787926,-3.6721182],"rotation":{"angle":-22.5,"axis":"x","origin":[-0.43789625,6.9332294,-4.9484262]},"faces":{"down":{"uv":[4.375,8.375,4.25,8.5],"rotation":0,"texture":"#b4042178-98ef-b73c-6b16-9f5595c4d4f7","tintindex":0},"east":{"uv":[9.875,2.125,10.0,2.1875],"rotation":0,"texture":"#b4042178-98ef-b73c-6b16-9f5595c4d4f7","tintindex":0},"north":{"uv":[9.875,2.0,10.0,2.0625],"rotation":0,"texture":"#b4042178-98ef-b73c-6b16-9f5595c4d4f7","tintindex":0},"south":{"uv":[9.875,2.375,10.0,2.4375],"rotation":0,"texture":"#b4042178-98ef-b73c-6b16-9f5595c4d4f7","tintindex":0},"up":{"uv":[8.5,2.25,8.375,2.125],"rotation":0,"texture":"#b4042178-98ef-b73c-6b16-9f5595c4d4f7","tintindex":0},"west":{"uv":[2.5,9.875,2.625,9.9375],"rotation":0,"texture":"#b4042178-98ef-b73c-6b16-9f5595c4d4f7","tintindex":0}}},{"name":"cube","from":[1.3335079,16.402466,0.26914382],"to":[1.4794034,16.548355,0.7886958],"rotation":{"angle":-45.0,"axis":"x","origin":[-0.43789625,6.9332294,-4.9484262]},"faces":{"down":{"uv":[9.9375,2.75,9.875,2.875],"rotation":0,"texture":"#b4042178-98ef-b73c-6b16-9f5595c4d4f7","tintindex":0},"east":{"uv":[2.625,9.875,2.75,9.9375],"rotation":0,"texture":"#b4042178-98ef-b73c-6b16-9f5595c4d4f7","tintindex":0},"north":{"uv":[1.5,10.0,1.5625,10.0625],"rotation":0,"texture":"#b4042178-98ef-b73c-6b16-9f5595c4d4f7","tintindex":0},"south":{"uv":[10.0,1.5,10.0625,1.5625],"rotation":0,"texture":"#b4042178-98ef-b73c-6b16-9f5595c4d4f7","tintindex":0},"up":{"uv":[2.8125,10.0,2.75,9.875],"rotation":0,"texture":"#b4042178-98ef-b73c-6b16-9f5595c4d4f7","tintindex":0},"west":{"uv":[9.875,2.625,10.0,2.6875],"rotation":0,"texture":"#b4042178-98ef-b73c-6b16-9f5595c4d4f7","tintindex":0}}}],"display":{"head":{"translation":[0.0,-6.4,0.0],"rotation":[0.0,0.0,0.0],"scale":[3.8095,3.8095,3.8095]},"gui":{"translation":[0.0,0.0,0.0],"rotation":[35.0,225.0,0.0],"scale":[0.625,0.625,0.625]}}}