{"file_name":"tail45","texture_size":[128,128],"textures":{"b4042178-98ef-b73c-6b16-9f5595c4d4f7":"modelengine:entity/stingerhead"},"elements":[{"name":"cube","from":[-2.093758,10.741436,-2.8156972],"to":[-1.2053261,13.853553,-1.6311169],"rotation":{"angle":-45.0,"axis":"x","origin":[1.3621038,8.28323,1.3515741]},"faces":{"down":{"uv":[2.1875,8.5,2.0,8.75],"rotation":0,"texture":"#b4042178-98ef-b73c-6b16-9f5595c4d4f7","tintindex":0},"east":{"uv":[1.0,2.625,1.25,3.25],"rotation":0,"texture":"#b4042178-98ef-b73c-6b16-9f5595c4d4f7","tintindex":0},"north":{"uv":[2.0,5.375,2.1875,6.0],"rotation":0,"texture":"#b4042178-98ef-b73c-6b16-9f5595c4d4f7","tintindex":0},"south":{"uv":[0.625,5.5,0.8125,6.125],"rotation":0,"texture":"#b4042178-98ef-b73c-6b16-9f5595c4d4f7","tintindex":0},"up":{"uv":[1.9375,8.75,1.75,8.5],"rotation":0,"texture":"#b4042178-98ef-b73c-6b16-9f5595c4d4f7","tintindex":0},"west":{"uv":[2.125,2.75,2.375,3.375],"rotation":0,"texture":"#b4042178-98ef-b73c-6b16-9f5595c4d4f7","tintindex":0}}},{"name":"cube","from":[-2.106748,5.3143816,-2.5990305],"to":[-1.1403828,6.758738,-1.5651221],"rotation":{"angle":22.5,"axis":"x","origin":[1.3621038,8.28323,1.3515741]},"faces":{"down":{"uv":[6.0625,8.75,5.875,8.9375],"rotation":0,"texture":"#b4042178-98ef-b73c-6b16-9f5595c4d4f7","tintindex":0},"east":{"uv":[3.5,8.0,3.6875,8.3125],"rotation":0,"texture":"#b4042178-98ef-b73c-6b16-9f5595c4d4f7","tintindex":0},"north":{"uv":[8.0,3.25,8.1875,3.5625],"rotation":0,"texture":"#b4042178-98ef-b73c-6b16-9f5595c4d4f7","tintindex":0},"south":{"uv":[8.0,3.625,8.1875,3.9375],"rotation":0,"texture":"#b4042178-98ef-b73c-6b16-9f5595c4d4f7","tintindex":0},"up":{"uv":[8.9375,5.4375,8.75,5.25],"rotation":0,"texture":"#b4042178-98ef-b73c-6b16-9f5595c4d4f7","tintindex":0},"west":{"uv":[3.875,8.0,4.0625,8.3125],"rotation":0,"texture":"#b4042178-98ef-b73c-6b16-9f5595c4d4f7","tintindex":0}}}],"display":{"head":{"translation":[0.0,-6.4,0.0],"rotation":[0.0,0.0,0.0],"scale":[3.8095,3.8095,3.8095]},"gui":{"translation":[0.0,0.0,0.0],"rotation":[35.0,225.0,0.0],"scale":[0.625,0.625,0.625]}}}