{"textures":{"0":"modelengine:entity/stingerhead"},"elements":[{"name":"cube","from":[-7.8064966,-5.25772,6.65756],"to":[-3.7876487,0.048775196,13.125367],"rotation":{"angle":-45.0,"axis":"x","origin":[-11.048417,9.132919,-3.8062968]},"faces":{"down":{"uv":[10.875,10.375,10.625,10.75],"rotation":0,"texture":"#0","tintindex":0},"east":{"uv":[2.75,4.625,3.125,4.875],"rotation":0,"texture":"#0","tintindex":0},"north":{"uv":[3.0,11.375,3.25,11.625],"rotation":0,"texture":"#0","tintindex":0},"south":{"uv":[3.375,11.375,3.625,11.625],"rotation":0,"texture":"#0","tintindex":0},"up":{"uv":[10.125,11.0,9.875,10.625],"rotation":0,"texture":"#0","tintindex":0},"west":{"uv":[9.75,4.625,10.125,4.875],"rotation":0,"texture":"#0","tintindex":0}}},{"name":"cube","from":[-7.9103928,-2.1920557,7.2183685],"to":[-3.9435043,2.4390078,13.686152],"rotation":{"angle":-22.5,"axis":"x","origin":[-11.048417,9.132919,-3.8062968]},"faces":{"down":{"uv":[11.0,3.375,10.75,3.75],"rotation":0,"texture":"#0","tintindex":0},"east":{"uv":[5.0,9.75,5.375,10.0],"rotation":0,"texture":"#0","tintindex":0},"north":{"uv":[3.75,11.375,4.0,11.625],"rotation":0,"texture":"#0","tintindex":0},"south":{"uv":[4.125,11.375,4.375,11.625],"rotation":0,"texture":"#0","tintindex":0},"up":{"uv":[1.625,11.125,1.375,10.75],"rotation":0,"texture":"#0","tintindex":0},"west":{"uv":[9.75,5.0,10.125,5.25],"rotation":0,"texture":"#0","tintindex":0}}}],"display":{"head":{"translation":[0.0,-6.4,0.0],"rotation":[0.0,0.0,0.0],"scale":[3.8095,3.8095,3.8095]}}}