{"textures":{"0":"modelengine:entity/stingerhead"},"elements":[{"name":"cube","from":[16.567833,0.35114646,9.395063],"to":[22.735977,6.519267,15.87492],"rotation":{"angle":0.0,"axis":"x","origin":[13.977535,-10.433256,19.986553]},"faces":{"down":{"uv":[8.625,6.375,8.25,6.75],"rotation":0,"texture":"#0","tintindex":0},"east":{"uv":[4.5,8.125,4.875,8.5],"rotation":0,"texture":"#0","tintindex":0},"north":{"uv":[8.0,2.375,8.375,2.75],"rotation":0,"texture":"#0","tintindex":0},"south":{"uv":[6.125,8.125,6.5,8.5],"rotation":0,"texture":"#0","tintindex":0},"up":{"uv":[8.625,5.625,8.25,5.25],"rotation":0,"texture":"#0","tintindex":0},"west":{"uv":[0.0,8.25,0.375,8.625],"rotation":0,"texture":"#0","tintindex":0}}},{"name":"cube","from":[17.606937,8.10708,16.632528],"to":[21.696873,12.196993,17.397312],"rotation":{"angle":-22.5,"axis":"x","origin":[13.977535,-10.433256,19.986553]},"faces":{"down":{"uv":[14.25,6.75,14.0,6.875],"rotation":0,"texture":"#0","tintindex":0},"east":{"uv":[5.875,14.0,6.0,14.25],"rotation":0,"texture":"#0","tintindex":0},"north":{"uv":[12.125,4.625,12.375,4.875],"rotation":0,"texture":"#0","tintindex":0},"south":{"uv":[5.0,12.125,5.25,12.375],"rotation":0,"texture":"#0","tintindex":0},"up":{"uv":[6.875,14.125,6.625,14.0],"rotation":0,"texture":"#0","tintindex":0},"west":{"uv":[6.125,14.0,6.25,14.25],"rotation":0,"texture":"#0","tintindex":0}}},{"name":"cube","from":[18.126488,6.95141,17.308056],"to":[21.177322,10.002217,19.631496],"rotation":{"angle":-22.5,"axis":"x","origin":[13.977535,-10.433256,19.986553]},"faces":{"down":{"uv":[13.125,1.125,12.875,1.25],"rotation":0,"texture":"#0","tintindex":0},"east":{"uv":[12.875,0.75,13.0,1.0],"rotation":0,"texture":"#0","tintindex":0},"north":{"uv":[5.375,12.125,5.625,12.375],"rotation":0,"texture":"#0","tintindex":0},"south":{"uv":[12.125,5.5,12.375,5.75],"rotation":0,"texture":"#0","tintindex":0},"up":{"uv":[13.0,12.375,12.75,12.25],"rotation":0,"texture":"#0","tintindex":0},"west":{"uv":[1.0,12.875,1.125,13.125],"rotation":0,"texture":"#0","tintindex":0}}},{"name":"cube","from":[17.801456,1.5843618,6.2976956],"to":[21.502354,6.51886,9.998592],"rotation":{"angle":22.5,"axis":"x","origin":[13.977535,-10.433256,19.986553]},"faces":{"down":{"uv":[12.375,5.875,12.125,6.125],"rotation":0,"texture":"#0","tintindex":0},"east":{"uv":[11.375,8.5,11.625,8.75],"rotation":0,"texture":"#0","tintindex":0},"north":{"uv":[8.25,11.375,8.5,11.625],"rotation":0,"texture":"#0","tintindex":0},"south":{"uv":[11.375,10.125,11.625,10.375],"rotation":0,"texture":"#0","tintindex":0},"up":{"uv":[6.0,12.375,5.75,12.125],"rotation":0,"texture":"#0","tintindex":0},"west":{"uv":[11.375,10.5,11.625,10.75],"rotation":0,"texture":"#0","tintindex":0}}},{"name":"cube","from":[18.321007,3.5468175,18.840984],"to":[20.9828,5.169482,21.438744],"rotation":{"angle":-45.0,"axis":"x","origin":[13.977535,-10.433256,19.986553]},"faces":{"down":{"uv":[6.375,7.125,6.25,7.25],"rotation":0,"texture":"#0","tintindex":0},"east":{"uv":[1.125,14.375,1.25,14.5],"rotation":0,"texture":"#0","tintindex":0},"north":{"uv":[14.375,1.0,14.5,1.125],"rotation":0,"texture":"#0","tintindex":0},"south":{"uv":[1.375,14.375,1.5,14.5],"rotation":0,"texture":"#0","tintindex":0},"up":{"uv":[7.0,3.625,6.875,3.5],"rotation":0,"texture":"#0","tintindex":0},"west":{"uv":[1.625,14.375,1.75,14.5],"rotation":0,"texture":"#0","tintindex":0}}},{"name":"cube","from":[19.360115,2.8344023,11.267377],"to":[19.943695,3.4179616,13.345584],"rotation":{"angle":-22.5,"axis":"x","origin":[13.977535,-10.433256,19.986553]},"faces":{"down":{"uv":[2.75,14.375,2.625,14.5],"rotation":0,"texture":"#0","tintindex":0},"east":{"uv":[1.875,14.375,2.0,14.5],"rotation":0,"texture":"#0","tintindex":0},"north":{"uv":[5.25,14.75,5.375,14.875],"rotation":0,"texture":"#0","tintindex":0},"south":{"uv":[6.125,14.75,6.25,14.875],"rotation":0,"texture":"#0","tintindex":0},"up":{"uv":[2.5,14.5,2.375,14.375],"rotation":0,"texture":"#0","tintindex":0},"west":{"uv":[2.125,14.375,2.25,14.5],"rotation":0,"texture":"#0","tintindex":0}}}],"display":{"head":{"translation":[0.0,-6.4,0.0],"rotation":[0.0,0.0,0.0],"scale":[3.8095,3.8095,3.8095]}}}