{"file_name":"tail15","texture_size":[128,128],"textures":{"b4042178-98ef-b73c-6b16-9f5595c4d4f7":"modelengine:entity/stingerhead"},"elements":[{"name":"cube","from":[3.1715841,-15.2641325,-14.645028],"to":[4.330604,-13.874646,-11.018453],"rotation":{"angle":-45.0,"axis":"x","origin":[5.562104,-25.316772,-13.648427]},"faces":{"down":{"uv":[3.875,4.125,3.625,4.875],"rotation":0,"texture":"#b4042178-98ef-b73c-6b16-9f5595c4d4f7","tintindex":0},"east":{"uv":[3.375,3.0,4.125,3.3125],"rotation":0,"texture":"#b4042178-98ef-b73c-6b16-9f5595c4d4f7","tintindex":0},"north":{"uv":[7.5,1.0,7.75,1.3125],"rotation":0,"texture":"#b4042178-98ef-b73c-6b16-9f5595c4d4f7","tintindex":0},"south":{"uv":[1.125,7.5,1.375,7.8125],"rotation":0,"texture":"#b4042178-98ef-b73c-6b16-9f5595c4d4f7","tintindex":0},"up":{"uv":[3.625,4.875,3.375,4.125],"rotation":0,"texture":"#b4042178-98ef-b73c-6b16-9f5595c4d4f7","tintindex":0},"west":{"uv":[3.375,3.375,4.125,3.6875],"rotation":0,"texture":"#b4042178-98ef-b73c-6b16-9f5595c4d4f7","tintindex":0}}}],"display":{"head":{"translation":[0.0,-6.4,0.0],"rotation":[0.0,0.0,0.0],"scale":[3.8095,3.8095,3.8095]},"gui":{"translation":[0.0,0.0,0.0],"rotation":[35.0,225.0,0.0],"scale":[0.625,0.625,0.625]}}}