{"textures":{"0":"modelengine:entity/stingerhead"},"elements":[{"name":"cube","from":[-14.173192,13.978565,-11.165077],"to":[-8.005048,20.146683,-4.6852264],"rotation":{"angle":22.5,"axis":"x","origin":[-11.048417,-3.1131325,17.953495]},"faces":{"down":{"uv":[6.625,8.625,6.25,9.0],"rotation":0,"texture":"#0","tintindex":0},"east":{"uv":[4.125,8.625,4.5,9.0],"rotation":0,"texture":"#0","tintindex":0},"north":{"uv":[8.625,2.875,9.0,3.25],"rotation":0,"texture":"#0","tintindex":0},"south":{"uv":[4.625,8.625,5.0,9.0],"rotation":0,"texture":"#0","tintindex":0},"up":{"uv":[9.0,6.125,8.625,5.75],"rotation":0,"texture":"#0","tintindex":0},"west":{"uv":[5.75,8.625,6.125,9.0],"rotation":0,"texture":"#0","tintindex":0}}},{"name":"cube","from":[-13.134089,27.910088,-0.42474365],"to":[-9.044152,32.0,0.3400383],"rotation":{"angle":0.0,"axis":"x","origin":[-11.048417,-3.1131325,17.953495]},"faces":{"down":{"uv":[10.5,14.0,10.25,14.125],"rotation":0,"texture":"#0","tintindex":0},"east":{"uv":[14.0,8.375,14.125,8.625],"rotation":0,"texture":"#0","tintindex":0},"north":{"uv":[12.125,7.5,12.375,7.75],"rotation":0,"texture":"#0","tintindex":0},"south":{"uv":[7.625,12.125,7.875,12.375],"rotation":0,"texture":"#0","tintindex":0},"up":{"uv":[14.25,9.25,14.0,9.125],"rotation":0,"texture":"#0","tintindex":0},"west":{"uv":[14.0,8.75,14.125,9.0],"rotation":0,"texture":"#0","tintindex":0}}},{"name":"cube","from":[-12.614536,27.610928,-0.3296318],"to":[-9.563705,30.661736,1.9938049],"rotation":{"angle":0.0,"axis":"x","origin":[-11.048417,-3.1131325,17.953495]},"faces":{"down":{"uv":[13.125,4.25,12.875,4.375],"rotation":0,"texture":"#0","tintindex":0},"east":{"uv":[3.875,12.875,4.0,13.125],"rotation":0,"texture":"#0","tintindex":0},"north":{"uv":[12.125,7.875,12.375,8.125],"rotation":0,"texture":"#0","tintindex":0},"south":{"uv":[0.25,12.25,0.5,12.5],"rotation":0,"texture":"#0","tintindex":0},"up":{"uv":[4.375,13.0,4.125,12.875],"rotation":0,"texture":"#0","tintindex":0},"west":{"uv":[12.875,3.875,13.0,4.125],"rotation":0,"texture":"#0","tintindex":0}}},{"name":"cube","from":[-12.9395685,-0.839468,-16.0],"to":[-9.238673,4.095028,-12.299133],"rotation":{"angle":45.0,"axis":"x","origin":[-11.048417,-3.1131325,17.953495]},"faces":{"down":{"uv":[1.875,12.25,1.625,12.5],"rotation":0,"texture":"#0","tintindex":0},"east":{"uv":[11.625,9.625,11.875,9.875],"rotation":0,"texture":"#0","tintindex":0},"north":{"uv":[9.375,11.625,9.625,11.875],"rotation":0,"texture":"#0","tintindex":0},"south":{"uv":[11.0,11.625,11.25,11.875],"rotation":0,"texture":"#0","tintindex":0},"up":{"uv":[12.5,1.5,12.25,1.25],"rotation":0,"texture":"#0","tintindex":0},"west":{"uv":[11.375,11.625,11.625,11.875],"rotation":0,"texture":"#0","tintindex":0}}},{"name":"cube","from":[-12.420016,27.60476,5.932782],"to":[-9.7582245,29.227425,8.530543],"rotation":{"angle":-22.5,"axis":"x","origin":[-11.048417,-3.1131325,17.953495]},"faces":{"down":{"uv":[6.125,11.5,6.0,11.625],"rotation":0,"texture":"#0","tintindex":0},"east":{"uv":[14.375,5.25,14.5,5.375],"rotation":0,"texture":"#0","tintindex":0},"north":{"uv":[14.375,5.0,14.5,5.125],"rotation":0,"texture":"#0","tintindex":0},"south":{"uv":[14.375,5.5,14.5,5.625],"rotation":0,"texture":"#0","tintindex":0},"up":{"uv":[11.625,5.75,11.5,5.625],"rotation":0,"texture":"#0","tintindex":0},"west":{"uv":[5.75,14.375,5.875,14.5],"rotation":0,"texture":"#0","tintindex":0}}},{"name":"cube","from":[-11.380914,21.802662,-7.004635],"to":[-10.797329,22.386223,-4.926426],"rotation":{"angle":0.0,"axis":"x","origin":[-11.048417,-3.1131325,17.953495]},"faces":{"down":{"uv":[14.5,6.75,14.375,6.875],"rotation":0,"texture":"#0","tintindex":0},"east":{"uv":[14.375,5.75,14.5,5.875],"rotation":0,"texture":"#0","tintindex":0},"north":{"uv":[14.75,6.5,14.875,6.625],"rotation":0,"texture":"#0","tintindex":0},"south":{"uv":[6.625,14.75,6.75,14.875],"rotation":0,"texture":"#0","tintindex":0},"up":{"uv":[14.5,6.125,14.375,6.0],"rotation":0,"texture":"#0","tintindex":0},"west":{"uv":[6.0,14.375,6.125,14.5],"rotation":0,"texture":"#0","tintindex":0}}}],"display":{"head":{"translation":[0.0,39.318592,-81.23656],"rotation":[0.0,0.0,0.0],"scale":[3.8095,3.8095,3.8095]}}}