{"textures":{"0":"modelengine:entity/stingerhead"},"elements":[{"name":"cube","from":[-16.0,14.219776,22.533298],"to":[-11.594183,18.848227,26.9391],"rotation":{"angle":-22.5,"axis":"x","origin":[-8.5275135,-3.6146417,0.39177322]},"faces":{"down":{"uv":[9.625,9.25,9.25,9.625],"rotation":0,"texture":"#0","tintindex":0},"east":{"uv":[9.25,6.25,9.625,6.625],"rotation":0,"texture":"#0","tintindex":0},"north":{"uv":[5.0,9.25,5.375,9.625],"rotation":0,"texture":"#0","tintindex":0},"south":{"uv":[9.25,6.75,9.625,7.125],"rotation":0,"texture":"#0","tintindex":0},"up":{"uv":[9.625,9.125,9.25,8.75],"rotation":0,"texture":"#0","tintindex":0},"west":{"uv":[9.25,7.25,9.625,7.625],"rotation":0,"texture":"#0","tintindex":0}}},{"name":"cube","from":[-15.257782,29.078644,-10.2801],"to":[-12.336399,32.0,-9.733826],"rotation":{"angle":45.0,"axis":"x","origin":[-8.5275135,-3.6146417,0.39177322]},"faces":{"down":{"uv":[14.375,1.625,14.125,1.75],"rotation":0,"texture":"#0","tintindex":0},"east":{"uv":[0.375,14.125,0.5,14.375],"rotation":0,"texture":"#0","tintindex":0},"north":{"uv":[4.25,12.5,4.5,12.75],"rotation":0,"texture":"#0","tintindex":0},"south":{"uv":[12.5,4.25,12.75,4.5],"rotation":0,"texture":"#0","tintindex":0},"up":{"uv":[14.375,1.5,14.125,1.375],"rotation":0,"texture":"#0","tintindex":0},"west":{"uv":[14.125,1.0,14.25,1.25],"rotation":0,"texture":"#0","tintindex":0}}},{"name":"cube","from":[-14.886675,28.029427,-10.080421],"to":[-12.707508,30.208572,-8.420822],"rotation":{"angle":45.0,"axis":"x","origin":[-8.5275135,-3.6146417,0.39177322]},"faces":{"down":{"uv":[13.25,6.875,13.0,7.0],"rotation":0,"texture":"#0","tintindex":0},"east":{"uv":[6.0,13.0,6.125,13.25],"rotation":0,"texture":"#0","tintindex":0},"north":{"uv":[4.625,12.5,4.875,12.75],"rotation":0,"texture":"#0","tintindex":0},"south":{"uv":[12.5,4.625,12.75,4.875],"rotation":0,"texture":"#0","tintindex":0},"up":{"uv":[13.25,6.75,13.0,6.625],"rotation":0,"texture":"#0","tintindex":0},"west":{"uv":[6.25,13.0,6.375,13.25],"rotation":0,"texture":"#0","tintindex":0}}},{"name":"cube","from":[-15.118841,23.165861,10.2458315],"to":[-12.475344,25.809341,13.770472],"rotation":{"angle":0.0,"axis":"x","origin":[-8.5275135,-3.6146417,0.39177322]},"faces":{"down":{"uv":[12.0,8.0,11.75,8.25],"rotation":0,"texture":"#0","tintindex":0},"east":{"uv":[7.375,11.75,7.625,12.0],"rotation":0,"texture":"#0","tintindex":0},"north":{"uv":[5.0,12.5,5.25,12.75],"rotation":0,"texture":"#0","tintindex":0},"south":{"uv":[5.375,12.5,5.625,12.75],"rotation":0,"texture":"#0","tintindex":0},"up":{"uv":[8.0,12.0,7.75,11.75],"rotation":0,"texture":"#0","tintindex":0},"west":{"uv":[11.75,7.625,12.0,7.875],"rotation":0,"texture":"#0","tintindex":0}}},{"name":"cube","from":[-14.747732,26.23973,-3.2548218],"to":[-12.846453,27.398773,-1.3992786],"rotation":{"angle":22.5,"axis":"x","origin":[-8.5275135,-3.6146417,0.39177322]},"faces":{"down":{"uv":[1.625,13.5,1.5,13.625],"rotation":0,"texture":"#0","tintindex":0},"east":{"uv":[14.5,1.75,14.625,1.875],"rotation":0,"texture":"#0","tintindex":0},"north":{"uv":[14.5,1.5,14.625,1.625],"rotation":0,"texture":"#0","tintindex":0},"south":{"uv":[14.5,2.0,14.625,2.125],"rotation":0,"texture":"#0","tintindex":0},"up":{"uv":[13.625,1.375,13.5,1.25],"rotation":0,"texture":"#0","tintindex":0},"west":{"uv":[14.5,2.25,14.625,2.375],"rotation":0,"texture":"#0","tintindex":0}}},{"name":"cube","from":[-14.005514,23.44032,-16.0],"to":[-13.588667,23.857147,-14.51557],"rotation":{"angle":45.0,"axis":"x","origin":[-8.5275135,-3.6146417,0.39177322]},"faces":{"down":{"uv":[14.625,3.5,14.5,3.625],"rotation":0,"texture":"#0","tintindex":0},"east":{"uv":[14.5,2.75,14.625,2.875],"rotation":0,"texture":"#0","tintindex":0},"north":{"uv":[8.0,14.75,8.125,14.875],"rotation":0,"texture":"#0","tintindex":0},"south":{"uv":[14.75,8.25,14.875,8.375],"rotation":0,"texture":"#0","tintindex":0},"up":{"uv":[14.625,3.375,14.5,3.25],"rotation":0,"texture":"#0","tintindex":0},"west":{"uv":[14.5,3.0,14.625,3.125],"rotation":0,"texture":"#0","tintindex":0}}}],"display":{"head":{"translation":[-27.49306,25.582447,-63.879414],"rotation":[0.0,0.0,0.0],"scale":[3.7333333,3.7333333,3.7333333]}}}