{"textures":{"0":"modelengine:entity/stingerhead"},"elements":[{"name":"cube","from":[6.4213037,4.1511707,15.290169],"to":[9.975032,16.599636,20.028488],"rotation":{"angle":45.0,"axis":"x","origin":[8.198168,10.375402,17.659328]},"faces":{"down":{"uv":[12.0,1.75,11.75,2.0],"rotation":0,"texture":"#0","tintindex":0},"east":{"uv":[4.125,5.375,4.375,6.0],"rotation":0,"texture":"#0","tintindex":0},"north":{"uv":[4.25,6.875,4.5,7.5],"rotation":0,"texture":"#0","tintindex":0},"south":{"uv":[2.375,7.125,2.625,7.75],"rotation":0,"texture":"#0","tintindex":0},"up":{"uv":[1.25,12.0,1.0,11.75],"rotation":0,"texture":"#0","tintindex":0},"west":{"uv":[5.5,1.0,5.75,1.625],"rotation":0,"texture":"#0","tintindex":0}}},{"name":"cube","from":[6.1615286,3.1976023,10.254059],"to":[10.026993,8.975025,14.389689],"rotation":{"angle":-22.5,"axis":"x","origin":[8.09426,6.086314,12.321873]},"faces":{"down":{"uv":[9.125,12.25,8.875,12.5],"rotation":0,"texture":"#0","tintindex":0},"east":{"uv":[4.875,10.875,5.125,11.25],"rotation":0,"texture":"#0","tintindex":0},"north":{"uv":[10.875,4.625,11.125,5.0],"rotation":0,"texture":"#0","tintindex":0},"south":{"uv":[10.875,5.125,11.125,5.5],"rotation":0,"texture":"#0","tintindex":0},"up":{"uv":[12.5,8.5,12.25,8.25],"rotation":0,"texture":"#0","tintindex":0},"west":{"uv":[5.25,10.875,5.5,11.25],"rotation":0,"texture":"#0","tintindex":0}}}],"display":{"head":{"translation":[0.0,-6.4,0.0],"rotation":[0.0,0.0,0.0],"scale":[3.8095,3.8095,3.8095]}}}