{"textures":{"0":"modelengine:entity/stingerhead"},"elements":[{"name":"cube","from":[-7.1310654,15.329481,20.49685],"to":[-4.151344,21.641407,24.348583],"rotation":{"angle":-22.5,"axis":"x","origin":[-11.048417,9.132919,-3.8062968]},"faces":{"down":{"uv":[12.875,11.875,12.75,12.125],"rotation":0,"texture":"#0","tintindex":0},"east":{"uv":[10.75,6.125,11.0,6.5],"rotation":0,"texture":"#0","tintindex":0},"north":{"uv":[9.125,11.75,9.25,12.125],"rotation":0,"texture":"#0","tintindex":0},"south":{"uv":[9.75,11.75,9.875,12.125],"rotation":0,"texture":"#0","tintindex":0},"up":{"uv":[12.875,11.75,12.75,11.5],"rotation":0,"texture":"#0","tintindex":0},"west":{"uv":[7.0,10.75,7.25,11.125],"rotation":0,"texture":"#0","tintindex":0}}}],"display":{"head":{"translation":[0.0,-6.4,0.0],"rotation":[0.0,0.0,0.0],"scale":[3.8095,3.8095,3.8095]}}}