{"textures":{"0":"modelengine:entity/stingerhead"},"elements":[{"name":"cube","from":[2.691422,5.940176,7.1147118],"to":[6.0789022,8.496368,8.611016],"rotation":{"angle":22.5,"axis":"z","origin":[2.9466379,20.71465,8.547992]},"faces":{"down":{"uv":[13.625,14.125,13.375,14.25],"rotation":0,"texture":"#0","tintindex":0},"east":{"uv":[14.0,14.5,14.125,14.625],"rotation":0,"texture":"#0","tintindex":0},"north":{"uv":[7.5,13.125,7.75,13.25],"rotation":0,"texture":"#0","tintindex":0},"south":{"uv":[13.125,7.625,13.375,7.75],"rotation":0,"texture":"#0","tintindex":0},"up":{"uv":[13.25,14.25,13.0,14.125],"rotation":0,"texture":"#0","tintindex":0},"west":{"uv":[14.5,14.125,14.625,14.25],"rotation":0,"texture":"#0","tintindex":0}}}],"display":{"head":{"translation":[0.0,-6.4,0.0],"rotation":[0.0,0.0,0.0],"scale":[3.8095,3.8095,3.8095]}}}