{"textures":{"0":"minecraft:creatures/cyatoria/rear","1":"minecraft:creatures/cyatoria/head","2":"minecraft:creatures/cyatoria/body","3":"minecraft:creatures/cyatoria/wing1"},"elements":[{"name":"cube","from":[0.74023986,1.7362878,6.683831],"to":[2.00384,1.8487878,12.019032],"rotation":{"angle":0.0,"axis":"x","origin":[0.7999997,0.7999997,0.7999997]},"faces":{"down":{"uv":[0.71875,2.20325,0.59375,2.797],"rotation":0,"texture":"#3","tintindex":0},"east":{"uv":[0.0,2.78125,0.59375,2.8125],"rotation":0,"texture":"#3","tintindex":0},"north":{"uv":[0.59375,2.78125,0.71875,2.8125],"rotation":0,"texture":"#3","tintindex":0},"south":{"uv":[1.3125,2.78125,1.4375,2.8125],"rotation":0,"texture":"#3","tintindex":0},"up":{"uv":[0.71875,2.78125,0.59375,2.1875],"rotation":0,"texture":"#3","tintindex":0},"west":{"uv":[0.71875,2.78125,1.3125,2.8125],"rotation":0,"texture":"#3","tintindex":0}}}],"display":{"head":{"translation":[0.0,-6.4,0.0],"rotation":[0.0,0.0,0.0],"scale":[3.8095,3.8095,3.8095]}}}