{"textures":{"0":"modelengine:entity/ashimite_new"},"elements":[{"from":[6.4995003,14.599998,5.3999996],"to":[9.0005,17.099998,7.4],"faces":{"east":{"uv":[15.375,0.0,14.875,0.625],"tintindex":0,"rotation":0,"texture":"#0"},"south":{"uv":[15.5,0.0,14.875,0.625],"tintindex":0,"rotation":0,"texture":"#0"},"north":{"uv":[15.5,0.0,14.875,0.625],"tintindex":0,"rotation":0,"texture":"#0"},"west":{"uv":[15.375,0.0,14.875,0.625],"tintindex":0,"rotation":0,"texture":"#0"},"up":{"uv":[15.25,1.125,14.625,1.625],"tintindex":0,"rotation":0,"texture":"#0"},"down":{"uv":[15.25,1.125,14.625,1.625],"tintindex":0,"rotation":0,"texture":"#0"}},"rotation":{"origin":[7.25,10.0,6.15],"angle":45.0,"axis":"x"}},{"from":[10.001,7.9203873,17.178102],"to":[10.501,9.920387,18.178102],"faces":{"east":{"uv":[15.625,0.0,15.375,0.5],"tintindex":0,"rotation":0,"texture":"#0"},"south":{"uv":[15.5,0.0,15.375,0.5],"tintindex":0,"rotation":0,"texture":"#0"},"north":{"uv":[15.5,0.0,15.375,0.5],"tintindex":0,"rotation":0,"texture":"#0"},"west":{"uv":[15.625,0.0,15.375,0.5],"tintindex":0,"rotation":0,"texture":"#0"},"up":{"uv":[15.5,0.0,15.375,0.25],"tintindex":0,"rotation":0,"texture":"#0"},"down":{"uv":[15.5,0.0,15.375,0.25],"tintindex":0,"rotation":0,"texture":"#0"}},"rotation":{"origin":[9.75,11.670387,19.078102],"angle":22.5,"axis":"x"}},{"from":[9.951,19.655884,16.525194],"to":[10.451,21.655884,17.525194],"faces":{"east":{"uv":[15.375,0.0,15.625,0.5],"tintindex":0,"rotation":180,"texture":"#0"},"south":{"uv":[15.375,0.0,15.5,0.5],"tintindex":0,"rotation":180,"texture":"#0"},"north":{"uv":[15.375,0.0,15.5,0.5],"tintindex":0,"rotation":180,"texture":"#0"},"west":{"uv":[15.375,0.0,15.625,0.5],"tintindex":0,"rotation":180,"texture":"#0"},"up":{"uv":[15.5,0.25,15.375,0.0],"tintindex":0,"rotation":0,"texture":"#0"},"down":{"uv":[15.5,0.25,15.375,0.0],"tintindex":0,"rotation":0,"texture":"#0"}},"rotation":{"origin":[9.283399,18.67506,14.596502],"angle":-45.0,"axis":"x"}},{"from":[9.5005,9.9703865,16.628103],"to":[10.5005,11.9703865,17.628103],"faces":{"east":{"uv":[15.625,0.0,15.375,0.5],"tintindex":0,"rotation":0,"texture":"#0"},"south":{"uv":[15.625,0.0,15.375,0.5],"tintindex":0,"rotation":0,"texture":"#0"},"north":{"uv":[15.625,0.0,15.375,0.5],"tintindex":0,"rotation":0,"texture":"#0"},"west":{"uv":[15.625,0.0,15.375,0.5],"tintindex":0,"rotation":0,"texture":"#0"},"up":{"uv":[15.625,0.0,15.375,0.25],"tintindex":0,"rotation":0,"texture":"#0"},"down":{"uv":[15.625,0.0,15.375,0.25],"tintindex":0,"rotation":0,"texture":"#0"}}},{"from":[8.95,18.638466,15.647685],"to":[10.45,20.638466,16.647686],"faces":{"east":{"uv":[15.375,0.0,15.625,0.5],"tintindex":0,"rotation":180,"texture":"#0"},"south":{"uv":[14.5,0.0,14.875,0.5],"tintindex":0,"rotation":180,"texture":"#0"},"north":{"uv":[14.5,0.0,14.875,0.5],"tintindex":0,"rotation":180,"texture":"#0"},"west":{"uv":[15.375,0.0,15.625,0.5],"tintindex":0,"rotation":180,"texture":"#0"},"up":{"uv":[15.25,2.125,14.875,1.875],"tintindex":0,"rotation":0,"texture":"#0"},"down":{"uv":[15.25,2.125,14.875,1.875],"tintindex":0,"rotation":0,"texture":"#0"}},"rotation":{"origin":[9.283399,18.67506,14.596502],"angle":0.0,"axis":"x"}},{"from":[9.0,11.870386,16.878103],"to":[10.5,13.870386,17.878103],"faces":{"east":{"uv":[15.625,0.0,15.375,0.5],"tintindex":0,"rotation":0,"texture":"#0"},"south":{"uv":[14.875,0.0,14.5,0.5],"tintindex":0,"rotation":0,"texture":"#0"},"north":{"uv":[14.875,0.0,14.5,0.5],"tintindex":0,"rotation":0,"texture":"#0"},"west":{"uv":[15.625,0.0,15.375,0.5],"tintindex":0,"rotation":0,"texture":"#0"},"up":{"uv":[15.25,1.875,14.875,2.125],"tintindex":0,"rotation":0,"texture":"#0"},"down":{"uv":[15.25,1.875,14.875,2.125],"tintindex":0,"rotation":0,"texture":"#0"}},"rotation":{"origin":[9.75,11.670387,19.078102],"angle":-22.5,"axis":"x"}},{"from":[6.0,8.0,7.5],"to":[8.5,11.5,10.0],"faces":{"east":{"uv":[16.0,1.25,15.375,2.125],"tintindex":0,"rotation":0,"texture":"#0"},"south":{"uv":[16.0,1.25,15.375,2.125],"tintindex":0,"rotation":0,"texture":"#0"},"north":{"uv":[16.0,1.25,15.375,2.125],"tintindex":0,"rotation":0,"texture":"#0"},"west":{"uv":[16.0,1.25,15.375,2.125],"tintindex":0,"rotation":0,"texture":"#0"},"up":{"uv":[15.25,1.125,14.625,1.75],"tintindex":0,"rotation":0,"texture":"#0"},"down":{"uv":[15.25,1.125,14.625,1.75],"tintindex":0,"rotation":0,"texture":"#0"}}},{"from":[9.4505005,19.129612,15.978103],"to":[10.4505005,21.129612,16.978104],"faces":{"east":{"uv":[15.375,0.0,15.625,0.5],"tintindex":0,"rotation":180,"texture":"#0"},"south":{"uv":[15.375,0.0,15.625,0.5],"tintindex":0,"rotation":180,"texture":"#0"},"north":{"uv":[15.375,0.0,15.625,0.5],"tintindex":0,"rotation":180,"texture":"#0"},"west":{"uv":[15.375,0.0,15.625,0.5],"tintindex":0,"rotation":180,"texture":"#0"},"up":{"uv":[15.625,0.25,15.375,0.0],"tintindex":0,"rotation":0,"texture":"#0"},"down":{"uv":[15.625,0.25,15.375,0.0],"tintindex":0,"rotation":0,"texture":"#0"}},"rotation":{"origin":[9.283399,18.67506,14.596502],"angle":-22.5,"axis":"x"}},{"from":[8.0,13.498093,14.660711],"to":[9.5,14.998093,16.660711],"faces":{"east":{"uv":[14.5,0.5,14.875,0.0],"tintindex":0,"rotation":90,"texture":"#0"},"south":{"uv":[15.25,1.875,14.875,2.25],"tintindex":0,"rotation":0,"texture":"#0"},"north":{"uv":[15.25,1.875,14.875,2.25],"tintindex":0,"rotation":0,"texture":"#0"},"west":{"uv":[14.5,0.5,14.875,0.0],"tintindex":0,"rotation":90,"texture":"#0"},"up":{"uv":[14.875,0.0,14.5,0.5],"tintindex":0,"rotation":0,"texture":"#0"},"down":{"uv":[14.875,0.0,14.5,0.5],"tintindex":0,"rotation":0,"texture":"#0"}},"rotation":{"origin":[9.25,15.098093,16.260712],"angle":22.5,"axis":"x"}},{"from":[8.5,11.770996,16.067444],"to":[10.0,13.270996,18.067442],"faces":{"east":{"uv":[14.5,1.0,14.875,0.5],"tintindex":0,"rotation":90,"texture":"#0"},"south":{"uv":[15.25,1.875,14.875,2.25],"tintindex":0,"rotation":0,"texture":"#0"},"north":{"uv":[15.25,1.875,14.875,2.25],"tintindex":0,"rotation":0,"texture":"#0"},"west":{"uv":[14.5,1.0,14.875,0.5],"tintindex":0,"rotation":90,"texture":"#0"},"up":{"uv":[14.875,0.5,14.5,1.0],"tintindex":0,"rotation":0,"texture":"#0"},"down":{"uv":[14.875,0.5,14.5,1.0],"tintindex":0,"rotation":0,"texture":"#0"}},"rotation":{"origin":[9.25,13.720997,18.017443],"angle":45.0,"axis":"x"}},{"from":[7.4505,15.001905,11.860712],"to":[8.9495,17.001904,14.360712],"faces":{"east":{"uv":[14.875,0.0,15.375,0.625],"tintindex":0,"rotation":270,"texture":"#0"},"south":{"uv":[14.0,1.75,14.375,2.25],"tintindex":0,"rotation":180,"texture":"#0"},"north":{"uv":[14.0,1.75,14.375,2.25],"tintindex":0,"rotation":180,"texture":"#0"},"west":{"uv":[14.875,0.0,15.375,0.625],"tintindex":0,"rotation":270,"texture":"#0"},"up":{"uv":[14.875,1.0,14.5,0.375],"tintindex":0,"rotation":0,"texture":"#0"},"down":{"uv":[14.875,1.0,14.5,0.375],"tintindex":0,"rotation":0,"texture":"#0"}},"rotation":{"origin":[9.283399,18.67506,14.596502],"angle":-22.5,"axis":"x"}},{"from":[5.9995003,11.5,7.5],"to":[8.5005,14.5,10.0],"faces":{"east":{"uv":[16.0,0.0,15.375,0.75],"tintindex":0,"rotation":0,"texture":"#0"},"south":{"uv":[16.0,0.0,15.375,0.75],"tintindex":0,"rotation":0,"texture":"#0"},"north":{"uv":[16.0,0.0,15.375,0.75],"tintindex":0,"rotation":0,"texture":"#0"},"west":{"uv":[16.0,0.0,15.375,0.75],"tintindex":0,"rotation":0,"texture":"#0"},"up":{"uv":[15.25,1.125,14.625,1.75],"tintindex":0,"rotation":0,"texture":"#0"},"down":{"uv":[15.25,1.125,14.625,1.75],"tintindex":0,"rotation":0,"texture":"#0"}},"rotation":{"origin":[7.25,11.5,7.5],"angle":22.5,"axis":"x"}},{"from":[7.5005,14.098093,12.510712],"to":[8.9995,16.098095,15.010712],"faces":{"east":{"uv":[14.875,0.625,15.375,0.0],"tintindex":0,"rotation":90,"texture":"#0"},"south":{"uv":[14.375,1.75,14.0,2.25],"tintindex":0,"rotation":0,"texture":"#0"},"north":{"uv":[14.375,1.75,14.0,2.25],"tintindex":0,"rotation":0,"texture":"#0"},"west":{"uv":[14.875,0.625,15.375,0.0],"tintindex":0,"rotation":90,"texture":"#0"},"up":{"uv":[14.875,0.375,14.5,1.0],"tintindex":0,"rotation":0,