{"textures":{"0":"modelengine:entity/ashimite_new"},"elements":[{"from":[9.4005,8.436319,7.2402134],"to":[9.4005,10.93632,9.740213],"faces":{"east":{"uv":[4.25,5.625,3.625,6.25],"tintindex":0,"rotation":0,"texture":"#0"},"south":{"uv":[4.125,5.625,4.25,6.25],"tintindex":0,"rotation":0,"texture":"#0"},"north":{"uv":[3.625,5.625,3.75,6.25],"tintindex":0,"rotation":0,"texture":"#0"},"west":{"uv":[3.625,5.625,4.25,6.25],"tintindex":0,"rotation":0,"texture":"#0"},"up":{"uv":[3.625,5.625,4.25,5.75],"tintindex":0,"rotation":90,"texture":"#0"},"down":{"uv":[4.25,6.125,3.625,6.25],"tintindex":0,"rotation":90,"texture":"#0"}},"rotation":{"origin":[9.4005,9.23632,7.3402133],"angle":-45.0,"axis":"x"}},{"from":[9.1005,2.2242308,16.488384],"to":[9.1005,4.724231,18.988384],"faces":{"east":{"uv":[3.625,6.25,4.25,5.625],"tintindex":0,"rotation":180,"texture":"#0"},"south":{"uv":[4.25,6.25,4.125,5.625],"tintindex":0,"rotation":180,"texture":"#0"},"north":{"uv":[3.75,6.25,3.625,5.625],"tintindex":0,"rotation":180,"texture":"#0"},"west":{"uv":[4.25,6.25,3.625,5.625],"tintindex":0,"rotation":180,"texture":"#0"},"up":{"uv":[3.625,5.625,4.25,5.75],"tintindex":0,"rotation":90,"texture":"#0"},"down":{"uv":[4.25,6.125,3.625,6.25],"tintindex":0,"rotation":90,"texture":"#0"}},"rotation":{"origin":[8.9505005,-19.82577,1.188384],"angle":-22.5,"axis":"x"}},{"from":[7.0495,9.43632,8.340214],"to":[7.0495,11.93632,10.840214],"faces":{"east":{"uv":[4.25,5.625,3.625,6.25],"tintindex":0,"rotation":0,"texture":"#0"},"south":{"uv":[4.25,5.625,4.125,6.25],"tintindex":0,"rotation":0,"texture":"#0"},"north":{"uv":[3.75,5.625,3.625,6.25],"tintindex":0,"rotation":0,"texture":"#0"},"west":{"uv":[3.625,5.625,4.25,6.25],"tintindex":0,"rotation":0,"texture":"#0"},"up":{"uv":[3.625,5.75,4.25,5.625],"tintindex":0,"rotation":90,"texture":"#0"},"down":{"uv":[4.25,6.25,3.625,6.125],"tintindex":0,"rotation":90,"texture":"#0"}},"rotation":{"origin":[6.5994997,9.23632,7.3402133],"angle":-45.0,"axis":"x"}},{"from":[7.7005,9.144639,7.411988],"to":[7.7005,12.644639,9.911987],"faces":{"east":{"uv":[4.5,6.375,3.625,7.0],"tintindex":0,"rotation":90,"texture":"#0"},"south":{"uv":[4.5,6.875,3.625,7.0],"tintindex":0,"rotation":90,"texture":"#0"},"north":{"uv":[3.625,6.375,4.5,6.5],"tintindex":0,"rotation":270,"texture":"#0"},"west":{"uv":[3.625,6.375,4.5,7.0],"tintindex":0,"rotation":270,"texture":"#0"},"up":{"uv":[4.5,7.0,4.375,6.375],"tintindex":0,"rotation":180,"texture":"#0"},"down":{"uv":[3.75,7.0,3.625,6.375],"tintindex":0,"rotation":0,"texture":"#0"}},"rotation":{"origin":[7.7005,10.894639,8.661987],"angle":45.0,"axis":"x"}},{"from":[7.3505,7.0904284,-4.085985],"to":[7.3505,10.590428,-1.5859852],"faces":{"east":{"uv":[4.5,6.375,3.625,7.0],"tintindex":0,"rotation":90,"texture":"#0"},"south":{"uv":[4.5,6.875,3.625,7.0],"tintindex":0,"rotation":90,"texture":"#0"},"north":{"uv":[3.625,6.375,4.5,6.5],"tintindex":0,"rotation":270,"texture":"#0"},"west":{"uv":[3.625,6.375,4.5,7.0],"tintindex":0,"rotation":270,"texture":"#0"},"up":{"uv":[4.5,7.0,4.375,6.375],"tintindex":0,"rotation":180,"texture":"#0"},"down":{"uv":[3.75,7.0,3.625,6.375],"tintindex":0,"rotation":0,"texture":"#0"}},"rotation":{"origin":[9.1005,-17.659573,1.1640158],"angle":22.5,"axis":"x"}},{"from":[5.999,8.0,8.0],"to":[10.000999,15.000001,12.0],"faces":{"east":{"uv":[7.25,0.0,6.25,1.75],"tintindex":0,"rotation":0,"texture":"#0"},"south":{"uv":[7.375,0.0,8.375,1.75],"tintindex":0,"rotation":0,"texture":"#0"},"north":{"uv":[6.125,0.0,5.125,1.75],"tintindex":0,"rotation":0,"texture":"#0"},"west":{"uv":[6.25,0.0,7.25,1.75],"tintindex":0,"rotation":0,"texture":"#0"},"up":{"uv":[6.25,1.875,7.25,2.875],"tintindex":0,"rotation":0,"texture":"#0"},"down":{"uv":[5.125,1.875,6.125,2.875],"tintindex":0,"rotation":0,"texture":"#0"}}},{"from":[6.5994997,8.436319,7.2402134],"to":[6.5994997,10.93632,9.740213],"faces":{"east":{"uv":[4.25,5.625,3.625,6.25],"tintindex":0,"rotation":0,"texture":"#0"},"south":{"uv":[4.25,5.625,4.125,6.25],"tintindex":0,"rotation":0,"texture":"#0"},"north":{"uv":[3.75,5.625,3.625,6.25],"tintindex":0,"rotation":0,"texture":"#0"},"west":{"uv":[3.625,5.625,4.25,6.25],"tintindex":0,"rotation":0,"texture":"#0"},"up":{"uv":[3.625,5.75,4.25,5.625],"tintindex":0,"rotation":90,"texture":"#0"},"down":{"uv":[4.25,6.25,3.625,6.125],"tintindex":0,"rotation":90,"texture":"#0"}},"rotation":{"origin":[6.5994997,9.23632,7.3402133],"angle":-45.0,"axis":"x"}},{"from":[9.5995,5.8959312,6.5538406],"to":[9.5995,9.395932,9.053841],"faces":{"east":{"uv":[3.625,7.0,4.5,6.375],"tintindex":0,"rotation":270,"texture":"#0"},"south":{"uv":[4.5,7.0,3.625,6.875],"tintindex":0,"rotation":90,"texture":"#0"},"north":{"uv":[3.625,6.5,4.5,6.375],"tintindex":0,"rotation":270,"texture":"#0"},"west":{"uv":[4.5,7.0,3.625,6.375],"tintindex":0,"rotation":90,"texture":"#0"},"up":{"uv":[4.375,7.0,4.5,6.375],"tintindex":0,"rotation":180,"texture":"#0"},"down":{"uv":[3.625,7.0,3.75,6.375],"tintindex":0,"rotation":0,"texture":"#0"}}},{"from":[7.7005,5.345932,6.5538406],"to":[7.7005,8.845931,9.053841],"faces":{"east":{"uv":[4.5,6.375,3.625,7.0],"tintindex":0,"rotation":90,"texture":"#0"},"south":{"uv":[4.5,6.875,3.625,7.0],"tintindex":0,"rotation":90,"texture":"#0"},"north":{"uv":[3.625,6.375,4.5,6.5],"tintindex":0,"rotation":270,"texture":"#0"},"west":{"uv":[3.625,6.375,4.5,7.0],"tintindex":0,"rotation":270,"texture":"#0"},"up":{"uv":[4.5,7.0,4.375,6.375],"tintindex":0,"rotation":180,"texture":"#0"},"down":{"uv":[3.75,7.0,3.625,6.375],"tintindex":0,"rotation":0,"texture":"#0"}}},{"from":[9.4005,10.500001,11.3],"to":[9.4005,16.0,13.8],"faces":{"east":{"uv":[2.875,5.625,3.5,7.0],"tintindex":0,"rotation":0,"texture":"#0"},"south":{"uv":[2.875,5.625,3.0,7.0],"tintindex":0,"rotation":0,"texture":"#0"},"north":{"uv":[3.375,5.625,3.5,7.0],"tintindex":0,"rotation":0,"texture":"#0"},"west":{"uv":[3.5,5.625,2.875,7.0],"tintindex":0,"rotation":0,"texture":"#0"},"up":{"uv":[3.5,5.625,2.875,5.75],"tintindex":0,"rotation":90,"texture":"#0"},"down":{"uv":[2.875,6.875,3.5,7.0],"tintindex":0,"rotation":90,"texture":"#0"}},"rotation":{"origin":[8.0,15.750001,10.0],"angle":-22.5,"axis":"x"}},{"from":[6.4005003,5.8959312,6.5538406],"to":[6.4005003,9.395932,9.053841],"faces":{"east":{"uv":[4.5,6.375,3.625,7.0],"tintindex":0,"rotation":90,"texture":"#0"},"south":{"uv":[4.5,6.875,3.625,7.0],"tintindex":0,"rotation":90,"texture":"#0"},"north":{"uv":[3.625,6.375,4.5,6.5],"tintindex":0,"rotation":270,"texture":"#0"},"west":{"uv":[3.625,6.375,4.5,7.0],"tintindex":0,"rotation":270,"texture":"#0"},"up":{"uv":[4.5,7.0,4.375,6.375],"tintindex":0,"rotation":180,"texture":"#0"},"down":{"uv":[3.75,7.0,3.625,6.375],"tintindex":0,"rotation":0,"texture":"#0"}}},{"from":[5.9995003,12.000001,7.85],"to":[10.0005,15.500001,11.85],"faces":{"east":{"uv":[3.875,4.625,2.875,5.5],"tintindex":0,"rotation":0,"texture":"#0"},"south":{"uv":[4.0,4.625,5.0,5.5],"tintindex":0,"rotation":0,"texture":"#0"},"north":{"uv":[7.375,0.75,8.375,1.625],"tintindex":0,"rotation":0,"texture":"#0"},"west":{"uv":[2.875,4.625,3.875,5.5],"tintindex":0,"rotation":0,"texture":"#0"},"up":{"uv":[6.25,1.875,7.25,2.875],"tintindex":0,"rotation":0,"texture":"#0"},"down":{"uv":[6.25,1.875,7.25,2.875],"tintindex":0,"rotation":0,"texture":"#0"}},"rotation":{"origin":[8.0,15.750001,10.0],"angle":-22.5,"axis":"x"}},{"from":[8.2994995,9.144639,7.411988],"to":[8.2994995,12.644639,9.911987],"faces":{"east":{"uv":[3.625,7.0,4.5,6.375],"tintindex":0,"rotation":270,"texture":"#0"},"south":{"uv":[4.5,7.0,3.625,6.875],"tintindex":0,"rotation":90,"texture":"#0"},"north":{"uv":[3.625,6.5,4.5,6.375],"tintindex":0,"rotation":270,"texture":"#0"},"west":{"uv":[4.5,7.0,3.625,6.375],"tintindex":0,"rotation":90,"texture":"#0"},"up":{"uv":[4.375,7.0,4.5,6.375],"tintindex":0,"rotation":180,"texture":"#0"},"down":{"uv":[3.625,7.0,3.75,6.375],"tintindex":0,"rotation":0,"texture":"#0"}},"rotation":{"origin":[8.2994995,10.894639,8.661987],"angle":45.0,