{"textures":{"0":"modelengine:entity/benikuchinawa"},"elements":[{"name":"eye10","from":[7.60856,7.5553226,7.8688784],"to":[8.92184,21.258366,8.689678],"rotation":{"angle":45.0,"axis":"x","origin":[8.42696,8.111293,8.517169]},"faces":{"down":{"uv":[14.84375,13.75,14.75,13.8125],"rotation":0,"texture":"#0","tintindex":0},"east":{"uv":[11.5,13.25,11.5625,14.1875],"rotation":0,"texture":"#0","tintindex":0},"north":{"uv":[0.25,13.25,0.34375,14.1875],"rotation":0,"texture":"#0","tintindex":0},"south":{"uv":[0.5,13.25,0.59375,14.1875],"rotation":0,"texture":"#0","tintindex":0},"up":{"uv":[13.84375,14.8125,13.75,14.75],"rotation":0,"texture":"#0","tintindex":0},"west":{"uv":[11.75,13.25,11.8125,14.1875],"rotation":0,"texture":"#0","tintindex":0}}},{"name":"eye11","from":[7.615126,17.018654,17.333809],"to":[8.915274,17.839453,19.30373],"rotation":{"angle":0.0,"axis":"x","origin":[5.42696,-2.0887065,7.31717]},"faces":{"down":{"uv":[14.09375,11.5,14.0,11.625],"rotation":0,"texture":"#0","tintindex":0},"east":{"uv":[14.5,0.25,14.625,0.3125],"rotation":0,"texture":"#0","tintindex":0},"north":{"uv":[14.0,14.75,14.09375,14.8125],"rotation":0,"texture":"#0","tintindex":0},"south":{"uv":[14.75,14.0,14.84375,14.0625],"rotation":0,"texture":"#0","tintindex":0},"up":{"uv":[14.09375,11.375,14.0,11.25],"rotation":0,"texture":"#0","tintindex":0},"west":{"uv":[0.5,14.5,0.625,14.5625],"rotation":0,"texture":"#0","tintindex":0}}},{"name":"eye12","from":[7.615126,15.869534,16.51301],"to":[8.915274,16.197853,19.30373],"rotation":{"angle":0.0,"axis":"x","origin":[5.42696,-2.0887065,7.31717]},"faces":{"down":{"uv":[14.09375,0.5,14.0,0.6875],"rotation":0,"texture":"#0","tintindex":0},"east":{"uv":[14.25,14.75,14.4375,14.78125],"rotation":0,"texture":"#0","tintindex":0},"north":{"uv":[3.5,15.0,3.59375,15.03125],"rotation":0,"texture":"#0","tintindex":0},"south":{"uv":[15.0,3.5,15.09375,3.53125],"rotation":0,"texture":"#0","tintindex":0},"up":{"uv":[13.84375,13.9375,13.75,13.75],"rotation":0,"texture":"#0","tintindex":0},"west":{"uv":[14.75,14.25,14.9375,14.28125],"rotation":0,"texture":"#0","tintindex":0}}}],"display":{"head":{"translation":[0.0,-6.4,0.0],"rotation":[0.0,0.0,0.0],"scale":[3.8095,3.8095,3.8095]}}}