{"textures":{"0":"mineinabyss:entity/mobs/splitjaw"},"elements":[{"from":[7.6272,7.5764976,7.8751225],"to":[8.877943,20.627012,8.656837],"rotation":{"angle":45.0,"axis":"x","origin":[8.406629,8.105993,8.492542]},"faces":{"east":{"uv":[11.5,13.25,11.5625,14.1875],"rotation":0,"texture":"#0","tintindex":0},"south":{"uv":[0.5,13.25,0.59375,14.1875],"rotation":0,"texture":"#0","tintindex":0},"north":{"uv":[0.25,13.25,0.34375,14.1875],"rotation":0,"texture":"#0","tintindex":0},"west":{"uv":[11.75,13.25,11.8125,14.1875],"rotation":0,"texture":"#0","tintindex":0},"up":{"uv":[13.84375,14.8125,13.75,14.75],"rotation":0,"texture":"#0","tintindex":0},"down":{"uv":[14.84375,13.75,14.75,13.8125],"rotation":0,"texture":"#0","tintindex":0}}},{"from":[7.633454,16.589193,16.889343],"to":[8.871689,17.370907,18.765457],"rotation":{"angle":0.0,"axis":"y","origin":[5.549485,-1.6082935,7.349685]},"faces":{"east":{"uv":[14.5,0.25,14.625,0.3125],"rotation":0,"texture":"#0","tintindex":0},"south":{"uv":[14.75,14.0,14.84375,14.0625],"rotation":0,"texture":"#0","tintindex":0},"north":{"uv":[14.0,14.75,14.09375,14.8125],"rotation":0,"texture":"#0","tintindex":0},"west":{"uv":[0.5,14.5,0.625,14.5625],"rotation":0,"texture":"#0","tintindex":0},"up":{"uv":[14.09375,11.375,14.0,11.25],"rotation":0,"texture":"#0","tintindex":0},"down":{"uv":[14.09375,11.5,14.0,11.625],"rotation":0,"texture":"#0","tintindex":0}}},{"from":[7.633454,15.494794,16.107628],"to":[8.871689,15.807479,18.765457],"rotation":{"angle":0.0,"axis":"y","origin":[5.549485,-1.6082935,7.349685]},"faces":{"east":{"uv":[14.25,14.75,14.4375,14.78125],"rotation":0,"texture":"#0","tintindex":0},"south":{"uv":[15.0,3.5,15.09375,3.53125],"rotation":0,"texture":"#0","tintindex":0},"north":{"uv":[3.5,15.0,3.59375,15.03125],"rotation":0,"texture":"#0","tintindex":0},"west":{"uv":[14.75,14.25,14.9375,14.28125],"rotation":0,"texture":"#0","tintindex":0},"up":{"uv":[13.84375,13.9375,13.75,13.75],"rotation":0,"texture":"#0","tintindex":0},"down":{"uv":[14.09375,0.5,14.0,0.6875],"rotation":0,"texture":"#0","tintindex":0}}}],"display":{"head":{"translation":[0.0,-6.4,0.0],"scale":[4.0,4.0,4.0]}}}
