{"textures":{"0":"modelengine:entity/benikuchinawa"},"elements":[{"name":"head4","from":[1.4183847,6.04784,-4.4206944],"to":[8.192145,7.8536005,11.718825],"rotation":{"angle":-45.0,"axis":"y","origin":[8.102943,3.2528,-4.6632566]},"faces":{"down":{"uv":[5.46875,10.75,5.0,11.875],"rotation":0,"texture":"#0","tintindex":0},"east":{"uv":[12.75,6.5,13.875,6.625],"rotation":0,"texture":"#0","tintindex":0},"north":{"uv":[13.25,12.5,13.71875,12.625],"rotation":0,"texture":"#0","tintindex":0},"south":{"uv":[13.25,13.0,13.71875,13.125],"rotation":0,"texture":"#0","tintindex":0},"up":{"uv":[4.96875,11.875,4.5,10.75],"rotation":0,"texture":"#0","tintindex":0},"west":{"uv":[6.75,12.75,7.875,12.875],"rotation":0,"texture":"#0","tintindex":0}}},{"name":"head3","from":[2.0428476,4.0221725,-10.908636],"to":[14.163039,6.6962523,-2.7726355],"rotation":{"angle":22.5,"axis":"x","origin":[8.102943,3.2528,-4.6632566]},"faces":{"down":{"uv":[11.84375,0.0,11.0,0.5625],"rotation":0,"texture":"#0","tintindex":0},"east":{"uv":[13.0,8.5,13.5625,8.6875],"rotation":0,"texture":"#0","tintindex":0},"north":{"uv":[4.75,12.5,5.59375,12.6875],"rotation":0,"texture":"#0","tintindex":0},"south":{"uv":[9.5,12.5,10.34375,12.6875],"rotation":0,"texture":"#0","tintindex":0},"up":{"uv":[10.59375,11.3125,9.75,10.75],"rotation":0,"texture":"#0","tintindex":0},"west":{"uv":[13.0,8.75,13.5625,8.9375],"rotation":0,"texture":"#0","tintindex":0}}},{"name":"head3","from":[8.013742,6.04784,-4.4206944],"to":[14.787502,7.8536005,11.718825],"rotation":{"angle":45.0,"axis":"y","origin":[8.102943,3.2528,-4.6632566]},"faces":{"down":{"uv":[4.46875,10.75,4.0,11.875],"rotation":0,"texture":"#0","tintindex":0},"east":{"uv":[12.75,6.0,13.875,6.125],"rotation":0,"texture":"#0","tintindex":0},"north":{"uv":[12.0,13.25,12.46875,13.375],"rotation":0,"texture":"#0","tintindex":0},"south":{"uv":[12.5,13.25,12.96875,13.375],"rotation":0,"texture":"#0","tintindex":0},"up":{"uv":[1.96875,11.875,1.5,10.75],"rotation":0,"texture":"#0","tintindex":0},"west":{"uv":[12.75,6.25,13.875,6.375],"rotation":0,"texture":"#0","tintindex":0}}},{"name":"head4","from":[15.905506,4.3198395,-8.2158165],"to":[25.997025,6.9896,-0.90205574],"rotation":{"angle":-45.0,"axis":"y","origin":[8.102943,3.2528,-4.6632566]},"faces":{"down":{"uv":[12.4375,2.25,11.75,2.75],"rotation":0,"texture":"#0","tintindex":0},"east":{"uv":[8.5,3.75,9.0,3.9375],"rotation":0,"texture":"#0","tintindex":0},"north":{"uv":[12.0,12.75,12.6875,12.9375],"rotation":0,"texture":"#0","tintindex":0},"south":{"uv":[12.75,12.75,13.4375,12.9375],"rotation":0,"texture":"#0","tintindex":0},"up":{"uv":[2.6875,12.25,2.0,11.75],"rotation":0,"texture":"#0","tintindex":0},"west":{"uv":[0.5,10.5,1.0,10.6875],"rotation":0,"texture":"#0","tintindex":0}}},{"name":"head5","from":[-9.791138,4.3198395,-8.2158165],"to":[0.30038166,6.9896,-0.90205574],"rotation":{"angle":45.0,"axis":"y","origin":[8.102943,3.2528,-4.6632566]},"faces":{"down":{"uv":[12.4375,3.25,11.75,3.75],"rotation":0,"texture":"#0","tintindex":0},"east":{"uv":[11.75,3.75,12.25,3.9375],"rotation":0,"texture":"#0","tintindex":0},"north":{"uv":[13.0,0.0,13.6875,0.1875],"rotation":0,"texture":"#0","tintindex":0},"south":{"uv":[13.0,0.25,13.6875,0.4375],"rotation":0,"texture":"#0","tintindex":0},"up":{"uv":[12.4375,3.25,11.75,2.75],"rotation":0,"texture":"#0","tintindex":0},"west":{"uv":[1.5,12.0,2.0,12.1875],"rotation":0,"texture":"#0","tintindex":0}}}],"display":{"head":{"translation":[0.0,-6.4,0.0],"rotation":[0.0,0.0,0.0],"scale":[3.8095,3.8095,3.8095]}}}