{"textures":{"0":"mineinabyss:entity/mobs/splitjaw"},"elements":[{"from":[5.942857,-13.067619,0.72053146],"to":[6.457143,-10.496191,1.234817],"rotation":{"angle":-45.0,"axis":"x","origin":[8.0,9.028571,-15.771429]},"faces":{"east":{"uv":[14.75,11.5,14.78125,11.6875],"rotation":0,"texture":"#0","tintindex":0},"south":{"uv":[11.75,14.75,11.78125,14.9375],"rotation":0,"texture":"#0","tintindex":0},"north":{"uv":[11.5,14.75,11.53125,14.9375],"rotation":0,"texture":"#0","tintindex":0},"west":{"uv":[14.75,11.75,14.78125,11.9375],"rotation":0,"texture":"#0","tintindex":0},"up":{"uv":[13.28125,15.03125,13.25,15.0],"rotation":0,"texture":"#0","tintindex":0},"down":{"uv":[15.03125,13.25,15.0,13.28125],"rotation":0,"texture":"#0","tintindex":0}}},{"from":[9.542857,-13.067619,0.72053146],"to":[10.057143,-10.496191,1.234817],"rotation":{"angle":-45.0,"axis":"x","origin":[8.0,9.028571,-15.771429]},"faces":{"east":{"uv":[14.75,11.0,14.78125,11.1875],"rotation":0,"texture":"#0","tintindex":0},"south":{"uv":[11.25,14.75,11.28125,14.9375],"rotation":0,"texture":"#0","tintindex":0},"north":{"uv":[11.0,14.75,11.03125,14.9375],"rotation":0,"texture":"#0","tintindex":0},"west":{"uv":[14.75,11.25,14.78125,11.4375],"rotation":0,"texture":"#0","tintindex":0},"up":{"uv":[13.03125,15.03125,13.0,15.0],"rotation":0,"texture":"#0","tintindex":0},"down":{"uv":[15.03125,13.0,15.0,13.03125],"rotation":0,"texture":"#0","tintindex":0}}},{"from":[4.3999996,-13.581905,1.234817],"to":[4.9142857,-11.010477,1.7491026],"rotation":{"angle":-45.0,"axis":"x","origin":[8.0,9.028571,-15.771429]},"faces":{"east":{"uv":[14.75,12.0,14.78125,12.1875],"rotation":0,"texture":"#0","tintindex":0},"south":{"uv":[12.25,14.75,12.28125,14.9375],"rotation":0,"texture":"#0","tintindex":0},"north":{"uv":[12.0,14.75,12.03125,14.9375],"rotation":0,"texture":"#0","tintindex":0},"west":{"uv":[14.75,12.25,14.78125,12.4375],"rotation":0,"texture":"#0","tintindex":0},"up":{"uv":[13.53125,15.03125,13.5,15.0],"rotation":0,"texture":"#0","tintindex":0},"down":{"uv":[15.03125,13.5,15.0,13.53125],"rotation":0,"texture":"#0","tintindex":0}}},{"from":[11.085714,-13.581905,1.234817],"to":[11.6,-11.010477,1.7491026],"rotation":{"angle":-45.0,"axis":"x","origin":[8.0,9.028571,-15.771429]},"faces":{"east":{"uv":[14.75,12.5,14.78125,12.6875],"rotation":0,"texture":"#0","tintindex":0},"south":{"uv":[12.75,14.75,12.78125,14.9375],"rotation":0,"texture":"#0","tintindex":0},"north":{"uv":[12.5,14.75,12.53125,14.9375],"rotation":0,"texture":"#0","tintindex":0},"west":{"uv":[14.75,12.75,14.78125,12.9375],"rotation":0,"texture":"#0","tintindex":0},"up":{"uv":[13.78125,15.03125,13.75,15.0],"rotation":0,"texture":"#0","tintindex":0},"down":{"uv":[15.03125,13.75,15.0,13.78125],"rotation":0,"texture":"#0","tintindex":0}}},{"from":[10.571428,-11.524763,-2.3651829],"to":[11.085714,-7.9247627,-1.8508968],"rotation":{"angle":-45.0,"axis":"x","origin":[8.0,9.028571,-15.771429]},"faces":{"east":{"uv":[11.5,14.25,11.53125,14.5],"rotation":0,"texture":"#0","tintindex":0},"south":{"uv":[14.25,11.5,14.28125,11.75],"rotation":0,"texture":"#0","tintindex":0},"north":{"uv":[14.25,11.25,14.28125,11.5],"rotation":0,"texture":"#0","tintindex":0},"west":{"uv":[11.75,14.25,11.78125,14.5],"rotation":0,"texture":"#0","tintindex":0},"up":{"uv":[11.78125,15.03125,11.75,15.0],"rotation":0,"texture":"#0","tintindex":0},"down":{"uv":[15.03125,11.75,15.0,11.78125],"rotation":0,"texture":"#0","tintindex":0}}},{"from":[4.9142857,-11.524763,-2.3651829],"to":[5.428571,-7.9247627,-1.8508968],"rotation":{"angle":-45.0,"axis":"x","origin":[8.0,9.028571,-15.771429]},"faces":{"east":{"uv":[11.0,14.25,11.03125,14.5],"rotation":0,"texture":"#0","tintindex":0},"south":{"uv":[14.25,11.0,14.28125,11.25],"rotation":0,"texture":"#0","tintindex":0},"north":{"uv":[14.25,10.75,14.28125,11.0],"rotation":0,"texture":"#0","tintindex":0},"west":{"uv":[11.25,14.25,11.28125,14.5],"rotation":0,"texture":"#0","tintindex":0},"up":{"uv":[11.53125,15.03125,11.5,15.0],"rotation":0,"texture":"#0","tintindex":0},"down":{"uv":[15.03125,11.5,15.0,11.53125],"rotation":0,"texture":"#0","tintindex":0}}},{"from":[8.514286,-13.067619,-0.8223257],"to":[9.028571,-9.467619,-0.30803967],"rotation":{"angle":-45.0,"axis":"x","origin":[8.0,9.028571,-15.771429]},"faces":{"east":{"uv":[14.25,14.0,14.28125,14.25],"rotation":0,"texture":"#0","tintindex":0},"south":{"uv":[14.25,14.25,14.28125,14.5],"rotation":0,"texture":"#0","tintindex":0},"north":{"uv":[14.0,14.25,14.03125,14.5],"rotation":0,"texture":"#0","tintindex":0},"west":{"uv":[0.0,14.5,0.03125,14.75],"rotation":0,"texture":"#0","tintindex":0},"up":{"uv":[12.78125,15.03125,12.75,15.0],"rotation":0,"texture":"#0","tintindex":0},"down":{"uv":[15.03125,12.75,15.0,12.78125],"rotation":0,"texture":"#0","tintindex":0}}},{"from":[9.028571,-11.524763,-2.3651829],"to":[9.542857,-7.9247627,-1.8508968],"rotation":{"angle":-45.0,"axis":"x","origin":[8.0,9.028571,-15.771429]},"faces":{"east":{"uv":[12.0,14.25,12.03125,14.5],"rotation":0,"texture":"#0","tintindex":0},"south":{"uv":[12.25,14.25,12.28125,14.5],"rotation":0,"texture":"#0","tintindex":0},"north":{"uv":[14.25,11.75,14.28125,12.0],"rotation":0,"texture":"#0","tintindex":0},"west":{"uv":[12.5,14.25,12.53125,14.5],"rotation":0,"texture":"#0","tintindex":0},"up":{"uv":[12.03125,15.03125,12.0,15.0],"rotation":0,"texture":"#0","tintindex":0},"down":{"uv":[15.03125,12.0,15.0,12.03125],"rotation":0,"texture":"#0","tintindex":0}}},{"from":[3.885714,-12.553335,-0.30803967],"to":[4.3999996,-8.953335,0.20624542],"rotation":{"angle":-45.0,"axis":"x","origin":[8.0,9.028571,-15.771429]},"faces":{"east":{"uv":[10.25,14.25,10.28125,14.5],"rotation":0,"texture":"#0","tintindex":0},"south":{"uv":[14.25,10.25,14.28125,10.5],"rotation":0,"texture":"#0","tintindex":0},"north":{"uv":[14.25,10.0,14.28125,10.25],"rotation":0,"texture":"#0","tintindex":0},"west":{"uv":[14.25,10.5,14.28125,10.75],"rotation":0,"texture":"#0","tintindex":0},"up":{"uv":[11.28125,15.03125,11.25,15.0],"rotation":0,"texture":"#0","tintindex":0},"down":{"uv":[15.03125,11.25,15.0,11.28125],"rotation":0,"texture":"#0","tintindex":0}}},{"from":[6.457143,-11.524763,-2.3651829],"to":[6.9714284,-7.9247627,-1.8508968],"rotation":{"angle":-45.0,"axis":"x","origin":[8.0,9.028571,-15.771429]},"faces":{"east":{"uv":[13.0,14.25,13.03125,14.5],"rotation":0,"texture":"#0","tintindex":0},"south":{"uv":[13.25,14.25,13.28125,14.5],"rotation":0,"texture":"#0","tintindex":0},"north":{"uv":[12.75,14.25,12.78125,14.5],"rotation":0,"texture":"#0","tintindex":0},"west":{"uv":[14.25,13.25,14.28125,13.5],"rotation":0,"texture":"#0","tintindex":0},"up":{"uv":[12.28125,15.03125,12.25,15.0],"rotation":0,"texture":"#0","tintindex":0},"down":{"uv":[15.03125,12.25,15.0,12.28125],"rotation":0,"texture":"#0","tintindex":0}}},{"from":[6.9714284,-13.067619,-0.8223257],"to":[7.4857144,-9.467619,-0.30803967],"rotation":{"angle":-45.0,"axis":"x","origin":[8.0,9.028571,-15.771429]},"faces":{"east":{"uv":[14.25,13.5,14.28125,13.75],"rotation":0,"texture":"#0","tintindex":0},"south":{"uv":[13.75,14.25,13.78125,14.5],"rotation":0,"texture":"#0","tintindex":0},"north":{"uv":[13.5,14.25,13.53125,14.5],"rotation":0,"texture":"#0","tintindex":0},"west":{"uv":[14.25,13.75,14.28125,14.0],"rotation":0,"texture":"#0","tintindex":0},"up":{"uv":[12.53125,15.03125,12.5,15.0],"rotation":0,"texture":"#0","tintindex":0},"down":{"uv":[15.03125,12.5,15.0,12.53125],"rotation":0,"texture":"#0","tintindex":0}}},{"from":[11.6,-12.553335,-0.30803967],"to":[12.114286,-8.953335,0.20624542],"rotation":{"angle":-45.0,"axis":"x","origin":[8.0,9.028571,-15.771429]},"faces":{"east":{"uv":[14.25,9.5,14.28125,9.75],"rotation":0,"texture":"#0","tintindex":0},"south":{"uv":[14.25,9.75,14.28125,10.0],"rotation":0,"texture":"#0","tintindex":0},"north":{"uv":[14.25,9.25,14.28125,9.5],"rotation":0,"texture":"#0","tintindex":0},"west":{"uv":[10.0,14.25,10.03125,14.5],"rotation":0,"texture":"#0","tintindex":0},