{"textures":{"0":"mineinabyss:entity/mobs/splitjaw"},"elements":[{"from":[4.3999996,-2.9529257,-6.053829],"to":[5.428571,0.6470747,-5.539542],"rotation":{"angle":-45.0,"axis":"x","origin":[8.0,8.742857,-12.914286]},"faces":{"east":{"uv":[14.75,1.0,14.78125,1.25],"rotation":0,"texture":"#0","tintindex":0},"south":{"uv":[14.0,6.0,14.0625,6.25],"rotation":0,"texture":"#0","tintindex":0},"north":{"uv":[5.5,14.0,5.5625,14.25],"rotation":0,"texture":"#0","tintindex":0},"west":{"uv":[1.25,14.75,1.28125,15.0],"rotation":0,"texture":"#0","tintindex":0},"up":{"uv":[7.0625,15.03125,7.0,15.0],"rotation":0,"texture":"#0","tintindex":0},"down":{"uv":[15.0625,7.0,15.0,7.03125],"rotation":0,"texture":"#0","tintindex":0}}},{"from":[6.9714284,-4.495783,-4.510972],"to":[7.4857144,-0.8957825,-3.996686],"rotation":{"angle":-45.0,"axis":"x","origin":[8.0,8.742857,-12.914286]},"faces":{"east":{"uv":[14.75,2.75,14.78125,3.0],"rotation":0,"texture":"#0","tintindex":0},"south":{"uv":[3.0,14.75,3.03125,15.0],"rotation":0,"texture":"#0","tintindex":0},"north":{"uv":[2.75,14.75,2.78125,15.0],"rotation":0,"texture":"#0","tintindex":0},"west":{"uv":[14.75,3.0,14.78125,3.25],"rotation":0,"texture":"#0","tintindex":0},"up":{"uv":[15.28125,5.28125,15.25,5.25],"rotation":0,"texture":"#0","tintindex":0},"down":{"uv":[5.53125,15.25,5.5,15.28125],"rotation":0,"texture":"#0","tintindex":0}}},{"from":[12.114286,-3.4672117,-5.539542],"to":[12.628572,0.13278866,-5.025257],"rotation":{"angle":-45.0,"axis":"x","origin":[8.0,8.742857,-12.914286]},"faces":{"east":{"uv":[0.25,14.75,0.28125,15.0],"rotation":0,"texture":"#0","tintindex":0},"south":{"uv":[14.75,0.25,14.78125,0.5],"rotation":0,"texture":"#0","tintindex":0},"north":{"uv":[14.75,0.0,14.78125,0.25],"rotation":0,"texture":"#0","tintindex":0},"west":{"uv":[0.5,14.75,0.53125,15.0],"rotation":0,"texture":"#0","tintindex":0},"up":{"uv":[15.28125,4.28125,15.25,4.25],"rotation":0,"texture":"#0","tintindex":0},"down":{"uv":[4.53125,15.25,4.5,15.28125],"rotation":0,"texture":"#0","tintindex":0}}},{"from":[9.542857,-5.010068,-3.996686],"to":[10.057143,-1.4100685,-3.482401],"rotation":{"angle":-45.0,"axis":"x","origin":[8.0,8.742857,-12.914286]},"faces":{"east":{"uv":[14.75,3.75,14.78125,4.0],"rotation":0,"texture":"#0","tintindex":0},"south":{"uv":[4.0,14.75,4.03125,15.0],"rotation":0,"texture":"#0","tintindex":0},"north":{"uv":[3.75,14.75,3.78125,15.0],"rotation":0,"texture":"#0","tintindex":0},"west":{"uv":[14.75,4.0,14.78125,4.25],"rotation":0,"texture":"#0","tintindex":0},"up":{"uv":[15.28125,5.78125,15.25,5.75],"rotation":0,"texture":"#0","tintindex":0},"down":{"uv":[6.03125,15.25,6.0,15.28125],"rotation":0,"texture":"#0","tintindex":0}}},{"from":[8.514286,-4.495783,-4.510972],"to":[9.028571,-0.8957825,-3.996686],"rotation":{"angle":-45.0,"axis":"x","origin":[8.0,8.742857,-12.914286]},"faces":{"east":{"uv":[14.75,3.25,14.78125,3.5],"rotation":0,"texture":"#0","tintindex":0},"south":{"uv":[3.5,14.75,3.53125,15.0],"rotation":0,"texture":"#0","tintindex":0},"north":{"uv":[3.25,14.75,3.28125,15.0],"rotation":0,"texture":"#0","tintindex":0},"west":{"uv":[14.75,3.5,14.78125,3.75],"rotation":0,"texture":"#0","tintindex":0},"up":{"uv":[15.28125,5.53125,15.25,5.5],"rotation":0,"texture":"#0","tintindex":0},"down":{"uv":[5.78125,15.25,5.75,15.28125],"rotation":0,"texture":"#0","tintindex":0}}},{"from":[6.457143,-2.9529257,-6.053829],"to":[6.9714284,0.6470747,-5.539542],"rotation":{"angle":-45.0,"axis":"x","origin":[8.0,8.742857,-12.914286]},"faces":{"east":{"uv":[2.25,14.75,2.28125,15.0],"rotation":0,"texture":"#0","tintindex":0},"south":{"uv":[14.75,2.25,14.78125,2.5],"rotation":0,"texture":"#0","tintindex":0},"north":{"uv":[14.75,2.0,14.78125,2.25],"rotation":0,"texture":"#0","tintindex":0},"west":{"uv":[2.5,14.75,2.53125,15.0],"rotation":0,"texture":"#0","tintindex":0},"up":{"uv":[15.28125,5.03125,15.25,5.0],"rotation":0,"texture":"#0","tintindex":0},"down":{"uv":[5.28125,15.25,5.25,15.28125],"rotation":0,"texture":"#0","tintindex":0}}},{"from":[3.371428,-3.4672117,-5.539542],"to":[3.885714,0.13278866,-5.025257],"rotation":{"angle":-45.0,"axis":"x","origin":[8.0,8.742857,-12.914286]},"faces":{"east":{"uv":[0.75,14.75,0.78125,15.0],"rotation":0,"texture":"#0","tintindex":0},"south":{"uv":[14.75,0.75,14.78125,1.0],"rotation":0,"texture":"#0","tintindex":0},"north":{"uv":[14.75,0.5,14.78125,0.75],"rotation":0,"texture":"#0","tintindex":0},"west":{"uv":[1.0,14.75,1.03125,15.0],"rotation":0,"texture":"#0","tintindex":0},"up":{"uv":[15.28125,4.53125,15.25,4.5],"rotation":0,"texture":"#0","tintindex":0},"down":{"uv":[4.78125,15.25,4.75,15.28125],"rotation":0,"texture":"#0","tintindex":0}}},{"from":[11.6,-5.524355,-3.482401],"to":[12.114286,-1.9243536,-2.968114],"rotation":{"angle":-45.0,"axis":"x","origin":[8.0,8.742857,-12.914286]},"faces":{"east":{"uv":[5.5,14.75,5.53125,15.0],"rotation":0,"texture":"#0","tintindex":0},"south":{"uv":[5.75,14.75,5.78125,15.0],"rotation":0,"texture":"#0","tintindex":0},"north":{"uv":[14.75,5.25,14.78125,5.5],"rotation":0,"texture":"#0","tintindex":0},"west":{"uv":[14.75,5.75,14.78125,6.0],"rotation":0,"texture":"#0","tintindex":0},"up":{"uv":[15.28125,6.53125,15.25,6.5],"rotation":0,"texture":"#0","tintindex":0},"down":{"uv":[6.78125,15.25,6.75,15.28125],"rotation":0,"texture":"#0","tintindex":0}}},{"from":[10.571428,-2.9529257,-6.053829],"to":[11.6,0.6470747,-5.539542],"rotation":{"angle":-45.0,"axis":"x","origin":[8.0,8.742857,-12.914286]},"faces":{"east":{"uv":[14.75,1.25,14.78125,1.5],"rotation":0,"texture":"#0","tintindex":0},"south":{"uv":[14.0,6.25,14.0625,6.5],"rotation":0,"texture":"#0","tintindex":0},"north":{"uv":[6.25,14.0,6.3125,14.25],"rotation":0,"texture":"#0","tintindex":0},"west":{"uv":[1.5,14.75,1.53125,15.0],"rotation":0,"texture":"#0","tintindex":0},"up":{"uv":[7.3125,15.03125,7.25,15.0],"rotation":0,"texture":"#0","tintindex":0},"down":{"uv":[15.0625,7.25,15.0,7.28125],"rotation":0,"texture":"#0","tintindex":0}}},{"from":[9.028571,-2.9529257,-6.053829],"to":[9.542857,0.6470747,-5.539542],"rotation":{"angle":-45.0,"axis":"x","origin":[8.0,8.742857,-12.914286]},"faces":{"east":{"uv":[1.75,14.75,1.78125,15.0],"rotation":0,"texture":"#0","tintindex":0},"south":{"uv":[14.75,1.75,14.78125,2.0],"rotation":0,"texture":"#0","tintindex":0},"north":{"uv":[14.75,1.5,14.78125,1.75],"rotation":0,"texture":"#0","tintindex":0},"west":{"uv":[2.0,14.75,2.03125,15.0],"rotation":0,"texture":"#0","tintindex":0},"up":{"uv":[15.28125,4.78125,15.25,4.75],"rotation":0,"texture":"#0","tintindex":0},"down":{"uv":[5.03125,15.25,5.0,15.28125],"rotation":0,"texture":"#0","tintindex":0}}},{"from":[3.885714,-5.524355,-3.482401],"to":[4.3999996,-1.9243536,-2.968114],"rotation":{"angle":-45.0,"axis":"x","origin":[8.0,8.742857,-12.914286]},"faces":{"east":{"uv":[5.0,14.75,5.03125,15.0],"rotation":0,"texture":"#0","tintindex":0},"south":{"uv":[14.75,5.0,14.78125,5.25],"rotation":0,"texture":"#0","tintindex":0},"north":{"uv":[4.75,14.75,4.78125,15.0],"rotation":0,"texture":"#0","tintindex":0},"west":{"uv":[5.25,14.75,5.28125,15.0],"rotation":0,"texture":"#0","tintindex":0},"up":{"uv":[15.28125,6.28125,15.25,6.25],"rotation":0,"texture":"#0","tintindex":0},"down":{"uv":[6.53125,15.25,6.5,15.28125],"rotation":0,"texture":"#0","tintindex":0}}},{"from":[5.942857,-5.010068,-3.996686],"to":[6.457143,-1.4100685,-3.482401],"rotation":{"angle":-45.0,"axis":"x","origin":[8.0,8.742857,-12.914286]},"faces":{"east":{"uv":[14.75,4.25,14.78125,4.5],"rotation":0,"texture":"#0","tintindex":0},"south":{"uv":[4.5,14.75,4.53125,15.0],"rotation":0,"texture":"#0","tintindex":0},"north":{"uv":[4.25,14.75,4.28125,15.0],"rotation":0,"texture":"#0","tintindex":0},"west":{"uv":[14.75,4.5,14.78125,4.75],"rotation":0,"texture":"#0","tintindex":0},"up":{"uv":[15.28125,6.03125,15.25,6.0],"rotation":0,"texture":"#0","tintindex":0},"down":{"uv":[6.28125,15.25,6.25,15.28125],"rotation":0,"texture":"#0","tintindex":0}}}],"display":{"head":{"translation":[0.0,-6.4,0.0],