{"textures":{"0":"mineinabyss:entity/mobs/splitjaw"},"elements":[{"from":[4.9142857,-6.810273,-4.209506],"to":[5.428571,-3.2102718,-3.69522],"rotation":{"angle":-45.0,"axis":"x","origin":[8.0,8.885715,-14.342857]},"faces":{"east":{"uv":[14.5,9.75,14.53125,10.0],"rotation":0,"texture":"#0","tintindex":0},"south":{"uv":[10.0,14.5,10.03125,14.75],"rotation":0,"texture":"#0","tintindex":0},"north":{"uv":[9.75,14.5,9.78125,14.75],"rotation":0,"texture":"#0","tintindex":0},"west":{"uv":[14.5,10.0,14.53125,10.25],"rotation":0,"texture":"#0","tintindex":0},"up":{"uv":[15.28125,1.78125,15.25,1.75],"rotation":0,"texture":"#0","tintindex":0},"down":{"uv":[2.03125,15.25,2.0,15.28125],"rotation":0,"texture":"#0","tintindex":0}}},{"from":[9.542857,-8.867416,-2.1523628],"to":[10.057143,-5.267415,-1.6380768],"rotation":{"angle":-45.0,"axis":"x","origin":[8.0,8.885715,-14.342857]},"faces":{"east":{"uv":[14.5,12.75,14.53125,13.0],"rotation":0,"texture":"#0","tintindex":0},"south":{"uv":[13.0,14.5,13.03125,14.75],"rotation":0,"texture":"#0","tintindex":0},"north":{"uv":[12.75,14.5,12.78125,14.75],"rotation":0,"texture":"#0","tintindex":0},"west":{"uv":[14.5,13.0,14.53125,13.25],"rotation":0,"texture":"#0","tintindex":0},"up":{"uv":[15.28125,3.28125,15.25,3.25],"rotation":0,"texture":"#0","tintindex":0},"down":{"uv":[3.53125,15.25,3.5,15.28125],"rotation":0,"texture":"#0","tintindex":0}}},{"from":[8.514286,-8.35313,-2.666648],"to":[9.028571,-4.75313,-2.1523628],"rotation":{"angle":-45.0,"axis":"x","origin":[8.0,8.885715,-14.342857]},"faces":{"east":{"uv":[14.5,12.25,14.53125,12.5],"rotation":0,"texture":"#0","tintindex":0},"south":{"uv":[12.5,14.5,12.53125,14.75],"rotation":0,"texture":"#0","tintindex":0},"north":{"uv":[12.25,14.5,12.28125,14.75],"rotation":0,"texture":"#0","tintindex":0},"west":{"uv":[14.5,12.5,14.53125,12.75],"rotation":0,"texture":"#0","tintindex":0},"up":{"uv":[15.28125,3.03125,15.25,3.0],"rotation":0,"texture":"#0","tintindex":0},"down":{"uv":[3.28125,15.25,3.25,15.28125],"rotation":0,"texture":"#0","tintindex":0}}},{"from":[6.9714284,-8.35313,-2.666648],"to":[7.4857144,-4.75313,-2.1523628],"rotation":{"angle":-45.0,"axis":"x","origin":[8.0,8.885715,-14.342857]},"faces":{"east":{"uv":[14.5,11.75,14.53125,12.0],"rotation":0,"texture":"#0","tintindex":0},"south":{"uv":[12.0,14.5,12.03125,14.75],"rotation":0,"texture":"#0","tintindex":0},"north":{"uv":[11.75,14.5,11.78125,14.75],"rotation":0,"texture":"#0","tintindex":0},"west":{"uv":[14.5,12.0,14.53125,12.25],"rotation":0,"texture":"#0","tintindex":0},"up":{"uv":[15.28125,2.78125,15.25,2.75],"rotation":0,"texture":"#0","tintindex":0},"down":{"uv":[3.03125,15.25,3.0,15.28125],"rotation":0,"texture":"#0","tintindex":0}}},{"from":[4.3999996,-9.381702,-1.6380768],"to":[4.9142857,-5.781701,-1.1237917],"rotation":{"angle":-45.0,"axis":"x","origin":[8.0,8.885715,-14.342857]},"faces":{"east":{"uv":[14.5,13.75,14.53125,14.0],"rotation":0,"texture":"#0","tintindex":0},"south":{"uv":[14.0,14.5,14.03125,14.75],"rotation":0,"texture":"#0","tintindex":0},"north":{"uv":[13.75,14.5,13.78125,14.75],"rotation":0,"texture":"#0","tintindex":0},"west":{"uv":[14.5,14.0,14.53125,14.25],"rotation":0,"texture":"#0","tintindex":0},"up":{"uv":[15.28125,3.78125,15.25,3.75],"rotation":0,"texture":"#0","tintindex":0},"down":{"uv":[4.03125,15.25,4.0,15.28125],"rotation":0,"texture":"#0","tintindex":0}}},{"from":[12.114286,-7.3245583,-3.180935],"to":[12.628572,-3.7245588,-2.666648],"rotation":{"angle":-45.0,"axis":"x","origin":[8.0,8.885715,-14.342857]},"faces":{"east":{"uv":[14.5,9.0,14.53125,9.25],"rotation":0,"texture":"#0","tintindex":0},"south":{"uv":[9.25,14.5,9.28125,14.75],"rotation":0,"texture":"#0","tintindex":0},"north":{"uv":[9.0,14.5,9.03125,14.75],"rotation":0,"texture":"#0","tintindex":0},"west":{"uv":[14.5,9.25,14.53125,9.5],"rotation":0,"texture":"#0","tintindex":0},"up":{"uv":[15.28125,1.53125,15.25,1.5],"rotation":0,"texture":"#0","tintindex":0},"down":{"uv":[1.78125,15.25,1.75,15.28125],"rotation":0,"texture":"#0","tintindex":0}}},{"from":[11.085714,-9.381702,-1.6380768],"to":[11.6,-5.781701,-1.1237917],"rotation":{"angle":-45.0,"axis":"x","origin":[8.0,8.885715,-14.342857]},"faces":{"east":{"uv":[14.5,14.25,14.53125,14.5],"rotation":0,"texture":"#0","tintindex":0},"south":{"uv":[14.5,14.5,14.53125,14.75],"rotation":0,"texture":"#0","tintindex":0},"north":{"uv":[14.25,14.5,14.28125,14.75],"rotation":0,"texture":"#0","tintindex":0},"west":{"uv":[0.0,14.75,0.03125,15.0],"rotation":0,"texture":"#0","tintindex":0},"up":{"uv":[15.28125,4.03125,15.25,4.0],"rotation":0,"texture":"#0","tintindex":0},"down":{"uv":[4.28125,15.25,4.25,15.28125],"rotation":0,"texture":"#0","tintindex":0}}},{"from":[10.571428,-6.810273,-4.209506],"to":[11.085714,-3.2102718,-3.69522],"rotation":{"angle":-45.0,"axis":"x","origin":[8.0,8.885715,-14.342857]},"faces":{"east":{"uv":[14.5,10.25,14.53125,10.5],"rotation":0,"texture":"#0","tintindex":0},"south":{"uv":[10.5,14.5,10.53125,14.75],"rotation":0,"texture":"#0","tintindex":0},"north":{"uv":[10.25,14.5,10.28125,14.75],"rotation":0,"texture":"#0","tintindex":0},"west":{"uv":[14.5,10.5,14.53125,10.75],"rotation":0,"texture":"#0","tintindex":0},"up":{"uv":[15.28125,2.03125,15.25,2.0],"rotation":0,"texture":"#0","tintindex":0},"down":{"uv":[2.28125,15.25,2.25,15.28125],"rotation":0,"texture":"#0","tintindex":0}}},{"from":[5.942857,-8.867416,-2.1523628],"to":[6.457143,-5.267415,-1.6380768],"rotation":{"angle":-45.0,"axis":"x","origin":[8.0,8.885715,-14.342857]},"faces":{"east":{"uv":[14.5,13.25,14.53125,13.5],"rotation":0,"texture":"#0","tintindex":0},"south":{"uv":[13.5,14.5,13.53125,14.75],"rotation":0,"texture":"#0","tintindex":0},"north":{"uv":[13.25,14.5,13.28125,14.75],"rotation":0,"texture":"#0","tintindex":0},"west":{"uv":[14.5,13.5,14.53125,13.75],"rotation":0,"texture":"#0","tintindex":0},"up":{"uv":[15.28125,3.53125,15.25,3.5],"rotation":0,"texture":"#0","tintindex":0},"down":{"uv":[3.78125,15.25,3.75,15.28125],"rotation":0,"texture":"#0","tintindex":0}}},{"from":[6.457143,-6.810273,-4.209506],"to":[6.9714284,-3.2102718,-3.69522],"rotation":{"angle":-45.0,"axis":"x","origin":[8.0,8.885715,-14.342857]},"faces":{"east":{"uv":[14.5,11.25,14.53125,11.5],"rotation":0,"texture":"#0","tintindex":0},"south":{"uv":[11.5,14.5,11.53125,14.75],"rotation":0,"texture":"#0","tintindex":0},"north":{"uv":[11.25,14.5,11.28125,14.75],"rotation":0,"texture":"#0","tintindex":0},"west":{"uv":[14.5,11.5,14.53125,11.75],"rotation":0,"texture":"#0","tintindex":0},"up":{"uv":[15.28125,2.53125,15.25,2.5],"rotation":0,"texture":"#0","tintindex":0},"down":{"uv":[2.78125,15.25,2.75,15.28125],"rotation":0,"texture":"#0","tintindex":0}}},{"from":[2.8571424,-7.3245583,-3.180935],"to":[3.885714,-3.7245588,-2.666648],"rotation":{"angle":-45.0,"axis":"x","origin":[8.0,8.885715,-14.342857]},"faces":{"east":{"uv":[9.5,14.5,9.53125,14.75],"rotation":0,"texture":"#0","tintindex":0},"south":{"uv":[5.25,14.0,5.3125,14.25],"rotation":0,"texture":"#0","tintindex":0},"north":{"uv":[14.0,5.0,14.0625,5.25],"rotation":0,"texture":"#0","tintindex":0},"west":{"uv":[14.5,9.5,14.53125,9.75],"rotation":0,"texture":"#0","tintindex":0},"up":{"uv":[6.8125,15.03125,6.75,15.0],"rotation":0,"texture":"#0","tintindex":0},"down":{"uv":[15.0625,6.75,15.0,6.78125],"rotation":0,"texture":"#0","tintindex":0}}},{"from":[9.028571,-6.810273,-4.209506],"to":[9.542857,-3.2102718,-3.69522],"rotation":{"angle":-45.0,"axis":"x","origin":[8.0,8.885715,-14.342857]},"faces":{"east":{"uv":[14.5,10.75,14.53125,11.0],"rotation":0,"texture":"#0","tintindex":0},"south":{"uv":[11.0,14.5,11.03125,14.75],"rotation":0,"texture":"#0","tintindex":0},"north":{"uv":[10.75,14.5,10.78125,14.75],"rotation":0,"texture":"#0","tintindex":0},"west":{"uv":[14.5,11.0,14.53125,11.25],"rotation":0,"texture":"#0","tintindex":0},"up":{"uv":[15.28125,2.28125,15.25,2.25],"rotation":0,"texture":"#0","tintindex":0},"down":{"uv":[2.53125,15.25,2.5,15.28125],"rotation":0,"texture":"#0",