{"textures":{"0":"mineinabyss:entity/mobs/splitjaw"},"elements":[{"from":[1.4500566,6.728452,-9.973225],"to":[2.8242283,12.381481,-0.7037401],"rotation":{"angle":-22.5,"axis":"x","origin":[8.0,10.171429,-13.007542]},"faces":{"east":{"uv":[1.5,12.25,2.1875,12.65625],"rotation":0,"texture":"#0","tintindex":0},"south":{"uv":[8.0,13.75,8.09375,14.15625],"rotation":0,"texture":"#0","tintindex":0},"north":{"uv":[13.75,7.75,13.84375,8.15625],"rotation":0,"texture":"#0","tintindex":0},"west":{"uv":[2.25,12.25,2.9375,12.65625],"rotation":0,"texture":"#0","tintindex":0},"up":{"uv":[9.09375,13.9375,9.0,13.25],"rotation":0,"texture":"#0","tintindex":0},"down":{"uv":[9.34375,13.25,9.25,13.9375],"rotation":0,"texture":"#0","tintindex":0}}},{"from":[1.3648086,14.623086,-12.655479],"to":[2.2543173,15.409738,-0.64752674],"rotation":{"angle":-22.5,"axis":"y","origin":[8.0,10.171429,-13.007542]},"faces":{"east":{"uv":[13.5,4.0,14.375,4.0625],"rotation":0,"texture":"#0","tintindex":0},"south":{"uv":[2.5,15.0,2.5625,15.0625],"rotation":0,"texture":"#0","tintindex":0},"north":{"uv":[15.0,2.25,15.0625,2.3125],"rotation":0,"texture":"#0","tintindex":0},"west":{"uv":[13.5,4.25,14.375,4.3125],"rotation":0,"texture":"#0","tintindex":0},"up":{"uv":[3.8125,14.375,3.75,13.5],"rotation":0,"texture":"#0","tintindex":0},"down":{"uv":[4.0625,13.5,4.0,14.375],"rotation":0,"texture":"#0","tintindex":0}}},{"from":[2.434194,14.623086,-16.0],"to":[13.565805,15.512594,-15.110491],"rotation":{"angle":0.0,"axis":"y","origin":[8.0,10.171429,-13.007542]},"faces":{"east":{"uv":[15.0,2.0,15.0625,2.0625],"rotation":0,"texture":"#0","tintindex":0},"south":{"uv":[9.5,13.5,10.3125,13.5625],"rotation":0,"texture":"#0","tintindex":0},"north":{"uv":[6.5,13.5,7.3125,13.5625],"rotation":0,"texture":"#0","tintindex":0},"west":{"uv":[2.25,15.0,2.3125,15.0625],"rotation":0,"texture":"#0","tintindex":0},"up":{"uv":[12.8125,13.5625,12.0,13.5],"rotation":0,"texture":"#0","tintindex":0},"down":{"uv":[14.3125,12.0,13.5,12.0625],"rotation":0,"texture":"#0","tintindex":0}}},{"from":[2.371657,12.343772,-15.798401],"to":[13.628344,14.623086,-1.789257],"rotation":{"angle":0.0,"axis":"y","origin":[8.0,10.171429,-13.007542]},"faces":{"east":{"uv":[6.75,12.5,7.78125,12.65625],"rotation":0,"texture":"#0","tintindex":0},"south":{"uv":[2.0,13.0,2.8125,13.15625],"rotation":0,"texture":"#0","tintindex":0},"north":{"uv":[1.0,13.0,1.8125,13.15625],"rotation":0,"texture":"#0","tintindex":0},"west":{"uv":[12.5,10.5,13.53125,10.65625],"rotation":0,"texture":"#0","tintindex":0},"up":{"uv":[4.3125,9.03125,3.5,8.0],"rotation":0,"texture":"#0","tintindex":0},"down":{"uv":[6.5625,8.0,5.75,9.03125],"rotation":0,"texture":"#0","tintindex":0}}},{"from":[13.175772,6.728452,-9.973225],"to":[14.549944,12.381481,-0.7037401],"rotation":{"angle":-22.5,"axis":"x","origin":[8.0,10.171429,-13.007542]},"faces":{"east":{"uv":[9.75,12.0,10.4375,12.40625],"rotation":0,"texture":"#0","tintindex":0},"south":{"uv":[13.75,7.25,13.84375,7.65625],"rotation":0,"texture":"#0","tintindex":0},"north":{"uv":[7.25,13.75,7.34375,14.15625],"rotation":0,"texture":"#0","tintindex":0},"west":{"uv":[11.5,12.0,12.1875,12.40625],"rotation":0,"texture":"#0","tintindex":0},"up":{"uv":[8.59375,13.9375,8.5,13.25],"rotation":0,"texture":"#0","tintindex":0},"down":{"uv":[8.84375,13.25,8.75,13.9375],"rotation":0,"texture":"#0","tintindex":0}}},{"from":[14.495092,13.594515,-11.258064],"to":[15.384602,15.409738,-2.850111],"rotation":{"angle":45.0,"axis":"y","origin":[14.939847,14.502127,-7.0540886]},"faces":{"east":{"uv":[13.25,2.0,13.875,2.125],"rotation":0,"texture":"#0","tintindex":0},"south":{"uv":[14.75,10.75,14.8125,10.875],"rotation":0,"texture":"#0","tintindex":0},"north":{"uv":[10.75,14.75,10.8125,14.875],"rotation":0,"texture":"#0","tintindex":0},"west":{"uv":[2.5,13.25,3.125,13.375],"rotation":0,"texture":"#0","tintindex":0},"up":{"uv":[6.8125,14.375,6.75,13.75],"rotation":0,"texture":"#0","tintindex":0},"down":{"uv":[7.0625,13.75,7.0,14.375],"rotation":0,"texture":"#0","tintindex":0}}},{"from":[0.6153984,13.594515,-11.258064],"to":[1.5049076,15.409738,-2.850111],"rotation":{"angle":-45.0,"axis":"y","origin":[1.060153,14.502127,-7.0540886]},"faces":{"east":{"uv":[13.25,1.5,13.875,1.625],"rotation":0,"texture":"#0","tintindex":0},"south":{"uv":[14.75,10.5,14.8125,10.625],"rotation":0,"texture":"#0","tintindex":0},"north":{"uv":[10.5,14.75,10.5625,14.875],"rotation":0,"texture":"#0","tintindex":0},"west":{"uv":[13.25,1.75,13.875,1.875],"rotation":0,"texture":"#0","tintindex":0},"up":{"uv":[3.5625,14.375,3.5,13.75],"rotation":0,"texture":"#0","tintindex":0},"down":{"uv":[6.5625,13.75,6.5,14.375],"rotation":0,"texture":"#0","tintindex":0}}},{"from":[13.745683,14.623086,-12.655479],"to":[14.635191,15.409738,-0.64752674],"rotation":{"angle":22.5,"axis":"y","origin":[8.0,10.171429,-13.007542]},"faces":{"east":{"uv":[4.75,13.5,5.625,13.5625],"rotation":0,"texture":"#0","tintindex":0},"south":{"uv":[15.0,3.25,15.0625,3.3125],"rotation":0,"texture":"#0","tintindex":0},"north":{"uv":[3.25,15.0,3.3125,15.0625],"rotation":0,"texture":"#0","tintindex":0},"west":{"uv":[13.5,5.25,14.375,5.3125],"rotation":0,"texture":"#0","tintindex":0},"up":{"uv":[5.8125,14.375,5.75,13.5],"rotation":0,"texture":"#0","tintindex":0},"down":{"uv":[6.0625,13.5,6.0,14.375],"rotation":0,"texture":"#0","tintindex":0}}},{"from":[2.6843429,5.6998806,-12.030369],"to":[13.315657,12.895767,-0.7037401],"rotation":{"angle":-22.5,"axis":"x","origin":[8.0,10.171429,-13.007542]},"faces":{"east":{"uv":[2.0,11.0,2.8125,11.53125],"rotation":0,"texture":"#0","tintindex":0},"south":{"uv":[11.0,6.25,11.78125,6.78125],"rotation":0,"texture":"#0","tintindex":0},"north":{"uv":[11.0,5.5,11.78125,6.03125],"rotation":0,"texture":"#0","tintindex":0},"west":{"uv":[11.0,4.75,11.8125,5.28125],"rotation":0,"texture":"#0","tintindex":0},"up":{"uv":[10.53125,1.5625,9.75,0.75],"rotation":0,"texture":"#0","tintindex":0},"down":{"uv":[1.78125,9.75,1.0,10.5625],"rotation":0,"texture":"#0","tintindex":0}}}],"display":{"head":{"translation":[0.0,-6.4,-3.626976],"scale":[4.0,4.0,4.0]}}}
