{"textures":{"0":"modelengine:entity/splitjaw"},"elements":[{"from":[-2.4227734,7.1261,5.331818],"to":[10.43437,8.154672,21.068962],"rotation":{"angle":22.5,"axis":"y","origin":[-0.5469494,2.2348995,-7.1222115]},"faces":{"east":{"uv":[13.25,4.5,14.40625,4.5625],"rotation":0,"texture":"#0","tintindex":0},"south":{"uv":[0.75,13.5,1.6875,13.5625],"rotation":0,"texture":"#0","tintindex":0},"north":{"uv":[13.25,13.25,14.1875,13.3125],"rotation":0,"texture":"#0","tintindex":0},"west":{"uv":[4.75,13.25,5.90625,13.3125],"rotation":0,"texture":"#0","tintindex":0},"up":{"uv":[4.6875,6.65625,3.75,5.5],"rotation":0,"texture":"#0","tintindex":0},"down":{"uv":[5.6875,5.75,4.75,6.90625],"rotation":0,"texture":"#0","tintindex":0}}},{"from":[0.056667328,6.6118145,7.3922195],"to":[5.199525,7.1261,21.449364],"rotation":{"angle":22.5,"axis":"y","origin":[-0.5469494,2.2348995,-7.1222115]},"faces":{"east":{"uv":[13.75,2.5,15.03125,2.53125],"rotation":0,"texture":"#0","tintindex":0},"south":{"uv":[12.75,14.0,13.125,14.03125],"rotation":0,"texture":"#0","tintindex":0},"north":{"uv":[14.0,12.5,14.375,12.53125],"rotation":0,"texture":"#0","tintindex":0},"west":{"uv":[4.25,13.75,5.53125,13.78125],"rotation":0,"texture":"#0","tintindex":0},"up":{"uv":[11.125,9.28125,10.75,8.0],"rotation":0,"texture":"#0","tintindex":0},"down":{"uv":[9.125,10.75,8.75,12.03125],"rotation":0,"texture":"#0","tintindex":0}}},{"from":[14.949438,6.7832427,4.7607946],"to":[26.77801,8.3261,15.766509],"rotation":{"angle":-22.5,"axis":"y","origin":[-0.5469494,2.2348995,-7.1222115]},"faces":{"east":{"uv":[13.0,9.75,13.8125,9.875],"rotation":0,"texture":"#0","tintindex":0},"south":{"uv":[6.0,13.0,6.875,13.125],"rotation":0,"texture":"#0","tintindex":0},"north":{"uv":[5.0,13.0,5.875,13.125],"rotation":0,"texture":"#0","tintindex":0},"west":{"uv":[13.0,10.0,13.8125,10.125],"rotation":0,"texture":"#0","tintindex":0},"up":{"uv":[2.875,10.0625,2.0,9.25],"rotation":0,"texture":"#0","tintindex":0},"down":{"uv":[3.875,9.25,3.0,10.0625],"rotation":0,"texture":"#0","tintindex":0}}}],"display":{"head":{"translation":[0.0,-6.4,0.0],"scale":[4.0,4.0,4.0]}}}