{"textures":{"0":"modelengine:entity/benikuchinawa"},"elements":[{"name":"body6","from":[4.020416,1.9938388,5.6197796],"to":[11.383424,13.03144,16.89066],"rotation":{"angle":0.0,"axis":"x","origin":[8.0,3.4097018,-68.655914]},"faces":{"down":{"uv":[1.5,11.5,1.0,12.28125],"rotation":0,"texture":"#0","tintindex":0},"east":{"uv":[9.75,8.25,10.53125,9.03125],"rotation":0,"texture":"#0","tintindex":0},"north":{"uv":[6.25,11.25,6.75,12.03125],"rotation":0,"texture":"#0","tintindex":0},"south":{"uv":[11.25,9.5,11.75,10.28125],"rotation":0,"texture":"#0","tintindex":0},"up":{"uv":[1.0,12.28125,0.5,11.5],"rotation":0,"texture":"#0","tintindex":0},"west":{"uv":[8.75,9.75,9.53125,10.53125],"rotation":0,"texture":"#0","tintindex":0}}},{"name":"body5","from":[1.8604156,2.5338392,7.41978],"to":[13.543425,11.951439,18.690659],"rotation":{"angle":0.0,"axis":"x","origin":[8.0,3.4097018,-68.655914]},"faces":{"down":{"uv":[10.5625,7.25,9.75,8.03125],"rotation":0,"texture":"#0","tintindex":0},"east":{"uv":[7.0,10.75,7.78125,11.40625],"rotation":0,"texture":"#0","tintindex":0},"north":{"uv":[10.5,4.0,11.3125,4.65625],"rotation":0,"texture":"#0","tintindex":0},"south":{"uv":[0.5,10.75,1.3125,11.40625],"rotation":0,"texture":"#0","tintindex":0},"up":{"uv":[10.5625,2.53125,9.75,1.75],"rotation":0,"texture":"#0","tintindex":0},"west":{"uv":[10.75,7.25,11.53125,7.90625],"rotation":0,"texture":"#0","tintindex":0}}},{"name":"body6","from":[-0.29958415,4.693839,7.41978],"to":[15.7034235,9.79144,18.150658],"rotation":{"angle":0.0,"axis":"x","origin":[8.0,3.4097018,-68.655914]},"faces":{"down":{"uv":[2.125,8.0,1.0,8.75],"rotation":0,"texture":"#0","tintindex":0},"east":{"uv":[3.0,12.25,3.75,12.59375],"rotation":0,"texture":"#0","tintindex":0},"north":{"uv":[11.25,10.5,12.375,10.84375],"rotation":0,"texture":"#0","tintindex":0},"south":{"uv":[6.75,11.5,7.875,11.84375],"rotation":0,"texture":"#0","tintindex":0},"up":{"uv":[5.625,8.5,4.5,7.75],"rotation":0,"texture":"#0","tintindex":0},"west":{"uv":[12.25,8.0,13.0,8.34375],"rotation":0,"texture":"#0","tintindex":0}}}],"display":{"head":{"translation":[0.0,-6.4,0.0],"rotation":[0.0,0.0,0.0],"scale":[3.8095,3.8095,3.8095]}}}