{"textures":{"0":"mineinabyss:entity/mobs/splitjaw"},"elements":[{"from":[5.1027384,5.5556498,16.455994],"to":[10.469413,9.381936,24.618736],"rotation":{"angle":0.0,"axis":"y","origin":[8.082278,4.024091,-85.09555]},"faces":{"east":{"uv":[12.5,2.75,13.09375,3.03125],"rotation":0,"texture":"#0","tintindex":0},"south":{"uv":[10.0,12.75,10.40625,13.03125],"rotation":0,"texture":"#0","tintindex":0},"north":{"uv":[0.0,12.75,0.40625,13.03125],"rotation":0,"texture":"#0","tintindex":0},"west":{"uv":[12.5,3.25,13.09375,3.53125],"rotation":0,"texture":"#0","tintindex":0},"up":{"uv":[6.65625,12.84375,6.25,12.25],"rotation":0,"texture":"#0","tintindex":0},"down":{"uv":[10.90625,12.25,10.5,12.84375],"rotation":0,"texture":"#0","tintindex":0}}},{"from":[3.0455956,6.069936,7.1988506],"to":[12.526556,8.353364,14.333022],"rotation":{"angle":0.0,"axis":"y","origin":[8.082278,4.024091,-85.09555]},"faces":{"east":{"uv":[13.25,0.5,13.78125,0.65625],"rotation":0,"texture":"#0","tintindex":0},"south":{"uv":[13.0,8.25,13.6875,8.40625],"rotation":0,"texture":"#0","tintindex":0},"north":{"uv":[13.0,8.0,13.6875,8.15625],"rotation":0,"texture":"#0","tintindex":0},"west":{"uv":[0.75,13.25,1.28125,13.40625],"rotation":0,"texture":"#0","tintindex":0},"up":{"uv":[12.4375,1.28125,11.75,0.75],"rotation":0,"texture":"#0","tintindex":0},"down":{"uv":[12.4375,1.5,11.75,2.03125],"rotation":0,"texture":"#0","tintindex":0}}},{"from":[5.6170244,4.0127926,6.1702795],"to":[9.955128,10.924793,14.333022],"rotation":{"angle":0.0,"axis":"y","origin":[8.082278,4.024091,-85.09555]},"faces":{"east":{"uv":[12.0,4.75,12.59375,5.25],"rotation":0,"texture":"#0","tintindex":0},"south":{"uv":[11.5,12.5,11.8125,13.0],"rotation":0,"texture":"#0","tintindex":0},"north":{"uv":[1.0,12.5,1.3125,13.0],"rotation":0,"texture":"#0","tintindex":0},"west":{"uv":[12.0,5.25,12.59375,5.75],"rotation":0,"texture":"#0","tintindex":0},"up":{"uv":[11.3125,12.84375,11.0,12.25],"rotation":0,"texture":"#0","tintindex":0},"down":{"uv":[0.8125,12.5,0.5,13.09375],"rotation":0,"texture":"#0","tintindex":0}}},{"from":[4.0741673,5.041364,7.541708],"to":[11.497984,9.896221,17.761593],"rotation":{"angle":0.0,"axis":"y","origin":[8.082278,4.024091,-85.09555]},"faces":{"east":{"uv":[12.25,8.5,13.0,8.84375],"rotation":0,"texture":"#0","tintindex":0},"south":{"uv":[12.5,1.75,13.03125,2.09375],"rotation":0,"texture":"#0","tintindex":0},"north":{"uv":[12.5,1.25,13.03125,1.59375],"rotation":0,"texture":"#0","tintindex":0},"west":{"uv":[8.75,12.25,9.5,12.59375],"rotation":0,"texture":"#0","tintindex":0},"up":{"uv":[11.28125,11.75,10.75,11.0],"rotation":0,"texture":"#0","tintindex":0},"down":{"uv":[6.03125,11.25,5.5,12.0],"rotation":0,"texture":"#0","tintindex":0}}}],"display":{"head":{"translation":[0.0,-6.4,0.0],"scale":[4.0,4.0,4.0]}}}
