{"textures":{"0":"modelengine:entity/benikuchinawa"},"elements":[{"name":"body1","from":[2.2362556,0.73279953,2.2008796],"to":[13.763743,2.1756797,14.21048],"rotation":{"angle":0.0,"axis":"x","origin":[8.0,2.1799998,-8.71]},"faces":{"down":{"uv":[10.0625,6.25,9.25,7.09375],"rotation":0,"texture":"#0","tintindex":0},"east":{"uv":[13.25,1.25,14.09375,1.34375],"rotation":0,"texture":"#0","tintindex":0},"north":{"uv":[13.25,2.75,14.0625,2.84375],"rotation":0,"texture":"#0","tintindex":0},"south":{"uv":[13.25,3.0,14.0625,3.09375],"rotation":0,"texture":"#0","tintindex":0},"up":{"uv":[10.0625,6.09375,9.25,5.25],"rotation":0,"texture":"#0","tintindex":0},"west":{"uv":[1.5,13.25,2.34375,13.34375],"rotation":0,"texture":"#0","tintindex":0}}},{"name":"body0","from":[0.0762558,1.8127996,1.6608793],"to":[15.923744,4.33568,14.21048],"rotation":{"angle":0.0,"axis":"x","origin":[8.0,2.1799998,-8.71]},"faces":{"down":{"uv":[7.09375,7.0,6.0,7.875],"rotation":0,"texture":"#0","tintindex":0},"east":{"uv":[9.5,3.5,10.375,3.6875],"rotation":0,"texture":"#0","tintindex":0},"north":{"uv":[12.5,0.75,13.59375,0.9375],"rotation":0,"texture":"#0","tintindex":0},"south":{"uv":[12.5,1.0,13.59375,1.1875],"rotation":0,"texture":"#0","tintindex":0},"up":{"uv":[2.09375,7.875,1.0,7.0],"rotation":0,"texture":"#0","tintindex":0},"west":{"uv":[3.75,12.5,4.625,12.6875],"rotation":0,"texture":"#0","tintindex":0}}},{"name":"body01","from":[-2.0837445,3.9727998,2.2008796],"to":[18.083744,12.97568,14.21048],"rotation":{"angle":0.0,"axis":"x","origin":[8.0,2.1799998,-8.71]},"faces":{"down":{"uv":[5.90625,2.5,4.5,3.34375],"rotation":0,"texture":"#0","tintindex":0},"east":{"uv":[10.75,2.25,11.59375,2.875],"rotation":0,"texture":"#0","tintindex":0},"north":{"uv":[7.5,4.0,8.90625,4.625],"rotation":0,"texture":"#0","tintindex":0},"south":{"uv":[7.5,4.75,8.90625,5.375],"rotation":0,"texture":"#0","tintindex":0},"up":{"uv":[3.90625,5.34375,2.5,4.5],"rotation":0,"texture":"#0","tintindex":0},"west":{"uv":[3.0,10.75,3.84375,11.375],"rotation":0,"texture":"#0","tintindex":0}}},{"name":"body02","from":[0.0762558,12.97568,5.44088],"to":[15.923744,15.13568,14.21048],"rotation":{"angle":0.0,"axis":"x","origin":[8.0,2.1799998,-8.71]},"faces":{"down":{"uv":[7.09375,9.5,6.0,10.09375],"rotation":0,"texture":"#0","tintindex":0},"east":{"uv":[11.5,13.0,12.09375,13.15625],"rotation":0,"texture":"#0","tintindex":0},"north":{"uv":[12.5,2.25,13.59375,2.40625],"rotation":0,"texture":"#0","tintindex":0},"south":{"uv":[12.5,2.5,13.59375,2.65625],"rotation":0,"texture":"#0","tintindex":0},"up":{"uv":[10.59375,3.34375,9.5,2.75],"rotation":0,"texture":"#0","tintindex":0},"west":{"uv":[12.25,13.0,12.84375,13.15625],"rotation":0,"texture":"#0","tintindex":0}}}],"display":{"head":{"translation":[0.0,-6.4,0.0],"rotation":[0.0,0.0,0.0],"scale":[3.8095,3.8095,3.8095]}}}