{"textures":{"0":"mineinabyss:mobs/splitjaw"},"elements":[{"from":[7.3476,7.258871,7.7814636],"to":[9.5364,30.097273,9.149464],"faces":{"east":{"uv":[11.5,13.25,11.5625,14.1875],"tintindex":0,"rotation":0,"texture":"#0"},"south":{"uv":[0.5,13.25,0.59375,14.1875],"tintindex":0,"rotation":0,"texture":"#0"},"north":{"uv":[0.25,13.25,0.34375,14.1875],"tintindex":0,"rotation":0,"texture":"#0"},"west":{"uv":[11.75,13.25,11.8125,14.1875],"tintindex":0,"rotation":0,"texture":"#0"},"up":{"uv":[13.84375,14.8125,13.75,14.75],"tintindex":0,"rotation":0,"texture":"#0"},"down":{"uv":[14.84375,13.75,14.75,13.8125],"tintindex":0,"rotation":0,"texture":"#0"}},"rotation":{"origin":[8.711599,8.185488,8.861948],"angle":45.0,"axis":"x"}},{"from":[7.358544,21.115889,22.188349],"to":[9.525455,21.663088,26.839548],"faces":{"east":{"uv":[14.25,14.75,14.4375,14.78125],"tintindex":0,"rotation":0,"texture":"#0"},"south":{"uv":[15.0,3.5,15.09375,3.53125],"tintindex":0,"rotation":0,"texture":"#0"},"north":{"uv":[3.5,15.0,3.59375,15.03125],"tintindex":0,"rotation":0,"texture":"#0"},"west":{"uv":[14.75,14.25,14.9375,14.28125],"tintindex":0,"rotation":0,"texture":"#0"},"up":{"uv":[13.84375,13.9375,13.75,13.75],"tintindex":0,"rotation":0,"texture":"#0"},"down":{"uv":[14.09375,0.5,14.0,0.6875],"tintindex":0,"rotation":0,"texture":"#0"}}},{"from":[7.358544,23.031088,23.556349],"to":[9.525455,24.399088,26.839548],"faces":{"east":{"uv":[14.5,0.25,14.625,0.3125],"tintindex":0,"rotation":0,"texture":"#0"},"south":{"uv":[14.75,14.0,14.84375,14.0625],"tintindex":0,"rotation":0,"texture":"#0"},"north":{"uv":[14.0,14.75,14.09375,14.8125],"tintindex":0,"rotation":0,"texture":"#0"},"west":{"uv":[0.5,14.5,0.625,14.5625],"tintindex":0,"rotation":0,"texture":"#0"},"up":{"uv":[14.09375,11.375,14.0,11.25],"tintindex":0,"rotation":0,"texture":"#0"},"down":{"uv":[14.09375,11.5,14.0,11.625],"tintindex":0,"rotation":0,"texture":"#0"}}}]}