{"textures":{"0":"mineinabyss:mobs/splitjaw"},"elements":[{"from":[6.741408,21.115889,22.188349],"to":[8.908319,21.663088,26.839548],"faces":{"east":{"uv":[14.75,14.75,14.9375,14.78125],"tintindex":0,"rotation":0,"texture":"#0"},"south":{"uv":[15.0,3.75,15.09375,3.78125],"tintindex":0,"rotation":0,"texture":"#0"},"north":{"uv":[3.75,15.0,3.84375,15.03125],"tintindex":0,"rotation":0,"texture":"#0"},"west":{"uv":[0.0,15.0,0.1875,15.03125],"tintindex":0,"rotation":0,"texture":"#0"},"up":{"uv":[0.84375,14.1875,0.75,14.0],"tintindex":0,"rotation":0,"texture":"#0"},"down":{"uv":[1.09375,14.0,1.0,14.1875],"tintindex":0,"rotation":0,"texture":"#0"}}},{"from":[6.712608,3.6938992,-4.825138],"to":[8.901408,26.5323,-3.457138],"faces":{"east":{"uv":[11.0,13.25,11.0625,14.1875],"tintindex":0,"rotation":0,"texture":"#0"},"south":{"uv":[0.0,13.25,0.09375,14.1875],"tintindex":0,"rotation":0,"texture":"#0"},"north":{"uv":[13.0,13.0,13.09375,13.9375],"tintindex":0,"rotation":0,"texture":"#0"},"west":{"uv":[11.25,13.25,11.3125,14.1875],"tintindex":0,"rotation":0,"texture":"#0"},"up":{"uv":[13.34375,14.8125,13.25,14.75],"tintindex":0,"rotation":0,"texture":"#0"},"down":{"uv":[14.84375,13.25,14.75,13.3125],"tintindex":0,"rotation":0,"texture":"#0"}},"rotation":{"origin":[12.537408,-8.81451,6.86195],"angle":45.0,"axis":"x"}},{"from":[6.7235518,23.031088,23.556349],"to":[8.890464,24.399088,26.839548],"faces":{"east":{"uv":[14.5,0.0,14.625,0.0625],"tintindex":0,"rotation":0,"texture":"#0"},"south":{"uv":[14.75,13.5,14.84375,13.5625],"tintindex":0,"rotation":0,"texture":"#0"},"north":{"uv":[13.5,14.75,13.59375,14.8125],"tintindex":0,"rotation":0,"texture":"#0"},"west":{"uv":[0.25,14.5,0.375,14.5625],"tintindex":0,"rotation":0,"texture":"#0"},"up":{"uv":[14.09375,10.875,14.0,10.75],"tintindex":0,"rotation":0,"texture":"#0"},"down":{"uv":[14.09375,11.0,14.0,11.125],"tintindex":0,"rotation":0,"texture":"#0"}}}]}