{"textures":{"0":"mineinabyss:mobs/splitjaw"},"elements":[{"from":[3.0357065,4.685144,-7.7571964],"to":[13.135866,6.9135437,-0.97719574],"faces":{"east":{"uv":[13.0,8.5,13.5625,8.6875],"tintindex":0,"rotation":0,"texture":"#0"},"south":{"uv":[9.5,12.5,10.34375,12.6875],"tintindex":0,"rotation":0,"texture":"#0"},"north":{"uv":[4.75,12.5,5.59375,12.6875],"tintindex":0,"rotation":0,"texture":"#0"},"west":{"uv":[13.0,8.75,13.5625,8.9375],"tintindex":0,"rotation":0,"texture":"#0"},"up":{"uv":[10.59375,11.3125,9.75,10.75],"tintindex":0,"rotation":0,"texture":"#0"},"down":{"uv":[11.84375,0.0,11.0,0.5625],"tintindex":0,"rotation":0,"texture":"#0"}},"rotation":{"origin":[8.085787,4.044,-2.5527134],"angle":22.5,"axis":"x"}},{"from":[2.5153208,6.3732,-2.3505783],"to":[8.160121,7.8780003,11.099021],"faces":{"east":{"uv":[12.75,6.5,13.875,6.625],"tintindex":0,"rotation":0,"texture":"#0"},"south":{"uv":[13.25,13.0,13.71875,13.125],"tintindex":0,"rotation":0,"texture":"#0"},"north":{"uv":[13.25,12.5,13.71875,12.625],"tintindex":0,"rotation":0,"texture":"#0"},"west":{"uv":[6.75,12.75,7.875,12.875],"tintindex":0,"rotation":0,"texture":"#0"},"up":{"uv":[4.96875,11.875,4.5,10.75],"tintindex":0,"rotation":0,"texture":"#0"},"down":{"uv":[5.46875,10.75,5.0,11.875],"tintindex":0,"rotation":0,"texture":"#0"}},"rotation":{"origin":[8.085787,4.044,-2.5527134],"angle":-45.0,"axis":"y"}},{"from":[14.587921,4.9332,-5.51318],"to":[22.99752,7.158,0.5816207],"faces":{"east":{"uv":[8.5,3.75,9.0,3.9375],"tintindex":0,"rotation":0,"texture":"#0"},"south":{"uv":[12.75,12.75,13.4375,12.9375],"tintindex":0,"rotation":0,"texture":"#0"},"north":{"uv":[12.0,12.75,12.6875,12.9375],"tintindex":0,"rotation":0,"texture":"#0"},"west":{"uv":[0.5,10.5,1.0,10.6875],"tintindex":0,"rotation":0,"texture":"#0"},"up":{"uv":[2.6875,12.25,2.0,11.75],"tintindex":0,"rotation":0,"texture":"#0"},"down":{"uv":[12.4375,2.25,11.75,2.75],"tintindex":0,"rotation":0,"texture":"#0"}},"rotation":{"origin":[8.085787,4.044,-2.5527134],"angle":-45.0,"axis":"y"}},{"from":[8.011452,6.3732,-2.3505783],"to":[13.656252,7.8780003,11.099021],"faces":{"east":{"uv":[12.75,6.0,13.875,6.125],"tintindex":0,"rotation":0,"texture":"#0"},"south":{"uv":[12.5,13.25,12.96875,13.375],"tintindex":0,"rotation":0,"texture":"#0"},"north":{"uv":[12.0,13.25,12.46875,13.375],"tintindex":0,"rotation":0,"texture":"#0"},"west":{"uv":[12.75,6.25,13.875,6.375],"tintindex":0,"rotation":0,"texture":"#0"},"up":{"uv":[1.96875,11.875,1.5,10.75],"tintindex":0,"rotation":0,"texture":"#0"},"down":{"uv":[4.46875,10.75,4.0,11.875],"tintindex":0,"rotation":0,"texture":"#0"}},"rotation":{"origin":[8.085787,4.044,-2.5527134],"angle":45.0,"axis":"y"}},{"from":[-6.8259478,4.9332,-5.51318],"to":[1.5836515,7.158,0.5816207],"faces":{"east":{"uv":[11.75,3.75,12.25,3.9375],"tintindex":0,"rotation":0,"texture":"#0"},"south":{"uv":[13.0,0.25,13.6875,0.4375],"tintindex":0,"rotation":0,"texture":"#0"},"north":{"uv":[13.0,0.0,13.6875,0.1875],"tintindex":0,"rotation":0,"texture":"#0"},"west":{"uv":[1.5,12.0,2.0,12.1875],"tintindex":0,"rotation":0,"texture":"#0"},"up":{"uv":[12.4375,3.25,11.75,2.75],"tintindex":0,"rotation":0,"texture":"#0"},"down":{"uv":[12.4375,3.25,11.75,3.75],"tintindex":0,"rotation":0,"texture":"#0"}},"rotation":{"origin":[8.085787,4.044,-2.5527134],"angle":45.0,"axis":"y"}}]}