{"textures":{"0":"mineinabyss:mobs/splitjaw"},"elements":[{"from":[11.15,-9.984167,0.7304654],"to":[11.6,-6.8341665,1.1804652],"faces":{"east":{"uv":[14.25,9.5,14.28125,9.75],"tintindex":0,"rotation":0,"texture":"#0"},"south":{"uv":[14.25,9.75,14.28125,10.0],"tintindex":0,"rotation":0,"texture":"#0"},"north":{"uv":[14.25,9.25,14.28125,9.5],"tintindex":0,"rotation":0,"texture":"#0"},"west":{"uv":[10.0,14.25,10.03125,14.5],"tintindex":0,"rotation":0,"texture":"#0"},"up":{"uv":[11.03125,15.03125,11.0,15.0],"tintindex":0,"rotation":0,"texture":"#0"},"down":{"uv":[15.03125,11.0,15.0,11.03125],"tintindex":0,"rotation":0,"texture":"#0"}},"rotation":{"origin":[8.0,8.9,-12.799999],"angle":-45.0,"axis":"x"}},{"from":[7.1,-10.434166,0.28046513],"to":[7.55,-7.2841663,0.7304654],"faces":{"east":{"uv":[14.25,13.5,14.28125,13.75],"tintindex":0,"rotation":0,"texture":"#0"},"south":{"uv":[13.75,14.25,13.78125,14.5],"tintindex":0,"rotation":0,"texture":"#0"},"north":{"uv":[13.5,14.25,13.53125,14.5],"tintindex":0,"rotation":0,"texture":"#0"},"west":{"uv":[14.25,13.75,14.28125,14.0],"tintindex":0,"rotation":0,"texture":"#0"},"up":{"uv":[12.53125,15.03125,12.5,15.0],"tintindex":0,"rotation":0,"texture":"#0"},"down":{"uv":[15.03125,12.5,15.0,12.53125],"tintindex":0,"rotation":0,"texture":"#0"}},"rotation":{"origin":[8.0,8.9,-12.799999],"angle":-45.0,"axis":"x"}},{"from":[10.7,-10.884167,2.0804653],"to":[11.15,-8.634167,2.5304651],"faces":{"east":{"uv":[14.75,12.5,14.78125,12.6875],"tintindex":0,"rotation":0,"texture":"#0"},"south":{"uv":[12.75,14.75,12.78125,14.9375],"tintindex":0,"rotation":0,"texture":"#0"},"north":{"uv":[12.5,14.75,12.53125,14.9375],"tintindex":0,"rotation":0,"texture":"#0"},"west":{"uv":[14.75,12.75,14.78125,12.9375],"tintindex":0,"rotation":0,"texture":"#0"},"up":{"uv":[13.78125,15.03125,13.75,15.0],"tintindex":0,"rotation":0,"texture":"#0"},"down":{"uv":[15.03125,13.75,15.0,13.78125],"tintindex":0,"rotation":0,"texture":"#0"}},"rotation":{"origin":[8.0,8.9,-12.799999],"angle":-45.0,"axis":"x"}},{"from":[4.4,-9.984167,0.7304654],"to":[4.85,-6.8341665,1.1804652],"faces":{"east":{"uv":[10.25,14.25,10.28125,14.5],"tintindex":0,"rotation":0,"texture":"#0"},"south":{"uv":[14.25,10.25,14.28125,10.5],"tintindex":0,"rotation":0,"texture":"#0"},"north":{"uv":[14.25,10.0,14.28125,10.25],"tintindex":0,"rotation":0,"texture":"#0"},"west":{"uv":[14.25,10.5,14.28125,10.75],"tintindex":0,"rotation":0,"texture":"#0"},"up":{"uv":[11.28125,15.03125,11.25,15.0],"tintindex":0,"rotation":0,"texture":"#0"},"down":{"uv":[15.03125,11.25,15.0,11.28125],"tintindex":0,"rotation":0,"texture":"#0"}},"rotation":{"origin":[8.0,8.9,-12.799999],"angle":-45.0,"axis":"x"}},{"from":[8.9,-9.0841675,-1.0695343],"to":[9.35,-5.934167,-0.6195345],"faces":{"east":{"uv":[12.0,14.25,12.03125,14.5],"tintindex":0,"rotation":0,"texture":"#0"},"south":{"uv":[12.25,14.25,12.28125,14.5],"tintindex":0,"rotation":0,"texture":"#0"},"north":{"uv":[14.25,11.75,14.28125,12.0],"tintindex":0,"rotation":0,"texture":"#0"},"west":{"uv":[12.5,14.25,12.53125,14.5],"tintindex":0,"rotation":0,"texture":"#0"},"up":{"uv":[12.03125,15.03125,12.0,15.0],"tintindex":0,"rotation":0,"texture":"#0"},"down":{"uv":[15.03125,12.0,15.0,12.03125],"tintindex":0,"rotation":0,"texture":"#0"}},"rotation":{"origin":[8.0,8.9,-12.799999],"angle":-45.0,"axis":"x"}},{"from":[6.65,-9.0841675,-1.0695343],"to":[7.1,-5.934167,-0.6195345],"faces":{"east":{"uv":[13.0,14.25,13.03125,14.5],"tintindex":0,"rotation":0,"texture":"#0"},"south":{"uv":[13.25,14.25,13.28125,14.5],"tintindex":0,"rotation":0,"texture":"#0"},"north":{"uv":[12.75,14.25,12.78125,14.5],"tintindex":0,"rotation":0,"texture":"#0"},"west":{"uv":[14.25,13.25,14.28125,13.5],"tintindex":0,"rotation":0,"texture":"#0"},"up":{"uv":[12.28125,15.03125,12.25,15.0],"tintindex":0,"rotation":0,"texture":"#0"},"down":{"uv":[15.03125,12.25,15.0,12.28125],"tintindex":0,"rotation":0,"texture":"#0"}},"rotation":{"origin":[8.0,8.9,-12.799999],"angle":-45.0,"axis":"x"}},{"from":[8.45,-10.434166,0.28046513],"to":[8.9,-7.2841663,0.7304654],"faces":{"east":{"uv":[14.25,14.0,14.28125,14.25],"tintindex":0,"rotation":0,"texture":"#0"},"south":{"uv":[14.25,14.25,14.28125,14.5],"tintindex":0,"rotation":0,"texture":"#0"},"north":{"uv":[14.0,14.25,14.03125,14.5],"tintindex":0,"rotation":0,"texture":"#0"},"west":{"uv":[0.0,14.5,0.03125,14.75],"tintindex":0,"rotation":0,"texture":"#0"},"up":{"uv":[12.78125,15.03125,12.75,15.0],"tintindex":0,"rotation":0,"texture":"#0"},"down":{"uv":[15.03125,12.75,15.0,12.78125],"tintindex":0,"rotation":0,"texture":"#0"}},"rotation":{"origin":[8.0,8.9,-12.799999],"angle":-45.0,"axis":"x"}},{"from":[9.35,-10.434166,1.6304655],"to":[9.8,-8.184166,2.0804653],"faces":{"east":{"uv":[14.75,11.0,14.78125,11.1875],"tintindex":0,"rotation":0,"texture":"#0"},"south":{"uv":[11.25,14.75,11.28125,14.9375],"tintindex":0,"rotation":0,"texture":"#0"},"north":{"uv":[11.0,14.75,11.03125,14.9375],"tintindex":0,"rotation":0,"texture":"#0"},"west":{"uv":[14.75,11.25,14.78125,11.4375],"tintindex":0,"rotation":0,"texture":"#0"},"up":{"uv":[13.03125,15.03125,13.0,15.0],"tintindex":0,"rotation":0,"texture":"#0"},"down":{"uv":[15.03125,13.0,15.0,13.03125],"tintindex":0,"rotation":0,"texture":"#0"}},"rotation":{"origin":[8.0,8.9,-12.799999],"angle":-45.0,"axis":"x"}},{"from":[4.85,-10.884167,2.0804653],"to":[5.3,-8.634167,2.5304651],"faces":{"east":{"uv":[14.75,12.0,14.78125,12.1875],"tintindex":0,"rotation":0,"texture":"#0"},"south":{"uv":[12.25,14.75,12.28125,14.9375],"tintindex":0,"rotation":0,"texture":"#0"},"north":{"uv":[12.0,14.75,12.03125,14.9375],"tintindex":0,"rotation":0,"texture":"#0"},"west":{"uv":[14.75,12.25,14.78125,12.4375],"tintindex":0,"rotation":0,"texture":"#0"},"up":{"uv":[13.53125,15.03125,13.5,15.0],"tintindex":0,"rotation":0,"texture":"#0"},"down":{"uv":[15.03125,13.5,15.0,13.53125],"tintindex":0,"rotation":0,"texture":"#0"}},"rotation":{"origin":[8.0,8.9,-12.799999],"angle":-45.0,"axis":"x"}},{"from":[5.3,-9.0841675,-1.0695343],"to":[5.75,-5.934167,-0.6195345],"faces":{"east":{"uv":[11.0,14.25,11.03125,14.5],"tintindex":0,"rotation":0,"texture":"#0"},"south":{"uv":[14.25,11.0,14.28125,11.25],"tintindex":0,"rotation":0,"texture":"#0"},"north":{"uv":[14.25,10.75,14.28125,11.0],"tintindex":0,"rotation":0,"texture":"#0"},"west":{"uv":[11.25,14.25,11.28125,14.5],"tintindex":0,"rotation":0,"texture":"#0"},"up":{"uv":[11.53125,15.03125,11.5,15.0],"tintindex":0,"rotation":0,"texture":"#0"},"down":{"uv":[15.03125,11.5,15.0,11.53125],"tintindex":0,"rotation":0,"texture":"#0"}},"rotation":{"origin":[8.0,8.9,-12.799999],"angle":-45.0,"axis":"x"}},{"from":[6.2,-10.434166,1.6304655],"to":[6.65,-8.184166,2.0804653],"faces":{"east":{"uv":[14.75,11.5,14.78125,11.6875],"tintindex":0,"rotation":0,"texture":"#0"},"south":{"uv":[11.75,14.75,11.78125,14.9375],"tintindex":0,"rotation":0,"texture":"#0"},"north":{"uv":[11.5,14.75,11.53125,14.9375],"tintindex":0,"rotation":0,"texture":"#0"},"west":{"uv":[14.75,11.75,14.78125,11.9375],"tintindex":0,"rotation":0,"texture":"#0"},"up":{"uv":[13.28125,15.03125,13.25,15.0],"tintindex":0,"rotation":0,"texture":"#0"},"down":{"uv":[15.03125,13.25,15.0,13.28125],"tintindex":0,"rotation":0,"texture":"#0"}},"rotation":{"origin":[8.0,8.9,-12.799999],"angle":-45.0,"axis":"x"}},{"from":[10.25,-9.0841675,-1.0695343],"to":[10.7,-5.934167,-0.6195345],"faces":{"east":{"uv":[11.5,14.25,11.53125,14.5],"tintindex":0,"rotation":0,"texture":"#0"},"south":{"uv":[14.25,11.5,14.28125,11.75],"tintindex":0,"rotation":0,"texture":"#0"},"north":{"uv":[14.25,11.25,14.28125,11.5],"tintindex":0,"rotation":0,"texture":"#0"},"west":{"uv":[11.75,14.25,11.78125,14.5],"tintindex":0,"rotation":0,"texture":"#0"},"up":{"uv":[11.78125,15.03125,11.75,15.0],"tintindex":0,"rotation":0,"texture":"#0"},"down":{"uv":[15.03125,11.75,15.0,11.78125],"tintindex":0,"rotation":0,"texture":"#0"}},"rotation":{"origin":[8.0,8.9,-12.799999],"angle":-45.0,"axis":"x"}}]}