{"textures":{"0":"mineinabyss:mobs/splitjaw"},"elements":[{"from":[8.9,-4.958988,-2.6833172],"to":[9.35,-1.8089886,-2.2333174],"faces":{"east":{"uv":[14.5,10.75,14.53125,11.0],"tintindex":0,"rotation":0,"texture":"#0"},"south":{"uv":[11.0,14.5,11.03125,14.75],"tintindex":0,"rotation":0,"texture":"#0"},"north":{"uv":[10.75,14.5,10.78125,14.75],"tintindex":0,"rotation":0,"texture":"#0"},"west":{"uv":[14.5,11.0,14.53125,11.25],"tintindex":0,"rotation":0,"texture":"#0"},"up":{"uv":[15.28125,2.28125,15.25,2.25],"tintindex":0,"rotation":0,"texture":"#0"},"down":{"uv":[2.53125,15.25,2.5,15.28125],"tintindex":0,"rotation":0,"texture":"#0"}},"rotation":{"origin":[8.0,8.775,-11.549999],"angle":-45.0,"axis":"x"}},{"from":[7.1,-6.3089876,-1.3333168],"to":[7.55,-3.158988,-0.883317],"faces":{"east":{"uv":[14.5,11.75,14.53125,12.0],"tintindex":0,"rotation":0,"texture":"#0"},"south":{"uv":[12.0,14.5,12.03125,14.75],"tintindex":0,"rotation":0,"texture":"#0"},"north":{"uv":[11.75,14.5,11.78125,14.75],"tintindex":0,"rotation":0,"texture":"#0"},"west":{"uv":[14.5,12.0,14.53125,12.25],"tintindex":0,"rotation":0,"texture":"#0"},"up":{"uv":[15.28125,2.78125,15.25,2.75],"tintindex":0,"rotation":0,"texture":"#0"},"down":{"uv":[3.03125,15.25,3.0,15.28125],"tintindex":0,"rotation":0,"texture":"#0"}},"rotation":{"origin":[8.0,8.775,-11.549999],"angle":-45.0,"axis":"x"}},{"from":[8.45,-6.3089876,-1.3333168],"to":[8.9,-3.158988,-0.883317],"faces":{"east":{"uv":[14.5,12.25,14.53125,12.5],"tintindex":0,"rotation":0,"texture":"#0"},"south":{"uv":[12.5,14.5,12.53125,14.75],"tintindex":0,"rotation":0,"texture":"#0"},"north":{"uv":[12.25,14.5,12.28125,14.75],"tintindex":0,"rotation":0,"texture":"#0"},"west":{"uv":[14.5,12.5,14.53125,12.75],"tintindex":0,"rotation":0,"texture":"#0"},"up":{"uv":[15.28125,3.03125,15.25,3.0],"tintindex":0,"rotation":0,"texture":"#0"},"down":{"uv":[3.28125,15.25,3.25,15.28125],"tintindex":0,"rotation":0,"texture":"#0"}},"rotation":{"origin":[8.0,8.775,-11.549999],"angle":-45.0,"axis":"x"}},{"from":[11.6,-5.408988,-1.7833176],"to":[12.05,-2.2589874,-1.3333168],"faces":{"east":{"uv":[14.5,9.0,14.53125,9.25],"tintindex":0,"rotation":0,"texture":"#0"},"south":{"uv":[9.25,14.5,9.28125,14.75],"tintindex":0,"rotation":0,"texture":"#0"},"north":{"uv":[9.0,14.5,9.03125,14.75],"tintindex":0,"rotation":0,"texture":"#0"},"west":{"uv":[14.5,9.25,14.53125,9.5],"tintindex":0,"rotation":0,"texture":"#0"},"up":{"uv":[15.28125,1.53125,15.25,1.5],"tintindex":0,"rotation":0,"texture":"#0"},"down":{"uv":[1.78125,15.25,1.75,15.28125],"tintindex":0,"rotation":0,"texture":"#0"}},"rotation":{"origin":[8.0,8.775,-11.549999],"angle":-45.0,"axis":"x"}},{"from":[4.85,-7.208988,-0.43331718],"to":[5.3,-4.0589886,0.016682625],"faces":{"east":{"uv":[14.5,13.75,14.53125,14.0],"tintindex":0,"rotation":0,"texture":"#0"},"south":{"uv":[14.0,14.5,14.03125,14.75],"tintindex":0,"rotation":0,"texture":"#0"},"north":{"uv":[13.75,14.5,13.78125,14.75],"tintindex":0,"rotation":0,"texture":"#0"},"west":{"uv":[14.5,14.0,14.53125,14.25],"tintindex":0,"rotation":0,"texture":"#0"},"up":{"uv":[15.28125,3.78125,15.25,3.75],"tintindex":0,"rotation":0,"texture":"#0"},"down":{"uv":[4.03125,15.25,4.0,15.28125],"tintindex":0,"rotation":0,"texture":"#0"}},"rotation":{"origin":[8.0,8.775,-11.549999],"angle":-45.0,"axis":"x"}},{"from":[10.7,-7.208988,-0.43331718],"to":[11.15,-4.0589886,0.016682625],"faces":{"east":{"uv":[14.5,14.25,14.53125,14.5],"tintindex":0,"rotation":0,"texture":"#0"},"south":{"uv":[14.5,14.5,14.53125,14.75],"tintindex":0,"rotation":0,"texture":"#0"},"north":{"uv":[14.25,14.5,14.28125,14.75],"tintindex":0,"rotation":0,"texture":"#0"},"west":{"uv":[0.0,14.75,0.03125,15.0],"tintindex":0,"rotation":0,"texture":"#0"},"up":{"uv":[15.28125,4.03125,15.25,4.0],"tintindex":0,"rotation":0,"texture":"#0"},"down":{"uv":[4.28125,15.25,4.25,15.28125],"tintindex":0,"rotation":0,"texture":"#0"}},"rotation":{"origin":[8.0,8.775,-11.549999],"angle":-45.0,"axis":"x"}},{"from":[3.5,-5.408988,-1.7833176],"to":[4.4,-2.2589874,-1.3333168],"faces":{"east":{"uv":[9.5,14.5,9.53125,14.75],"tintindex":0,"rotation":0,"texture":"#0"},"south":{"uv":[5.25,14.0,5.3125,14.25],"tintindex":0,"rotation":0,"texture":"#0"},"north":{"uv":[14.0,5.0,14.0625,5.25],"tintindex":0,"rotation":0,"texture":"#0"},"west":{"uv":[14.5,9.5,14.53125,9.75],"tintindex":0,"rotation":0,"texture":"#0"},"up":{"uv":[6.8125,15.03125,6.75,15.0],"tintindex":0,"rotation":0,"texture":"#0"},"down":{"uv":[15.0625,6.75,15.0,6.78125],"tintindex":0,"rotation":0,"texture":"#0"}},"rotation":{"origin":[8.0,8.775,-11.549999],"angle":-45.0,"axis":"x"}},{"from":[10.25,-4.958988,-2.6833172],"to":[10.7,-1.8089886,-2.2333174],"faces":{"east":{"uv":[14.5,10.25,14.53125,10.5],"tintindex":0,"rotation":0,"texture":"#0"},"south":{"uv":[10.5,14.5,10.53125,14.75],"tintindex":0,"rotation":0,"texture":"#0"},"north":{"uv":[10.25,14.5,10.28125,14.75],"tintindex":0,"rotation":0,"texture":"#0"},"west":{"uv":[14.5,10.5,14.53125,10.75],"tintindex":0,"rotation":0,"texture":"#0"},"up":{"uv":[15.28125,2.03125,15.25,2.0],"tintindex":0,"rotation":0,"texture":"#0"},"down":{"uv":[2.28125,15.25,2.25,15.28125],"tintindex":0,"rotation":0,"texture":"#0"}},"rotation":{"origin":[8.0,8.775,-11.549999],"angle":-45.0,"axis":"x"}},{"from":[5.3,-4.958988,-2.6833172],"to":[5.75,-1.8089886,-2.2333174],"faces":{"east":{"uv":[14.5,9.75,14.53125,10.0],"tintindex":0,"rotation":0,"texture":"#0"},"south":{"uv":[10.0,14.5,10.03125,14.75],"tintindex":0,"rotation":0,"texture":"#0"},"north":{"uv":[9.75,14.5,9.78125,14.75],"tintindex":0,"rotation":0,"texture":"#0"},"west":{"uv":[14.5,10.0,14.53125,10.25],"tintindex":0,"rotation":0,"texture":"#0"},"up":{"uv":[15.28125,1.78125,15.25,1.75],"tintindex":0,"rotation":0,"texture":"#0"},"down":{"uv":[2.03125,15.25,2.0,15.28125],"tintindex":0,"rotation":0,"texture":"#0"}},"rotation":{"origin":[8.0,8.775,-11.549999],"angle":-45.0,"axis":"x"}},{"from":[9.35,-6.7589884,-0.883317],"to":[9.8,-3.6089878,-0.43331718],"faces":{"east":{"uv":[14.5,12.75,14.53125,13.0],"tintindex":0,"rotation":0,"texture":"#0"},"south":{"uv":[13.0,14.5,13.03125,14.75],"tintindex":0,"rotation":0,"texture":"#0"},"north":{"uv":[12.75,14.5,12.78125,14.75],"tintindex":0,"rotation":0,"texture":"#0"},"west":{"uv":[14.5,13.0,14.53125,13.25],"tintindex":0,"rotation":0,"texture":"#0"},"up":{"uv":[15.28125,3.28125,15.25,3.25],"tintindex":0,"rotation":0,"texture":"#0"},"down":{"uv":[3.53125,15.25,3.5,15.28125],"tintindex":0,"rotation":0,"texture":"#0"}},"rotation":{"origin":[8.0,8.775,-11.549999],"angle":-45.0,"axis":"x"}},{"from":[6.65,-4.958988,-2.6833172],"to":[7.1,-1.8089886,-2.2333174],"faces":{"east":{"uv":[14.5,11.25,14.53125,11.5],"tintindex":0,"rotation":0,"texture":"#0"},"south":{"uv":[11.5,14.5,11.53125,14.75],"tintindex":0,"rotation":0,"texture":"#0"},"north":{"uv":[11.25,14.5,11.28125,14.75],"tintindex":0,"rotation":0,"texture":"#0"},"west":{"uv":[14.5,11.5,14.53125,11.75],"tintindex":0,"rotation":0,"texture":"#0"},"up":{"uv":[15.28125,2.53125,15.25,2.5],"tintindex":0,"rotation":0,"texture":"#0"},"down":{"uv":[2.78125,15.25,2.75,15.28125],"tintindex":0,"rotation":0,"texture":"#0"}},"rotation":{"origin":[8.0,8.775,-11.549999],"angle":-45.0,"axis":"x"}},{"from":[6.2,-6.7589884,-0.883317],"to":[6.65,-3.6089878,-0.43331718],"faces":{"east":{"uv":[14.5,13.25,14.53125,13.5],"tintindex":0,"rotation":0,"texture":"#0"},"south":{"uv":[13.5,14.5,13.53125,14.75],"tintindex":0,"rotation":0,"texture":"#0"},"north":{"uv":[13.25,14.5,13.28125,14.75],"tintindex":0,"rotation":0,"texture":"#0"},"west":{"uv":[14.5,13.5,14.53125,13.75],"tintindex":0,"rotation":0,"texture":"#0"},"up":{"uv":[15.28125,3.53125,15.25,3.5],"tintindex":0,"rotation":0,"texture":"#0"},"down":{"uv":[3.78125,15.25,3.75,15.28125],"tintindex":0,"rotation":0,"texture":"#0"}},"rotation":{"origin":[8.0,8.775,-11.549999],"angle":-45.0,"axis":"x"}}]}