{"textures":{"0":"mineinabyss:mobs/splitjaw"},"elements":[{"from":[11.15,-3.833809,-2.0471],"to":[11.6,-0.6838093,-1.5970993],"faces":{"east":{"uv":[5.5,14.75,5.53125,15.0],"tintindex":0,"rotation":0,"texture":"#0"},"south":{"uv":[5.75,14.75,5.78125,15.0],"tintindex":0,"rotation":0,"texture":"#0"},"north":{"uv":[14.75,5.25,14.78125,5.5],"tintindex":0,"rotation":0,"texture":"#0"},"west":{"uv":[14.75,5.75,14.78125,6.0],"tintindex":0,"rotation":0,"texture":"#0"},"up":{"uv":[15.28125,6.53125,15.25,6.5],"tintindex":0,"rotation":0,"texture":"#0"},"down":{"uv":[6.78125,15.25,6.75,15.28125],"tintindex":0,"rotation":0,"texture":"#0"}},"rotation":{"origin":[8.0,8.65,-10.299999],"angle":-45.0,"axis":"x"}},{"from":[4.85,-1.5838089,-4.2971],"to":[5.75,1.5661907,-3.8470993],"faces":{"east":{"uv":[14.75,1.0,14.78125,1.25],"tintindex":0,"rotation":0,"texture":"#0"},"south":{"uv":[14.0,6.0,14.0625,6.25],"tintindex":0,"rotation":0,"texture":"#0"},"north":{"uv":[5.5,14.0,5.5625,14.25],"tintindex":0,"rotation":0,"texture":"#0"},"west":{"uv":[1.25,14.75,1.28125,15.0],"tintindex":0,"rotation":0,"texture":"#0"},"up":{"uv":[7.0625,15.03125,7.0,15.0],"tintindex":0,"rotation":0,"texture":"#0"},"down":{"uv":[15.0625,7.0,15.0,7.03125],"tintindex":0,"rotation":0,"texture":"#0"}},"rotation":{"origin":[8.0,8.65,-10.299999],"angle":-45.0,"axis":"x"}},{"from":[3.9499998,-2.0338097,-3.8470993],"to":[4.4,1.1161904,-3.3970995],"faces":{"east":{"uv":[0.75,14.75,0.78125,15.0],"tintindex":0,"rotation":0,"texture":"#0"},"south":{"uv":[14.75,0.75,14.78125,1.0],"tintindex":0,"rotation":0,"texture":"#0"},"north":{"uv":[14.75,0.5,14.78125,0.75],"tintindex":0,"rotation":0,"texture":"#0"},"west":{"uv":[1.0,14.75,1.03125,15.0],"tintindex":0,"rotation":0,"texture":"#0"},"up":{"uv":[15.28125,4.53125,15.25,4.5],"tintindex":0,"rotation":0,"texture":"#0"},"down":{"uv":[4.78125,15.25,4.75,15.28125],"tintindex":0,"rotation":0,"texture":"#0"}},"rotation":{"origin":[8.0,8.65,-10.299999],"angle":-45.0,"axis":"x"}},{"from":[10.25,-1.5838089,-4.2971],"to":[11.15,1.5661907,-3.8470993],"faces":{"east":{"uv":[14.75,1.25,14.78125,1.5],"tintindex":0,"rotation":0,"texture":"#0"},"south":{"uv":[14.0,6.25,14.0625,6.5],"tintindex":0,"rotation":0,"texture":"#0"},"north":{"uv":[6.25,14.0,6.3125,14.25],"tintindex":0,"rotation":0,"texture":"#0"},"west":{"uv":[1.5,14.75,1.53125,15.0],"tintindex":0,"rotation":0,"texture":"#0"},"up":{"uv":[7.3125,15.03125,7.25,15.0],"tintindex":0,"rotation":0,"texture":"#0"},"down":{"uv":[15.0625,7.25,15.0,7.28125],"tintindex":0,"rotation":0,"texture":"#0"}},"rotation":{"origin":[8.0,8.65,-10.299999],"angle":-45.0,"axis":"x"}},{"from":[4.4,-3.833809,-2.0471],"to":[4.85,-0.6838093,-1.5970993],"faces":{"east":{"uv":[5.0,14.75,5.03125,15.0],"tintindex":0,"rotation":0,"texture":"#0"},"south":{"uv":[14.75,5.0,14.78125,5.25],"tintindex":0,"rotation":0,"texture":"#0"},"north":{"uv":[4.75,14.75,4.78125,15.0],"tintindex":0,"rotation":0,"texture":"#0"},"west":{"uv":[5.25,14.75,5.28125,15.0],"tintindex":0,"rotation":0,"texture":"#0"},"up":{"uv":[15.28125,6.28125,15.25,6.25],"tintindex":0,"rotation":0,"texture":"#0"},"down":{"uv":[6.53125,15.25,6.5,15.28125],"tintindex":0,"rotation":0,"texture":"#0"}},"rotation":{"origin":[8.0,8.65,-10.299999],"angle":-45.0,"axis":"x"}},{"from":[9.35,-3.38381,-2.4970999],"to":[9.8,-0.23380947,-2.0471],"faces":{"east":{"uv":[14.75,3.75,14.78125,4.0],"tintindex":0,"rotation":0,"texture":"#0"},"south":{"uv":[4.0,14.75,4.03125,15.0],"tintindex":0,"rotation":0,"texture":"#0"},"north":{"uv":[3.75,14.75,3.78125,15.0],"tintindex":0,"rotation":0,"texture":"#0"},"west":{"uv":[14.75,4.0,14.78125,4.25],"tintindex":0,"rotation":0,"texture":"#0"},"up":{"uv":[15.28125,5.78125,15.25,5.75],"tintindex":0,"rotation":0,"texture":"#0"},"down":{"uv":[6.03125,15.25,6.0,15.28125],"tintindex":0,"rotation":0,"texture":"#0"}},"rotation":{"origin":[8.0,8.65,-10.299999],"angle":-45.0,"axis":"x"}},{"from":[7.1,-2.9338093,-2.9470997],"to":[7.55,0.21619034,-2.4970999],"faces":{"east":{"uv":[14.75,2.75,14.78125,3.0],"tintindex":0,"rotation":0,"texture":"#0"},"south":{"uv":[3.0,14.75,3.03125,15.0],"tintindex":0,"rotation":0,"texture":"#0"},"north":{"uv":[2.75,14.75,2.78125,15.0],"tintindex":0,"rotation":0,"texture":"#0"},"west":{"uv":[14.75,3.0,14.78125,3.25],"tintindex":0,"rotation":0,"texture":"#0"},"up":{"uv":[15.28125,5.28125,15.25,5.25],"tintindex":0,"rotation":0,"texture":"#0"},"down":{"uv":[5.53125,15.25,5.5,15.28125],"tintindex":0,"rotation":0,"texture":"#0"}},"rotation":{"origin":[8.0,8.65,-10.299999],"angle":-45.0,"axis":"x"}},{"from":[11.6,-2.0338097,-3.8470993],"to":[12.05,1.1161904,-3.3970995],"faces":{"east":{"uv":[0.25,14.75,0.28125,15.0],"tintindex":0,"rotation":0,"texture":"#0"},"south":{"uv":[14.75,0.25,14.78125,0.5],"tintindex":0,"rotation":0,"texture":"#0"},"north":{"uv":[14.75,0.0,14.78125,0.25],"tintindex":0,"rotation":0,"texture":"#0"},"west":{"uv":[0.5,14.75,0.53125,15.0],"tintindex":0,"rotation":0,"texture":"#0"},"up":{"uv":[15.28125,4.28125,15.25,4.25],"tintindex":0,"rotation":0,"texture":"#0"},"down":{"uv":[4.53125,15.25,4.5,15.28125],"tintindex":0,"rotation":0,"texture":"#0"}},"rotation":{"origin":[8.0,8.65,-10.299999],"angle":-45.0,"axis":"x"}},{"from":[6.65,-1.5838089,-4.2971],"to":[7.1,1.5661907,-3.8470993],"faces":{"east":{"uv":[2.25,14.75,2.28125,15.0],"tintindex":0,"rotation":0,"texture":"#0"},"south":{"uv":[14.75,2.25,14.78125,2.5],"tintindex":0,"rotation":0,"texture":"#0"},"north":{"uv":[14.75,2.0,14.78125,2.25],"tintindex":0,"rotation":0,"texture":"#0"},"west":{"uv":[2.5,14.75,2.53125,15.0],"tintindex":0,"rotation":0,"texture":"#0"},"up":{"uv":[15.28125,5.03125,15.25,5.0],"tintindex":0,"rotation":0,"texture":"#0"},"down":{"uv":[5.28125,15.25,5.25,15.28125],"tintindex":0,"rotation":0,"texture":"#0"}},"rotation":{"origin":[8.0,8.65,-10.299999],"angle":-45.0,"axis":"x"}},{"from":[8.9,-1.5838089,-4.2971],"to":[9.35,1.5661907,-3.8470993],"faces":{"east":{"uv":[1.75,14.75,1.78125,15.0],"tintindex":0,"rotation":0,"texture":"#0"},"south":{"uv":[14.75,1.75,14.78125,2.0],"tintindex":0,"rotation":0,"texture":"#0"},"north":{"uv":[14.75,1.5,14.78125,1.75],"tintindex":0,"rotation":0,"texture":"#0"},"west":{"uv":[2.0,14.75,2.03125,15.0],"tintindex":0,"rotation":0,"texture":"#0"},"up":{"uv":[15.28125,4.78125,15.25,4.75],"tintindex":0,"rotation":0,"texture":"#0"},"down":{"uv":[5.03125,15.25,5.0,15.28125],"tintindex":0,"rotation":0,"texture":"#0"}},"rotation":{"origin":[8.0,8.65,-10.299999],"angle":-45.0,"axis":"x"}},{"from":[6.2,-3.38381,-2.4970999],"to":[6.65,-0.23380947,-2.0471],"faces":{"east":{"uv":[14.75,4.25,14.78125,4.5],"tintindex":0,"rotation":0,"texture":"#0"},"south":{"uv":[4.5,14.75,4.53125,15.0],"tintindex":0,"rotation":0,"texture":"#0"},"north":{"uv":[4.25,14.75,4.28125,15.0],"tintindex":0,"rotation":0,"texture":"#0"},"west":{"uv":[14.75,4.5,14.78125,4.75],"tintindex":0,"rotation":0,"texture":"#0"},"up":{"uv":[15.28125,6.03125,15.25,6.0],"tintindex":0,"rotation":0,"texture":"#0"},"down":{"uv":[6.28125,15.25,6.25,15.28125],"tintindex":0,"rotation":0,"texture":"#0"}},"rotation":{"origin":[8.0,8.65,-10.299999],"angle":-45.0,"axis":"x"}},{"from":[8.45,-2.9338093,-2.9470997],"to":[8.9,0.21619034,-2.4970999],"faces":{"east":{"uv":[14.75,3.25,14.78125,3.5],"tintindex":0,"rotation":0,"texture":"#0"},"south":{"uv":[3.5,14.75,3.53125,15.0],"tintindex":0,"rotation":0,"texture":"#0"},"north":{"uv":[3.25,14.75,3.28125,15.0],"tintindex":0,"rotation":0,"texture":"#0"},"west":{"uv":[14.75,3.5,14.78125,3.75],"tintindex":0,"rotation":0,"texture":"#0"},"up":{"uv":[15.28125,5.53125,15.25,5.5],"tintindex":0,"rotation":0,"texture":"#0"},"down":{"uv":[5.78125,15.25,5.75,15.28125],"tintindex":0,"rotation":0,"texture":"#0"}},"rotation":{"origin":[8.0,8.65,-10.299999],"angle":-45.0,"axis":"x"}}]}