{"textures":{"0":"mineinabyss:mobs/splitjaw"},"elements":[{"from":[-1.2519999,2.5184336,8.5916195],"to":[0.65600014,6.0176334,10.967619],"faces":{"east":{"uv":[8.5,14.0,8.59375,14.15625],"tintindex":0,"rotation":0,"texture":"#0"},"south":{"uv":[14.0,8.5,14.09375,8.65625],"tintindex":0,"rotation":0,"texture":"#0"},"north":{"uv":[14.0,8.25,14.09375,8.40625],"tintindex":0,"rotation":0,"texture":"#0"},"west":{"uv":[8.75,14.0,8.84375,14.15625],"tintindex":0,"rotation":0,"texture":"#0"},"up":{"uv":[0.09375,14.34375,0.0,14.25],"tintindex":0,"rotation":0,"texture":"#0"},"down":{"uv":[0.34375,14.25,0.25,14.34375],"tintindex":0,"rotation":0,"texture":"#0"}},"rotation":{"origin":[8.0,1.467289,11.192032],"angle":-22.5,"axis":"x"}},{"from":[-0.8920002,0.27884674,9.686079],"to":[0.296,3.418047,11.342079],"faces":{"east":{"uv":[14.5,7.0,14.5625,7.125],"tintindex":0,"rotation":0,"texture":"#0"},"south":{"uv":[7.25,14.5,7.3125,14.625],"tintindex":0,"rotation":0,"texture":"#0"},"north":{"uv":[7.0,14.5,7.0625,14.625],"tintindex":0,"rotation":0,"texture":"#0"},"west":{"uv":[14.5,7.25,14.5625,7.375],"tintindex":0,"rotation":0,"texture":"#0"},"up":{"uv":[2.8125,15.0625,2.75,15.0],"tintindex":0,"rotation":0,"texture":"#0"},"down":{"uv":[15.0625,2.75,15.0,2.8125],"tintindex":0,"rotation":0,"texture":"#0"}},"rotation":{"origin":[8.0,1.467289,11.192032],"angle":-45.0,"axis":"x"}},{"from":[-0.5319996,-0.093673706,11.739824],"to":[-0.06400013,1.2023268,13.899824],"faces":{"east":{"uv":[15.0,0.0,15.09375,0.0625],"tintindex":0,"rotation":0,"texture":"#0"},"south":{"uv":[15.0,5.75,15.03125,5.8125],"tintindex":0,"rotation":0,"texture":"#0"},"north":{"uv":[5.75,15.0,5.78125,15.0625],"tintindex":0,"rotation":0,"texture":"#0"},"west":{"uv":[0.25,15.0,0.34375,15.0625],"tintindex":0,"rotation":0,"texture":"#0"},"up":{"uv":[4.03125,15.09375,4.0,15.0],"tintindex":0,"rotation":0,"texture":"#0"},"down":{"uv":[15.03125,4.0,15.0,4.09375],"tintindex":0,"rotation":0,"texture":"#0"}},"rotation":{"origin":[8.0,1.467289,11.192032],"angle":22.5,"axis":"x"}},{"from":[15.344,2.5184336,8.5916195],"to":[17.251999,6.0176334,10.967619],"faces":{"east":{"uv":[9.0,14.0,9.09375,14.15625],"tintindex":0,"rotation":0,"texture":"#0"},"south":{"uv":[14.0,9.0,14.09375,9.15625],"tintindex":0,"rotation":0,"texture":"#0"},"north":{"uv":[14.0,8.75,14.09375,8.90625],"tintindex":0,"rotation":0,"texture":"#0"},"west":{"uv":[9.25,14.0,9.34375,14.15625],"tintindex":0,"rotation":0,"texture":"#0"},"up":{"uv":[0.59375,14.34375,0.5,14.25],"tintindex":0,"rotation":0,"texture":"#0"},"down":{"uv":[14.34375,0.5,14.25,0.59375],"tintindex":0,"rotation":0,"texture":"#0"}},"rotation":{"origin":[8.0,1.467289,11.192032],"angle":-22.5,"axis":"x"}},{"from":[15.704,0.27884674,9.686079],"to":[16.892,3.418047,11.342079],"faces":{"east":{"uv":[14.5,7.5,14.5625,7.625],"tintindex":0,"rotation":0,"texture":"#0"},"south":{"uv":[7.75,14.5,7.8125,14.625],"tintindex":0,"rotation":0,"texture":"#0"},"north":{"uv":[7.5,14.5,7.5625,14.625],"tintindex":0,"rotation":0,"texture":"#0"},"west":{"uv":[14.5,7.75,14.5625,7.875],"tintindex":0,"rotation":0,"texture":"#0"},"up":{"uv":[3.0625,15.0625,3.0,15.0],"tintindex":0,"rotation":0,"texture":"#0"},"down":{"uv":[15.0625,3.0,15.0,3.0625],"tintindex":0,"rotation":0,"texture":"#0"}},"rotation":{"origin":[8.0,1.467289,11.192032],"angle":-45.0,"axis":"x"}},{"from":[-1.6120005,5.7584333,8.231619],"to":[0.65600014,11.777634,10.967619],"faces":{"east":{"uv":[8.0,11.25,8.125,11.5],"tintindex":0,"rotation":0,"texture":"#0"},"south":{"uv":[13.75,13.0,13.84375,13.25],"tintindex":0,"rotation":0,"texture":"#0"},"north":{"uv":[13.75,12.5,13.84375,12.75],"tintindex":0,"rotation":0,"texture":"#0"},"west":{"uv":[10.5,11.5,10.625,11.75],"tintindex":0,"rotation":0,"texture":"#0"},"up":{"uv":[14.09375,11.875,14.0,11.75],"tintindex":0,"rotation":0,"texture":"#0"},"down":{"uv":[12.09375,14.0,12.0,14.125],"tintindex":0,"rotation":0,"texture":"#0"}},"rotation":{"origin":[8.0,1.467289,11.192032],"angle":-22.5,"axis":"x"}},{"from":[15.344,5.7584333,8.231619],"to":[17.612,11.777634,10.967619],"faces":{"east":{"uv":[9.5,12.25,9.625,12.5],"tintindex":0,"rotation":0,"texture":"#0"},"south":{"uv":[13.5,13.75,13.59375,14.0],"tintindex":0,"rotation":0,"texture":"#0"},"north":{"uv":[13.25,13.75,13.34375,14.0],"tintindex":0,"rotation":0,"texture":"#0"},"west":{"uv":[8.0,12.5,8.125,12.75],"tintindex":0,"rotation":0,"texture":"#0"},"up":{"uv":[12.34375,14.125,12.25,14.0],"tintindex":0,"rotation":0,"texture":"#0"},"down":{"uv":[12.59375,14.0,12.5,14.125],"tintindex":0,"rotation":0,"texture":"#0"}},"rotation":{"origin":[8.0,1.467289,11.192032],"angle":-22.5,"axis":"x"}},{"from":[16.064,-0.093673706,11.739824],"to":[16.532,1.2023268,13.899824],"faces":{"east":{"uv":[15.0,0.25,15.09375,0.3125],"tintindex":0,"rotation":0,"texture":"#0"},"south":{"uv":[15.0,6.0,15.03125,6.0625],"tintindex":0,"rotation":0,"texture":"#0"},"north":{"uv":[6.0,15.0,6.03125,15.0625],"tintindex":0,"rotation":0,"texture":"#0"},"west":{"uv":[0.5,15.0,0.59375,15.0625],"tintindex":0,"rotation":0,"texture":"#0"},"up":{"uv":[4.28125,15.09375,4.25,15.0],"tintindex":0,"rotation":0,"texture":"#0"},"down":{"uv":[15.03125,4.25,15.0,4.34375],"tintindex":0,"rotation":0,"texture":"#0"}},"rotation":{"origin":[8.0,1.467289,11.192032],"angle":22.5,"axis":"x"}}]}