{"textures":{"0":"mineinabyss:mobs/splitjaw"},"elements":[{"from":[2.0837402,7.6911592,0.2063675],"to":[2.86206,8.649479,5.4033275],"faces":{"east":{"uv":[1.5,13.75,1.9375,13.84375],"tintindex":0,"rotation":0,"texture":"#0"},"south":{"uv":[1.5,15.0,1.5625,15.09375],"tintindex":0,"rotation":0,"texture":"#0"},"north":{"uv":[15.0,1.25,15.0625,1.34375],"tintindex":0,"rotation":0,"texture":"#0"},"west":{"uv":[2.0,13.75,2.4375,13.84375],"tintindex":0,"rotation":0,"texture":"#0"},"up":{"uv":[13.8125,9.4375,13.75,9.0],"tintindex":0,"rotation":0,"texture":"#0"},"down":{"uv":[10.0625,13.75,10.0,14.1875],"tintindex":0,"rotation":0,"texture":"#0"}},"rotation":{"origin":[2.4729004,6.6703196,2.8048477],"angle":-45.0,"axis":"y"}},{"from":[1.2758179,7.1015415,0.39367104],"to":[14.725418,10.503541,12.086472],"faces":{"east":{"uv":[12.25,3.75,13.21875,4.03125],"tintindex":0,"rotation":0,"texture":"#0"},"south":{"uv":[11.75,10.0,12.875,10.28125],"tintindex":0,"rotation":0,"texture":"#0"},"north":{"uv":[11.75,9.5,12.875,9.78125],"tintindex":0,"rotation":0,"texture":"#0"},"west":{"uv":[12.25,4.25,13.21875,4.53125],"tintindex":0,"rotation":0,"texture":"#0"},"up":{"uv":[6.625,2.21875,5.5,1.25],"tintindex":0,"rotation":0,"texture":"#0"},"down":{"uv":[3.625,5.5,2.5,6.46875],"tintindex":0,"rotation":0,"texture":"#0"}},"rotation":{"origin":[8.000618,3.2787595,-3.1959782],"angle":-22.5,"axis":"x"}},{"from":[14.745818,3.9515414,5.3436713],"to":[17.395418,8.163542,11.456471],"faces":{"east":{"uv":[9.25,7.25,9.75,7.59375],"tintindex":0,"rotation":0,"texture":"#0"},"south":{"uv":[4.5,13.25,4.71875,13.59375],"tintindex":0,"rotation":0,"texture":"#0"},"north":{"uv":[4.25,13.25,4.46875,13.59375],"tintindex":0,"rotation":0,"texture":"#0"},"west":{"uv":[10.5,4.75,11.0,5.09375],"tintindex":0,"rotation":0,"texture":"#0"},"up":{"uv":[8.21875,11.25,8.0,10.75],"tintindex":0,"rotation":0,"texture":"#0"},"down":{"uv":[3.96875,11.5,3.75,12.0],"tintindex":0,"rotation":0,"texture":"#0"}},"rotation":{"origin":[8.000618,3.2787595,-3.1959782],"angle":-22.5,"axis":"x"}},{"from":[0.7437382,6.2797737,-8.810308],"to":[15.257498,10.031693,-6.290308],"faces":{"east":{"uv":[8.0,13.25,8.21875,13.5625],"tintindex":0,"rotation":0,"texture":"#0"},"south":{"uv":[11.5,11.5,12.71875,11.8125],"tintindex":0,"rotation":0,"texture":"#0"},"north":{"uv":[11.5,11.0,12.71875,11.3125],"tintindex":0,"rotation":0,"texture":"#0"},"west":{"uv":[8.25,13.25,8.46875,13.5625],"tintindex":0,"rotation":0,"texture":"#0"},"up":{"uv":[13.21875,0.71875,12.0,0.5],"tintindex":0,"rotation":0,"texture":"#0"},"down":{"uv":[13.21875,6.75,12.0,6.96875],"tintindex":0,"rotation":0,"texture":"#0"}},"rotation":{"origin":[8.000618,3.2787595,-3.1959782],"angle":45.0,"axis":"x"}},{"from":[2.8206568,6.1911592,-4.7147675],"to":[3.598977,7.149479,1.8321934],"faces":{"east":{"uv":[13.25,13.5,13.78125,13.59375],"tintindex":0,"rotation":0,"texture":"#0"},"south":{"uv":[1.25,15.0,1.3125,15.09375],"tintindex":0,"rotation":0,"texture":"#0"},"north":{"uv":[15.0,1.0,15.0625,1.09375],"tintindex":0,"rotation":0,"texture":"#0"},"west":{"uv":[13.75,0.0,14.28125,0.09375],"tintindex":0,"rotation":0,"texture":"#0"},"up":{"uv":[8.3125,14.28125,8.25,13.75],"tintindex":0,"rotation":0,"texture":"#0"},"down":{"uv":[13.8125,8.25,13.75,8.78125],"tintindex":0,"rotation":0,"texture":"#0"}},"rotation":{"origin":[2.459817,6.6703196,-0.6912861],"angle":-45.0,"axis":"y"}},{"from":[-5.014721,8.62476,-7.1528397],"to":[3.0348792,11.29956,-1.9580402],"faces":{"east":{"uv":[6.25,5.5,6.6875,5.71875],"tintindex":0,"rotation":0,"texture":"#0"},"south":{"uv":[12.75,5.75,13.40625,5.96875],"tintindex":0,"rotation":0,"texture":"#0"},"north":{"uv":[12.75,5.5,13.40625,5.71875],"tintindex":0,"rotation":0,"texture":"#0"},"west":{"uv":[6.75,8.0,7.1875,8.21875],"tintindex":0,"rotation":0,"texture":"#0"},"up":{"uv":[7.40625,12.4375,6.75,12.0],"tintindex":0,"rotation":0,"texture":"#0"},"down":{"uv":[8.15625,12.0,7.5,12.4375],"tintindex":0,"rotation":0,"texture":"#0"}},"rotation":{"origin":[8.000618,3.2787595,-3.1959782],"angle":45.0,"axis":"y"}},{"from":[7.133738,10.355824,5.041941],"to":[8.851208,10.986257,7.646613],"faces":{"east":{"uv":[14.0,10.25,14.21875,10.3125],"tintindex":0,"rotation":0,"texture":"#0"},"south":{"uv":[13.75,14.0,13.90625,14.0625],"tintindex":0,"rotation":0,"texture":"#0"},"north":{"uv":[14.0,13.5,14.15625,13.5625],"tintindex":0,"rotation":0,"texture":"#0"},"west":{"uv":[14.0,10.5,14.21875,10.5625],"tintindex":0,"rotation":0,"texture":"#0"},"up":{"uv":[9.15625,5.46875,9.0,5.25],"tintindex":0,"rotation":0,"texture":"#0"},"down":{"uv":[6.90625,11.25,6.75,11.46875],"tintindex":0,"rotation":0,"texture":"#0"}},"rotation":{"origin":[8.000618,3.2787595,-3.1959782],"angle":-22.5,"axis":"x"}},{"from":[7.9263563,7.094759,-9.612841],"to":[21.015957,8.59956,-3.7580395],"faces":{"east":{"uv":[13.25,7.75,13.75,7.875],"tintindex":0,"rotation":0,"texture":"#0"},"south":{"uv":[12.75,11.25,13.84375,11.375],"tintindex":0,"rotation":0,"texture":"#0"},"north":{"uv":[12.75,11.0,13.84375,11.125],"tintindex":0,"rotation":0,"texture":"#0"},"west":{"uv":[9.5,13.25,10.0,13.375],"tintindex":0,"rotation":0,"texture":"#0"},"up":{"uv":[8.09375,10.75,7.0,10.25],"tintindex":0,"rotation":0,"texture":"#0"},"down":{"uv":[11.59375,3.5,10.5,4.0],"tintindex":0,"rotation":0,"texture":"#0"}},"rotation":{"origin":[8.000618,3.2787595,-3.1959782],"angle":-45.0,"axis":"y"}},{"from":[2.9469867,6.9147596,-6.98361],"to":[12.976587,8.59956,-3.1388102],"faces":{"east":{"uv":[3.0,13.75,3.3125,13.875],"tintindex":0,"rotation":0,"texture":"#0"},"south":{"uv":[13.0,9.5,13.84375,9.625],"tintindex":0,"rotation":0,"texture":"#0"},"north":{"uv":[9.0,13.0,9.84375,13.125],"tintindex":0,"rotation":0,"texture":"#0"},"west":{"uv":[13.75,5.75,14.0625,5.875],"tintindex":0,"rotation":0,"texture":"#0"},"up":{"uv":[13.09375,7.3125,12.25,7.0],"tintindex":0,"rotation":0,"texture":"#0"},"down":{"uv":[13.09375,7.5,12.25,7.8125],"tintindex":0,"rotation":0,"texture":"#0"}}},{"from":[-1.3941822,3.9515414,5.3436713],"to":[1.2554178,8.163542,11.456471],"faces":{"east":{"uv":[7.0,4.0,7.5,4.34375],"tintindex":0,"rotation":0,"texture":"#0"},"south":{"uv":[13.25,4.0,13.46875,4.34375],"tintindex":0,"rotation":0,"texture":"#0"},"north":{"uv":[2.75,11.75,2.96875,12.09375],"tintindex":0,"rotation":0,"texture":"#0"},"west":{"uv":[8.25,7.75,8.75,8.09375],"tintindex":0,"rotation":0,"texture":"#0"},"up":{"uv":[2.46875,6.5,2.25,6.0],"tintindex":0,"rotation":0,"texture":"#0"},"down":{"uv":[2.21875,8.75,2.0,9.25],"tintindex":0,"rotation":0,"texture":"#0"}},"rotation":{"origin":[8.000618,3.2787595,-3.1959782],"angle":-22.5,"axis":"x"}},{"from":[7.430378,10.643825,5.3715568],"to":[8.553577,11.235125,7.271925],"faces":{"east":{"uv":[14.0,13.75,14.15625,13.8125],"tintindex":0,"rotation":0,"texture":"#0"},"south":{"uv":[14.75,13.0,14.84375,13.0625],"tintindex":0,"rotation":0,"texture":"#0"},"north":{"uv":[13.0,14.75,13.09375,14.8125],"tintindex":0,"rotation":0,"texture":"#0"},"west":{"uv":[14.0,14.0,14.15625,14.0625],"tintindex":0,"rotation":0,"texture":"#0"},"up":{"uv":[14.09375,7.90625,14.0,7.75],"tintindex":0,"rotation":0,"texture":"#0"},"down":{"uv":[14.09375,8.0,14.0,8.15625],"tintindex":0,"rotation":0,"texture":"#0"}},"rotation":{"origin":[8.000618,3.2787595,-3.1959782],"angle":-22.5,"axis":"x"}},{"from":[2.1009297,6.1911592,-3.0850525],"to":[2.8792496,7.149479,6.611908],"faces":{"east":{"uv":[3.25,13.25,4.0625,13.34375],"tintindex":0,"rotation":0,"texture":"#0"},"south":{"uv":[0.75,15.0,0.8125,15.09375],"tintindex":0,"rotation":0,"texture":"#0"},"north":{"uv":[15.0,0.5,15.0625,0.59375],"tintindex":0,"rotation":0,"texture":"#0"},"west":{"uv":[13.25,3.25,14.0625,3.34375],"tintindex":0,"rotation":0,"texture":"#0"},"up":{"uv":[7.5625,14.3125,7.5,13.5],"tintindex":0,"rotation":0,"texture":"#0"},"down":{"uv":[7.8125,13.5,7.75,14.3125],"tintindex":0,"rotation":0,"texture":"#0"}},"rotation":{"origin":[8.000618,3.2787595,-3.1959782],"angle":-22.5,