{"textures":{"0":"mineinabyss:mobs/splitjaw"},"elements":[{"from":[5.4598303,7.290633,5.560736],"to":[16.709831,8.190633,19.330736],"faces":{"east":{"uv":[6.0,13.25,7.15625,13.3125],"tintindex":0,"rotation":0,"texture":"#0"},"south":{"uv":[2.75,13.5,3.6875,13.5625],"tintindex":0,"rotation":0,"texture":"#0"},"north":{"uv":[1.75,13.5,2.6875,13.5625],"tintindex":0,"rotation":0,"texture":"#0"},"west":{"uv":[13.25,6.75,14.40625,6.8125],"tintindex":0,"rotation":0,"texture":"#0"},"up":{"uv":[6.6875,6.90625,5.75,5.75],"tintindex":0,"rotation":0,"texture":"#0"},"down":{"uv":[0.9375,6.0,0.0,7.15625],"tintindex":0,"rotation":0,"texture":"#0"}},"rotation":{"origin":[15.3883,2.9002542,-4.9819355],"angle":-22.5,"axis":"y"}},{"from":[-8.496439,6.990633,4.938808],"to":[1.8535614,8.340632,14.568808],"faces":{"east":{"uv":[13.0,10.25,13.8125,10.375],"tintindex":0,"rotation":0,"texture":"#0"},"south":{"uv":[8.0,13.0,8.875,13.125],"tintindex":0,"rotation":0,"texture":"#0"},"north":{"uv":[7.0,13.0,7.875,13.125],"tintindex":0,"rotation":0,"texture":"#0"},"west":{"uv":[10.5,13.0,11.3125,13.125],"tintindex":0,"rotation":0,"texture":"#0"},"up":{"uv":[4.875,10.0625,4.0,9.25],"tintindex":0,"rotation":0,"texture":"#0"},"down":{"uv":[5.875,9.25,5.0,10.0625],"tintindex":0,"rotation":0,"texture":"#0"}},"rotation":{"origin":[15.3883,2.9002542,-4.9819355],"angle":22.5,"axis":"y"}},{"from":[10.040319,6.8406324,7.3635874],"to":[14.540319,7.290633,19.663588],"faces":{"east":{"uv":[13.75,4.75,15.03125,4.78125],"tintindex":0,"rotation":0,"texture":"#0"},"south":{"uv":[13.25,14.0,13.625,14.03125],"tintindex":0,"rotation":0,"texture":"#0"},"north":{"uv":[14.0,13.0,14.375,13.03125],"tintindex":0,"rotation":0,"texture":"#0"},"west":{"uv":[13.75,5.5,15.03125,5.53125],"tintindex":0,"rotation":0,"texture":"#0"},"up":{"uv":[9.625,12.03125,9.25,10.75],"tintindex":0,"rotation":0,"texture":"#0"},"down":{"uv":[11.125,9.5,10.75,10.78125],"tintindex":0,"rotation":0,"texture":"#0"}},"rotation":{"origin":[15.3883,2.9002542,-4.9819355],"angle":-22.5,"axis":"y"}}]}