{"textures":{"0":"mineinabyss:mobs/splitjaw"},"elements":[{"from":[3.0752,11.8008,-13.617001],"to":[12.9248,13.7952,-1.3590002],"faces":{"east":{"uv":[6.75,12.5,7.78125,12.65625],"tintindex":0,"rotation":0,"texture":"#0"},"south":{"uv":[2.0,13.0,2.8125,13.15625],"tintindex":0,"rotation":0,"texture":"#0"},"north":{"uv":[1.0,13.0,1.8125,13.15625],"tintindex":0,"rotation":0,"texture":"#0"},"west":{"uv":[12.5,10.5,13.53125,10.65625],"tintindex":0,"rotation":0,"texture":"#0"},"up":{"uv":[4.3125,9.03125,3.5,8.0],"tintindex":0,"rotation":0,"texture":"#0"},"down":{"uv":[6.5625,8.0,5.75,9.03125],"tintindex":0,"rotation":0,"texture":"#0"}}},{"from":[13.683206,12.8952,-9.644207],"to":[14.461526,14.48352,-2.2872477],"faces":{"east":{"uv":[13.25,2.0,13.875,2.125],"tintindex":0,"rotation":0,"texture":"#0"},"south":{"uv":[14.75,10.75,14.8125,10.875],"tintindex":0,"rotation":0,"texture":"#0"},"north":{"uv":[10.75,14.75,10.8125,14.875],"tintindex":0,"rotation":0,"texture":"#0"},"west":{"uv":[2.5,13.25,3.125,13.375],"tintindex":0,"rotation":0,"texture":"#0"},"up":{"uv":[6.8125,14.375,6.75,13.75],"tintindex":0,"rotation":0,"texture":"#0"},"down":{"uv":[7.0625,13.75,7.0,14.375],"tintindex":0,"rotation":0,"texture":"#0"}},"rotation":{"origin":[14.072366,13.68936,-5.965728],"angle":45.0,"axis":"y"}},{"from":[2.1942077,13.7952,-10.866947],"to":[2.972528,14.48352,-0.3599863],"faces":{"east":{"uv":[13.5,4.0,14.375,4.0625],"tintindex":0,"rotation":0,"texture":"#0"},"south":{"uv":[2.5,15.0,2.5625,15.0625],"tintindex":0,"rotation":0,"texture":"#0"},"north":{"uv":[15.0,2.25,15.0625,2.3125],"tintindex":0,"rotation":0,"texture":"#0"},"west":{"uv":[13.5,4.25,14.375,4.3125],"tintindex":0,"rotation":0,"texture":"#0"},"up":{"uv":[3.8125,14.375,3.75,13.5],"tintindex":0,"rotation":0,"texture":"#0"},"down":{"uv":[4.0625,13.5,4.0,14.375],"tintindex":0,"rotation":0,"texture":"#0"}},"rotation":{"origin":[8.0,9.9,-11.174999],"angle":-22.5,"axis":"y"}},{"from":[1.5384741,12.8952,-9.644207],"to":[2.3167944,14.48352,-2.2872477],"faces":{"east":{"uv":[13.25,1.5,13.875,1.625],"tintindex":0,"rotation":0,"texture":"#0"},"south":{"uv":[14.75,10.5,14.8125,10.625],"tintindex":0,"rotation":0,"texture":"#0"},"north":{"uv":[10.5,14.75,10.5625,14.875],"tintindex":0,"rotation":0,"texture":"#0"},"west":{"uv":[13.25,1.75,13.875,1.875],"tintindex":0,"rotation":0,"texture":"#0"},"up":{"uv":[3.5625,14.375,3.5,13.75],"tintindex":0,"rotation":0,"texture":"#0"},"down":{"uv":[6.5625,13.75,6.5,14.375],"tintindex":0,"rotation":0,"texture":"#0"}},"rotation":{"origin":[1.9276342,13.68936,-5.965728],"angle":-45.0,"axis":"y"}},{"from":[2.2687998,6.887396,-8.519974],"to":[3.4712,11.833796,-0.40917206],"faces":{"east":{"uv":[1.5,12.25,2.1875,12.65625],"tintindex":0,"rotation":0,"texture":"#0"},"south":{"uv":[8.0,13.75,8.09375,14.15625],"tintindex":0,"rotation":0,"texture":"#0"},"north":{"uv":[13.75,7.75,13.84375,8.15625],"tintindex":0,"rotation":0,"texture":"#0"},"west":{"uv":[2.25,12.25,2.9375,12.65625],"tintindex":0,"rotation":0,"texture":"#0"},"up":{"uv":[9.09375,13.9375,9.0,13.25],"tintindex":0,"rotation":0,"texture":"#0"},"down":{"uv":[9.34375,13.25,9.25,13.9375],"tintindex":0,"rotation":0,"texture":"#0"}},"rotation":{"origin":[8.0,9.9,-11.174999],"angle":-22.5,"axis":"x"}},{"from":[13.027472,13.7952,-10.866947],"to":[13.805792,14.48352,-0.3599863],"faces":{"east":{"uv":[4.75,13.5,5.625,13.5625],"tintindex":0,"rotation":0,"texture":"#0"},"south":{"uv":[15.0,3.25,15.0625,3.3125],"tintindex":0,"rotation":0,"texture":"#0"},"north":{"uv":[3.25,15.0,3.3125,15.0625],"tintindex":0,"rotation":0,"texture":"#0"},"west":{"uv":[13.5,5.25,14.375,5.3125],"tintindex":0,"rotation":0,"texture":"#0"},"up":{"uv":[5.8125,14.375,5.75,13.5],"tintindex":0,"rotation":0,"texture":"#0"},"down":{"uv":[6.0625,13.5,6.0,14.375],"tintindex":0,"rotation":0,"texture":"#0"}},"rotation":{"origin":[8.0,9.9,-11.174999],"angle":22.5,"axis":"y"}},{"from":[12.5288,6.887396,-8.519974],"to":[13.7312,11.833796,-0.40917206],"faces":{"east":{"uv":[9.75,12.0,10.4375,12.40625],"tintindex":0,"rotation":0,"texture":"#0"},"south":{"uv":[13.75,7.25,13.84375,7.65625],"tintindex":0,"rotation":0,"texture":"#0"},"north":{"uv":[7.25,13.75,7.34375,14.15625],"tintindex":0,"rotation":0,"texture":"#0"},"west":{"uv":[11.5,12.0,12.1875,12.40625],"tintindex":0,"rotation":0,"texture":"#0"},"up":{"uv":[8.59375,13.9375,8.5,13.25],"tintindex":0,"rotation":0,"texture":"#0"},"down":{"uv":[8.84375,13.25,8.75,13.9375],"tintindex":0,"rotation":0,"texture":"#0"}},"rotation":{"origin":[8.0,9.9,-11.174999],"angle":-22.5,"axis":"x"}},{"from":[3.3488002,5.987396,-10.319973],"to":[12.651199,12.283796,-0.40917206],"faces":{"east":{"uv":[2.0,11.0,2.8125,11.53125],"tintindex":0,"rotation":0,"texture":"#0"},"south":{"uv":[11.0,6.25,11.78125,6.78125],"tintindex":0,"rotation":0,"texture":"#0"},"north":{"uv":[11.0,5.5,11.78125,6.03125],"tintindex":0,"rotation":0,"texture":"#0"},"west":{"uv":[11.0,4.75,11.8125,5.28125],"tintindex":0,"rotation":0,"texture":"#0"},"up":{"uv":[10.53125,1.5625,9.75,0.75],"tintindex":0,"rotation":0,"texture":"#0"},"down":{"uv":[1.78125,9.75,1.0,10.5625],"tintindex":0,"rotation":0,"texture":"#0"}},"rotation":{"origin":[8.0,9.9,-11.174999],"angle":-22.5,"axis":"x"}},{"from":[3.12992,13.7952,-13.7934],"to":[12.87008,14.57352,-13.0150795],"faces":{"east":{"uv":[15.0,2.0,15.0625,2.0625],"tintindex":0,"rotation":0,"texture":"#0"},"south":{"uv":[9.5,13.5,10.3125,13.5625],"tintindex":0,"rotation":0,"texture":"#0"},"north":{"uv":[6.5,13.5,7.3125,13.5625],"tintindex":0,"rotation":0,"texture":"#0"},"west":{"uv":[2.25,15.0,2.3125,15.0625],"tintindex":0,"rotation":0,"texture":"#0"},"up":{"uv":[12.8125,13.5625,12.0,13.5],"tintindex":0,"rotation":0,"texture":"#0"},"down":{"uv":[14.3125,12.0,13.5,12.0625],"tintindex":0,"rotation":0,"texture":"#0"}}}]}