{"textures":{"0":"mineinabyss:mobs/splitjaw"},"elements":[{"from":[-1.1199255,7.2353373,5.665341],"to":[10.1300745,8.135337,19.43534],"faces":{"east":{"uv":[13.25,4.5,14.40625,4.5625],"tintindex":0,"rotation":0,"texture":"#0"},"south":{"uv":[0.75,13.5,1.6875,13.5625],"tintindex":0,"rotation":0,"texture":"#0"},"north":{"uv":[13.25,13.25,14.1875,13.3125],"tintindex":0,"rotation":0,"texture":"#0"},"west":{"uv":[4.75,13.25,5.90625,13.3125],"tintindex":0,"rotation":0,"texture":"#0"},"up":{"uv":[4.6875,6.65625,3.75,5.5],"tintindex":0,"rotation":0,"texture":"#0"},"down":{"uv":[5.6875,5.75,4.75,6.90625],"tintindex":0,"rotation":0,"texture":"#0"}},"rotation":{"origin":[0.52142,2.9555373,-5.2319345],"angle":22.5,"axis":"y"}},{"from":[1.0495849,6.7853374,7.468192],"to":[5.549585,7.2353373,19.768192],"faces":{"east":{"uv":[13.75,2.5,15.03125,2.53125],"tintindex":0,"rotation":0,"texture":"#0"},"south":{"uv":[12.75,14.0,13.125,14.03125],"tintindex":0,"rotation":0,"texture":"#0"},"north":{"uv":[14.0,12.5,14.375,12.53125],"tintindex":0,"rotation":0,"texture":"#0"},"west":{"uv":[4.25,13.75,5.53125,13.78125],"tintindex":0,"rotation":0,"texture":"#0"},"up":{"uv":[11.125,9.28125,10.75,8.0],"tintindex":0,"rotation":0,"texture":"#0"},"down":{"uv":[9.125,10.75,8.75,12.03125],"tintindex":0,"rotation":0,"texture":"#0"}},"rotation":{"origin":[0.52142,2.9555373,-5.2319345],"angle":22.5,"axis":"y"}},{"from":[14.080758,6.935337,5.165695],"to":[24.430758,8.285337,14.795695],"faces":{"east":{"uv":[13.0,9.75,13.8125,9.875],"tintindex":0,"rotation":0,"texture":"#0"},"south":{"uv":[6.0,13.0,6.875,13.125],"tintindex":0,"rotation":0,"texture":"#0"},"north":{"uv":[5.0,13.0,5.875,13.125],"tintindex":0,"rotation":0,"texture":"#0"},"west":{"uv":[13.0,10.0,13.8125,10.125],"tintindex":0,"rotation":0,"texture":"#0"},"up":{"uv":[2.875,10.0625,2.0,9.25],"tintindex":0,"rotation":0,"texture":"#0"},"down":{"uv":[3.875,9.25,3.0,10.0625],"tintindex":0,"rotation":0,"texture":"#0"}},"rotation":{"origin":[0.52142,2.9555373,-5.2319345],"angle":-22.5,"axis":"y"}}]}