{"textures":{"0":"mineinabyss:mobs/splitjaw"},"elements":[{"from":[1.3673601,-2.0102682,4.0329666],"to":[13.63904,16.385733,22.817764],"faces":{"east":{"uv":[9.75,8.25,10.53125,9.03125],"tintindex":0,"rotation":0,"texture":"#0"},"south":{"uv":[11.25,9.5,11.75,10.28125],"tintindex":0,"rotation":0,"texture":"#0"},"north":{"uv":[6.25,11.25,6.75,12.03125],"tintindex":0,"rotation":0,"texture":"#0"},"west":{"uv":[8.75,9.75,9.53125,10.53125],"tintindex":0,"rotation":0,"texture":"#0"},"up":{"uv":[1.0,12.28125,0.5,11.5],"tintindex":0,"rotation":0,"texture":"#0"},"down":{"uv":[1.5,11.5,1.0,12.28125],"tintindex":0,"rotation":0,"texture":"#0"}}},{"from":[-2.2326403,-1.1102676,7.0329666],"to":[17.23904,14.5857315,25.817764],"faces":{"east":{"uv":[7.0,10.75,7.78125,11.40625],"tintindex":0,"rotation":0,"texture":"#0"},"south":{"uv":[0.5,10.75,1.3125,11.40625],"tintindex":0,"rotation":0,"texture":"#0"},"north":{"uv":[10.5,4.0,11.3125,4.65625],"tintindex":0,"rotation":0,"texture":"#0"},"west":{"uv":[10.75,7.25,11.53125,7.90625],"tintindex":0,"rotation":0,"texture":"#0"},"up":{"uv":[10.5625,2.53125,9.75,1.75],"tintindex":0,"rotation":0,"texture":"#0"},"down":{"uv":[10.5625,7.25,9.75,8.03125],"tintindex":0,"rotation":0,"texture":"#0"}}},{"from":[-5.8326397,2.4897318,7.0329666],"to":[20.839039,10.985733,24.917763],"faces":{"east":{"uv":[3.0,12.25,3.75,12.59375],"tintindex":0,"rotation":0,"texture":"#0"},"south":{"uv":[6.75,11.5,7.875,11.84375],"tintindex":0,"rotation":0,"texture":"#0"},"north":{"uv":[11.25,10.5,12.375,10.84375],"tintindex":0,"rotation":0,"texture":"#0"},"west":{"uv":[12.25,8.0,13.0,8.34375],"tintindex":0,"rotation":0,"texture":"#0"},"up":{"uv":[5.625,8.5,4.5,7.75],"tintindex":0,"rotation":0,"texture":"#0"},"down":{"uv":[2.125,8.0,1.0,8.75],"tintindex":0,"rotation":0,"texture":"#0"}}}]}