{"textures":{"0":"mineinabyss:mobs/splitjaw"},"elements":[{"from":[3.6648965,6.311194,7.298992],"to":[11.960736,8.309194,13.541389],"faces":{"east":{"uv":[13.25,0.5,13.78125,0.65625],"tintindex":0,"rotation":0,"texture":"#0"},"south":{"uv":[13.0,8.25,13.6875,8.40625],"tintindex":0,"rotation":0,"texture":"#0"},"north":{"uv":[13.0,8.0,13.6875,8.15625],"tintindex":0,"rotation":0,"texture":"#0"},"west":{"uv":[0.75,13.25,1.28125,13.40625],"tintindex":0,"rotation":0,"texture":"#0"},"up":{"uv":[12.4375,1.28125,11.75,0.75],"tintindex":0,"rotation":0,"texture":"#0"},"down":{"uv":[12.4375,1.5,11.75,2.03125],"tintindex":0,"rotation":0,"texture":"#0"}}},{"from":[5.9148965,4.5111938,6.3989906],"to":[9.710736,10.559194,13.541389],"faces":{"east":{"uv":[12.0,4.75,12.59375,5.25],"tintindex":0,"rotation":0,"texture":"#0"},"south":{"uv":[11.5,12.5,11.8125,13.0],"tintindex":0,"rotation":0,"texture":"#0"},"north":{"uv":[1.0,12.5,1.3125,13.0],"tintindex":0,"rotation":0,"texture":"#0"},"west":{"uv":[12.0,5.25,12.59375,5.75],"tintindex":0,"rotation":0,"texture":"#0"},"up":{"uv":[11.3125,12.84375,11.0,12.25],"tintindex":0,"rotation":0,"texture":"#0"},"down":{"uv":[0.8125,12.5,0.5,13.09375],"tintindex":0,"rotation":0,"texture":"#0"}}},{"from":[5.464896,5.8611937,15.398994],"to":[10.160736,9.209194,22.54139],"faces":{"east":{"uv":[12.5,2.75,13.09375,3.03125],"tintindex":0,"rotation":0,"texture":"#0"},"south":{"uv":[10.0,12.75,10.40625,13.03125],"tintindex":0,"rotation":0,"texture":"#0"},"north":{"uv":[0.0,12.75,0.40625,13.03125],"tintindex":0,"rotation":0,"texture":"#0"},"west":{"uv":[12.5,3.25,13.09375,3.53125],"tintindex":0,"rotation":0,"texture":"#0"},"up":{"uv":[6.65625,12.84375,6.25,12.25],"tintindex":0,"rotation":0,"texture":"#0"},"down":{"uv":[10.90625,12.25,10.5,12.84375],"tintindex":0,"rotation":0,"texture":"#0"}}},{"from":[4.5648966,5.411194,7.5989914],"to":[11.060737,9.659194,16.54139],"faces":{"east":{"uv":[12.25,8.5,13.0,8.84375],"tintindex":0,"rotation":0,"texture":"#0"},"south":{"uv":[12.5,1.75,13.03125,2.09375],"tintindex":0,"rotation":0,"texture":"#0"},"north":{"uv":[12.5,1.25,13.03125,1.59375],"tintindex":0,"rotation":0,"texture":"#0"},"west":{"uv":[8.75,12.25,9.5,12.59375],"tintindex":0,"rotation":0,"texture":"#0"},"up":{"uv":[11.28125,11.75,10.75,11.0],"tintindex":0,"rotation":0,"texture":"#0"},"down":{"uv":[6.03125,11.25,5.5,12.0],"tintindex":0,"rotation":0,"texture":"#0"}}}]}