{"textures":{"0":"mineinabyss:mobs/splitjaw"},"elements":[{"from":[-0.81352043,4.144,9.2666],"to":[16.67672,12.0964,23.519],"faces":{"east":{"uv":[8.5,2.0,9.6875,2.65625],"tintindex":0,"rotation":0,"texture":"#0"},"south":{"uv":[4.5,7.0,5.96875,7.65625],"tintindex":0,"rotation":0,"texture":"#0"},"north":{"uv":[7.0,3.25,8.46875,3.90625],"tintindex":0,"rotation":0,"texture":"#0"},"west":{"uv":[2.25,8.5,3.4375,9.15625],"tintindex":0,"rotation":0,"texture":"#0"},"up":{"uv":[1.46875,1.1875,0.0,0.0],"tintindex":0,"rotation":0,"texture":"#0"},"down":{"uv":[1.46875,1.25,0.0,2.4375],"tintindex":0,"rotation":0,"texture":"#0"}}},{"from":[0.98648024,2.3439999,9.2666],"to":[14.87672,13.8964,23.519],"faces":{"east":{"uv":[4.5,3.5,5.6875,4.46875],"tintindex":0,"rotation":0,"texture":"#0"},"south":{"uv":[1.25,5.0,2.40625,5.96875],"tintindex":0,"rotation":0,"texture":"#0"},"north":{"uv":[0.0,5.0,1.15625,5.96875],"tintindex":0,"rotation":0,"texture":"#0"},"west":{"uv":[4.0,4.5,5.1875,5.46875],"tintindex":0,"rotation":0,"texture":"#0"},"up":{"uv":[1.15625,4.9375,0.0,3.75],"tintindex":0,"rotation":0,"texture":"#0"},"down":{"uv":[2.40625,3.75,1.25,4.9375],"tintindex":0,"rotation":0,"texture":"#0"}}},{"from":[2.78648,1.4440002,8.5166],"to":[13.07672,14.7964,22.769],"faces":{"east":{"uv":[4.25,0.0,5.4375,1.125],"tintindex":0,"rotation":0,"texture":"#0"},"south":{"uv":[7.25,7.0,8.09375,8.125],"tintindex":0,"rotation":0,"texture":"#0"},"north":{"uv":[0.0,7.25,0.84375,8.375],"tintindex":0,"rotation":0,"texture":"#0"},"west":{"uv":[4.25,1.25,5.4375,2.375],"tintindex":0,"rotation":0,"texture":"#0"},"up":{"uv":[7.59375,2.1875,6.75,1.0],"tintindex":0,"rotation":0,"texture":"#0"},"down":{"uv":[4.34375,6.75,3.5,7.9375],"tintindex":0,"rotation":0,"texture":"#0"}}}]}