{"textures":{"0":"mineinabyss:mobs/splitjaw"},"elements":[{"from":[-8.53264,0.19084835,4.1538124],"to":[24.25904,13.006849,28.518616],"faces":{"east":{"uv":[10.75,0.75,11.75,1.28125],"tintindex":0,"rotation":0,"texture":"#0"},"south":{"uv":[9.0,4.5,10.375,5.03125],"tintindex":0,"rotation":0,"texture":"#0"},"north":{"uv":[9.0,3.75,10.375,4.28125],"tintindex":0,"rotation":0,"texture":"#0"},"west":{"uv":[10.75,1.5,11.75,2.03125],"tintindex":0,"rotation":0,"texture":"#0"},"up":{"uv":[4.375,3.5,3.0,2.5],"tintindex":0,"rotation":0,"texture":"#0"},"down":{"uv":[4.375,3.5,3.0,4.5],"tintindex":0,"rotation":0,"texture":"#0"}}},{"from":[-1.3326397,-5.2091513,0.2538147],"to":[17.05904,18.406849,25.518616],"faces":{"east":{"uv":[6.5,0.0,7.5625,0.96875],"tintindex":0,"rotation":0,"texture":"#0"},"south":{"uv":[1.0,8.75,1.78125,9.71875],"tintindex":0,"rotation":0,"texture":"#0"},"north":{"uv":[8.75,0.75,9.53125,1.71875],"tintindex":0,"rotation":0,"texture":"#0"},"west":{"uv":[2.25,6.5,3.3125,7.46875],"tintindex":0,"rotation":0,"texture":"#0"},"up":{"uv":[9.03125,6.5625,8.25,5.5],"tintindex":0,"rotation":0,"texture":"#0"},"down":{"uv":[7.53125,8.25,6.75,9.3125],"tintindex":0,"rotation":0,"texture":"#0"}}},{"from":[-4.93264,-3.409151,4.1538124],"to":[20.65904,16.606848,28.518616],"faces":{"east":{"uv":[7.75,0.0,8.75,0.84375],"tintindex":0,"rotation":0,"texture":"#0"},"south":{"uv":[2.25,7.5,3.3125,8.34375],"tintindex":0,"rotation":0,"texture":"#0"},"north":{"uv":[7.25,2.25,8.3125,3.09375],"tintindex":0,"rotation":0,"texture":"#0"},"west":{"uv":[7.75,1.0,8.75,1.84375],"tintindex":0,"rotation":0,"texture":"#0"},"up":{"uv":[6.8125,4.5,5.75,3.5],"tintindex":0,"rotation":0,"texture":"#0"},"down":{"uv":[2.0625,6.0,1.0,7.0],"tintindex":0,"rotation":0,"texture":"#0"}}}]}