{"textures":{"0":"mineinabyss:mobs/splitjaw"},"elements":[{"from":[-3.3702068,4.122388,4.9979935],"to":[18.621471,9.018387,21.082794],"faces":{"east":{"uv":[7.75,2.0,8.40625,2.21875],"tintindex":0,"rotation":0,"texture":"#0"},"south":{"uv":[8.75,1.75,9.65625,1.96875],"tintindex":0,"rotation":0,"texture":"#0"},"north":{"uv":[6.0,3.25,6.90625,3.46875],"tintindex":0,"rotation":0,"texture":"#0"},"west":{"uv":[6.0,9.25,6.65625,9.46875],"tintindex":0,"rotation":0,"texture":"#0"},"up":{"uv":[10.65625,9.90625,9.75,9.25],"tintindex":0,"rotation":0,"texture":"#0"},"down":{"uv":[10.90625,0.0,10.0,0.65625],"tintindex":0,"rotation":0,"texture":"#0"}}},{"from":[-1.5702076,0.5223875,6.1979904],"to":[16.821472,12.618387,24.082787],"faces":{"east":{"uv":[8.0,11.5,8.75,12.0],"tintindex":0,"rotation":0,"texture":"#0"},"south":{"uv":[11.25,9.0,12.03125,9.5],"tintindex":0,"rotation":0,"texture":"#0"},"north":{"uv":[11.25,8.5,12.03125,9.0],"tintindex":0,"rotation":0,"texture":"#0"},"west":{"uv":[9.75,11.5,10.5,12.0],"tintindex":0,"rotation":0,"texture":"#0"},"up":{"uv":[10.53125,10.75,9.75,10.0],"tintindex":0,"rotation":0,"texture":"#0"},"down":{"uv":[2.78125,10.25,2.0,11.0],"tintindex":0,"rotation":0,"texture":"#0"}}},{"from":[2.0297928,-1.2776127,3.797989],"to":[13.221473,14.418388,18.082794],"faces":{"east":{"uv":[3.0,11.5,3.59375,12.15625],"tintindex":0,"rotation":0,"texture":"#0"},"south":{"uv":[7.25,9.5,7.71875,10.15625],"tintindex":0,"rotation":0,"texture":"#0"},"north":{"uv":[2.5,3.75,2.96875,4.40625],"tintindex":0,"rotation":0,"texture":"#0"},"west":{"uv":[11.5,4.0,12.09375,4.65625],"tintindex":0,"rotation":0,"texture":"#0"},"up":{"uv":[6.21875,12.59375,5.75,12.0],"tintindex":0,"rotation":0,"texture":"#0"},"down":{"uv":[8.71875,12.0,8.25,12.59375],"tintindex":0,"rotation":0,"texture":"#0"}}}]}