{"textures":{"0":"mineinabyss:mobs/splitjaw"},"elements":[{"from":[-3.9501286,-2.5566015,9.803665],"to":[18.76155,16.019398,29.848465],"faces":{"east":{"uv":[7.75,9.25,8.59375,10.03125],"tintindex":0,"rotation":0,"texture":"#0"},"south":{"uv":[8.75,8.75,9.6875,9.53125],"tintindex":0,"rotation":0,"texture":"#0"},"north":{"uv":[8.75,7.75,9.6875,8.53125],"tintindex":0,"rotation":0,"texture":"#0"},"west":{"uv":[0.0,9.5,0.84375,10.28125],"tintindex":0,"rotation":0,"texture":"#0"},"up":{"uv":[9.1875,7.59375,8.25,6.75],"tintindex":0,"rotation":0,"texture":"#0"},"down":{"uv":[8.6875,8.25,7.75,9.09375],"tintindex":0,"rotation":0,"texture":"#0"}}},{"from":[-0.35012817,-3.456602,7.4036636],"to":[15.161551,17.819399,28.348465],"faces":{"east":{"uv":[0.0,8.5,0.875,9.375],"tintindex":0,"rotation":0,"texture":"#0"},"south":{"uv":[5.5,10.25,6.15625,11.125],"tintindex":0,"rotation":0,"texture":"#0"},"north":{"uv":[10.25,5.25,10.90625,6.125],"tintindex":0,"rotation":0,"texture":"#0"},"west":{"uv":[8.5,2.75,9.375,3.625],"tintindex":0,"rotation":0,"texture":"#0"},"up":{"uv":[6.90625,11.125,6.25,10.25],"tintindex":0,"rotation":0,"texture":"#0"},"down":{"uv":[10.90625,6.25,10.25,7.125],"tintindex":0,"rotation":0,"texture":"#0"}}},{"from":[-7.550129,1.0433989,9.803665],"to":[22.361551,12.419399,29.848465],"faces":{"east":{"uv":[10.75,3.0,11.59375,3.46875],"tintindex":0,"rotation":0,"texture":"#0"},"south":{"uv":[4.25,10.25,5.5,10.71875],"tintindex":0,"rotation":0,"texture":"#0"},"north":{"uv":[3.0,10.25,4.25,10.71875],"tintindex":0,"rotation":0,"texture":"#0"},"west":{"uv":[11.25,8.0,12.09375,8.46875],"tintindex":0,"rotation":0,"texture":"#0"},"up":{"uv":[7.25,3.09375,6.0,2.25],"tintindex":0,"rotation":0,"texture":"#0"},"down":{"uv":[7.5,4.5,6.25,5.34375],"tintindex":0,"rotation":0,"texture":"#0"}}}]}