{"textures":{"0":"mineinabyss:mobs/splitjaw"},"elements":[{"from":[-8.80624,1.2880001,-1.6652002],"to":[24.80624,16.2928,18.3508],"faces":{"east":{"uv":[10.75,2.25,11.59375,2.875],"tintindex":0,"rotation":0,"texture":"#0"},"south":{"uv":[7.5,4.75,8.90625,5.375],"tintindex":0,"rotation":0,"texture":"#0"},"north":{"uv":[7.5,4.0,8.90625,4.625],"tintindex":0,"rotation":0,"texture":"#0"},"west":{"uv":[3.0,10.75,3.84375,11.375],"tintindex":0,"rotation":0,"texture":"#0"},"up":{"uv":[3.90625,5.34375,2.5,4.5],"tintindex":0,"rotation":0,"texture":"#0"},"down":{"uv":[5.90625,2.5,4.5,3.34375],"tintindex":0,"rotation":0,"texture":"#0"}}},{"from":[-1.6062403,-4.1120005,-1.6652002],"to":[17.60624,-1.7072,18.3508],"faces":{"east":{"uv":[13.25,1.25,14.09375,1.34375],"tintindex":0,"rotation":0,"texture":"#0"},"south":{"uv":[13.25,3.0,14.0625,3.09375],"tintindex":0,"rotation":0,"texture":"#0"},"north":{"uv":[13.25,2.75,14.0625,2.84375],"tintindex":0,"rotation":0,"texture":"#0"},"west":{"uv":[1.5,13.25,2.34375,13.34375],"tintindex":0,"rotation":0,"texture":"#0"},"up":{"uv":[10.0625,6.09375,9.25,5.25],"tintindex":0,"rotation":0,"texture":"#0"},"down":{"uv":[10.0625,6.25,9.25,7.09375],"tintindex":0,"rotation":0,"texture":"#0"}}},{"from":[-5.2062397,-2.3120003,-2.5652008],"to":[21.20624,1.8928003,18.3508],"faces":{"east":{"uv":[9.5,3.5,10.375,3.6875],"tintindex":0,"rotation":0,"texture":"#0"},"south":{"uv":[12.5,1.0,13.59375,1.1875],"tintindex":0,"rotation":0,"texture":"#0"},"north":{"uv":[12.5,0.75,13.59375,0.9375],"tintindex":0,"rotation":0,"texture":"#0"},"west":{"uv":[3.75,12.5,4.625,12.6875],"tintindex":0,"rotation":0,"texture":"#0"},"up":{"uv":[2.09375,7.875,1.0,7.0],"tintindex":0,"rotation":0,"texture":"#0"},"down":{"uv":[7.09375,7.0,6.0,7.875],"tintindex":0,"rotation":0,"texture":"#0"}}},{"from":[-5.2062397,16.2928,3.7348003],"to":[21.20624,19.8928,18.3508],"faces":{"east":{"uv":[11.5,13.0,12.09375,13.15625],"tintindex":0,"rotation":0,"texture":"#0"},"south":{"uv":[12.5,2.5,13.59375,2.65625],"tintindex":0,"rotation":0,"texture":"#0"},"north":{"uv":[12.5,2.25,13.59375,2.40625],"tintindex":0,"rotation":0,"texture":"#0"},"west":{"uv":[12.25,13.0,12.84375,13.15625],"tintindex":0,"rotation":0,"texture":"#0"},"up":{"uv":[10.59375,3.34375,9.5,2.75],"tintindex":0,"rotation":0,"texture":"#0"},"down":{"uv":[7.09375,9.5,6.0,10.09375],"tintindex":0,"rotation":0,"texture":"#0"}}}]}