{"textures":{"0":"mineinabyss:mobs/splitjaw"},"elements":[{"from":[2.5483642,1.1676998,8.153104],"to":[13.385804,2.7408996,22.794304],"faces":{"east":{"uv":[1.5,12.75,2.71875,12.875],"tintindex":0,"rotation":0,"texture":"#0"},"south":{"uv":[4.0,13.0,4.90625,13.125],"tintindex":0,"rotation":0,"texture":"#0"},"north":{"uv":[3.0,13.0,3.90625,13.125],"tintindex":0,"rotation":0,"texture":"#0"},"west":{"uv":[2.75,12.75,3.96875,12.875],"tintindex":0,"rotation":0,"texture":"#0"},"up":{"uv":[6.15625,5.71875,5.25,4.5],"tintindex":0,"rotation":0,"texture":"#0"},"down":{"uv":[6.40625,0.0,5.5,1.21875],"tintindex":0,"rotation":0,"texture":"#0"}}},{"from":[0.29836416,11.1409,8.063105],"to":[15.635804,13.3909,22.794304],"faces":{"east":{"uv":[12.25,12.0,13.46875,12.1875],"tintindex":0,"rotation":0,"texture":"#0"},"south":{"uv":[12.25,9.25,13.53125,9.4375],"tintindex":0,"rotation":0,"texture":"#0"},"north":{"uv":[12.25,9.0,13.53125,9.1875],"tintindex":0,"rotation":0,"texture":"#0"},"west":{"uv":[12.25,12.25,13.46875,12.4375],"tintindex":0,"rotation":0,"texture":"#0"},"up":{"uv":[1.28125,3.71875,0.0,2.5],"tintindex":0,"rotation":0,"texture":"#0"},"down":{"uv":[2.78125,2.5,1.5,3.71875],"tintindex":0,"rotation":0,"texture":"#0"}}},{"from":[0.748364,2.0676994,7.253104],"to":[15.185804,3.7176995,21.894304],"faces":{"east":{"uv":[12.5,10.75,13.71875,10.875],"tintindex":0,"rotation":0,"texture":"#0"},"south":{"uv":[12.75,5.0,13.9375,5.125],"tintindex":0,"rotation":0,"texture":"#0"},"north":{"uv":[5.0,12.75,6.1875,12.875],"tintindex":0,"rotation":0,"texture":"#0"},"west":{"uv":[12.0,12.5,13.21875,12.625],"tintindex":0,"rotation":0,"texture":"#0"},"up":{"uv":[4.1875,1.21875,3.0,0.0],"tintindex":0,"rotation":0,"texture":"#0"},"down":{"uv":[4.1875,1.25,3.0,2.46875],"tintindex":0,"rotation":0,"texture":"#0"}}},{"from":[-1.0516357,3.7176995,7.253104],"to":[16.985804,11.590899,20.994305],"faces":{"east":{"uv":[4.5,8.5,5.65625,9.15625],"tintindex":0,"rotation":0,"texture":"#0"},"south":{"uv":[6.75,6.25,8.25,6.90625],"tintindex":0,"rotation":0,"texture":"#0"},"north":{"uv":[6.75,5.5,8.25,6.15625],"tintindex":0,"rotation":0,"texture":"#0"},"west":{"uv":[8.75,0.0,9.90625,0.65625],"tintindex":0,"rotation":0,"texture":"#0"},"up":{"uv":[3.0,1.15625,1.5,0.0],"tintindex":0,"rotation":0,"texture":"#0"},"down":{"uv":[3.0,1.25,1.5,2.40625],"tintindex":0,"rotation":0,"texture":"#0"}}}]}