{"textures":{"0":"mineinabyss:mobs/splitjaw"},"elements":[{"from":[3.0752,11.378918,-10.855087],"to":[12.9248,14.246918,11.383314],"faces":{"east":{"uv":[13.5,12.25,14.3125,12.3125],"tintindex":0,"rotation":0,"texture":"#0"},"south":{"uv":[12.5,13.75,12.90625,13.8125],"tintindex":0,"rotation":0,"texture":"#0"},"north":{"uv":[12.0,13.75,12.40625,13.8125],"tintindex":0,"rotation":0,"texture":"#0"},"west":{"uv":[13.5,12.75,14.3125,12.8125],"tintindex":0,"rotation":0,"texture":"#0"},"up":{"uv":[0.40625,12.5625,0.0,11.75],"tintindex":0,"rotation":0,"texture":"#0"},"down":{"uv":[12.15625,7.0,11.75,7.8125],"tintindex":0,"rotation":0,"texture":"#0"}},"rotation":{"origin":[8.0,15.450609,6.634843],"angle":-22.5,"axis":"x"}}]}