{"textures":{"0":"mineinabyss:mobs/cyatoria"},"elements":[{"from":[8.636572,7.982143,6.4034286],"to":[12.514286,8.089286,12.019428],"rotation":{"angle":0.0,"axis":"y","origin":[0.84342813,1.793571,7.168]},"faces":{"east":{"uv":[7.0,7.125,8.21875,7.15625],"rotation":0,"texture":"#0","tintindex":0},"south":{"uv":[0.875,7.625,1.71875,7.65625],"rotation":0,"texture":"#0","tintindex":0},"north":{"uv":[0.0,7.625,0.84375,7.65625],"rotation":0,"texture":"#0","tintindex":0},"west":{"uv":[1.0,7.25,2.21875,7.28125],"rotation":0,"texture":"#0","tintindex":0},"up":{"uv":[4.21875,4.84375,3.375,3.625],"rotation":0,"texture":"#0","tintindex":0},"down":{"uv":[0.84375,4.125,0.0,5.34375],"rotation":0,"texture":"#0","tintindex":0}}},{"from":[8.770286,7.4472857,6.0022855],"to":[9.706285,8.517,7.072],"rotation":{"angle":0.0,"axis":"y","origin":[0.84342813,1.793571,7.168]},"faces":{"east":{"uv":[5.75,7.0,5.96875,7.21875],"rotation":0,"texture":"#0","tintindex":0},"south":{"uv":[7.125,0.0,7.34375,0.21875],"rotation":0,"texture":"#0","tintindex":0},"north":{"uv":[5.5,7.0,5.71875,7.21875],"rotation":0,"texture":"#0","tintindex":0},"west":{"uv":[7.125,0.25,7.34375,0.46875],"rotation":0,"texture":"#0","tintindex":0},"up":{"uv":[7.34375,0.71875,7.125,0.5],"rotation":0,"texture":"#0","tintindex":0},"down":{"uv":[0.96875,7.125,0.75,7.34375],"rotation":0,"texture":"#0","tintindex":0}}},{"from":[9.572572,7.581,6.1359997],"to":[12.514286,8.3832855,6.938286],"rotation":{"angle":0.0,"axis":"y","origin":[0.84342813,1.793571,7.168]},"faces":{"east":{"uv":[0.0,7.25,0.1875,7.4375],"rotation":0,"texture":"#0","tintindex":0},"south":{"uv":[4.625,6.125,5.28125,6.3125],"rotation":0,"texture":"#0","tintindex":0},"north":{"uv":[0.375,6.125,1.03125,6.3125],"rotation":0,"texture":"#0","tintindex":0},"west":{"uv":[2.5,7.25,2.6875,7.4375],"rotation":0,"texture":"#0","tintindex":0},"up":{"uv":[6.78125,4.9375,6.125,4.75],"rotation":0,"texture":"#0","tintindex":0},"down":{"uv":[6.78125,5.0,6.125,5.1875],"rotation":0,"texture":"#0","tintindex":0}}}],"display":{"head":{"translation":[0.0,-6.4,0.0],"scale":[4.0,4.0,4.0]}}}