{"textures":{"3":"mineinabyss:mobs/cyatoria/wing1"},"elements":[{"from":[2.9142857,7.982143,5.832],"to":[6.792,8.089286,11.448],"rotation":{"angle":0.0,"axis":"y","origin":[0.87085676,1.793571,6.5965714]},"faces":{"east":{"uv":[8.0,2.15625,8.65625,2.1875],"rotation":0,"texture":"#3","tintindex":0},"south":{"uv":[9.75,2.15625,10.1875,2.1875],"rotation":0,"texture":"#3","tintindex":0},"north":{"uv":[8.65625,2.15625,9.09375,2.1875],"rotation":0,"texture":"#3","tintindex":0},"west":{"uv":[9.09375,2.15625,9.75,2.1875],"rotation":0,"texture":"#3","tintindex":0},"up":{"uv":[9.09375,2.15625,8.65625,1.5],"rotation":0,"texture":"#3","tintindex":0},"down":{"uv":[9.09375,1.5,8.65625,2.15625],"rotation":0,"texture":"#3","tintindex":0}}},{"from":[2.9142857,7.581,5.5645714],"to":[5.856,8.3832855,6.366857],"rotation":{"angle":0.0,"axis":"y","origin":[0.87085676,1.793571,6.5965714]},"faces":{"east":{"uv":[10.34375,0.28125,10.4375,0.375],"rotation":0,"texture":"#3","tintindex":0},"south":{"uv":[10.875,0.28125,11.21875,0.375],"rotation":0,"texture":"#3","tintindex":0},"north":{"uv":[10.4375,0.28125,10.78125,0.375],"rotation":0,"texture":"#3","tintindex":0},"west":{"uv":[10.78125,0.28125,10.875,0.375],"rotation":0,"texture":"#3","tintindex":0},"up":{"uv":[10.78125,0.28125,10.4375,0.1875],"rotation":0,"texture":"#3","tintindex":0},"down":{"uv":[11.125,0.1875,10.78125,0.28125],"rotation":0,"texture":"#3","tintindex":0}}},{"from":[5.7222853,7.4472857,5.430857],"to":[6.6582856,8.517,6.5005713],"rotation":{"angle":0.0,"axis":"y","origin":[0.87085676,1.793571,6.5965714]},"faces":{"east":{"uv":[8.0,0.125,8.125,0.25],"rotation":0,"texture":"#3","tintindex":0},"south":{"uv":[8.34375,0.125,8.4375,0.25],"rotation":0,"texture":"#3","tintindex":0},"north":{"uv":[8.125,0.125,8.21875,0.25],"rotation":0,"texture":"#3","tintindex":0},"west":{"uv":[8.21875,0.125,8.34375,0.25],"rotation":0,"texture":"#3","tintindex":0},"up":{"uv":[8.21875,0.125,8.125,0.0],"rotation":0,"texture":"#3","tintindex":0},"down":{"uv":[8.3125,0.0,8.21875,0.125],"rotation":0,"texture":"#3","tintindex":0}}}],"display":{"head":{"translation":[0.0,-6.4,0.0],"scale":[4.0,4.0,4.0]}}}