{"textures":{"0":"mineinabyss:mobs/cyatoria"},"elements":[{"from":[2.9142857,7.982143,5.832],"to":[6.792,8.089286,11.448],"rotation":{"angle":0.0,"axis":"y","origin":[0.87085676,1.793571,6.5965714]},"faces":{"east":{"uv":[7.25,1.125,8.46875,1.15625],"rotation":0,"texture":"#0","tintindex":0},"south":{"uv":[7.625,1.625,8.46875,1.65625],"rotation":0,"texture":"#0","tintindex":0},"north":{"uv":[7.625,1.5,8.46875,1.53125],"rotation":0,"texture":"#0","tintindex":0},"west":{"uv":[7.25,1.25,8.46875,1.28125],"rotation":0,"texture":"#0","tintindex":0},"up":{"uv":[1.71875,5.34375,0.875,4.125],"rotation":0,"texture":"#0","tintindex":0},"down":{"uv":[2.59375,4.125,1.75,5.34375],"rotation":0,"texture":"#0","tintindex":0}}},{"from":[2.9142857,7.581,5.5645714],"to":[5.856,8.3832855,6.366857],"rotation":{"angle":0.0,"axis":"y","origin":[0.87085676,1.793571,6.5965714]},"faces":{"east":{"uv":[4.625,7.375,4.8125,7.5625],"rotation":0,"texture":"#0","tintindex":0},"south":{"uv":[6.125,5.5,6.78125,5.6875],"rotation":0,"texture":"#0","tintindex":0},"north":{"uv":[6.125,5.25,6.78125,5.4375],"rotation":0,"texture":"#0","tintindex":0},"west":{"uv":[4.875,7.375,5.0625,7.5625],"rotation":0,"texture":"#0","tintindex":0},"up":{"uv":[6.78125,5.9375,6.125,5.75],"rotation":0,"texture":"#0","tintindex":0},"down":{"uv":[6.78125,6.0,6.125,6.1875],"rotation":0,"texture":"#0","tintindex":0}}},{"from":[5.7222853,7.4472857,5.430857],"to":[6.6582856,8.517,6.5005713],"rotation":{"angle":0.0,"axis":"y","origin":[0.87085676,1.793571,6.5965714]},"faces":{"east":{"uv":[7.125,1.625,7.34375,1.84375],"rotation":0,"texture":"#0","tintindex":0},"south":{"uv":[7.125,2.125,7.34375,2.34375],"rotation":0,"texture":"#0","tintindex":0},"north":{"uv":[7.125,1.375,7.34375,1.59375],"rotation":0,"texture":"#0","tintindex":0},"west":{"uv":[2.25,7.125,2.46875,7.34375],"rotation":0,"texture":"#0","tintindex":0},"up":{"uv":[7.34375,2.59375,7.125,2.375],"rotation":0,"texture":"#0","tintindex":0},"down":{"uv":[7.34375,2.625,7.125,2.84375],"rotation":0,"texture":"#0","tintindex":0}}}],"display":{"head":{"translation":[0.0,-6.4,0.0],"scale":[4.0,4.0,4.0]}}}