{"textures":{"3":"mineinabyss:entity/mobs/cyatoria/wing1"},"elements":[{"from":[15.196165,4.711034,26.918856],"to":[16.399593,4.8181767,32.0],"rotation":{"angle":0.0,"axis":"y","origin":[0.7025728,0.015322208,6.0717773]},"faces":{"east":{"uv":[10.84375,2.125,10.25,2.15625],"rotation":0,"texture":"#3","tintindex":0},"south":{"uv":[10.96875,2.125,10.84375,2.15625],"rotation":0,"texture":"#3","tintindex":0},"north":{"uv":[10.25,2.125,10.125,2.15625],"rotation":0,"texture":"#3","tintindex":0},"west":{"uv":[10.125,2.125,9.53125,2.15625],"rotation":0,"texture":"#3","tintindex":0},"up":{"uv":[10.125,2.125,10.25,1.53125],"rotation":0,"texture":"#3","tintindex":0},"down":{"uv":[10.125,1.53125,10.25,2.125],"rotation":0,"texture":"#3","tintindex":0}}},{"from":[15.196165,4.709911,11.6754265],"to":[16.399593,4.817054,16.756569],"rotation":{"angle":0.0,"axis":"y","origin":[0.7025728,0.015322208,6.0717773]},"faces":{"east":{"uv":[9.3125,2.78125,8.71875,2.8125],"rotation":0,"texture":"#3","tintindex":0},"south":{"uv":[9.4375,2.78125,9.3125,2.8125],"rotation":0,"texture":"#3","tintindex":0},"north":{"uv":[8.71875,2.78125,8.59375,2.8125],"rotation":0,"texture":"#3","tintindex":0},"west":{"uv":[8.59375,2.78125,8.0,2.8125],"rotation":0,"texture":"#3","tintindex":0},"up":{"uv":[8.59375,2.78125,8.71875,2.1875],"rotation":0,"texture":"#3","tintindex":0},"down":{"uv":[8.59375,2.20325,8.71875,2.797],"rotation":0,"texture":"#3","tintindex":0}}},{"from":[15.196165,4.711034,21.837713],"to":[16.399593,4.8181767,26.918856],"rotation":{"angle":0.0,"axis":"y","origin":[0.7025728,0.015322208,6.0717773]},"faces":{"east":{"uv":[11.21875,1.34375,10.625,1.375],"rotation":0,"texture":"#3","tintindex":0},"south":{"uv":[11.34375,1.34375,11.21875,1.375],"rotation":0,"texture":"#3","tintindex":0},"north":{"uv":[10.625,1.34375,10.5,1.375],"rotation":0,"texture":"#3","tintindex":0},"west":{"uv":[10.5,1.34375,9.90625,1.375],"rotation":0,"texture":"#3","tintindex":0},"up":{"uv":[10.5,1.34375,10.625,0.75],"rotation":0,"texture":"#3","tintindex":0},"down":{"uv":[10.5,0.75,10.625,1.34375],"rotation":0,"texture":"#3","tintindex":0}}},{"from":[12.627821,6.106788,5.5746346],"to":[17.708965,6.213931,11.7254925],"rotation":{"angle":-22.5,"axis":"z","origin":[12.744736,7.1959424,3.5689201]},"faces":{"east":{"uv":[10.03125,1.46875,9.3125,1.5],"rotation":0,"texture":"#3","tintindex":0},"south":{"uv":[10.625,1.46875,10.03125,1.5],"rotation":0,"texture":"#3","tintindex":0},"north":{"uv":[9.3125,1.46875,8.71875,1.5],"rotation":0,"texture":"#3","tintindex":0},"west":{"uv":[8.71875,1.46875,8.0,1.5],"rotation":0,"texture":"#3","tintindex":0},"up":{"uv":[8.71875,1.46875,9.3125,0.75],"rotation":0,"texture":"#3","tintindex":0},"down":{"uv":[8.71875,0.75,9.3125,1.46875],"rotation":0,"texture":"#3","tintindex":0}}},{"from":[15.196165,4.711034,16.756569],"to":[16.399593,4.8181767,21.837713],"rotation":{"angle":0.0,"axis":"y","origin":[0.7025728,0.015322208,6.0717773]},"faces":{"east":{"uv":[10.90625,2.75,10.3125,2.78125],"rotation":0,"texture":"#3","tintindex":0},"south":{"uv":[11.03125,2.75,10.90625,2.78125],"rotation":0,"texture":"#3","tintindex":0},"north":{"uv":[10.3125,2.75,10.1875,2.78125],"rotation":0,"texture":"#3","tintindex":0},"west":{"uv":[10.1875,2.75,9.59375,2.78125],"rotation":0,"texture":"#3","tintindex":0},"up":{"uv":[10.1875,2.75,10.3125,2.15625],"rotation":0,"texture":"#3","tintindex":0},"down":{"uv":[10.1875,2.15625,10.3125,2.75],"rotation":0,"texture":"#3","tintindex":0}}},{"from":[12.627821,5.7056456,5.0397773],"to":[17.708965,6.5079308,5.842063],"rotation":{"angle":-22.5,"axis":"z","origin":[12.744736,7.1959424,3.5689201]},"faces":{"east":{"uv":[11.125,0.09375,11.03125,0.1875],"rotation":0,"texture":"#3","tintindex":0},"south":{"uv":[11.71875,0.09375,11.125,0.1875],"rotation":0,"texture":"#3","tintindex":0},"north":{"uv":[11.03125,0.09375,10.4375,0.1875],"rotation":0,"texture":"#3","tintindex":0},"west":{"uv":[10.4375,0.09375,10.34375,0.1875],"rotation":0,"texture":"#3","tintindex":0},"up":{"uv":[10.4375,0.09375,11.03125,0.0],"rotation":0,"texture":"#3","tintindex":0},"down":{"uv":[11.03125,0.0,11.625,0.09375],"rotation":0,"texture":"#3","tintindex":0}}}],"display":{"head":{"translation":[0.0,-6.4,3.2292557],"scale":[4.0,4.0,4.0]}}}
