{"textures":{"0":"mineinabyss:mobs/cyatoria"},"elements":[{"from":[12.627821,5.7056456,5.0397773],"to":[17.708965,6.5079308,5.842063],"rotation":{"angle":-22.5,"axis":"z","origin":[12.744736,7.1959424,3.5689201]},"faces":{"east":{"uv":[2.75,7.25,2.9375,7.4375],"rotation":0,"texture":"#0","tintindex":0},"south":{"uv":[5.375,0.25,6.5,0.4375],"rotation":0,"texture":"#0","tintindex":0},"north":{"uv":[5.375,0.0,6.5,0.1875],"rotation":0,"texture":"#0","tintindex":0},"west":{"uv":[3.0,7.25,3.1875,7.4375],"rotation":0,"texture":"#0","tintindex":0},"up":{"uv":[1.625,5.5625,0.5,5.375],"rotation":0,"texture":"#0","tintindex":0},"down":{"uv":[6.5,0.5,5.375,0.6875],"rotation":0,"texture":"#0","tintindex":0}}},{"from":[12.627821,6.106788,5.5746346],"to":[17.708965,6.213931,11.7254925],"rotation":{"angle":-22.5,"axis":"z","origin":[12.744736,7.1959424,3.5689201]},"faces":{"east":{"uv":[7.125,0.75,8.46875,0.78125],"rotation":0,"texture":"#0","tintindex":0},"south":{"uv":[7.375,0.0,8.5,0.03125],"rotation":0,"texture":"#0","tintindex":0},"north":{"uv":[7.25,7.0,8.375,7.03125],"rotation":0,"texture":"#0","tintindex":0},"west":{"uv":[7.125,3.5,8.46875,3.53125],"rotation":0,"texture":"#0","tintindex":0},"up":{"uv":[1.125,4.09375,0.0,2.75],"rotation":0,"texture":"#0","tintindex":0},"down":{"uv":[2.25,2.75,1.125,4.09375],"rotation":0,"texture":"#0","tintindex":0}}},{"from":[15.196165,4.709911,11.6754265],"to":[16.399593,4.817054,16.756569],"rotation":{"angle":0.0,"axis":"y","origin":[0.7025728,0.015322208,6.0717773]},"faces":{"east":{"uv":[7.375,0.125,8.5,0.15625],"rotation":0,"texture":"#0","tintindex":0},"south":{"uv":[0.75,8.0,1.0,8.03125],"rotation":0,"texture":"#0","tintindex":0},"north":{"uv":[0.5,8.0,0.75,8.03125],"rotation":0,"texture":"#0","tintindex":0},"west":{"uv":[0.25,7.375,1.375,7.40625],"rotation":0,"texture":"#0","tintindex":0},"up":{"uv":[5.0,4.5,4.75,3.375],"rotation":0,"texture":"#0","tintindex":0},"down":{"uv":[4.5,4.75,4.25,5.875],"rotation":0,"texture":"#0","tintindex":0}}},{"from":[15.196165,4.711034,16.756569],"to":[16.399593,4.8181767,21.837713],"rotation":{"angle":0.0,"axis":"y","origin":[0.7025728,0.015322208,6.0717773]},"faces":{"east":{"uv":[7.375,0.25,8.5,0.28125],"rotation":0,"texture":"#0","tintindex":0},"south":{"uv":[1.25,8.0,1.5,8.03125],"rotation":0,"texture":"#0","tintindex":0},"north":{"uv":[1.0,8.0,1.25,8.03125],"rotation":0,"texture":"#0","tintindex":0},"west":{"uv":[7.375,0.375,8.5,0.40625],"rotation":0,"texture":"#0","tintindex":0},"up":{"uv":[4.75,5.875,4.5,4.75],"rotation":0,"texture":"#0","tintindex":0},"down":{"uv":[5.0,4.5,4.75,5.625],"rotation":0,"texture":"#0","tintindex":0}}},{"from":[15.196165,4.711034,21.837713],"to":[16.399593,4.8181767,26.918856],"rotation":{"angle":0.0,"axis":"y","origin":[0.7025728,0.015322208,6.0717773]},"faces":{"east":{"uv":[7.375,0.5,8.5,0.53125],"rotation":0,"texture":"#0","tintindex":0},"south":{"uv":[1.75,8.0,2.0,8.03125],"rotation":0,"texture":"#0","tintindex":0},"north":{"uv":[1.5,8.0,1.75,8.03125],"rotation":0,"texture":"#0","tintindex":0},"west":{"uv":[7.375,0.625,8.5,0.65625],"rotation":0,"texture":"#0","tintindex":0},"up":{"uv":[5.125,1.125,4.875,0.0],"rotation":0,"texture":"#0","tintindex":0},"down":{"uv":[5.125,2.25,4.875,3.375],"rotation":0,"texture":"#0","tintindex":0}}},{"from":[15.196165,4.711034,26.918856],"to":[16.399593,4.8181767,32.0],"rotation":{"angle":0.0,"axis":"y","origin":[0.7025728,0.015322208,6.0717773]},"faces":{"east":{"uv":[1.375,7.375,2.5,7.40625],"rotation":0,"texture":"#0","tintindex":0},"south":{"uv":[2.25,8.0,2.5,8.03125],"rotation":0,"texture":"#0","tintindex":0},"north":{"uv":[2.0,8.0,2.25,8.03125],"rotation":0,"texture":"#0","tintindex":0},"west":{"uv":[7.375,1.375,8.5,1.40625],"rotation":0,"texture":"#0","tintindex":0},"up":{"uv":[3.625,6.0,3.375,4.875],"rotation":0,"texture":"#0","tintindex":0},"down":{"uv":[3.875,4.875,3.625,6.0],"rotation":0,"texture":"#0","tintindex":0}}}],"display":{"head":{"translation":[0.0,-6.4,3.2292557],"scale":[4.0,4.0,4.0]}}}