{"textures":{"0":"mineinabyss:mobs/cyatoria"},"elements":[{"from":[-2.3724365,5.835511,5.0397787],"to":[2.7087069,6.6377974,5.842065],"rotation":{"angle":22.5,"axis":"z","origin":[2.591792,7.3258085,3.568922]},"faces":{"east":{"uv":[7.375,1.5,7.5625,1.6875],"rotation":0,"texture":"#0","tintindex":0},"south":{"uv":[5.375,2.25,6.5,2.4375],"rotation":0,"texture":"#0","tintindex":0},"north":{"uv":[5.375,0.75,6.5,0.9375],"rotation":0,"texture":"#0","tintindex":0},"west":{"uv":[7.375,2.125,7.5625,2.3125],"rotation":0,"texture":"#0","tintindex":0},"up":{"uv":[6.5,2.6875,5.375,2.5],"rotation":0,"texture":"#0","tintindex":0},"down":{"uv":[6.5,2.75,5.375,2.9375],"rotation":0,"texture":"#0","tintindex":0}}},{"from":[-2.3724365,6.2366543,5.5746365],"to":[2.7087069,6.343797,11.725493],"rotation":{"angle":22.5,"axis":"z","origin":[2.591792,7.3258085,3.568922]},"faces":{"east":{"uv":[4.125,7.125,5.46875,7.15625],"rotation":0,"texture":"#0","tintindex":0},"south":{"uv":[7.375,2.375,8.5,2.40625],"rotation":0,"texture":"#0","tintindex":0},"north":{"uv":[7.375,1.75,8.5,1.78125],"rotation":0,"texture":"#0","tintindex":0},"west":{"uv":[7.125,4.75,8.46875,4.78125],"rotation":0,"texture":"#0","tintindex":0},"up":{"uv":[3.375,4.09375,2.25,2.75],"rotation":0,"texture":"#0","tintindex":0},"down":{"uv":[4.375,0.0,3.25,1.34375],"rotation":0,"texture":"#0","tintindex":0}}},{"from":[-1.0630646,4.839777,11.675428],"to":[0.1403637,4.94692,16.75657],"rotation":{"angle":0.0,"axis":"y","origin":[0.91966915,0.14518833,6.0717793]},"faces":{"east":{"uv":[7.375,2.5,8.5,2.53125],"rotation":0,"texture":"#0","tintindex":0},"south":{"uv":[2.75,8.0,3.0,8.03125],"rotation":0,"texture":"#0","tintindex":0},"north":{"uv":[2.5,8.0,2.75,8.03125],"rotation":0,"texture":"#0","tintindex":0},"west":{"uv":[7.375,2.625,8.5,2.65625],"rotation":0,"texture":"#0","tintindex":0},"up":{"uv":[4.125,6.0,3.875,4.875],"rotation":0,"texture":"#0","tintindex":0},"down":{"uv":[5.25,1.125,5.0,2.25],"rotation":0,"texture":"#0","tintindex":0}}},{"from":[-1.0630646,4.8409,16.75657],"to":[0.1403637,4.948043,21.837715],"rotation":{"angle":0.0,"axis":"y","origin":[0.91966915,0.14518833,6.0717793]},"faces":{"east":{"uv":[7.375,2.75,8.5,2.78125],"rotation":0,"texture":"#0","tintindex":0},"south":{"uv":[3.25,8.0,3.5,8.03125],"rotation":0,"texture":"#0","tintindex":0},"north":{"uv":[3.0,8.0,3.25,8.03125],"rotation":0,"texture":"#0","tintindex":0},"west":{"uv":[7.375,3.0,8.5,3.03125],"rotation":0,"texture":"#0","tintindex":0},"up":{"uv":[5.25,4.5,5.0,3.375],"rotation":0,"texture":"#0","tintindex":0},"down":{"uv":[5.25,4.5,5.0,5.625],"rotation":0,"texture":"#0","tintindex":0}}},{"from":[-1.0630646,4.8409,21.837715],"to":[0.1403637,4.948043,26.918856],"rotation":{"angle":0.0,"axis":"y","origin":[0.91966915,0.14518833,6.0717793]},"faces":{"east":{"uv":[7.375,3.125,8.5,3.15625],"rotation":0,"texture":"#0","tintindex":0},"south":{"uv":[3.75,8.0,4.0,8.03125],"rotation":0,"texture":"#0","tintindex":0},"north":{"uv":[3.5,8.0,3.75,8.03125],"rotation":0,"texture":"#0","tintindex":0},"west":{"uv":[7.375,3.25,8.5,3.28125],"rotation":0,"texture":"#0","tintindex":0},"up":{"uv":[5.375,1.125,5.125,0.0],"rotation":0,"texture":"#0","tintindex":0},"down":{"uv":[5.375,2.25,5.125,3.375],"rotation":0,"texture":"#0","tintindex":0}}},{"from":[-1.0630646,4.8409,26.918856],"to":[0.1403637,4.948043,32.0],"rotation":{"angle":0.0,"axis":"y","origin":[0.91966915,0.14518833,6.0717793]},"faces":{"east":{"uv":[7.375,3.375,8.5,3.40625],"rotation":0,"texture":"#0","tintindex":0},"south":{"uv":[4.25,8.0,4.5,8.03125],"rotation":0,"texture":"#0","tintindex":0},"north":{"uv":[4.0,8.0,4.25,8.03125],"rotation":0,"texture":"#0","tintindex":0},"west":{"uv":[3.5,7.375,4.625,7.40625],"rotation":0,"texture":"#0","tintindex":0},"up":{"uv":[5.5,2.25,5.25,1.125],"rotation":0,"texture":"#0","tintindex":0},"down":{"uv":[2.875,5.25,2.625,6.375],"rotation":0,"texture":"#0","tintindex":0}}}],"display":{"head":{"translation":[0.0,-6.4,0.94353485],"scale":[4.0,4.0,4.0]}}}