{"textures":{"0":"mineinabyss:mobs/cyatoria"},"elements":[{"from":[16.870388,4.105968,6.194857],"to":[20.079533,4.9082537,6.997143],"rotation":{"angle":-45.0,"axis":"z","origin":[11.906151,5.596265,4.724]},"faces":{"east":{"uv":[3.25,7.25,3.4375,7.4375],"rotation":0,"texture":"#0","tintindex":0},"south":{"uv":[5.875,3.375,6.5625,3.5625],"rotation":0,"texture":"#0","tintindex":0},"north":{"uv":[5.5,2.0,6.1875,2.1875],"rotation":0,"texture":"#0","tintindex":0},"west":{"uv":[6.125,7.25,6.3125,7.4375],"rotation":0,"texture":"#0","tintindex":0},"up":{"uv":[6.5625,3.8125,5.875,3.625],"rotation":0,"texture":"#0","tintindex":0},"down":{"uv":[6.5625,3.875,5.875,4.0625],"rotation":0,"texture":"#0","tintindex":0}}},{"from":[16.870388,4.5071106,6.3285713],"to":[23.957245,4.6142535,12.479429],"rotation":{"angle":-45.0,"axis":"z","origin":[11.906151,5.596265,4.724]},"faces":{"east":{"uv":[7.125,3.625,8.46875,3.65625],"rotation":0,"texture":"#0","tintindex":0},"south":{"uv":[6.875,2.875,8.4375,2.90625],"rotation":0,"texture":"#0","tintindex":0},"north":{"uv":[6.875,0.875,8.4375,0.90625],"rotation":0,"texture":"#0","tintindex":0},"west":{"uv":[7.125,3.75,8.46875,3.78125],"rotation":0,"texture":"#0","tintindex":0},"up":{"uv":[1.5625,1.34375,0.0,0.0],"rotation":0,"texture":"#0","tintindex":0},"down":{"uv":[1.5625,1.375,0.0,2.71875],"rotation":0,"texture":"#0","tintindex":0}}}],"display":{"head":{"translation":[0.0,-6.4,0.0],"scale":[4.0,4.0,4.0]}}}