{"textures":{"0":"mineinabyss:mobs/cyatoria"},"elements":[{"from":[-7.5790462,4.1450644,6.3285713],"to":[-0.4921894,4.252207,12.479429],"rotation":{"angle":45.0,"axis":"z","origin":[4.472048,5.2342186,4.724]},"faces":{"east":{"uv":[7.125,3.875,8.46875,3.90625],"rotation":0,"texture":"#0","tintindex":0},"south":{"uv":[7.0,1.0,8.5625,1.03125],"rotation":0,"texture":"#0","tintindex":0},"north":{"uv":[6.875,4.125,8.4375,4.15625],"rotation":0,"texture":"#0","tintindex":0},"west":{"uv":[7.125,4.0,8.46875,4.03125],"rotation":0,"texture":"#0","tintindex":0},"up":{"uv":[3.1875,1.34375,1.625,0.0],"rotation":0,"texture":"#0","tintindex":0},"down":{"uv":[3.1875,1.375,1.625,2.71875],"rotation":0,"texture":"#0","tintindex":0}}},{"from":[-3.701333,3.7439213,6.194857],"to":[-0.4921894,4.546207,6.997143],"rotation":{"angle":45.0,"axis":"z","origin":[4.472048,5.2342186,4.724]},"faces":{"east":{"uv":[6.375,7.25,6.5625,7.4375],"rotation":0,"texture":"#0","tintindex":0},"south":{"uv":[6.0,1.0,6.6875,1.1875],"rotation":0,"texture":"#0","tintindex":0},"north":{"uv":[5.875,4.125,6.5625,4.3125],"rotation":0,"texture":"#0","tintindex":0},"west":{"uv":[6.625,7.25,6.8125,7.4375],"rotation":0,"texture":"#0","tintindex":0},"up":{"uv":[6.6875,1.4375,6.0,1.25],"rotation":0,"texture":"#0","tintindex":0},"down":{"uv":[2.0625,6.0,1.375,6.1875],"rotation":0,"texture":"#0","tintindex":0}}}],"display":{"head":{"translation":[0.0,-6.4,0.0],"scale":[4.0,4.0,4.0]}}}