{"textures":{"2":"mineinabyss:entity/mobs/onitsuchi/wings_fly"},"elements":[{"from":[1.8792324,8.915279,7.4707017],"to":[4.69377,8.970251,10.425966],"rotation":{"angle":0.0,"axis":"y","origin":[3.4285712,6.857143,2.8571424]},"faces":{"east":{"uv":[4.0,1.25,4.625,1.3125],"rotation":0,"texture":"#2","tintindex":0},"south":{"uv":[5.875,1.25,6.5,1.3125],"rotation":0,"texture":"#2","tintindex":0},"north":{"uv":[4.625,1.25,5.25,1.3125],"rotation":0,"texture":"#2","tintindex":0},"west":{"uv":[5.25,1.25,5.875,1.3125],"rotation":0,"texture":"#2","tintindex":0},"up":{"uv":[5.25,1.25,4.625,0.625],"rotation":0,"texture":"#2","tintindex":0},"down":{"uv":[5.875,0.625,5.25,1.25],"rotation":0,"texture":"#2","tintindex":0}}},{"from":[1.8792324,8.633825,7.048521],"to":[4.69377,9.0560055,7.4707017],"rotation":{"angle":0.0,"axis":"y","origin":[3.4285712,6.857143,2.8571424]},"faces":{"east":{"uv":[5.375,1.9375,5.4375,2.0],"rotation":0,"texture":"#2","tintindex":0},"south":{"uv":[6.125,1.9375,6.75,2.0],"rotation":0,"texture":"#2","tintindex":0},"north":{"uv":[5.4375,1.9375,6.0625,2.0],"rotation":0,"texture":"#2","tintindex":0},"west":{"uv":[6.0625,1.9375,6.125,2.0],"rotation":0,"texture":"#2","tintindex":0},"up":{"uv":[6.0625,1.9375,5.4375,1.875],"rotation":0,"texture":"#2","tintindex":0},"down":{"uv":[6.6875,1.875,6.0625,1.9375],"rotation":0,"texture":"#2","tintindex":0}}}],"display":{"head":{"translation":[0.0,-6.4,0.0],"scale":[4.0,4.0,4.0]}}}
