{"textures":{"2":"mineinabyss:mobs/onitsuchi/wings_fly"},"elements":[{"from":[11.100515,8.915279,8.04213],"to":[13.915052,8.970251,10.997395],"rotation":{"angle":0.0,"axis":"y","origin":[2.8571424,6.857143,3.4285712]},"faces":{"east":{"uv":[5.875,1.25,5.25,1.3125],"rotation":0,"texture":"#2","tintindex":0},"south":{"uv":[6.5,1.25,5.875,1.3125],"rotation":0,"texture":"#2","tintindex":0},"north":{"uv":[5.25,1.25,4.625,1.3125],"rotation":0,"texture":"#2","tintindex":0},"west":{"uv":[4.625,1.25,4.0,1.3125],"rotation":0,"texture":"#2","tintindex":0},"up":{"uv":[4.625,1.25,5.25,0.625],"rotation":0,"texture":"#2","tintindex":0},"down":{"uv":[5.25,0.625,5.875,1.25],"rotation":0,"texture":"#2","tintindex":0}}},{"from":[11.100515,8.633825,7.61995],"to":[13.915052,9.0560055,8.04213],"rotation":{"angle":0.0,"axis":"y","origin":[2.8571424,6.857143,3.4285712]},"faces":{"east":{"uv":[6.125,1.9375,6.0625,2.0],"rotation":0,"texture":"#2","tintindex":0},"south":{"uv":[6.75,1.9375,6.125,2.0],"rotation":0,"texture":"#2","tintindex":0},"north":{"uv":[6.0625,1.9375,5.4375,2.0],"rotation":0,"texture":"#2","tintindex":0},"west":{"uv":[5.4375,1.9375,5.375,2.0],"rotation":0,"texture":"#2","tintindex":0},"up":{"uv":[5.4375,1.9375,6.0625,1.875],"rotation":0,"texture":"#2","tintindex":0},"down":{"uv":[6.0625,1.875,6.6875,1.9375],"rotation":0,"texture":"#2","tintindex":0}}}],"display":{"head":{"translation":[0.0,-6.4,0.0],"scale":[4.0,4.0,4.0]}}}