{"textures":{"2":"mineinabyss:mobs/onitsuchi/wings_fly"},"elements":[{"from":[-1.7843246,8.9076185,7.7641897],"to":[1.8745737,8.96259,10.297274],"rotation":{"angle":0.0,"axis":"y","origin":[3.4285712,6.857143,2.8571424]},"faces":{"east":{"uv":[4.0,0.5625,4.5625,0.625],"rotation":0,"texture":"#2","tintindex":0},"south":{"uv":[5.9375,0.5625,6.75,0.625],"rotation":0,"texture":"#2","tintindex":0},"north":{"uv":[4.5625,0.5625,5.375,0.625],"rotation":0,"texture":"#2","tintindex":0},"west":{"uv":[5.375,0.5625,5.9375,0.625],"rotation":0,"texture":"#2","tintindex":0},"up":{"uv":[5.375,0.5625,4.5625,0.0],"rotation":0,"texture":"#2","tintindex":0},"down":{"uv":[6.1875,0.0,5.375,0.5625],"rotation":0,"texture":"#2","tintindex":0}}},{"from":[-0.934556,8.628168,7.3348775],"to":[1.879981,9.050348,7.757058],"rotation":{"angle":0.0,"axis":"y","origin":[3.4285712,6.857143,2.8571424]},"faces":{"east":{"uv":[4.0,1.9375,4.0625,2.0],"rotation":0,"texture":"#2","tintindex":0},"south":{"uv":[4.75,1.9375,5.375,2.0],"rotation":0,"texture":"#2","tintindex":0},"north":{"uv":[4.0625,1.9375,4.6875,2.0],"rotation":0,"texture":"#2","tintindex":0},"west":{"uv":[4.6875,1.9375,4.75,2.0],"rotation":0,"texture":"#2","tintindex":0},"up":{"uv":[4.6875,1.9375,4.0625,1.875],"rotation":0,"texture":"#2","tintindex":0},"down":{"uv":[5.3125,1.875,4.6875,1.9375],"rotation":0,"texture":"#2","tintindex":0}}}],"display":{"head":{"translation":[0.0,-6.4,0.0],"scale":[4.0,4.0,4.0]}}}