{"textures":{"0":"modelengine:entity/cyatoria_new"},"elements":[{"from":[19.403282,8.166667,-0.46233654],"to":[26.403282,8.167334,0.5376644],"faces":{"east":{"uv":[1.5,15.75,0.75,16.0],"tintindex":0,"rotation":0,"texture":"#0"},"south":{"uv":[1.25,16.0,1.5,10.75],"tintindex":0,"rotation":90,"texture":"#0"},"north":{"uv":[0.75,10.75,1.0,16.0],"tintindex":0,"rotation":90,"texture":"#0"},"west":{"uv":[1.5,10.75,0.75,11.0],"tintindex":0,"rotation":0,"texture":"#0"},"up":{"uv":[1.5,10.75,0.75,16.0],"tintindex":0,"rotation":270,"texture":"#0"},"down":{"uv":[1.5,16.0,0.75,10.75],"tintindex":0,"rotation":90,"texture":"#0"}},"rotation":{"origin":[-4.9463797,8.233666,-8.028622],"angle":-22.5,"axis":"y"}},{"from":[13.900883,7.866667,7.3305116],"to":[14.900883,7.867333,14.330512],"faces":{"east":{"uv":[0.75,10.75,1.0,16.0],"tintindex":0,"rotation":90,"texture":"#0"},"south":{"uv":[1.5,15.75,0.75,16.0],"tintindex":0,"rotation":0,"texture":"#0"},"north":{"uv":[1.5,10.75,0.75,11.0],"tintindex":0,"rotation":0,"texture":"#0"},"west":{"uv":[1.25,16.0,1.5,10.75],"tintindex":0,"rotation":90,"texture":"#0"},"up":{"uv":[1.5,10.75,0.75,16.0],"tintindex":0,"rotation":0,"texture":"#0"},"down":{"uv":[1.5,16.0,0.75,10.75],"tintindex":0,"rotation":0,"texture":"#0"}},"rotation":{"origin":[14.128496,8.333667,11.885317],"angle":45.0,"axis":"y"}},{"from":[10.056108,8.033334,7.8067894],"to":[11.056108,8.033999,13.140123],"faces":{"east":{"uv":[0.0,12.0,0.25,16.0],"tintindex":0,"rotation":90,"texture":"#0"},"south":{"uv":[0.75,15.75,0.0,16.0],"tintindex":0,"rotation":0,"texture":"#0"},"north":{"uv":[0.75,12.0,0.0,12.25],"tintindex":0,"rotation":0,"texture":"#0"},"west":{"uv":[0.5,16.0,0.75,12.0],"tintindex":0,"rotation":90,"texture":"#0"},"up":{"uv":[0.75,12.0,0.0,16.0],"tintindex":0,"rotation":0,"texture":"#0"},"down":{"uv":[0.75,16.0,0.0,12.0],"tintindex":0,"rotation":0,"texture":"#0"}},"rotation":{"origin":[11.128496,8.333667,11.218651],"angle":45.0,"axis":"y"}},{"from":[22.302204,8.3,-2.2561932],"to":[29.302204,8.300667,-1.2561932],"faces":{"east":{"uv":[1.5,15.75,0.75,16.0],"tintindex":0,"rotation":0,"texture":"#0"},"south":{"uv":[1.25,16.0,1.5,10.75],"tintindex":0,"rotation":90,"texture":"#0"},"north":{"uv":[0.75,10.75,1.0,16.0],"tintindex":0,"rotation":90,"texture":"#0"},"west":{"uv":[1.5,10.75,0.75,11.0],"tintindex":0,"rotation":0,"texture":"#0"},"up":{"uv":[1.5,10.75,0.75,16.0],"tintindex":0,"rotation":270,"texture":"#0"},"down":{"uv":[1.5,16.0,0.75,10.75],"tintindex":0,"rotation":90,"texture":"#0"}},"rotation":{"origin":[-6.114683,8.333667,-10.795162],"angle":-22.5,"axis":"y"}},{"from":[8.0,7.3333335,7.6666665],"to":[19.0,8.333333,8.666667],"faces":{"east":{"uv":[8.25,9.5,7.5,10.25],"tintindex":0,"rotation":0,"texture":"#0"},"south":{"uv":[0.0,10.25,8.25,9.5],"tintindex":0,"rotation":0,"texture":"#0"},"north":{"uv":[8.25,9.5,0.0,10.25],"tintindex":0,"rotation":0,"texture":"#0"},"west":{"uv":[0.75,9.5,0.0,10.25],"tintindex":0,"rotation":0,"texture":"#0"},"up":{"uv":[0.0,9.5,8.25,10.25],"tintindex":0,"rotation":0,"texture":"#0"},"down":{"uv":[0.0,9.5,8.25,10.25],"tintindex":0,"rotation":0,"texture":"#0"}}},{"from":[16.56755,7.933333,6.097178],"to":[17.56755,7.934,13.097178],"faces":{"east":{"uv":[0.75,10.75,1.0,16.0],"tintindex":0,"rotation":90,"texture":"#0"},"south":{"uv":[1.5,15.75,0.75,16.0],"tintindex":0,"rotation":0,"texture":"#0"},"north":{"uv":[1.5,10.75,0.75,11.0],"tintindex":0,"rotation":0,"texture":"#0"},"west":{"uv":[1.25,16.0,1.5,10.75],"tintindex":0,"rotation":90,"texture":"#0"},"up":{"uv":[1.5,10.75,0.75,16.0],"tintindex":0,"rotation":0,"texture":"#0"},"down":{"uv":[1.5,16.0,0.75,10.75],"tintindex":0,"rotation":0,"texture":"#0"}},"rotation":{"origin":[17.795162,8.333667,11.218651],"angle":45.0,"axis":"y"}},{"from":[16.046263,8.3,7.709644],"to":[23.046263,8.300667,8.709643],"faces":{"east":{"uv":[1.5,15.75,0.75,16.0],"tintindex":0,"rotation":0,"texture":"#0"},"south":{"uv":[1.25,16.0,1.5,10.75],"tintindex":0,"rotation":90,"texture":"#0"},"north":{"uv":[0.75,10.75,1.0,16.0],"tintindex":0,"rotation":90,"texture":"#0"},"west":{"uv":[1.5,10.75,0.75,11.0],"tintindex":0,"rotation":0,"texture":"#0"},"up":{"uv":[1.5,10.75,0.75,16.0],"tintindex":0,"rotation":270,"texture":"#0"},"down":{"uv":[1.5,16.0,0.75,10.75],"tintindex":0,"rotation":90,"texture":"#0"}}},{"from":[15.465915,8.2,2.0375066],"to":[20.799248,8.200666,3.0375066],"faces":{"east":{"uv":[0.75,15.75,0.0,16.0],"tintindex":0,"rotation":0,"texture":"#0"},"south":{"uv":[0.5,16.0,0.75,12.0],"tintindex":0,"rotation":90,"texture":"#0"},"north":{"uv":[0.0,12.0,0.25,16.0],"tintindex":0,"rotation":90,"texture":"#0"},"west":{"uv":[0.75,12.0,0.0,12.25],"tintindex":0,"rotation":0,"texture":"#0"},"up":{"uv":[0.75,12.0,0.0,16.0],"tintindex":0,"rotation":270,"texture":"#0"},"down":{"uv":[0.75,16.0,0.0,12.0],"tintindex":0,"rotation":90,"texture":"#0"}},"rotation":{"origin":[-4.9463797,8.233666,-8.028622],"angle":-22.5,"axis":"y"}},{"from":[17.56755,7.933333,7.3305116],"to":[18.56755,7.934,14.330512],"faces":{"east":{"uv":[0.75,10.75,1.0,16.0],"tintindex":0,"rotation":90,"texture":"#0"},"south":{"uv":[1.5,15.75,0.75,16.0],"tintindex":0,"rotation":0,"texture":"#0"},"north":{"uv":[1.5,10.75,0.75,11.0],"tintindex":0,"rotation":0,"texture":"#0"},"west":{"uv":[1.25,16.0,1.5,10.75],"tintindex":0,"rotation":90,"texture":"#0"},"up":{"uv":[1.5,10.75,0.75,16.0],"tintindex":0,"rotation":0,"texture":"#0"},"down":{"uv":[1.5,16.0,0.75,10.75],"tintindex":0,"rotation":0,"texture":"#0"}},"rotation":{"origin":[17.795162,8.333667,11.218651],"angle":45.0,"axis":"y"}},{"from":[15.031422,8.3,0.7742944],"to":[22.031424,8.300667,1.7742944],"faces":{"east":{"uv":[0.75,15.75,0.0,16.0],"tintindex":0,"rotation":0,"texture":"#0"},"south":{"uv":[0.5,16.0,0.75,10.75],"tintindex":0,"rotation":90,"texture":"#0"},"north":{"uv":[0.0,10.75,0.25,16.0],"tintindex":0,"rotation":90,"texture":"#0"},"west":{"uv":[0.75,10.75,0.0,11.0],"tintindex":0,"rotation":0,"texture":"#0"},"up":{"uv":[0.75,10.75,0.0,16.0],"tintindex":0,"rotation":270,"texture":"#0"},"down":{"uv":[0.75,16.0,0.0,10.75],"tintindex":0,"rotation":90,"texture":"#0"}},"rotation":{"origin":[-4.9463797,8.233666,-8.028622],"angle":-22.5,"axis":"y"}},{"from":[10.6,7.9666667,8.933333],"to":[11.6,7.9673333,15.933333],"faces":{"east":{"uv":[0.75,10.75,1.0,16.0],"tintindex":0,"rotation":90,"texture":"#0"},"south":{"uv":[1.5,15.75,0.75,16.0],"tintindex":0,"rotation":0,"texture":"#0"},"north":{"uv":[1.5,10.75,0.75,11.0],"tintindex":0,"rotation":0,"texture":"#0"},"west":{"uv":[1.25,16.0,1.5,10.75],"tintindex":0,"rotation":90,"texture":"#0"},"up":{"uv":[1.5,10.75,0.75,16.0],"tintindex":0,"rotation":0,"texture":"#0"},"down":{"uv":[1.5,16.0,0.75,10.75],"tintindex":0,"rotation":0,"texture":"#0"}},"rotation":{"origin":[7.8333335,8.333667,14.833334],"angle":22.5,"axis":"y"}},{"from":[15.022774,8.133333,8.573456],"to":[16.022774,8.134,13.90679],"faces":{"east":{"uv":[0.75,12.0,1.0,16.0],"tintindex":0,"rotation":90,"texture":"#0"},"south":{"uv":[1.5,15.75,0.75,16.0],"tintindex":0,"rotation":0,"texture":"#0"},"north":{"uv":[1.5,12.0,0.75,12.25],"tintindex":0,"rotation":0,"texture":"#0"},"west":{"uv":[1.25,16.0,1.5,12.0],"tintindex":0,"rotation":90,"texture":"#0"},"up":{"uv":[1.5,12.0,0.75,16.0],"tintindex":0,"rotation":0,"texture":"#0"},"down":{"uv":[1.5,16.0,0.75,12.0],"tintindex":0,"rotation":0,"texture":"#0"}},"rotation":{"origin":[14.128496,8.333667,11.885317],"angle":45.0,"axis":"y"}},{"from":[11.200884,8.333333,7.797178],"to":[12.200884,8.334001,14.797178],"faces":{"east":{"uv":[0.0,10.75,0.25,16.0],"tintindex":0,"rotation":90,"texture":"#0"},"south":{"uv":[0.75,15.75,0.0,16.0],"tintindex":0,"rotation":0,"texture":"#0"},"north":{"uv":[0.75,10.75,0.0,11.0],"tintindex":0,"rotation":0,"texture":"#0"},"west":{"uv":[0.5,16.0,0.75,10.75],"tintindex":0,"rotation":90,"texture":"#0"},"up":{"uv":[0.75,10.75,0.0,16.0],"tintindex":0,"rotation":0,"texture":"#0"},"down":{"uv":[0.75,16.0,0.0,10.75],"tintindex":0,"rotation":0,