{"textures":{"0":"modelengine:entity/gaburoon"},"elements":[{"name":"head_lower_0","from":[10.023827,5.6620884,7.412],"to":[11.733827,7.072088,8.912001],"rotation":{"angle":-45.0,"axis":"z","origin":[10.113827,4.6720877,8.312]},"faces":{"down":{"uv":[0.375,12.8125,0.1875,13.0],"rotation":0,"texture":"#0","tintindex":0},"east":{"uv":[10.8125,7.0625,11.0,7.1875],"rotation":0,"texture":"#0","tintindex":0},"north":{"uv":[10.0625,6.0625,10.25,6.1875],"rotation":0,"texture":"#0","tintindex":0},"south":{"uv":[12.25,4.8125,12.4375,4.9375],"rotation":0,"texture":"#0","tintindex":0},"up":{"uv":[0.1875,13.0,0.0,12.8125],"rotation":0,"texture":"#0","tintindex":0},"west":{"uv":[12.875,8.0,13.0625,8.125],"rotation":0,"texture":"#0","tintindex":0}}},{"name":"head_lower_1","from":[4.2661734,5.6620884,7.412],"to":[5.9761734,7.072088,8.912001],"rotation":{"angle":45.0,"axis":"z","origin":[5.8861732,4.6720877,8.312]},"faces":{"down":{"uv":[3.375,12.8125,3.1875,13.0],"rotation":0,"texture":"#0","tintindex":0},"east":{"uv":[12.875,8.25,13.0625,8.375],"rotation":0,"texture":"#0","tintindex":0},"north":{"uv":[12.875,8.125,13.0625,8.25],"rotation":0,"texture":"#0","tintindex":0},"south":{"uv":[12.875,8.375,13.0625,8.5],"rotation":0,"texture":"#0","tintindex":0},"up":{"uv":[13.0,3.25,12.8125,3.0625],"rotation":0,"texture":"#0","tintindex":0},"west":{"uv":[12.875,8.5,13.0625,8.625],"rotation":0,"texture":"#0","tintindex":0}}},{"name":"head_lower_2","from":[5.90868,3.7120886,6.962],"to":[7.9186797,5.6620884,8.462],"rotation":{"angle":45.0,"axis":"z","origin":[5.8786793,4.6720877,8.312]},"faces":{"down":{"uv":[13.0,0.9375,12.8125,1.125],"rotation":0,"texture":"#0","tintindex":0},"east":{"uv":[12.8125,0.375,13.0,0.5625],"rotation":0,"texture":"#0","tintindex":0},"north":{"uv":[0.375,12.8125,0.5625,13.0],"rotation":0,"texture":"#0","tintindex":0},"south":{"uv":[0.5625,12.8125,0.75,13.0],"rotation":0,"texture":"#0","tintindex":0},"up":{"uv":[13.0,0.9375,12.8125,0.75],"rotation":0,"texture":"#0","tintindex":0},"west":{"uv":[12.8125,0.5625,13.0,0.75],"rotation":0,"texture":"#0","tintindex":0}}},{"name":"head_lower_3","from":[8.081321,3.7120886,6.962],"to":[10.09132,5.6620884,8.462],"rotation":{"angle":-45.0,"axis":"z","origin":[10.121321,4.6720877,8.312]},"faces":{"down":{"uv":[3.1875,12.8125,3.0,13.0],"rotation":0,"texture":"#0","tintindex":0},"east":{"uv":[12.8125,1.4375,13.0,1.625],"rotation":0,"texture":"#0","tintindex":0},"north":{"uv":[12.8125,1.25,13.0,1.4375],"rotation":0,"texture":"#0","tintindex":0},"south":{"uv":[12.8125,1.625,13.0,1.8125],"rotation":0,"texture":"#0","tintindex":0},"up":{"uv":[13.0,2.875,12.8125,2.6875],"rotation":0,"texture":"#0","tintindex":0},"west":{"uv":[12.8125,1.8125,13.0,2.0],"rotation":0,"texture":"#0","tintindex":0}}},{"name":"head_lower_4","from":[3.98,3.3357635,7.502],"to":[11.87,5.4357634,9.002],"rotation":{"angle":0.0,"axis":"x","origin":[8.0,-13.164237,9.752001]},"faces":{"down":{"uv":[12.75,5.6875,11.9375,5.875],"rotation":0,"texture":"#0","tintindex":0},"east":{"uv":[12.625,2.6875,12.8125,2.9375],"rotation":0,"texture":"#0","tintindex":0},"north":{"uv":[11.625,8.4375,12.4375,8.6875],"rotation":0,"texture":"#0","tintindex":0},"south":{"uv":[11.6875,4.0,12.5,4.25],"rotation":0,"texture":"#0","tintindex":0},"up":{"uv":[12.75,1.3125,11.9375,1.125],"rotation":0,"texture":"#0","tintindex":0},"west":{"uv":[2.8125,12.625,3.0,12.875],"rotation":0,"texture":"#0","tintindex":0}}},{"name":"head_lower_5","from":[3.6661732,7.072088,7.5620003],"to":[5.3461733,9.307089,9.062],"rotation":{"angle":45.0,"axis":"z","origin":[5.8861732,4.6720877,8.312]},"faces":{"down":{"uv":[4.5625,12.8125,4.375,13.0],"rotation":0,"texture":"#0","tintindex":0},"east":{"uv":[11.5,12.625,11.6875,12.875],"rotation":0,"texture":"#0","tintindex":0},"north":{"uv":[11.3125,12.625,11.5,12.875],"rotation":0,"texture":"#0","tintindex":0},"south":{"uv":[11.6875,12.625,11.875,12.875],"rotation":0,"texture":"#0","tintindex":0},"up":{"uv":[13.0,3.625,12.8125,3.4375],"rotation":0,"texture":"#0","tintindex":0},"west":{"uv":[12.6875,4.8125,12.875,5.0625],"rotation":0,"texture":"#0","tintindex":0}}},{"name":"head_lower_6","from":[10.653827,7.072088,7.5620003],"to":[12.333827,9.307089,9.062],"rotation":{"angle":-45.0,"axis":"z","origin":[10.113827,4.6720877,8.312]},"faces":{"down":{"uv":[3.5625,12.8125,3.375,13.0],"rotation":0,"texture":"#0","tintindex":0},"east":{"uv":[6.5625,12.625,6.75,12.875],"rotation":0,"texture":"#0","tintindex":0},"north":{"uv":[12.625,3.375,12.8125,3.625],"rotation":0,"texture":"#0","tintindex":0},"south":{"uv":[12.625,7.0,12.8125,7.25],"rotation":0,"texture":"#0","tintindex":0},"up":{"uv":[13.0,3.4375,12.8125,3.25],"rotation":0,"texture":"#0","tintindex":0},"west":{"uv":[12.625,8.625,12.8125,8.875],"rotation":0,"texture":"#0","tintindex":0}}}],"display":{"head":{"translation":[0.0,-6.4,0.0],"rotation":[0.0,0.0,0.0],"scale":[3.8095,3.8095,3.8095]}}}