{"textures":{"0":"modelengine:entity/gaburoon"},"elements":[{"name":"left_foreleg_0","from":[5.675,-1.9750004,5.075],"to":[10.325001,5.6,10.925],"rotation":{"angle":0.0,"axis":"x","origin":[9.481251,7.4375,6.8]},"faces":{"down":{"uv":[6.625,10.875,6.125,11.5],"rotation":0,"texture":"#0","tintindex":0},"east":{"uv":[9.625,9.5625,10.25,10.375],"rotation":0,"texture":"#0","tintindex":0},"north":{"uv":[4.0625,10.3125,4.5625,11.125],"rotation":0,"texture":"#0","tintindex":0},"south":{"uv":[4.5625,10.3125,5.0625,11.125],"rotation":0,"texture":"#0","tintindex":0},"up":{"uv":[11.375,6.6875,10.875,6.0625],"rotation":0,"texture":"#0","tintindex":0},"west":{"uv":[8.75,9.6875,9.375,10.5],"rotation":0,"texture":"#0","tintindex":0}}},{"name":"left_foreleg_1","from":[4.8949995,-1.2550006,6.2749996],"to":[6.995,3.9199996,9.725],"rotation":{"angle":-22.5,"axis":"z","origin":[4.475,1.8124998,8.0]},"faces":{"down":{"uv":[12.6875,9.25,12.4375,9.625],"rotation":0,"texture":"#0","tintindex":0},"east":{"uv":[11.6875,3.4375,12.0625,4.0],"rotation":0,"texture":"#0","tintindex":0},"north":{"uv":[7.3125,12.1875,7.5625,12.75],"rotation":0,"texture":"#0","tintindex":0},"south":{"uv":[7.5625,12.1875,7.8125,12.75],"rotation":0,"texture":"#0","tintindex":0},"up":{"uv":[12.6875,9.25,12.4375,8.875],"rotation":0,"texture":"#0","tintindex":0},"west":{"uv":[9.0625,11.6875,9.4375,12.25],"rotation":0,"texture":"#0","tintindex":0}}},{"name":"left_foreleg_2","from":[6.2749996,-1.3750005,3.8749998],"to":[9.725,3.7999997,6.125],"rotation":{"angle":22.5,"axis":"x","origin":[8.0,0.91249967,4.1]},"faces":{"down":{"uv":[12.8125,9.875,12.4375,10.125],"rotation":0,"texture":"#0","tintindex":0},"east":{"uv":[7.8125,12.1875,8.0625,12.75],"rotation":0,"texture":"#0","tintindex":0},"north":{"uv":[8.0625,11.75,8.4375,12.3125],"rotation":0,"texture":"#0","tintindex":0},"south":{"uv":[9.4375,11.75,9.8125,12.3125],"rotation":0,"texture":"#0","tintindex":0},"up":{"uv":[12.8125,9.875,12.4375,9.625],"rotation":0,"texture":"#0","tintindex":0},"west":{"uv":[12.1875,9.8125,12.4375,10.375],"rotation":0,"texture":"#0","tintindex":0}}},{"name":"left_foreleg_3","from":[6.2749996,-2.7250004,9.575001],"to":[9.725,2.4499998,11.825],"rotation":{"angle":-22.5,"axis":"x","origin":[8.0,0.91249967,8.3]},"faces":{"down":{"uv":[12.8125,10.375,12.4375,10.625],"rotation":0,"texture":"#0","tintindex":0},"east":{"uv":[12.1875,10.375,12.4375,10.9375],"rotation":0,"texture":"#0","tintindex":0},"north":{"uv":[9.8125,11.75,10.1875,12.3125],"rotation":0,"texture":"#0","tintindex":0},"south":{"uv":[10.1875,11.75,10.5625,12.3125],"rotation":0,"texture":"#0","tintindex":0},"up":{"uv":[12.8125,10.375,12.4375,10.125],"rotation":0,"texture":"#0","tintindex":0},"west":{"uv":[10.5625,12.1875,10.8125,12.75],"rotation":0,"texture":"#0","tintindex":0}}}],"display":{"head":{"translation":[0.0,-6.4,0.0],"rotation":[0.0,0.0,0.0],"scale":[3.8095,3.8095,3.8095]}}}