{"textures":{"0":"modelengine:entity/gaburoon"},"elements":[{"name":"left_arm_0","from":[3.0499997,-1.0224996,5.4425],"to":[8.165,5.3299994,10.5575],"rotation":{"angle":0.0,"axis":"x","origin":[11.196875,-6.50875,6.6800003]},"faces":{"down":{"uv":[11.375,4.125,10.8125,4.6875],"rotation":0,"texture":"#0","tintindex":0},"east":{"uv":[10.5625,2.25,11.125,2.9375],"rotation":0,"texture":"#0","tintindex":0},"north":{"uv":[8.75,10.5,9.3125,11.1875],"rotation":0,"texture":"#0","tintindex":0},"south":{"uv":[5.5625,10.5625,6.125,11.25],"rotation":0,"texture":"#0","tintindex":0},"up":{"uv":[11.375,4.125,10.8125,3.5625],"rotation":0,"texture":"#0","tintindex":0},"west":{"uv":[10.5625,10.375,11.125,11.0625],"rotation":0,"texture":"#0","tintindex":0}}},{"name":"left_arm_1","from":[4.31,-4.8625,6.2525],"to":[6.9049997,2.6900008,9.297501],"rotation":{"angle":0.0,"axis":"x","origin":[11.196875,-6.50875,6.6800003]},"faces":{"down":{"uv":[9.0,9.375,8.75,9.6875],"rotation":0,"texture":"#0","tintindex":0},"east":{"uv":[7.375,8.0625,7.6875,8.875],"rotation":0,"texture":"#0","tintindex":0},"north":{"uv":[8.4375,11.75,8.6875,12.5625],"rotation":0,"texture":"#0","tintindex":0},"south":{"uv":[6.625,11.8125,6.875,12.625],"rotation":0,"texture":"#0","tintindex":0},"up":{"uv":[1.4375,7.9375,1.1875,7.625],"rotation":0,"texture":"#0","tintindex":0},"west":{"uv":[8.75,11.1875,9.0625,12.0],"rotation":0,"texture":"#0","tintindex":0}}}],"display":{"head":{"translation":[0.0,-6.4,0.0],"rotation":[0.0,0.0,0.0],"scale":[3.8095,3.8095,3.8095]}}}