{"textures":{"0":"minecraft:creatures/chimokami/chimokami_head","1":"minecraft:creatures/chimokami/chimokami_body","2":"minecraft:creatures/chimokami/chimokami_tail","3":"minecraft:creatures/chimokami/chimokami_leg"},"elements":[{"name":"cube","from":[6.9416,5.741,-0.061000586],"to":[9.0584,7.8578,1.2325996],"rotation":{"angle":0.0,"axis":"x","origin":[8.0,5.291174,8.729048]},"faces":{"down":{"uv":[7.66667,0.33333,4.66667,2.0],"rotation":0,"texture":"#0","tintindex":0},"east":{"uv":[0.0,2.0,1.66667,5.0],"rotation":0,"texture":"#0","tintindex":0},"north":{"uv":[1.66667,2.0,4.66667,5.0],"rotation":0,"texture":"#0","tintindex":0},"south":{"uv":[6.33333,2.0,9.33333,5.0],"rotation":0,"texture":"#0","tintindex":0},"up":{"uv":[4.66667,2.0,1.66667,0.33333],"rotation":0,"texture":"#0","tintindex":0},"west":{"uv":[4.66667,2.0,6.33333,5.0],"rotation":0,"texture":"#0","tintindex":0}}},{"name":"cube","from":[7.0592003,5.741,-0.5314002],"to":[8.9408,7.7402,-0.061000586],"rotation":{"angle":0.0,"axis":"x","origin":[8.0,5.291174,8.729048]},"faces":{"down":{"uv":[13.33333,7.66667,10.66667,8.33333],"rotation":0,"texture":"#0","tintindex":0},"east":{"uv":[7.33333,8.33333,8.0,11.0],"rotation":0,"texture":"#0","tintindex":0},"north":{"uv":[8.0,8.33333,10.66667,11.0],"rotation":0,"texture":"#0","tintindex":0},"south":{"uv":[11.33333,8.33333,14.0,11.0],"rotation":0,"texture":"#0","tintindex":0},"up":{"uv":[10.66667,8.33333,8.0,7.66667],"rotation":0,"texture":"#0","tintindex":0},"west":{"uv":[10.66667,8.33333,11.33333,11.0],"rotation":0,"texture":"#0","tintindex":0}}},{"name":"cube","from":[7.788794,7.571684,0.5269997],"to":[8.611994,8.865284,0.6445999],"rotation":{"angle":22.5,"axis":"z","origin":[8.0,5.291174,8.729048]},"faces":{"down":{"uv":[9.66667,0.0,8.66667,0.0],"rotation":0,"texture":"#0","tintindex":0},"east":{"uv":[7.66667,0.0,7.66667,1.66667],"rotation":0,"texture":"#0","tintindex":0},"north":{"uv":[7.66667,0.0,8.66667,1.66667],"rotation":0,"texture":"#0","tintindex":0},"south":{"uv":[8.66667,0.0,9.66667,1.66667],"rotation":0,"texture":"#0","tintindex":0},"up":{"uv":[8.66667,0.0,7.66667,0.0],"rotation":0,"texture":"#0","tintindex":0},"west":{"uv":[8.66667,0.0,8.66667,1.66667],"rotation":0,"texture":"#0","tintindex":0}}},{"name":"cube","from":[7.388006,7.571684,0.5269997],"to":[8.211206,8.865284,0.6445999],"rotation":{"angle":-22.5,"axis":"z","origin":[8.0,5.291174,8.729048]},"faces":{"down":{"uv":[8.66667,0.0,9.66667,0.0],"rotation":0,"texture":"#0","tintindex":0},"east":{"uv":[8.66667,0.0,8.66667,1.66667],"rotation":0,"texture":"#0","tintindex":0},"north":{"uv":[8.66667,0.0,7.66667,1.66667],"rotation":0,"texture":"#0","tintindex":0},"south":{"uv":[9.66667,0.0,8.66667,1.66667],"rotation":0,"texture":"#0","tintindex":0},"up":{"uv":[7.66667,0.0,8.66667,0.0],"rotation":0,"texture":"#0","tintindex":0},"west":{"uv":[7.66667,0.0,7.66667,1.66667],"rotation":0,"texture":"#0","tintindex":0}}}],"display":{"head":{"translation":[0.0,-6.4,0.0],"rotation":[0.0,0.0,0.0],"scale":[3.8095,3.8095,3.8095]}}}