{"textures":{"2":"mineinabyss:mobs/okibo/okibo_ext","6":"mineinabyss:mobs/okibo/okibo_saddle"},"elements":[{"from":[12.808958,20.653713,18.111544],"to":[25.527044,23.379015,19.019972],"rotation":{"angle":0.0,"axis":"y","origin":[8.0,-2.0571432,7.0857143]},"faces":{"east":{"uv":[13.25,9.75,14.25,11.0],"rotation":0,"texture":"#6","tintindex":0},"south":{"uv":[13.25,7.25,14.25,14.25],"rotation":90,"texture":"#6","tintindex":0},"north":{"uv":[13.25,7.25,14.25,14.25],"rotation":90,"texture":"#6","tintindex":0},"west":{"uv":[13.25,8.25,14.25,9.5],"rotation":0,"texture":"#6","tintindex":0},"up":{"uv":[13.25,7.5,14.25,14.0],"rotation":90,"texture":"#6","tintindex":0},"down":{"uv":[13.25,7.25,14.25,14.25],"rotation":90,"texture":"#6","tintindex":0}}},{"from":[11.900529,17.928415,26.287458],"to":[26.43547,20.653713,27.195887],"rotation":{"angle":0.0,"axis":"y","origin":[8.0,-2.0571432,7.0857143]},"faces":{"east":{"uv":[13.25,7.5,14.25,8.75],"rotation":0,"texture":"#6","tintindex":0},"south":{"uv":[13.25,7.25,14.25,14.25],"rotation":90,"texture":"#6","tintindex":0},"north":{"uv":[13.25,7.25,14.25,14.25],"rotation":90,"texture":"#6","tintindex":0},"west":{"uv":[13.25,7.75,14.25,9.0],"rotation":0,"texture":"#6","tintindex":0},"up":{"uv":[13.25,7.5,14.25,14.0],"rotation":90,"texture":"#6","tintindex":0},"down":{"uv":[13.25,7.25,14.25,14.25],"rotation":0,"texture":"#6","tintindex":0}}},{"from":[9.175228,16.111544,26.287458],"to":[29.160772,17.928415,27.195887],"rotation":{"angle":0.0,"axis":"y","origin":[8.0,-2.0571432,7.0857143]},"faces":{"east":{"uv":[13.25,12.75,14.25,14.0],"rotation":0,"texture":"#6","tintindex":0},"south":{"uv":[13.25,7.5,14.25,14.0],"rotation":0,"texture":"#6","tintindex":0},"north":{"uv":[13.25,7.5,14.25,14.0],"rotation":0,"texture":"#6","tintindex":0},"west":{"uv":[13.25,12.75,14.25,14.0],"rotation":0,"texture":"#6","tintindex":0},"up":{"uv":[13.25,7.75,14.25,13.75],"rotation":90,"texture":"#6","tintindex":0},"down":{"uv":[13.25,7.5,14.25,14.0],"rotation":0,"texture":"#6","tintindex":0}}},{"from":[7.358357,7.0271997,26.287458],"to":[30.977644,16.111544,27.195887],"rotation":{"angle":0.0,"axis":"y","origin":[8.0,-2.0571432,7.0857143]},"faces":{"east":{"uv":[13.25,7.25,14.25,14.25],"rotation":0,"texture":"#6","tintindex":0},"south":{"uv":[13.25,7.25,14.25,14.25],"rotation":0,"texture":"#6","tintindex":0},"north":{"uv":[13.25,7.25,14.25,14.25],"rotation":0,"texture":"#6","tintindex":0},"west":{"uv":[13.25,7.25,14.25,14.25],"rotation":0,"texture":"#6","tintindex":0},"up":{"uv":[13.25,7.5,14.25,14.0],"rotation":90,"texture":"#6","tintindex":0},"down":{"uv":[13.25,7.5,14.25,14.0],"rotation":270,"texture":"#6","tintindex":0}}},{"from":[12.808958,20.653713,26.287458],"to":[25.527044,23.379015,27.195887],"rotation":{"angle":0.0,"axis":"y","origin":[8.0,-2.0571432,7.0857143]},"faces":{"east":{"uv":[13.25,8.75,14.25,10.0],"rotation":0,"texture":"#6","tintindex":0},"south":{"uv":[13.25,7.25,14.25,14.25],"rotation":90,"texture":"#6","tintindex":0},"north":{"uv":[13.25,7.25,14.25,14.25],"rotation":90,"texture":"#6","tintindex":0},"west":{"uv":[13.25,9.0,14.25,10.25],"rotation":0,"texture":"#6","tintindex":0},"up":{"uv":[13.25,7.5,14.25,14.0],"rotation":90,"texture":"#6","tintindex":0},"down":{"uv":[13.25,7.25,14.25,14.25],"rotation":0,"texture":"#6","tintindex":0}}},{"from":[11.900529,17.928415,18.111544],"to":[26.43547,20.653713,19.019972],"rotation":{"angle":0.0,"axis":"y","origin":[8.0,-2.0571432,7.0857143]},"faces":{"east":{"uv":[13.25,7.5,14.25,8.75],"rotation":0,"texture":"#6","tintindex":0},"south":{"uv":[13.25,7.25,14.25,14.25],"rotation":90,"texture":"#6","tintindex":0},"north":{"uv":[13.25,7.25,14.25,14.25],"rotation":90,"texture":"#6","tintindex":0},"west":{"uv":[13.25,7.5,14.25,8.75],"rotation":0,"texture":"#6","tintindex":0},"up":{"uv":[13.25,7.5,14.25,13.75],"rotation":90,"texture":"#6","tintindex":0},"down":{"uv":[13.25,7.25,14.25,14.25],"rotation":0,"texture":"#6","tintindex":0}}},{"from":[9.175228,16.111544,18.111544],"to":[29.160772,17.928415,19.019972],"rotation":{"angle":0.0,"axis":"y","origin":[8.0,-2.0571432,7.0857143]},"faces":{"east":{"uv":[13.25,12.75,14.25,14.0],"rotation":0,"texture":"#6","tintindex":0},"south":{"uv":[13.25,7.25,14.25,14.25],"rotation":0,"texture":"#6","tintindex":0},"north":{"uv":[13.25,7.25,14.25,14.25],"rotation":0,"texture":"#6","tintindex":0},"west":{"uv":[13.25,12.75,14.25,14.0],"rotation":0,"texture":"#6","tintindex":0},"up":{"uv":[13.25,7.5,14.25,14.0],"rotation":90,"texture":"#6","tintindex":0},"down":{"uv":[13.25,7.25,14.25,14.25],"rotation":0,"texture":"#6","tintindex":0}}},{"from":[7.358357,7.0271997,18.111544],"to":[30.977644,16.111544,19.019972],"rotation":{"angle":0.0,"axis":"y","origin":[8.0,-2.0571432,7.0857143]},"faces":{"east":{"uv":[13.25,7.25,14.25,14.25],"rotation":0,"texture":"#6","tintindex":0},"south":{"uv":[13.25,7.25,14.25,14.25],"rotation":0,"texture":"#6","tintindex":0},"north":{"uv":[13.25,7.25,14.25,14.25],"rotation":0,"texture":"#6","tintindex":0},"west":{"uv":[13.25,7.25,14.25,14.25],"rotation":0,"texture":"#6","tintindex":0},"up":{"uv":[13.25,7.5,14.25,14.0],"rotation":90,"texture":"#6","tintindex":0},"down":{"uv":[13.25,7.5,14.25,14.0],"rotation":270,"texture":"#6","tintindex":0}}},{"from":[7.784186,7.9356284,16.663729],"to":[10.310772,15.2031145,29.381802],"rotation":{"angle":0.0,"axis":"y","origin":[8.0,-2.0571432,7.0857143]},"faces":{"east":{"uv":[12.0,8.0,6.0,11.0],"rotation":0,"texture":"#2","tintindex":0},"south":{"uv":[12.5,8.0,13.5,11.0],"rotation":0,"texture":"#2","tintindex":0},"north":{"uv":[12.5,8.0,13.5,11.0],"rotation":0,"texture":"#2","tintindex":0},"west":{"uv":[6.0,8.0,12.0,11.0],"rotation":0,"texture":"#2","tintindex":0},"up":{"uv":[6.0,11.5,12.0,12.5],"rotation":90,"texture":"#2","tintindex":0},"down":{"uv":[6.0,11.5,12.0,12.5],"rotation":270,"texture":"#2","tintindex":0}}},{"from":[28.02523,7.9356284,16.663729],"to":[30.551815,15.2031145,29.381802],"rotation":{"angle":0.0,"axis":"y","origin":[8.0,-2.0571432,7.0857143]},"faces":{"east":{"uv":[12.0,8.0,6.0,11.0],"rotation":0,"texture":"#2","tintindex":0},"south":{"uv":[12.5,8.0,13.5,11.0],"rotation":0,"texture":"#2","tintindex":0},"north":{"uv":[12.5,8.0,13.5,11.0],"rotation":0,"texture":"#2","tintindex":0},"west":{"uv":[6.0,8.0,12.0,11.0],"rotation":0,"texture":"#2","tintindex":0},"up":{"uv":[6.0,11.5,12.0,12.5],"rotation":90,"texture":"#2","tintindex":0},"down":{"uv":[6.0,11.5,12.0,12.5],"rotation":270,"texture":"#2","tintindex":0}}}],"display":{"head":{"translation":[0.0,-6.4,0.0],"scale":[4.0,4.0,4.0]}}}