{"textures":{"0":"mineinabyss:entity/mobs/splitjaw"},"elements":[{"from":[10.331794,6.6750093,7.272671],"to":[15.474651,7.189295,21.329815],"rotation":{"angle":-22.5,"axis":"y","origin":[16.443771,2.171719,-6.8364973]},"faces":{"east":{"uv":[13.75,4.75,15.03125,4.78125],"rotation":0,"texture":"#0","tintindex":0},"south":{"uv":[13.25,14.0,13.625,14.03125],"rotation":0,"texture":"#0","tintindex":0},"north":{"uv":[14.0,13.0,14.375,13.03125],"rotation":0,"texture":"#0","tintindex":0},"west":{"uv":[13.75,5.5,15.03125,5.53125],"rotation":0,"texture":"#0","tintindex":0},"up":{"uv":[9.625,12.03125,9.25,10.75],"rotation":0,"texture":"#0","tintindex":0},"down":{"uv":[11.125,9.5,10.75,10.78125],"rotation":0,"texture":"#0","tintindex":0}}},{"from":[5.0969486,7.189295,5.21227],"to":[17.954092,8.217867,20.949413],"rotation":{"angle":-22.5,"axis":"y","origin":[16.443771,2.171719,-6.8364973]},"faces":{"east":{"uv":[6.0,13.25,7.15625,13.3125],"rotation":0,"texture":"#0","tintindex":0},"south":{"uv":[2.75,13.5,3.6875,13.5625],"rotation":0,"texture":"#0","tintindex":0},"north":{"uv":[1.75,13.5,2.6875,13.5625],"rotation":0,"texture":"#0","tintindex":0},"west":{"uv":[13.25,6.75,14.40625,6.8125],"rotation":0,"texture":"#0","tintindex":0},"up":{"uv":[6.6875,6.90625,5.75,5.75],"rotation":0,"texture":"#0","tintindex":0},"down":{"uv":[0.9375,6.0,0.0,7.15625],"rotation":0,"texture":"#0","tintindex":0}}},{"from":[-10.853073,6.846438,4.501495],"to":[0.9754982,8.389295,15.50721],"rotation":{"angle":22.5,"axis":"y","origin":[16.443771,2.171719,-6.8364973]},"faces":{"east":{"uv":[13.0,10.25,13.8125,10.375],"rotation":0,"texture":"#0","tintindex":0},"south":{"uv":[8.0,13.0,8.875,13.125],"rotation":0,"texture":"#0","tintindex":0},"north":{"uv":[7.0,13.0,7.875,13.125],"rotation":0,"texture":"#0","tintindex":0},"west":{"uv":[10.5,13.0,11.3125,13.125],"rotation":0,"texture":"#0","tintindex":0},"up":{"uv":[4.875,10.0625,4.0,9.25],"rotation":0,"texture":"#0","tintindex":0},"down":{"uv":[5.875,9.25,5.0,10.0625],"rotation":0,"texture":"#0","tintindex":0}}}],"display":{"head":{"translation":[0.0,-6.4,0.0],"scale":[4.0,4.0,4.0]}}}
