{"textures":{"0":"mineinabyss:mobs/splitjaw"},"elements":[{"from":[-0.015451431,1.5359998,9.447543],"to":[15.859109,14.738743,25.736],"rotation":{"angle":0.0,"axis":"y","origin":[8.0,3.6,-21.914286]},"faces":{"east":{"uv":[4.5,3.5,5.6875,4.46875],"rotation":0,"texture":"#0","tintindex":0},"south":{"uv":[1.25,5.0,2.40625,5.96875],"rotation":0,"texture":"#0","tintindex":0},"north":{"uv":[0.0,5.0,1.15625,5.96875],"rotation":0,"texture":"#0","tintindex":0},"west":{"uv":[4.0,4.5,5.1875,5.46875],"rotation":0,"texture":"#0","tintindex":0},"up":{"uv":[1.15625,4.9375,0.0,3.75],"rotation":0,"texture":"#0","tintindex":0},"down":{"uv":[2.40625,3.75,1.25,4.9375],"rotation":0,"texture":"#0","tintindex":0}}},{"from":[2.0416913,0.50742817,8.5904],"to":[13.801966,15.767315,24.878859],"rotation":{"angle":0.0,"axis":"y","origin":[8.0,3.6,-21.914286]},"faces":{"east":{"uv":[4.25,0.0,5.4375,1.125],"rotation":0,"texture":"#0","tintindex":0},"south":{"uv":[7.25,7.0,8.09375,8.125],"rotation":0,"texture":"#0","tintindex":0},"north":{"uv":[0.0,7.25,0.84375,8.375],"rotation":0,"texture":"#0","tintindex":0},"west":{"uv":[4.25,1.25,5.4375,2.375],"rotation":0,"texture":"#0","tintindex":0},"up":{"uv":[7.59375,2.1875,6.75,1.0],"rotation":0,"texture":"#0","tintindex":0},"down":{"uv":[4.34375,6.75,3.5,7.9375],"rotation":0,"texture":"#0","tintindex":0}}},{"from":[-2.0725956,3.5931425,9.447543],"to":[17.916252,12.681601,25.736],"rotation":{"angle":0.0,"axis":"y","origin":[8.0,3.6,-21.914286]},"faces":{"east":{"uv":[8.5,2.0,9.6875,2.65625],"rotation":0,"texture":"#0","tintindex":0},"south":{"uv":[4.5,7.0,5.96875,7.65625],"rotation":0,"texture":"#0","tintindex":0},"north":{"uv":[7.0,3.25,8.46875,3.90625],"rotation":0,"texture":"#0","tintindex":0},"west":{"uv":[2.25,8.5,3.4375,9.15625],"rotation":0,"texture":"#0","tintindex":0},"up":{"uv":[1.46875,1.1875,0.0,0.0],"rotation":0,"texture":"#0","tintindex":0},"down":{"uv":[1.46875,1.25,0.0,2.4375],"rotation":0,"texture":"#0","tintindex":0}}}],"display":{"head":{"translation":[0.0,-6.4,0.0],"scale":[4.0,4.0,4.0]}}}