{"textures":{"0":"mineinabyss:mobs/splitjaw"},"elements":[{"from":[-1.4472237,3.5376277,5.8021793],"to":[17.290882,10.861056,19.724922],"rotation":{"angle":0.0,"axis":"y","origin":[8.0,3.0285711,-41.485714]},"faces":{"east":{"uv":[10.75,0.75,11.75,1.28125],"rotation":0,"texture":"#0","tintindex":0},"south":{"uv":[9.0,4.5,10.375,5.03125],"rotation":0,"texture":"#0","tintindex":0},"north":{"uv":[9.0,3.75,10.375,4.28125],"rotation":0,"texture":"#0","tintindex":0},"west":{"uv":[10.75,1.5,11.75,2.03125],"rotation":0,"texture":"#0","tintindex":0},"up":{"uv":[4.375,3.5,3.0,2.5],"rotation":0,"texture":"#0","tintindex":0},"down":{"uv":[4.375,3.5,3.0,4.5],"rotation":0,"texture":"#0","tintindex":0}}},{"from":[0.60991955,1.480485,5.8021793],"to":[15.233738,12.9182,19.724922],"rotation":{"angle":0.0,"axis":"y","origin":[8.0,3.0285711,-41.485714]},"faces":{"east":{"uv":[7.75,0.0,8.75,0.84375],"rotation":0,"texture":"#0","tintindex":0},"south":{"uv":[2.25,7.5,3.3125,8.34375],"rotation":0,"texture":"#0","tintindex":0},"north":{"uv":[7.25,2.25,8.3125,3.09375],"rotation":0,"texture":"#0","tintindex":0},"west":{"uv":[7.75,1.0,8.75,1.84375],"rotation":0,"texture":"#0","tintindex":0},"up":{"uv":[6.8125,4.5,5.75,3.5],"rotation":0,"texture":"#0","tintindex":0},"down":{"uv":[2.0625,6.0,1.0,7.0],"rotation":0,"texture":"#0","tintindex":0}}},{"from":[2.6670628,0.45191336,3.573608],"to":[13.176595,13.946772,18.010637],"rotation":{"angle":0.0,"axis":"y","origin":[8.0,3.0285711,-41.485714]},"faces":{"east":{"uv":[6.5,0.0,7.5625,0.96875],"rotation":0,"texture":"#0","tintindex":0},"south":{"uv":[1.0,8.75,1.78125,9.71875],"rotation":0,"texture":"#0","tintindex":0},"north":{"uv":[8.75,0.75,9.53125,1.71875],"rotation":0,"texture":"#0","tintindex":0},"west":{"uv":[2.25,6.5,3.3125,7.46875],"rotation":0,"texture":"#0","tintindex":0},"up":{"uv":[9.03125,6.5625,8.25,5.5],"rotation":0,"texture":"#0","tintindex":0},"down":{"uv":[7.53125,8.25,6.75,9.3125],"rotation":0,"texture":"#0","tintindex":0}}}],"display":{"head":{"translation":[0.0,-6.4,0.0],"scale":[4.0,4.0,4.0]}}}