{"textures":{"0":"mineinabyss:entity/mobs/splitjaw"},"elements":[{"from":[4.20992,2.2798467,5.7331233],"to":[11.222309,12.791847,16.467297],"rotation":{"angle":0.0,"axis":"y","origin":[8.0,3.6282873,-65.00563]},"faces":{"east":{"uv":[9.75,8.25,10.53125,9.03125],"rotation":0,"texture":"#0","tintindex":0},"south":{"uv":[11.25,9.5,11.75,10.28125],"rotation":0,"texture":"#0","tintindex":0},"north":{"uv":[6.25,11.25,6.75,12.03125],"rotation":0,"texture":"#0","tintindex":0},"west":{"uv":[8.75,9.75,9.53125,10.53125],"rotation":0,"texture":"#0","tintindex":0},"up":{"uv":[1.0,12.28125,0.5,11.5],"rotation":0,"texture":"#0","tintindex":0},"down":{"uv":[1.5,11.5,1.0,12.28125],"rotation":0,"texture":"#0","tintindex":0}}},{"from":[0.09563398,4.8512754,7.447409],"to":[15.336595,9.706133,17.667295],"rotation":{"angle":0.0,"axis":"y","origin":[8.0,3.6282873,-65.00563]},"faces":{"east":{"uv":[3.0,12.25,3.75,12.59375],"rotation":0,"texture":"#0","tintindex":0},"south":{"uv":[6.75,11.5,7.875,11.84375],"rotation":0,"texture":"#0","tintindex":0},"north":{"uv":[11.25,10.5,12.375,10.84375],"rotation":0,"texture":"#0","tintindex":0},"west":{"uv":[12.25,8.0,13.0,8.34375],"rotation":0,"texture":"#0","tintindex":0},"up":{"uv":[5.625,8.5,4.5,7.75],"rotation":0,"texture":"#0","tintindex":0},"down":{"uv":[2.125,8.0,1.0,8.75],"rotation":0,"texture":"#0","tintindex":0}}},{"from":[2.1527767,2.7941322,7.447409],"to":[13.279451,11.763275,18.181581],"rotation":{"angle":0.0,"axis":"y","origin":[8.0,3.6282873,-65.00563]},"faces":{"east":{"uv":[7.0,10.75,7.78125,11.40625],"rotation":0,"texture":"#0","tintindex":0},"south":{"uv":[0.5,10.75,1.3125,11.40625],"rotation":0,"texture":"#0","tintindex":0},"north":{"uv":[10.5,4.0,11.3125,4.65625],"rotation":0,"texture":"#0","tintindex":0},"west":{"uv":[10.75,7.25,11.53125,7.90625],"rotation":0,"texture":"#0","tintindex":0},"up":{"uv":[10.5625,2.53125,9.75,1.75],"rotation":0,"texture":"#0","tintindex":0},"down":{"uv":[10.5625,7.25,9.75,8.03125],"rotation":0,"texture":"#0","tintindex":0}}}],"display":{"head":{"translation":[0.0,-6.4,0.0],"scale":[4.0,4.0,4.0]}}}
