{"textures":{"0":"modelengine:entity/stingerhead"},"elements":[{"from":[7.277737,23.501785,1.586894],"to":[8.019955,24.491407,6.5350084],"rotation":{"angle":-45.0,"axis":"x","origin":[-1.3506746,23.531681,25.720472]},"faces":{"east":{"uv":[13.375,10.75,13.625,10.875],"rotation":0,"texture":"#0","tintindex":0},"south":{"uv":[1.25,14.625,1.375,14.75],"rotation":0,"texture":"#0","tintindex":0},"north":{"uv":[14.625,1.0,14.75,1.125],"rotation":0,"texture":"#0","tintindex":0},"west":{"uv":[13.375,11.0,13.625,11.125],"rotation":0,"texture":"#0","tintindex":0},"up":{"uv":[12.625,13.625,12.5,13.375],"rotation":0,"texture":"#0","tintindex":0},"down":{"uv":[12.875,13.375,12.75,13.625],"rotation":0,"texture":"#0","tintindex":0}}},{"from":[7.980046,7.059316,4.5878773],"to":[8.722263,7.851019,7.2598543],"rotation":{"angle":0.0,"axis":"y","origin":[-1.3506746,23.531681,25.720472]},"faces":{"east":{"uv":[5.5,14.25,5.625,14.375],"rotation":0,"texture":"#0","tintindex":0},"south":{"uv":[1.75,14.625,1.875,14.75],"rotation":0,"texture":"#0","tintindex":0},"north":{"uv":[1.5,14.625,1.625,14.75],"rotation":0,"texture":"#0","tintindex":0},"west":{"uv":[6.625,14.25,6.75,14.375],"rotation":0,"texture":"#0","tintindex":0},"up":{"uv":[14.375,7.125,14.25,7.0],"rotation":0,"texture":"#0","tintindex":0},"down":{"uv":[14.375,7.875,14.25,8.0],"rotation":0,"texture":"#0","tintindex":0}}}],"display":{"head":{"translation":[0.0,-6.4,0.0],"scale":[4.0,4.0,4.0]}}}