{"textures":{"0":"modelengine:entity/stingerhead"},"elements":[{"from":[17.38236,14.754927,7.2079544],"to":[18.728258,20.356205,9.2267885],"rotation":{"angle":-45.0,"axis":"z","origin":[5.400897,22.38055,12.828366]},"faces":{"east":{"uv":[10.25,11.875,10.375,12.25],"rotation":0,"texture":"#0","tintindex":0},"south":{"uv":[3.75,13.25,3.875,13.625],"rotation":0,"texture":"#0","tintindex":0},"north":{"uv":[3.5,13.25,3.625,13.625],"rotation":0,"texture":"#0","tintindex":0},"west":{"uv":[0.0,12.0,0.125,12.375],"rotation":0,"texture":"#0","tintindex":0},"up":{"uv":[14.625,10.5,14.5,10.375],"rotation":0,"texture":"#0","tintindex":0},"down":{"uv":[14.625,10.625,14.5,10.75],"rotation":0,"texture":"#0","tintindex":0}}}],"display":{"head":{"translation":[0.0,-6.4,0.0],"scale":[4.0,4.0,4.0]}}}