{"textures":{"0":"modelengine:entity/stingerhead"},"elements":[{"name":"cube","from":[1.8234861,5.7262583,7.606208],"to":[5.210966,8.2824745,9.3622875],"rotation":{"angle":22.5,"axis":"z","origin":[1.8573257,23.328552,18.75512]},"faces":{"down":{"uv":[14.375,10.875,14.125,11.0],"rotation":0,"texture":"#0","tintindex":0},"east":{"uv":[12.75,14.5,12.875,14.625],"rotation":0,"texture":"#0","tintindex":0},"north":{"uv":[6.75,13.125,7.0,13.25],"rotation":0,"texture":"#0","tintindex":0},"south":{"uv":[7.125,13.125,7.375,13.25],"rotation":0,"texture":"#0","tintindex":0},"up":{"uv":[10.875,14.25,10.625,14.125],"rotation":0,"texture":"#0","tintindex":0},"west":{"uv":[14.5,12.75,14.625,12.875],"rotation":0,"texture":"#0","tintindex":0}}}],"display":{"head":{"translation":[0.0,-6.4,0.0],"rotation":[0.0,0.0,0.0],"scale":[3.8095,3.8095,3.8095]}}}