{"textures":{"0":"modelengine:entity/stingerhead"},"elements":[{"name":"cube","from":[10.238295,5.753132,7.606208],"to":[13.625773,8.309324,9.3622875],"rotation":{"angle":-22.5,"axis":"z","origin":[13.462262,23.301693,18.75512]},"faces":{"down":{"uv":[14.375,3.0,14.125,3.125],"rotation":0,"texture":"#0","tintindex":0},"east":{"uv":[14.5,7.75,14.625,7.875],"rotation":0,"texture":"#0","tintindex":0},"north":{"uv":[13.125,0.0,13.375,0.125],"rotation":0,"texture":"#0","tintindex":0},"south":{"uv":[13.125,0.25,13.375,0.375],"rotation":0,"texture":"#0","tintindex":0},"up":{"uv":[14.375,2.0,14.125,1.875],"rotation":0,"texture":"#0","tintindex":0},"west":{"uv":[8.0,14.5,8.125,14.625],"rotation":0,"texture":"#0","tintindex":0}}}],"display":{"head":{"translation":[0.0,-6.4,0.0],"rotation":[0.0,0.0,0.0],"scale":[3.8095,3.8095,3.8095]}}}