{"textures":{"0":"modelengine:entity/stingerhead"},"elements":[{"name":"h_head_cube_0","from":[6.032672,3.9338362,3.203718],"to":[10.708641,4.9729404,5.281926],"rotation":{"angle":22.5,"axis":"x","origin":[8.151584,6.7329197,8.193704]},"faces":{"down":{"uv":[8.5,5.75,8.25,5.875],"rotation":0,"texture":"#0","tintindex":0},"east":{"uv":[14.25,12.625,14.375,12.75],"rotation":0,"texture":"#0","tintindex":0},"north":{"uv":[13.375,11.25,13.625,11.375],"rotation":0,"texture":"#0","tintindex":0},"south":{"uv":[13.375,12.75,13.625,12.875],"rotation":0,"texture":"#0","tintindex":0},"up":{"uv":[4.625,1.375,4.375,1.25],"rotation":0,"texture":"#0","tintindex":0},"west":{"uv":[14.25,12.875,14.375,13.0],"rotation":0,"texture":"#0","tintindex":0}}},{"name":"h_head_cube_1","from":[3.702344,4.448552,3.4044795],"to":[6.8196564,5.487656,6.00224],"rotation":{"angle":0.0,"axis":"x","origin":[8.151584,6.7329197,8.193704]},"faces":{"down":{"uv":[13.0,11.25,12.75,11.375],"rotation":0,"texture":"#0","tintindex":0},"east":{"uv":[12.125,14.25,12.25,14.375],"rotation":0,"texture":"#0","tintindex":0},"north":{"uv":[14.0,5.125,14.25,5.25],"rotation":0,"texture":"#0","tintindex":0},"south":{"uv":[14.0,5.375,14.25,5.5],"rotation":0,"texture":"#0","tintindex":0},"up":{"uv":[11.375,12.875,11.125,12.75],"rotation":0,"texture":"#0","tintindex":0},"west":{"uv":[14.25,12.375,14.375,12.5],"rotation":0,"texture":"#0","tintindex":0}}},{"name":"h_head_cube_2","from":[9.402103,4.448552,3.4044795],"to":[12.519416,5.487656,6.00224],"rotation":{"angle":0.0,"axis":"x","origin":[8.151584,6.7329197,8.193704]},"faces":{"down":{"uv":[13.0,11.0,12.75,11.125],"rotation":0,"texture":"#0","tintindex":0},"east":{"uv":[11.5,14.25,11.625,14.375],"rotation":0,"texture":"#0","tintindex":0},"north":{"uv":[14.0,0.75,14.25,0.875],"rotation":0,"texture":"#0","tintindex":0},"south":{"uv":[5.125,14.0,5.375,14.125],"rotation":0,"texture":"#0","tintindex":0},"up":{"uv":[11.0,12.875,10.75,12.75],"rotation":0,"texture":"#0","tintindex":0},"west":{"uv":[14.25,11.75,14.375,11.875],"rotation":0,"texture":"#0","tintindex":0}}},{"name":"h_head_cube_3","from":[2.91536,5.4869723,3.08139],"to":[13.3064,8.604284,6.198702],"rotation":{"angle":22.5,"axis":"x","origin":[8.151584,6.7329197,8.193704]},"faces":{"down":{"uv":[8.5,3.0,7.875,3.25],"rotation":0,"texture":"#0","tintindex":0},"east":{"uv":[12.125,4.25,12.375,4.5],"rotation":0,"texture":"#0","tintindex":0},"north":{"uv":[7.75,1.625,8.375,1.875],"rotation":0,"texture":"#0","tintindex":0},"south":{"uv":[7.75,4.875,8.375,5.125],"rotation":0,"texture":"#0","tintindex":0},"up":{"uv":[8.5,2.25,7.875,2.0],"rotation":0,"texture":"#0","tintindex":0},"west":{"uv":[4.625,12.125,4.875,12.375],"rotation":0,"texture":"#0","tintindex":0}}},{"name":"h_head_cube_4","from":[2.395808,6.6918793,7.9851637],"to":[13.825952,11.887399,11.102476],"rotation":{"angle":-45.0,"axis":"x","origin":[8.151584,6.7329197,8.193704]},"faces":{"down":{"uv":[7.625,5.125,7.0,5.375],"rotation":0,"texture":"#0","tintindex":0},"east":{"uv":[11.25,2.5,11.5,2.75],"rotation":0,"texture":"#0","tintindex":0},"north":{"uv":[5.25,2.75,5.875,3.0],"rotation":0,"texture":"#0","tintindex":0},"south":{"uv":[5.25,3.125,5.875,3.375],"rotation":0,"texture":"#0","tintindex":0},"up":{"uv":[7.625,4.75,7.0,4.5],"rotation":0,"texture":"#0","tintindex":0},"west":{"uv":[11.25,2.875,11.5,3.125],"rotation":0,"texture":"#0","tintindex":0}}},{"name":"h_head_cube_5","from":[11.529872,1.8786031,6.527097],"to":[14.387408,6.03502,9.124857],"rotation":{"angle":45.0,"axis":"x","origin":[8.151584,6.7329197,8.193704]},"faces":{"down":{"uv":[2.625,6.0,2.5,6.125],"rotation":0,"texture":"#0","tintindex":0},"east":{"uv":[6.75,12.75,6.875,13.0],"rotation":0,"texture":"#0","tintindex":0},"north":{"uv":[12.75,6.625,12.875,6.875],"rotation":0,"texture":"#0","tintindex":0},"south":{"uv":[7.0,12.75,7.125,13.0],"rotation":0,"texture":"#0","tintindex":0},"up":{"uv":[4.0,6.0,3.875,5.875],"rotation":0,"texture":"#0","tintindex":0},"west":{"uv":[12.75,7.0,12.875,7.25],"rotation":0,"texture":"#0","tintindex":0}}},{"name":"h_head_cube_6","from":[13.3064,3.7734032,4.8824005],"to":[15.384608,10.52758,9.558369],"rotation":{"angle":45.0,"axis":"x","origin":[8.151584,6.7329197,8.193704]},"faces":{"down":{"uv":[8.75,3.375,8.625,3.625],"rotation":0,"texture":"#0","tintindex":0},"east":{"uv":[7.125,6.25,7.375,6.625],"rotation":0,"texture":"#0","tintindex":0},"north":{"uv":[7.25,0.75,7.375,1.125],"rotation":0,"texture":"#0","tintindex":0},"south":{"uv":[11.25,4.125,11.375,4.5],"rotation":0,"texture":"#0","tintindex":0},"up":{"uv":[3.375,6.5,3.25,6.25],"rotation":0,"texture":"#0","tintindex":0},"west":{"uv":[1.875,8.125,2.125,8.5],"rotation":0,"texture":"#0","tintindex":0}}},{"name":"h_head_cube_7","from":[1.8343517,1.8786031,6.527097],"to":[4.691888,6.03502,9.124857],"rotation":{"angle":45.0,"axis":"x","origin":[8.151584,6.7329197,8.193704]},"faces":{"down":{"uv":[4.625,5.0,4.5,5.125],"rotation":0,"texture":"#0","tintindex":0},"east":{"uv":[12.75,2.375,12.875,2.625],"rotation":0,"texture":"#0","tintindex":0},"north":{"uv":[0.75,12.75,0.875,13.0],"rotation":0,"texture":"#0","tintindex":0},"south":{"uv":[12.75,2.75,12.875,3.0],"rotation":0,"texture":"#0","tintindex":0},"up":{"uv":[5.125,2.875,5.0,2.75],"rotation":0,"texture":"#0","tintindex":0},"west":{"uv":[12.75,5.0,12.875,5.25],"rotation":0,"texture":"#0","tintindex":0}}},{"name":"h_head_cube_8","from":[0.83715177,3.7734032,4.8824005],"to":[2.91536,10.52758,9.558369],"rotation":{"angle":45.0,"axis":"x","origin":[8.151584,6.7329197,8.193704]},"faces":{"down":{"uv":[9.25,3.0,9.125,3.25],"rotation":0,"texture":"#0","tintindex":0},"east":{"uv":[5.0,8.125,5.25,8.5],"rotation":0,"texture":"#0","tintindex":0},"north":{"uv":[11.25,4.625,11.375,5.0],"rotation":0,"texture":"#0","tintindex":0},"south":{"uv":[11.25,5.125,11.375,5.5],"rotation":0,"texture":"#0","tintindex":0},"up":{"uv":[9.125,5.125,9.0,4.875],"rotation":0,"texture":"#0","tintindex":0},"west":{"uv":[3.625,9.25,3.875,9.625],"rotation":0,"texture":"#0","tintindex":0}}},{"name":"h_head_cube_9","from":[3.954464,2.648552,4.0044794],"to":[12.267296,6.804968,12.391041],"rotation":{"angle":0.0,"axis":"x","origin":[8.151584,6.7329197,8.193704]},"faces":{"down":{"uv":[5.25,4.625,4.75,5.125],"rotation":0,"texture":"#0","tintindex":0},"east":{"uv":[7.0,9.625,7.5,9.875],"rotation":0,"texture":"#0","tintindex":0},"north":{"uv":[6.375,9.625,6.875,9.875],"rotation":0,"texture":"#0","tintindex":0},"south":{"uv":[0.875,9.75,1.375,10.0],"rotation":0,"texture":"#0","tintindex":0},"up":{"uv":[5.25,4.5,4.75,4.0],"rotation":0,"texture":"#0","tintindex":0},"west":{"uv":[2.625,9.75,3.125,10.0],"rotation":0,"texture":"#0","tintindex":0}}},{"name":"h_head_cube_10","from":[3.7198396,-0.19055223,2.8044794],"to":[6.837152,2.9267595,8.0],"rotation":{"angle":0.0,"axis":"x","origin":[8.151584,18.73292,27.393703]},"faces":{"down":{"uv":[11.5,2.125,11.25,2.375],"rotation":0,"texture":"#0","tintindex":0},"east":{"uv":[11.25,1.0,11.5,1.25],"rotation":0,"texture":"#0","tintindex":0},"north":{"uv":[12.125,3.875,12.375,4.125],"rotation":0,"texture":"#0","tintindex":0},"south":{"uv":[4.25,12.125,4.5,12.375],"rotation":0,"texture":"#0","tintindex":0},"up":{"uv":[11.5,1.625,11.25,1.375],"rotation":0,"texture":"#0","tintindex":0},"west":{"uv":[1.375,11.25,1.625,11.5],"rotation":0,"texture":"#0","tintindex":0}}},{"name":"h_head_cube_11","from":[9.1628475,-0.19055223,2.8044794],"to":[12.28016,2.9267595,8.0],"rotation":{"angle":0.0,"axis":"x","origin":[7.8484163,18.73292,27.393703]},"faces":{"down":{"uv":[11.25,2.125,11.5,2.375],"rotation":0,"texture":"#0","tintindex":0},"east":{"uv":[1.625,11.25,1.375,11.5],"rotation":0,"texture":"#0","tintindex":0},"north":{"uv":[12.375,3.875,12.125,4.125],"rotation":0,"texture":"#0","tintindex":0},"south":{"uv":[4.5,12.125,4.25,12.375],"rotation":0,"texture":"#0","tintindex":0},"up":{"uv":[11.25,1.625,11.5,1.375],"rotation":0,"texture":"#0","tintindex":0},