{"textures":{"0":"modelengine:entity/stingerhead"},"elements":[{"from":[13.275912,1.4646788,7.3270626],"to":[14.621809,6.8482223,8.672937],"rotation":{"angle":-22.5,"axis":"z","origin":[20.635845,21.031696,12.601097]},"faces":{"east":{"uv":[13.125,10.375,13.25,10.75],"rotation":0,"texture":"#0","tintindex":0},"south":{"uv":[10.5,13.125,10.625,13.5],"rotation":0,"texture":"#0","tintindex":0},"north":{"uv":[10.25,13.125,10.375,13.5],"rotation":0,"texture":"#0","tintindex":0},"west":{"uv":[13.125,10.875,13.25,11.25],"rotation":0,"texture":"#0","tintindex":0},"up":{"uv":[10.125,14.875,10.0,14.75],"rotation":0,"texture":"#0","tintindex":0},"down":{"uv":[14.875,10.125,14.75,10.25],"rotation":0,"texture":"#0","tintindex":0}}}],"display":{"head":{"translation":[0.0,-6.4,0.0],"scale":[4.0,4.0,4.0]}}}