{"textures":{"0":"modelengine:entity/stingerhead"},"elements":[{"name":"cube","from":[11.928133,-1.5095263,7.2726316],"to":[13.850486,6.803306,8.727368],"rotation":{"angle":-22.5,"axis":"z","origin":[23.900604,17.613554,2.1803358]},"faces":{"down":{"uv":[5.0,14.5,4.875,14.625],"rotation":0,"texture":"#0","tintindex":0},"east":{"uv":[1.625,12.625,1.75,13.125],"rotation":0,"texture":"#0","tintindex":0},"north":{"uv":[7.375,11.125,7.5,11.625],"rotation":0,"texture":"#0","tintindex":0},"south":{"uv":[7.625,11.125,7.75,11.625],"rotation":0,"texture":"#0","tintindex":0},"up":{"uv":[4.75,14.625,4.625,14.5],"rotation":0,"texture":"#0","tintindex":0},"west":{"uv":[12.625,8.0,12.75,8.5],"rotation":0,"texture":"#0","tintindex":0}}}],"display":{"head":{"translation":[0.0,-6.4,0.0],"rotation":[0.0,0.0,0.0],"scale":[3.8095,3.8095,3.8095]}}}