{"textures":{"0":"modelengine:entity/stingerhead"},"elements":[{"from":[11.403397,12.076839,7.213246],"to":[15.896288,13.422737,8.786755],"rotation":{"angle":-22.5,"axis":"z","origin":[-0.25733566,20.267582,3.9765368]},"faces":{"east":{"uv":[14.5,14.875,14.625,15.0],"rotation":0,"texture":"#0","tintindex":0},"south":{"uv":[13.0,13.875,13.25,14.0],"rotation":0,"texture":"#0","tintindex":0},"north":{"uv":[13.875,10.25,14.125,10.375],"rotation":0,"texture":"#0","tintindex":0},"west":{"uv":[14.75,14.875,14.875,15.0],"rotation":0,"texture":"#0","tintindex":0},"up":{"uv":[13.625,14.0,13.375,13.875],"rotation":0,"texture":"#0","tintindex":0},"down":{"uv":[14.125,13.625,13.875,13.75],"rotation":0,"texture":"#0","tintindex":0}}}],"display":{"head":{"translation":[0.0,-6.4,0.0],"scale":[4.0,4.0,4.0]}}}