{"textures":{"0":"modelengine:entity/stingerhead"},"elements":[{"name":"cube","from":[13.343568,0.6347916,7.293416],"to":[14.756761,6.2875357,8.706584],"rotation":{"angle":-22.5,"axis":"z","origin":[22.434216,20.938694,15.428912]},"faces":{"down":{"uv":[14.875,10.875,14.75,11.0],"rotation":0,"texture":"#0","tintindex":0},"east":{"uv":[0.0,13.25,0.125,13.625],"rotation":0,"texture":"#0","tintindex":0},"north":{"uv":[13.125,12.75,13.25,13.125],"rotation":0,"texture":"#0","tintindex":0},"south":{"uv":[0.25,13.25,0.375,13.625],"rotation":0,"texture":"#0","tintindex":0},"up":{"uv":[14.875,10.75,14.75,10.625],"rotation":0,"texture":"#0","tintindex":0},"west":{"uv":[1.0,13.25,1.125,13.625],"rotation":0,"texture":"#0","tintindex":0}}}],"display":{"head":{"translation":[0.0,-6.4,0.0],"rotation":[0.0,0.0,0.0],"scale":[3.8095,3.8095,3.8095]}}}