{"textures":{"0":"modelengine:entity/stingerhead"},"elements":[{"name":"cube","from":[-3.7142792,19.200825,7.2934155],"to":[1.938442,20.614017,8.706583],"rotation":{"angle":45.0,"axis":"z","origin":[18.302362,19.436794,-2.7034488]},"faces":{"down":{"uv":[13.625,2.125,13.25,2.25],"rotation":0,"texture":"#0","tintindex":0},"east":{"uv":[11.5,14.75,11.625,14.875],"rotation":0,"texture":"#0","tintindex":0},"north":{"uv":[13.25,1.0,13.625,1.125],"rotation":0,"texture":"#0","tintindex":0},"south":{"uv":[1.25,13.25,1.625,13.375],"rotation":0,"texture":"#0","tintindex":0},"up":{"uv":[2.5,13.375,2.125,13.25],"rotation":0,"texture":"#0","tintindex":0},"west":{"uv":[14.75,11.625,14.875,11.75],"rotation":0,"texture":"#0","tintindex":0}}}],"display":{"head":{"translation":[0.0,-6.4,0.0],"rotation":[0.0,0.0,0.0],"scale":[3.8095,3.8095,3.8095]}}}