{"textures":{"0":"modelengine:entity/stingerhead"},"elements":[{"name":"cube","from":[7.6051397,5.526932,7.5791597],"to":[8.39486,10.473068,8.420839],"rotation":{"angle":0.0,"axis":"x","origin":[23.517044,25.686787,0.024199009]},"faces":{"down":{"uv":[14.875,12.625,14.75,12.75],"rotation":0,"texture":"#0","tintindex":0},"east":{"uv":[13.5,13.25,13.625,13.5],"rotation":0,"texture":"#0","tintindex":0},"north":{"uv":[13.25,13.5,13.375,13.75],"rotation":0,"texture":"#0","tintindex":0},"south":{"uv":[0.75,13.625,0.875,13.875],"rotation":0,"texture":"#0","tintindex":0},"up":{"uv":[12.625,14.875,12.5,14.75],"rotation":0,"texture":"#0","tintindex":0},"west":{"uv":[1.75,13.625,1.875,13.875],"rotation":0,"texture":"#0","tintindex":0}}}],"display":{"head":{"translation":[0.0,-6.4,0.0],"rotation":[0.0,0.0,0.0],"scale":[3.8095,3.8095,3.8095]}}}