{"textures":{"0":"modelengine:entity/stingerhead"},"elements":[{"from":[-3.156457,18.667454,7.3270626],"to":[2.2270865,20.01335,8.672937],"rotation":{"angle":45.0,"axis":"z","origin":[17.811773,18.892185,-2.1937609]},"faces":{"east":{"uv":[11.5,14.75,11.625,14.875],"rotation":0,"texture":"#0","tintindex":0},"south":{"uv":[1.25,13.25,1.625,13.375],"rotation":0,"texture":"#0","tintindex":0},"north":{"uv":[13.25,1.0,13.625,1.125],"rotation":0,"texture":"#0","tintindex":0},"west":{"uv":[14.75,11.625,14.875,11.75],"rotation":0,"texture":"#0","tintindex":0},"up":{"uv":[2.5,13.375,2.125,13.25],"rotation":0,"texture":"#0","tintindex":0},"down":{"uv":[13.625,2.125,13.25,2.25],"rotation":0,"texture":"#0","tintindex":0}}}],"display":{"head":{"translation":[0.0,-6.4,0.0],"scale":[4.0,4.0,4.0]}}}