{"textures":{"0":"modelengine:entity/stingerhead"},"elements":[{"name":"cube","from":[11.573566,12.280682,7.173908],"to":[16.291103,13.693873,8.826093],"rotation":{"angle":-22.5,"axis":"z","origin":[-0.67020226,20.880962,3.7753642]},"faces":{"down":{"uv":[14.125,13.625,13.875,13.75],"rotation":0,"texture":"#0","tintindex":0},"east":{"uv":[14.5,14.875,14.625,15.0],"rotation":0,"texture":"#0","tintindex":0},"north":{"uv":[13.875,10.25,14.125,10.375],"rotation":0,"texture":"#0","tintindex":0},"south":{"uv":[13.0,13.875,13.25,14.0],"rotation":0,"texture":"#0","tintindex":0},"up":{"uv":[13.625,14.0,13.375,13.875],"rotation":0,"texture":"#0","tintindex":0},"west":{"uv":[14.75,14.875,14.875,15.0],"rotation":0,"texture":"#0","tintindex":0}}}],"display":{"head":{"translation":[0.0,-6.4,0.0],"rotation":[0.0,0.0,0.0],"scale":[3.8095,3.8095,3.8095]}}}