{"textures":{"0":"mineinabyss:mobs/stingerhead"},"elements":[{"from":[21.381184,0.37132168,7.6239543],"to":[22.727081,4.8642135,8.376046],"rotation":{"angle":-45.0,"axis":"z","origin":[21.523996,22.273724,8.692091]},"faces":{"east":{"uv":[13.75,0.25,13.875,0.5],"rotation":0,"texture":"#0","tintindex":0},"south":{"uv":[0.375,13.75,0.5,14.0],"rotation":0,"texture":"#0","tintindex":0},"north":{"uv":[12.25,13.625,12.375,13.875],"rotation":0,"texture":"#0","tintindex":0},"west":{"uv":[13.75,0.625,13.875,0.875],"rotation":0,"texture":"#0","tintindex":0},"up":{"uv":[15.0,0.875,14.875,0.75],"rotation":0,"texture":"#0","tintindex":0},"down":{"uv":[1.125,14.875,1.0,15.0],"rotation":0,"texture":"#0","tintindex":0}}}],"display":{"head":{"translation":[0.0,-6.4,0.0],"scale":[4.0,4.0,4.0]}}}