{"textures":{"0":"modelengine:entity/stingerhead"},"elements":[{"name":"cube","from":[13.8587265,1.4874996,7.475252],"to":[15.271894,6.2050357,8.524748],"rotation":{"angle":-22.5,"axis":"z","origin":[21.723766,22.426155,20.390636]},"faces":{"down":{"uv":[15.0,0.0,14.875,0.125],"rotation":0,"texture":"#0","tintindex":0},"east":{"uv":[13.625,10.25,13.75,10.5],"rotation":0,"texture":"#0","tintindex":0},"north":{"uv":[10.25,13.625,10.375,13.875],"rotation":0,"texture":"#0","tintindex":0},"south":{"uv":[10.5,13.625,10.625,13.875],"rotation":0,"texture":"#0","tintindex":0},"up":{"uv":[0.125,15.0,0.0,14.875],"rotation":0,"texture":"#0","tintindex":0},"west":{"uv":[12.0,13.625,12.125,13.875],"rotation":0,"texture":"#0","tintindex":0}}}],"display":{"head":{"translation":[0.0,-6.4,0.0],"rotation":[0.0,0.0,0.0],"scale":[3.8095,3.8095,3.8095]}}}