{"textures":{"0":"mineinabyss:entity/mobs/stingerhead"},"elements":[{"from":[7.141702,12.57242,6.5205145],"to":[16.483738,14.907917,9.4794855],"rotation":{"angle":-22.5,"axis":"z","origin":[-2.5225267,10.3993225,6.316994]},"faces":{"east":{"uv":[13.125,1.875,13.375,2.0],"rotation":0,"texture":"#0","tintindex":0},"south":{"uv":[10.625,2.875,11.125,3.0],"rotation":0,"texture":"#0","tintindex":0},"north":{"uv":[10.625,2.625,11.125,2.75],"rotation":0,"texture":"#0","tintindex":0},"west":{"uv":[13.125,3.625,13.375,3.75],"rotation":0,"texture":"#0","tintindex":0},"up":{"uv":[10.125,2.875,9.625,2.625],"rotation":0,"texture":"#0","tintindex":0},"down":{"uv":[6.25,9.625,5.75,9.875],"rotation":0,"texture":"#0","tintindex":0}}}],"display":{"head":{"translation":[0.0,-6.4,0.0],"scale":[4.0,4.0,4.0]}}}
