{"textures":{"0":"modelengine:entity/stingerhead"},"elements":[{"name":"cube","from":[7.241456,3.7084997,7.3193846],"to":[8.758544,12.2915,8.680615],"rotation":{"angle":0.0,"axis":"x","origin":[-13.893714,23.832718,6.295184]},"faces":{"down":{"uv":[3.625,14.875,3.5,15.0],"rotation":0,"texture":"#0","tintindex":0},"east":{"uv":[12.625,10.375,12.75,10.875],"rotation":0,"texture":"#0","tintindex":0},"north":{"uv":[12.625,9.75,12.75,10.25],"rotation":0,"texture":"#0","tintindex":0},"south":{"uv":[11.5,12.625,11.625,13.125],"rotation":0,"texture":"#0","tintindex":0},"up":{"uv":[3.375,15.0,3.25,14.875],"rotation":0,"texture":"#0","tintindex":0},"west":{"uv":[11.75,12.625,11.875,13.125],"rotation":0,"texture":"#0","tintindex":0}}}],"display":{"head":{"translation":[0.0,-6.4,0.0],"rotation":[0.0,0.0,0.0],"scale":[3.8095,3.8095,3.8095]}}}