{"textures":{"0":"modelengine:entity/stingerhead"},"elements":[{"name":"cube","from":[2.2213342,-4.050437,7.059608],"to":[4.673605,5.7586994,8.940392],"rotation":{"angle":22.5,"axis":"z","origin":[-12.238619,15.87062,6.295184]},"faces":{"down":{"uv":[13.875,3.625,13.75,3.75],"rotation":0,"texture":"#0","tintindex":0},"east":{"uv":[10.625,5.25,10.75,5.75],"rotation":0,"texture":"#0","tintindex":0},"north":{"uv":[10.625,4.625,10.75,5.125],"rotation":0,"texture":"#0","tintindex":0},"south":{"uv":[10.625,7.25,10.75,7.75],"rotation":0,"texture":"#0","tintindex":0},"up":{"uv":[3.625,13.875,3.5,13.75],"rotation":0,"texture":"#0","tintindex":0},"west":{"uv":[10.625,9.75,10.75,10.25],"rotation":0,"texture":"#0","tintindex":0}}}],"display":{"head":{"translation":[0.0,-6.4,0.0],"rotation":[0.0,0.0,0.0],"scale":[3.8095,3.8095,3.8095]}}}