{"textures":{"0":"modelengine:entity/stingerhead"},"elements":[{"from":[7.277577,3.912857,7.3517942],"to":[8.722423,12.087143,8.648206],"rotation":{"angle":0.0,"axis":"y","origin":[-12.851156,23.078777,6.3763657]},"faces":{"east":{"uv":[12.625,10.375,12.75,10.875],"rotation":0,"texture":"#0","tintindex":0},"south":{"uv":[11.5,12.625,11.625,13.125],"rotation":0,"texture":"#0","tintindex":0},"north":{"uv":[12.625,9.75,12.75,10.25],"rotation":0,"texture":"#0","tintindex":0},"west":{"uv":[11.75,12.625,11.875,13.125],"rotation":0,"texture":"#0","tintindex":0},"up":{"uv":[3.375,15.0,3.25,14.875],"rotation":0,"texture":"#0","tintindex":0},"down":{"uv":[3.625,14.875,3.5,15.0],"rotation":0,"texture":"#0","tintindex":0}}}],"display":{"head":{"translation":[0.0,-6.4,0.0],"scale":[4.0,4.0,4.0]}}}