{"textures":{"0":"modelengine:entity/stingerhead"},"elements":[{"name":"cube","from":[1.0364163,1.0842011,7.293416],"to":[2.4496083,6.7369213,8.706585],"rotation":{"angle":22.5,"axis":"z","origin":[-5.4079924,21.68328,12.831152]},"faces":{"down":{"uv":[15.0,4.25,14.875,4.375],"rotation":0,"texture":"#0","tintindex":0},"east":{"uv":[13.25,5.375,13.375,5.75],"rotation":0,"texture":"#0","tintindex":0},"north":{"uv":[4.875,13.25,5.0,13.625],"rotation":0,"texture":"#0","tintindex":0},"south":{"uv":[13.25,7.125,13.375,7.5],"rotation":0,"texture":"#0","tintindex":0},"up":{"uv":[4.375,15.0,4.25,14.875],"rotation":0,"texture":"#0","tintindex":0},"west":{"uv":[8.75,13.25,8.875,13.625],"rotation":0,"texture":"#0","tintindex":0}}}],"display":{"head":{"translation":[0.0,-6.4,0.0],"rotation":[0.0,0.0,0.0],"scale":[3.8095,3.8095,3.8095]}}}