{"textures":{"0":"modelengine:entity/stingerhead"},"elements":[{"name":"cube","from":[-2.7138915,-1.7832627,7.00196],"to":[-1.3007236,2.9342732,8.998039],"rotation":{"angle":45.0,"axis":"z","origin":[-2.4687557,16.616169,20.469082]},"faces":{"down":{"uv":[10.875,14.875,10.75,15.0],"rotation":0,"texture":"#0","tintindex":0},"east":{"uv":[3.125,13.875,3.25,14.125],"rotation":0,"texture":"#0","tintindex":0},"north":{"uv":[13.875,3.0,14.0,3.25],"rotation":0,"texture":"#0","tintindex":0},"south":{"uv":[4.0,13.875,4.125,14.125],"rotation":0,"texture":"#0","tintindex":0},"up":{"uv":[10.625,15.0,10.5,14.875],"rotation":0,"texture":"#0","tintindex":0},"west":{"uv":[13.875,4.375,14.0,4.625],"rotation":0,"texture":"#0","tintindex":0}}}],"display":{"head":{"translation":[0.0,-6.4,0.0],"rotation":[0.0,0.0,0.0],"scale":[3.8095,3.8095,3.8095]}}}