{"textures":{"0":"modelengine:entity/stingerhead"},"elements":[{"name":"cube","from":[0.7827003,1.4847988,7.4752517],"to":[2.1958919,6.2023354,8.524748],"rotation":{"angle":22.5,"axis":"z","origin":[-5.703252,22.287544,18.260468]},"faces":{"down":{"uv":[15.0,9.25,14.875,9.375],"rotation":0,"texture":"#0","tintindex":0},"east":{"uv":[13.75,11.5,13.875,11.75],"rotation":0,"texture":"#0","tintindex":0},"north":{"uv":[11.0,13.75,11.125,14.0],"rotation":0,"texture":"#0","tintindex":0},"south":{"uv":[13.75,11.875,13.875,12.125],"rotation":0,"texture":"#0","tintindex":0},"up":{"uv":[9.375,15.0,9.25,14.875],"rotation":0,"texture":"#0","tintindex":0},"west":{"uv":[12.5,13.75,12.625,14.0],"rotation":0,"texture":"#0","tintindex":0}}}],"display":{"head":{"translation":[0.0,-6.4,0.0],"rotation":[0.0,0.0,0.0],"scale":[3.8095,3.8095,3.8095]}}}