{"textures":{"0":"modelengine:entity/stingerhead"},"elements":[{"name":"cube","from":[-7.5045595,-0.109359264,7.605152],"to":[-6.091367,4.608177,8.394848],"rotation":{"angle":45.0,"axis":"z","origin":[-6.340559,22.987427,8.726696]},"faces":{"down":{"uv":[13.375,14.875,13.25,15.0],"rotation":0,"texture":"#0","tintindex":0},"east":{"uv":[13.875,9.5,14.0,9.75],"rotation":0,"texture":"#0","tintindex":0},"north":{"uv":[9.5,13.875,9.625,14.125],"rotation":0,"texture":"#0","tintindex":0},"south":{"uv":[9.75,13.875,9.875,14.125],"rotation":0,"texture":"#0","tintindex":0},"up":{"uv":[15.0,13.25,14.875,13.125],"rotation":0,"texture":"#0","tintindex":0},"west":{"uv":[13.875,9.875,14.0,10.125],"rotation":0,"texture":"#0","tintindex":0}}}],"display":{"head":{"translation":[0.0,-6.4,0.0],"rotation":[0.0,0.0,0.0],"scale":[3.8095,3.8095,3.8095]}}}