{"textures":{"0":"modelengine:entity/stingerhead"},"elements":[{"name":"cube","from":[5.995352,0.6884954,-5.2395763],"to":[10.712889,2.1016874,-3.7432728],"rotation":{"angle":-22.5,"axis":"z","origin":[-6.248417,9.132919,-3.8062968]},"faces":{"down":{"uv":[8.625,13.875,8.375,14.0],"rotation":0,"texture":"#0","tintindex":0},"east":{"uv":[14.875,12.875,15.0,13.0],"rotation":0,"texture":"#0","tintindex":0},"north":{"uv":[13.875,0.0,14.125,0.125],"rotation":0,"texture":"#0","tintindex":0},"south":{"uv":[13.875,3.375,14.125,3.5],"rotation":0,"texture":"#0","tintindex":0},"up":{"uv":[14.125,8.0,13.875,7.875],"rotation":0,"texture":"#0","tintindex":0},"west":{"uv":[13.0,14.875,13.125,15.0],"rotation":0,"texture":"#0","tintindex":0}}}],"display":{"head":{"translation":[0.0,-6.4,0.0],"rotation":[0.0,0.0,0.0],"scale":[3.8095,3.8095,3.8095]}}}