{"textures":{"0":"modelengine:entity/stingerhead"},"elements":[{"name":"cube","from":[7.6051397,5.526932,7.5791597],"to":[8.394859,10.473068,8.420839],"rotation":{"angle":0.0,"axis":"x","origin":[-7.6573973,25.686787,0.024199009]},"faces":{"down":{"uv":[8.375,14.875,8.25,15.0],"rotation":0,"texture":"#0","tintindex":0},"east":{"uv":[13.75,9.125,13.875,9.375],"rotation":0,"texture":"#0","tintindex":0},"north":{"uv":[9.0,13.75,9.125,14.0],"rotation":0,"texture":"#0","tintindex":0},"south":{"uv":[13.75,10.625,13.875,10.875],"rotation":0,"texture":"#0","tintindex":0},"up":{"uv":[15.0,8.125,14.875,8.0],"rotation":0,"texture":"#0","tintindex":0},"west":{"uv":[10.75,13.75,10.875,14.0],"rotation":0,"texture":"#0","tintindex":0}}}],"display":{"head":{"translation":[0.0,-6.4,0.0],"rotation":[0.0,0.0,0.0],"scale":[3.8095,3.8095,3.8095]}}}