{"textures":{"0":"modelengine:entity/stingerhead"},"elements":[{"from":[14.674698,6.60036,29.981167],"to":[22.037487,7.946257,32.0],"rotation":{"angle":22.5,"axis":"z","origin":[15.40592,21.234234,23.429213]},"faces":{"east":{"uv":[12.5,14.5,12.625,14.625],"rotation":0,"texture":"#0","tintindex":0},"south":{"uv":[13.125,6.375,13.5,6.5],"rotation":0,"texture":"#0","tintindex":0},"north":{"uv":[13.125,6.125,13.5,6.25],"rotation":0,"texture":"#0","tintindex":0},"west":{"uv":[14.5,12.5,14.625,12.625],"rotation":0,"texture":"#0","tintindex":0},"up":{"uv":[10.875,11.875,10.5,11.75],"rotation":0,"texture":"#0","tintindex":0},"down":{"uv":[12.125,10.5,11.75,10.625],"rotation":0,"texture":"#0","tintindex":0}}}],"display":{"head":{"translation":[0.0,-6.4,25.369919],"scale":[4.0,4.0,4.0]}}}