{"textures":{"0":"modelengine:entity/stingerhead"},"elements":[{"name":"cube","from":[7.5271997,5.734748,7.63112],"to":[8.4728,10.265252,8.368879],"rotation":{"angle":0.0,"axis":"x","origin":[-6.1833763,25.750988,18.260479]},"faces":{"down":{"uv":[15.0,9.75,14.875,9.875],"rotation":0,"texture":"#0","tintindex":0},"east":{"uv":[12.75,13.75,12.875,14.0],"rotation":0,"texture":"#0","tintindex":0},"north":{"uv":[13.75,12.5,13.875,12.75],"rotation":0,"texture":"#0","tintindex":0},"south":{"uv":[13.75,12.875,13.875,13.125],"rotation":0,"texture":"#0","tintindex":0},"up":{"uv":[15.0,9.625,14.875,9.5],"rotation":0,"texture":"#0","tintindex":0},"west":{"uv":[13.75,13.25,13.875,13.5],"rotation":0,"texture":"#0","tintindex":0}}}],"display":{"head":{"translation":[0.0,-6.4,0.0],"rotation":[0.0,0.0,0.0],"scale":[3.8095,3.8095,3.8095]}}}