{"textures":{"0":"modelengine:entity/stingerhead"},"elements":[{"name":"cube","from":[7.4752517,6.098444,7.761008],"to":[8.524748,9.901556,8.238993],"rotation":{"angle":0.0,"axis":"x","origin":[-7.907956,26.426395,8.726696]},"faces":{"down":{"uv":[15.0,13.75,14.875,13.875],"rotation":0,"texture":"#0","tintindex":0},"east":{"uv":[14.125,13.875,14.25,14.125],"rotation":0,"texture":"#0","tintindex":0},"north":{"uv":[13.75,14.125,13.875,14.375],"rotation":0,"texture":"#0","tintindex":0},"south":{"uv":[0.0,14.25,0.125,14.5],"rotation":0,"texture":"#0","tintindex":0},"up":{"uv":[13.625,15.0,13.5,14.875],"rotation":0,"texture":"#0","tintindex":0},"west":{"uv":[14.25,2.125,14.375,2.375],"rotation":0,"texture":"#0","tintindex":0}}}],"display":{"head":{"translation":[0.0,-6.4,0.0],"rotation":[0.0,0.0,0.0],"scale":[3.8095,3.8095,3.8095]}}}