{"textures":{"0":"modelengine:entity/stingerhead"},"elements":[{"name":"cube","from":[7.4752517,6.098444,7.63112],"to":[8.524747,9.901556,8.36888],"rotation":{"angle":0.0,"axis":"x","origin":[-6.9275093,26.426395,20.390648]},"faces":{"down":{"uv":[15.0,11.875,14.875,12.0],"rotation":0,"texture":"#0","tintindex":0},"east":{"uv":[14.125,11.125,14.25,11.375],"rotation":0,"texture":"#0","tintindex":0},"north":{"uv":[11.0,14.125,11.125,14.375],"rotation":0,"texture":"#0","tintindex":0},"south":{"uv":[12.5,14.125,12.625,14.375],"rotation":0,"texture":"#0","tintindex":0},"up":{"uv":[11.875,15.0,11.75,14.875],"rotation":0,"texture":"#0","tintindex":0},"west":{"uv":[12.75,14.125,12.875,14.375],"rotation":0,"texture":"#0","tintindex":0}}}],"display":{"head":{"translation":[0.0,-6.4,0.0],"rotation":[0.0,0.0,0.0],"scale":[3.8095,3.8095,3.8095]}}}