{"textures":{"0":"modelengine:entity/stingerhead"},"elements":[{"name":"cube","from":[12.579968,9.8077755,6.39731],"to":[14.658176,22.277023,9.0470295],"rotation":{"angle":-22.5,"axis":"z","origin":[4.824608,22.690521,10.501094]},"faces":{"down":{"uv":[2.5,13.75,2.375,13.875],"rotation":0,"texture":"#0","tintindex":0},"east":{"uv":[2.875,10.125,3.0,10.75],"rotation":0,"texture":"#0","tintindex":0},"north":{"uv":[2.625,10.125,2.75,10.75],"rotation":0,"texture":"#0","tintindex":0},"south":{"uv":[3.125,10.125,3.25,10.75],"rotation":0,"texture":"#0","tintindex":0},"up":{"uv":[13.875,2.375,13.75,2.25],"rotation":0,"texture":"#0","tintindex":0},"west":{"uv":[3.375,10.125,3.5,10.75],"rotation":0,"texture":"#0","tintindex":0}}}],"display":{"head":{"translation":[0.0,-6.4,0.0],"rotation":[0.0,0.0,0.0],"scale":[3.8095,3.8095,3.8095]}}}