{"textures":{"0":"modelengine:entity/stingerhead"},"elements":[{"name":"h_mouth2_cube_0","from":[5.388493,4.3002567,1.3298143],"to":[6.427597,4.819809,1.8493669],"rotation":{"angle":0.0,"axis":"x","origin":[0.55546856,9.906417,7.919039]},"faces":{"down":{"uv":[14.875,2.0,14.75,2.125],"rotation":0,"texture":"#0","tintindex":0},"east":{"uv":[0.25,14.75,0.375,14.875],"rotation":0,"texture":"#0","tintindex":0},"north":{"uv":[14.5,14.625,14.625,14.75],"rotation":0,"texture":"#0","tintindex":0},"south":{"uv":[14.75,1.25,14.875,1.375],"rotation":0,"texture":"#0","tintindex":0},"up":{"uv":[14.875,1.875,14.75,1.75],"rotation":0,"texture":"#0","tintindex":0},"west":{"uv":[14.75,1.5,14.875,1.625],"rotation":0,"texture":"#0","tintindex":0}}},{"name":"h_mouth2_cube_1","from":[5.388493,4.900257,3.1298144],"to":[6.427597,5.419809,3.6493669],"rotation":{"angle":0.0,"axis":"x","origin":[0.55546856,21.906418,27.119041]},"faces":{"down":{"uv":[14.75,11.875,14.625,12.0],"rotation":0,"texture":"#0","tintindex":0},"east":{"uv":[10.75,14.625,10.875,14.75],"rotation":0,"texture":"#0","tintindex":0},"north":{"uv":[10.5,14.625,10.625,14.75],"rotation":0,"texture":"#0","tintindex":0},"south":{"uv":[14.625,11.125,14.75,11.25],"rotation":0,"texture":"#0","tintindex":0},"up":{"uv":[11.875,14.75,11.75,14.625],"rotation":0,"texture":"#0","tintindex":0},"west":{"uv":[14.625,11.375,14.75,11.5],"rotation":0,"texture":"#0","tintindex":0}}},{"name":"h_mouth2_cube_2","from":[4.949389,5.661153,1.9298143],"to":[7.8689413,6.180705,2.449367],"rotation":{"angle":0.0,"axis":"x","origin":[0.55546856,21.906418,27.119041]},"faces":{"down":{"uv":[11.375,14.25,11.25,14.375],"rotation":0,"texture":"#0","tintindex":0},"east":{"uv":[14.625,9.625,14.75,9.75],"rotation":0,"texture":"#0","tintindex":0},"north":{"uv":[10.25,14.25,10.375,14.375],"rotation":0,"texture":"#0","tintindex":0},"south":{"uv":[14.25,10.375,14.375,10.5],"rotation":0,"texture":"#0","tintindex":0},"up":{"uv":[14.375,10.75,14.25,10.625],"rotation":0,"texture":"#0","tintindex":0},"west":{"uv":[14.625,9.875,14.75,10.0],"rotation":0,"texture":"#0","tintindex":0}}},{"name":"h_mouth2_cube_3","from":[6.1493893,3.415473,0.7298143],"to":[9.266701,6.532785,4.8862305],"rotation":{"angle":0.0,"axis":"x","origin":[0.55546856,9.906417,7.919039]},"faces":{"down":{"uv":[1.25,12.125,1.0,12.375],"rotation":0,"texture":"#0","tintindex":0},"east":{"uv":[12.0,11.625,12.25,11.875],"rotation":0,"texture":"#0","tintindex":0},"north":{"uv":[12.0,11.25,12.25,11.5],"rotation":0,"texture":"#0","tintindex":0},"south":{"uv":[12.0,12.0,12.25,12.25],"rotation":0,"texture":"#0","tintindex":0},"up":{"uv":[12.375,0.625,12.125,0.375],"rotation":0,"texture":"#0","tintindex":0},"west":{"uv":[12.125,0.0,12.375,0.25],"rotation":0,"texture":"#0","tintindex":0}}},{"name":"h_mouth2_cube_4","from":[7.547149,4.7046523,7.8419275],"to":[8.586253,8.861069,8.881031],"rotation":{"angle":45.0,"axis":"x","origin":[0.55546856,9.906417,7.919039]},"faces":{"down":{"uv":[3.625,14.625,3.5,14.75],"rotation":0,"texture":"#0","tintindex":0},"east":{"uv":[1.875,14.0,2.0,14.25],"rotation":0,"texture":"#0","tintindex":0},"north":{"uv":[1.625,14.0,1.75,14.25],"rotation":0,"texture":"#0","tintindex":0},"south":{"uv":[2.125,14.0,2.25,14.25],"rotation":0,"texture":"#0","tintindex":0},"up":{"uv":[3.375,14.75,3.25,14.625],"rotation":0,"texture":"#0","tintindex":0},"west":{"uv":[14.0,2.25,14.125,2.5],"rotation":0,"texture":"#0","tintindex":0}}}],"display":{"head":{"translation":[0.0,-6.4,0.0],"rotation":[0.0,0.0,0.0],"scale":[3.8095,3.8095,3.8095]}}}