{"textures":{"0":"modelengine:entity/stingerhead"},"elements":[{"name":"cube","from":[7.4137473,-5.95708,21.95076],"to":[8.452851,-1.8006635,22.989864],"rotation":{"angle":45.0,"axis":"x","origin":[15.52594,21.306416,27.119041]},"faces":{"down":{"uv":[14.75,5.25,14.625,5.375],"rotation":0,"texture":"#0","tintindex":0},"east":{"uv":[14.0,4.0,14.125,4.25],"rotation":0,"texture":"#0","tintindex":0},"north":{"uv":[14.0,3.625,14.125,3.875],"rotation":0,"texture":"#0","tintindex":0},"south":{"uv":[4.25,14.0,4.375,14.25],"rotation":0,"texture":"#0","tintindex":0},"up":{"uv":[14.75,5.125,14.625,5.0],"rotation":0,"texture":"#0","tintindex":0},"west":{"uv":[4.5,14.0,4.625,14.25],"rotation":0,"texture":"#0","tintindex":0}}},{"name":"h_head_cube_2","from":[6.7332993,2.8154726,0.7298143],"to":[9.850612,5.932785,4.8862305],"rotation":{"angle":0.0,"axis":"x","origin":[15.52594,9.306417,7.919039]},"faces":{"down":{"uv":[10.75,12.0,10.5,12.25],"rotation":0,"texture":"#0","tintindex":0},"east":{"uv":[8.5,12.0,8.75,12.25],"rotation":0,"texture":"#0","tintindex":0},"north":{"uv":[8.125,12.0,8.375,12.25],"rotation":0,"texture":"#0","tintindex":0},"south":{"uv":[12.0,9.125,12.25,9.375],"rotation":0,"texture":"#0","tintindex":0},"up":{"uv":[12.25,9.75,12.0,9.5],"rotation":0,"texture":"#0","tintindex":0},"west":{"uv":[9.375,12.0,9.625,12.25],"rotation":0,"texture":"#0","tintindex":0}}},{"name":"cube","from":[8.13106,5.061153,1.9298143],"to":[11.0506115,5.5807047,2.449367],"rotation":{"angle":0.0,"axis":"x","origin":[15.52594,21.306416,27.119041]},"faces":{"down":{"uv":[14.375,10.125,14.25,10.25],"rotation":0,"texture":"#0","tintindex":0},"east":{"uv":[7.25,14.625,7.375,14.75],"rotation":0,"texture":"#0","tintindex":0},"north":{"uv":[9.5,14.25,9.625,14.375],"rotation":0,"texture":"#0","tintindex":0},"south":{"uv":[9.75,14.25,9.875,14.375],"rotation":0,"texture":"#0","tintindex":0},"up":{"uv":[10.125,14.375,10.0,14.25],"rotation":0,"texture":"#0","tintindex":0},"west":{"uv":[14.625,7.25,14.75,7.375],"rotation":0,"texture":"#0","tintindex":0}}},{"name":"h_head_cube_45","from":[9.572403,3.7002568,1.3298143],"to":[10.611507,4.219809,1.8493669],"rotation":{"angle":0.0,"axis":"x","origin":[15.52594,9.306417,7.919039]},"faces":{"down":{"uv":[14.875,3.75,14.75,3.875],"rotation":0,"texture":"#0","tintindex":0},"east":{"uv":[14.75,2.75,14.875,2.875],"rotation":0,"texture":"#0","tintindex":0},"north":{"uv":[14.75,2.25,14.875,2.375],"rotation":0,"texture":"#0","tintindex":0},"south":{"uv":[14.75,3.0,14.875,3.125],"rotation":0,"texture":"#0","tintindex":0},"up":{"uv":[14.875,3.625,14.75,3.5],"rotation":0,"texture":"#0","tintindex":0},"west":{"uv":[14.75,3.25,14.875,3.375],"rotation":0,"texture":"#0","tintindex":0}}},{"name":"cube","from":[9.572403,4.3002567,3.1298144],"to":[10.611507,4.819809,3.6493669],"rotation":{"angle":0.0,"axis":"x","origin":[15.52594,21.306416,27.119041]},"faces":{"down":{"uv":[14.75,9.375,14.625,9.5],"rotation":0,"texture":"#0","tintindex":0},"east":{"uv":[8.25,14.625,8.375,14.75],"rotation":0,"texture":"#0","tintindex":0},"north":{"uv":[14.625,8.0,14.75,8.125],"rotation":0,"texture":"#0","tintindex":0},"south":{"uv":[8.5,14.625,8.625,14.75],"rotation":0,"texture":"#0","tintindex":0},"up":{"uv":[9.375,14.75,9.25,14.625],"rotation":0,"texture":"#0","tintindex":0},"west":{"uv":[14.625,9.125,14.75,9.25],"rotation":0,"texture":"#0","tintindex":0}}}],"display":{"head":{"translation":[0.0,-6.4,0.0],"rotation":[0.0,0.0,0.0],"scale":[3.8095,3.8095,3.8095]}}}