{"textures":{"0":"modelengine:entity/stingerhead"},"elements":[{"name":"cube","from":[-16.0,-5.25772,6.65756],"to":[-11.981151,0.048775196,13.125367],"rotation":{"angle":-45.0,"axis":"x","origin":[-8.657823,9.132919,-3.8062968]},"faces":{"down":{"uv":[1.25,10.875,1.0,11.25],"rotation":0,"texture":"#0","tintindex":0},"east":{"uv":[9.75,7.25,10.125,7.5],"rotation":0,"texture":"#0","tintindex":0},"north":{"uv":[10.625,11.375,10.875,11.625],"rotation":0,"texture":"#0","tintindex":0},"south":{"uv":[11.375,10.875,11.625,11.125],"rotation":0,"texture":"#0","tintindex":0},"up":{"uv":[11.125,1.125,10.875,0.75],"rotation":0,"texture":"#0","tintindex":0},"west":{"uv":[9.75,7.625,10.125,7.875],"rotation":0,"texture":"#0","tintindex":0}}},{"name":"cube","from":[-15.844143,-2.1920557,7.2183685],"to":[-11.877254,2.4390078,13.686152],"rotation":{"angle":-22.5,"axis":"x","origin":[-8.657823,9.132919,-3.8062968]},"faces":{"down":{"uv":[2.875,10.875,2.625,11.25],"rotation":0,"texture":"#0","tintindex":0},"east":{"uv":[9.75,8.0,10.125,8.25],"rotation":0,"texture":"#0","tintindex":0},"north":{"uv":[11.375,11.25,11.625,11.5],"rotation":0,"texture":"#0","tintindex":0},"south":{"uv":[2.125,11.5,2.375,11.75],"rotation":0,"texture":"#0","tintindex":0},"up":{"uv":[11.125,1.625,10.875,1.25],"rotation":0,"texture":"#0","tintindex":0},"west":{"uv":[9.75,8.75,10.125,9.0],"rotation":0,"texture":"#0","tintindex":0}}}],"display":{"head":{"translation":[-8.924886,-6.4,0.0],"rotation":[0.0,0.0,0.0],"scale":[3.8095,3.8095,3.8095]}}}