{"textures":{"0":"modelengine:entity/stingerhead"},"elements":[{"from":[6.249074,3.4262872,10.146721],"to":[9.930469,8.9285965,14.085419],"rotation":{"angle":-22.5,"axis":"x","origin":[8.089771,6.177442,12.11607]},"faces":{"east":{"uv":[4.875,10.875,5.125,11.25],"rotation":0,"texture":"#0","tintindex":0},"south":{"uv":[10.875,5.125,11.125,5.5],"rotation":0,"texture":"#0","tintindex":0},"north":{"uv":[10.875,4.625,11.125,5.0],"rotation":0,"texture":"#0","tintindex":0},"west":{"uv":[5.25,10.875,5.5,11.25],"rotation":0,"texture":"#0","tintindex":0},"up":{"uv":[12.5,8.5,12.25,8.25],"rotation":0,"texture":"#0","tintindex":0},"down":{"uv":[9.125,12.25,8.875,12.5],"rotation":0,"texture":"#0","tintindex":0}}},{"from":[6.49648,4.3344483,14.943017],"to":[9.880983,16.190128,19.455704],"rotation":{"angle":45.0,"axis":"x","origin":[8.188731,10.262289,17.19936]},"faces":{"east":{"uv":[4.125,5.375,4.375,6.0],"rotation":0,"texture":"#0","tintindex":0},"south":{"uv":[2.375,7.125,2.625,7.75],"rotation":0,"texture":"#0","tintindex":0},"north":{"uv":[4.25,6.875,4.5,7.5],"rotation":0,"texture":"#0","tintindex":0},"west":{"uv":[5.5,1.0,5.75,1.625],"rotation":0,"texture":"#0","tintindex":0},"up":{"uv":[1.25,12.0,1.0,11.75],"rotation":0,"texture":"#0","tintindex":0},"down":{"uv":[12.0,1.75,11.75,2.0],"rotation":0,"texture":"#0","tintindex":0}}}],"display":{"head":{"translation":[0.0,-6.4,0.0],"scale":[4.0,4.0,4.0]}}}