{"textures":{"0":"modelengine:entity/stingerhead"},"elements":[{"from":[-10.458014,22.288252,-7.4329834],"to":[-9.902218,22.844023,-5.4537354],"rotation":{"angle":0.0,"axis":"y","origin":[-10.14135,-1.4410744,16.336666]},"faces":{"east":{"uv":[14.375,5.75,14.5,5.875],"rotation":0,"texture":"#0","tintindex":0},"south":{"uv":[6.625,14.75,6.75,14.875],"rotation":0,"texture":"#0","tintindex":0},"north":{"uv":[14.75,6.5,14.875,6.625],"rotation":0,"texture":"#0","tintindex":0},"west":{"uv":[6.0,14.375,6.125,14.5],"rotation":0,"texture":"#0","tintindex":0},"up":{"uv":[14.5,6.125,14.375,6.0],"rotation":0,"texture":"#0","tintindex":0},"down":{"uv":[14.5,6.75,14.375,6.875],"rotation":0,"texture":"#0","tintindex":0}}},{"from":[-11.447636,27.814056,4.8883667],"to":[-8.912596,29.359451,7.362425],"rotation":{"angle":-22.5,"axis":"x","origin":[-10.14135,-1.4410744,16.336666]},"faces":{"east":{"uv":[14.375,5.25,14.5,5.375],"rotation":0,"texture":"#0","tintindex":0},"south":{"uv":[14.375,5.5,14.5,5.625],"rotation":0,"texture":"#0","tintindex":0},"north":{"uv":[14.375,5.0,14.5,5.125],"rotation":0,"texture":"#0","tintindex":0},"west":{"uv":[5.75,14.375,5.875,14.5],"rotation":0,"texture":"#0","tintindex":0},"up":{"uv":[11.625,5.75,11.5,5.625],"rotation":0,"texture":"#0","tintindex":0},"down":{"uv":[6.125,11.5,6.0,11.625],"rotation":0,"texture":"#0","tintindex":0}}},{"from":[-11.942448,0.72431946,-16.0],"to":[-8.417784,5.42384,-12.475357],"rotation":{"angle":45.0,"axis":"x","origin":[-10.14135,-1.4410744,16.336666]},"faces":{"east":{"uv":[11.625,9.625,11.875,9.875],"rotation":0,"texture":"#0","tintindex":0},"south":{"uv":[11.0,11.625,11.25,11.875],"rotation":0,"texture":"#0","tintindex":0},"north":{"uv":[9.375,11.625,9.625,11.875],"rotation":0,"texture":"#0","tintindex":0},"west":{"uv":[11.375,11.625,11.625,11.875],"rotation":0,"texture":"#0","tintindex":0},"up":{"uv":[12.5,1.5,12.25,1.25],"rotation":0,"texture":"#0","tintindex":0},"down":{"uv":[1.875,12.25,1.625,12.5],"rotation":0,"texture":"#0","tintindex":0}}},{"from":[-13.117325,14.836731,-11.395313],"to":[-7.2429028,20.711132,-5.224022],"rotation":{"angle":22.5,"axis":"x","origin":[-10.14135,-1.4410744,16.336666]},"faces":{"east":{"uv":[4.125,8.625,4.5,9.0],"rotation":0,"texture":"#0","tintindex":0},"south":{"uv":[4.625,8.625,5.0,9.0],"rotation":0,"texture":"#0","tintindex":0},"north":{"uv":[8.625,2.875,9.0,3.25],"rotation":0,"texture":"#0","tintindex":0},"west":{"uv":[5.75,8.625,6.125,9.0],"rotation":0,"texture":"#0","tintindex":0},"up":{"uv":[9.0,6.125,8.625,5.75],"rotation":0,"texture":"#0","tintindex":0},"down":{"uv":[6.625,8.625,6.25,9.0],"rotation":0,"texture":"#0","tintindex":0}}},{"from":[-11.632893,27.819931,-1.0758381],"to":[-8.727339,30.725464,1.136961],"rotation":{"angle":0.0,"axis":"y","origin":[-10.14135,-1.4410744,16.336666]},"faces":{"east":{"uv":[3.875,12.875,4.0,13.125],"rotation":0,"texture":"#0","tintindex":0},"south":{"uv":[0.25,12.25,0.5,12.5],"rotation":0,"texture":"#0","tintindex":0},"north":{"uv":[12.125,7.875,12.375,8.125],"rotation":0,"texture":"#0","tintindex":0},"west":{"uv":[12.875,3.875,13.0,4.125],"rotation":0,"texture":"#0","tintindex":0},"up":{"uv":[4.375,13.0,4.125,12.875],"rotation":0,"texture":"#0","tintindex":0},"down":{"uv":[13.125,4.25,12.875,4.375],"rotation":0,"texture":"#0","tintindex":0}}},{"from":[-12.127705,28.104847,-1.1664219],"to":[-8.232527,32.0,-0.43805695],"rotation":{"angle":0.0,"axis":"y","origin":[-10.14135,-1.4410744,16.336666]},"faces":{"east":{"uv":[14.0,8.375,14.125,8.625],"rotation":0,"texture":"#0","tintindex":0},"south":{"uv":[7.625,12.125,7.875,12.375],"rotation":0,"texture":"#0","tintindex":0},"north":{"uv":[12.125,7.5,12.375,7.75],"rotation":0,"texture":"#0","tintindex":0},"west":{"uv":[14.0,8.75,14.125,9.0],"rotation":0,"texture":"#0","tintindex":0},"up":{"uv":[14.25,9.25,14.0,9.125],"rotation":0,"texture":"#0","tintindex":0},"down":{"uv":[10.5,14.0,10.25,14.125],"rotation":0,"texture":"#0","tintindex":0}}}],"display":{"head":{"translation":[0.0,35.680183,-78.32303],"scale":[4.0,4.0,4.0]}}}