{"textures":{"0":"modelengine:entity/stingerhead"},"elements":[{"name":"cube","from":[4.127864,10.664761,-5.421812],"to":[7.681592,15.40308,7.0266523],"rotation":{"angle":-22.5,"axis":"x","origin":[5.904728,13.033921,0.80242133]},"faces":{"down":{"uv":[1.75,7.25,1.5,7.875],"rotation":0,"texture":"#0","tintindex":0},"east":{"uv":[5.5,3.5,6.125,3.75],"rotation":0,"texture":"#0","tintindex":0},"north":{"uv":[3.625,11.75,3.875,12.0],"rotation":0,"texture":"#0","tintindex":0},"south":{"uv":[11.75,3.625,12.0,3.875],"rotation":0,"texture":"#0","tintindex":0},"up":{"uv":[1.375,7.875,1.125,7.25],"rotation":0,"texture":"#0","tintindex":0},"west":{"uv":[5.75,0.0,6.375,0.25],"rotation":0,"texture":"#0","tintindex":0}}},{"name":"cube","from":[3.8680875,7.9769835,-7.2818317],"to":[7.733552,13.754384,-3.1462002],"rotation":{"angle":0.0,"axis":"x","origin":[5.8008194,10.8656845,-5.214017]},"faces":{"down":{"uv":[8.625,12.375,8.375,12.625],"rotation":0,"texture":"#0","tintindex":0},"east":{"uv":[10.875,7.0,11.125,7.375],"rotation":0,"texture":"#0","tintindex":0},"north":{"uv":[5.625,10.875,5.875,11.25],"rotation":0,"texture":"#0","tintindex":0},"south":{"uv":[7.875,10.875,8.125,11.25],"rotation":0,"texture":"#0","tintindex":0},"up":{"uv":[8.25,12.625,8.0,12.375],"rotation":0,"texture":"#0","tintindex":0},"west":{"uv":[10.875,9.75,11.125,10.125],"rotation":0,"texture":"#0","tintindex":0}}}],"display":{"head":{"translation":[0.0,-6.4,0.0],"rotation":[0.0,0.0,0.0],"scale":[3.8095,3.8095,3.8095]}}}