{"textures":{"0":"mineinabyss:mobs/stingerhead"},"elements":[{"from":[-16.0,-2.2309256,7.867131],"to":[-12.318605,3.2713828,11.805829],"rotation":{"angle":-22.5,"axis":"x","origin":[-2.7077942,9.078972,-3.244092]},"faces":{"east":{"uv":[2.25,11.0,2.5,11.375],"rotation":0,"texture":"#0","tintindex":0},"south":{"uv":[10.25,11.0,10.5,11.375],"rotation":0,"texture":"#0","tintindex":0},"north":{"uv":[10.625,10.875,10.875,11.25],"rotation":0,"texture":"#0","tintindex":0},"west":{"uv":[11.0,10.25,11.25,10.625],"rotation":0,"texture":"#0","tintindex":0},"up":{"uv":[12.625,11.625,12.375,11.375],"rotation":0,"texture":"#0","tintindex":0},"down":{"uv":[12.625,11.75,12.375,12.0],"rotation":0,"texture":"#0","tintindex":0}}},{"from":[-15.950514,4.3344483,14.943017],"to":[-12.566011,16.190128,19.455704],"rotation":{"angle":45.0,"axis":"x","origin":[-14.258263,10.262289,17.19936]},"faces":{"east":{"uv":[5.875,1.0,6.125,1.625],"rotation":0,"texture":"#0","tintindex":0},"south":{"uv":[7.25,7.125,7.5,7.75],"rotation":0,"texture":"#0","tintindex":0},"north":{"uv":[5.375,7.25,5.625,7.875],"rotation":0,"texture":"#0","tintindex":0},"west":{"uv":[3.5,5.875,3.75,6.5],"rotation":0,"texture":"#0","tintindex":0},"up":{"uv":[5.75,12.0,5.5,11.75],"rotation":0,"texture":"#0","tintindex":0},"down":{"uv":[12.0,5.625,11.75,5.875],"rotation":0,"texture":"#0","tintindex":0}}}],"display":{"head":{"translation":[-2.3056488,-6.4,0.0],"scale":[4.0,4.0,4.0]}}}