{"textures":{"0":"mineinabyss:entity/mobs/stingerhead"},"elements":[{"from":[4.312251,10.537868,-4.7826777],"to":[7.6967545,15.050553,7.0730033],"rotation":{"angle":-22.5,"axis":"x","origin":[6.004503,12.79421,1.145163]},"faces":{"east":{"uv":[5.5,3.5,6.125,3.75],"rotation":0,"texture":"#0","tintindex":0},"south":{"uv":[11.75,3.625,12.0,3.875],"rotation":0,"texture":"#0","tintindex":0},"north":{"uv":[3.625,11.75,3.875,12.0],"rotation":0,"texture":"#0","tintindex":0},"west":{"uv":[5.75,0.0,6.375,0.25],"rotation":0,"texture":"#0","tintindex":0},"up":{"uv":[1.375,7.875,1.125,7.25],"rotation":0,"texture":"#0","tintindex":0},"down":{"uv":[1.75,7.25,1.5,7.875],"rotation":0,"texture":"#0","tintindex":0}}},{"from":[4.0648456,7.97808,-6.5541267],"to":[7.74624,13.480366,-2.615429],"rotation":{"angle":0.0,"axis":"y","origin":[5.905543,10.729223,-4.584777]},"faces":{"east":{"uv":[10.875,7.0,11.125,7.375],"rotation":0,"texture":"#0","tintindex":0},"south":{"uv":[7.875,10.875,8.125,11.25],"rotation":0,"texture":"#0","tintindex":0},"north":{"uv":[5.625,10.875,5.875,11.25],"rotation":0,"texture":"#0","tintindex":0},"west":{"uv":[10.875,9.75,11.125,10.125],"rotation":0,"texture":"#0","tintindex":0},"up":{"uv":[8.25,12.625,8.0,12.375],"rotation":0,"texture":"#0","tintindex":0},"down":{"uv":[8.625,12.375,8.375,12.625],"rotation":0,"texture":"#0","tintindex":0}}}],"display":{"head":{"translation":[0.0,-6.4,0.0],"scale":[4.0,4.0,4.0]}}}
