{"textures":{"0":"modelengine:entity/stingerhead"},"elements":[{"from":[17.829533,3.758874,18.324747],"to":[20.364573,5.304269,20.798805],"rotation":{"angle":-45.0,"axis":"x","origin":[13.692892,-9.555481,19.415764]},"faces":{"east":{"uv":[1.125,14.375,1.25,14.5],"rotation":0,"texture":"#0","tintindex":0},"south":{"uv":[1.375,14.375,1.5,14.5],"rotation":0,"texture":"#0","tintindex":0},"north":{"uv":[14.375,1.0,14.5,1.125],"rotation":0,"texture":"#0","tintindex":0},"west":{"uv":[1.625,14.375,1.75,14.5],"rotation":0,"texture":"#0","tintindex":0},"up":{"uv":[7.0,3.625,6.875,3.5],"rotation":0,"texture":"#0","tintindex":0},"down":{"uv":[6.375,7.125,6.25,7.25],"rotation":0,"texture":"#0","tintindex":0}}},{"from":[17.149464,8.101983,16.221455],"to":[21.04464,11.997137,16.949821],"rotation":{"angle":-22.5,"axis":"x","origin":[13.692892,-9.555481,19.415764]},"faces":{"east":{"uv":[5.875,14.0,6.0,14.25],"rotation":0,"texture":"#0","tintindex":0},"south":{"uv":[5.0,12.125,5.25,12.375],"rotation":0,"texture":"#0","tintindex":0},"north":{"uv":[12.125,4.625,12.375,4.875],"rotation":0,"texture":"#0","tintindex":0},"west":{"uv":[6.125,14.0,6.25,14.25],"rotation":0,"texture":"#0","tintindex":0},"up":{"uv":[6.875,14.125,6.625,14.0],"rotation":0,"texture":"#0","tintindex":0},"down":{"uv":[14.25,6.75,14.0,6.875],"rotation":0,"texture":"#0","tintindex":0}}},{"from":[16.15984,0.71537685,9.328632],"to":[22.034264,6.589777,15.499924],"rotation":{"angle":0.0,"axis":"y","origin":[13.692892,-9.555481,19.415764]},"faces":{"east":{"uv":[4.5,8.125,4.875,8.5],"rotation":0,"texture":"#0","tintindex":0},"south":{"uv":[6.125,8.125,6.5,8.5],"rotation":0,"texture":"#0","tintindex":0},"north":{"uv":[8.0,2.375,8.375,2.75],"rotation":0,"texture":"#0","tintindex":0},"west":{"uv":[0.0,8.25,0.375,8.625],"rotation":0,"texture":"#0","tintindex":0},"up":{"uv":[8.625,5.625,8.25,5.25],"rotation":0,"texture":"#0","tintindex":0},"down":{"uv":[8.625,6.375,8.25,6.75],"rotation":0,"texture":"#0","tintindex":0}}},{"from":[18.819155,3.0803823,11.111787],"to":[19.37495,3.6361542,13.091032],"rotation":{"angle":-22.5,"axis":"x","origin":[13.692892,-9.555481,19.415764]},"faces":{"east":{"uv":[1.875,14.375,2.0,14.5],"rotation":0,"texture":"#0","tintindex":0},"south":{"uv":[6.125,14.75,6.25,14.875],"rotation":0,"texture":"#0","tintindex":0},"north":{"uv":[5.25,14.75,5.375,14.875],"rotation":0,"texture":"#0","tintindex":0},"west":{"uv":[2.125,14.375,2.25,14.5],"rotation":0,"texture":"#0","tintindex":0},"up":{"uv":[2.5,14.5,2.375,14.375],"rotation":0,"texture":"#0","tintindex":0},"down":{"uv":[2.75,14.375,2.625,14.5],"rotation":0,"texture":"#0","tintindex":0}}},{"from":[17.33472,1.8898683,6.378758],"to":[20.859383,6.5893884,9.903421],"rotation":{"angle":22.5,"axis":"x","origin":[13.692892,-9.555481,19.415764]},"faces":{"east":{"uv":[11.375,8.5,11.625,8.75],"rotation":0,"texture":"#0","tintindex":0},"south":{"uv":[11.375,10.125,11.625,10.375],"rotation":0,"texture":"#0","tintindex":0},"north":{"uv":[8.25,11.375,8.5,11.625],"rotation":0,"texture":"#0","tintindex":0},"west":{"uv":[11.375,10.5,11.625,10.75],"rotation":0,"texture":"#0","tintindex":0},"up":{"uv":[6.0,12.375,5.75,12.125],"rotation":0,"texture":"#0","tintindex":0},"down":{"uv":[12.375,5.875,12.125,6.125],"rotation":0,"texture":"#0","tintindex":0}}},{"from":[17.644276,7.001343,16.864815],"to":[20.54983,9.906875,19.077616],"rotation":{"angle":-22.5,"axis":"x","origin":[13.692892,-9.555481,19.415764]},"faces":{"east":{"uv":[12.875,0.75,13.0,1.0],"rotation":0,"texture":"#0","tintindex":0},"south":{"uv":[12.125,5.5,12.375,5.75],"rotation":0,"texture":"#0","tintindex":0},"north":{"uv":[5.375,12.125,5.625,12.375],"rotation":0,"texture":"#0","tintindex":0},"west":{"uv":[1.0,12.875,1.125,13.125],"rotation":0,"texture":"#0","tintindex":0},"up":{"uv":[13.0,12.375,12.75,12.25],"rotation":0,"texture":"#0","tintindex":0},"down":{"uv":[13.125,1.125,12.875,1.25],"rotation":0,"texture":"#0","tintindex":0}}}],"display":{"head":{"translation":[0.0,-6.4,0.0],"scale":[4.0,4.0,4.0]}}}