{"textures":{"0":"modelengine:entity/stingerhead"},"elements":[{"name":"cube","from":[4.259651,14.219772,22.533298],"to":[8.665468,18.848225,26.9391],"rotation":{"angle":-22.5,"axis":"x","origin":[1.251131,-3.614645,0.39177322]},"faces":{"down":{"uv":[9.375,1.0,9.0,1.375],"rotation":0,"texture":"#0","tintindex":0},"east":{"uv":[8.875,8.25,9.25,8.625],"rotation":0,"texture":"#0","tintindex":0},"north":{"uv":[8.25,8.875,8.625,9.25],"rotation":0,"texture":"#0","tintindex":0},"south":{"uv":[8.75,8.875,9.125,9.25],"rotation":0,"texture":"#0","tintindex":0},"up":{"uv":[9.375,0.875,9.0,0.5],"rotation":0,"texture":"#0","tintindex":0},"west":{"uv":[9.0,0.0,9.375,0.375],"rotation":0,"texture":"#0","tintindex":0}}},{"name":"cube","from":[5.0018682,29.078636,-10.2801],"to":[7.923251,32.0,-9.733826],"rotation":{"angle":45.0,"axis":"x","origin":[1.251131,-3.614645,0.39177322]},"faces":{"down":{"uv":[14.25,12.125,14.0,12.25],"rotation":0,"texture":"#0","tintindex":0},"east":{"uv":[14.0,11.75,14.125,12.0],"rotation":0,"texture":"#0","tintindex":0},"north":{"uv":[9.625,12.375,9.875,12.625],"rotation":0,"texture":"#0","tintindex":0},"south":{"uv":[10.0,12.375,10.25,12.625],"rotation":0,"texture":"#0","tintindex":0},"up":{"uv":[12.375,14.125,12.125,14.0],"rotation":0,"texture":"#0","tintindex":0},"west":{"uv":[11.875,14.0,12.0,14.25],"rotation":0,"texture":"#0","tintindex":0}}},{"name":"cube","from":[5.3729773,28.029427,-10.080421],"to":[7.5521426,30.208572,-8.420822],"rotation":{"angle":45.0,"axis":"x","origin":[1.251131,-3.614645,0.39177322]},"faces":{"down":{"uv":[13.125,12.5,12.875,12.625],"rotation":0,"texture":"#0","tintindex":0},"east":{"uv":[12.875,10.125,13.0,10.375],"rotation":0,"texture":"#0","tintindex":0},"north":{"uv":[10.375,12.375,10.625,12.625],"rotation":0,"texture":"#0","tintindex":0},"south":{"uv":[10.75,12.375,11.0,12.625],"rotation":0,"texture":"#0","tintindex":0},"up":{"uv":[13.125,8.5,12.875,8.375],"rotation":0,"texture":"#0","tintindex":0},"west":{"uv":[12.875,10.5,13.0,10.75],"rotation":0,"texture":"#0","tintindex":0}}},{"name":"cube","from":[5.140811,23.165855,10.2458315],"to":[7.7843084,25.809341,13.770472],"rotation":{"angle":0.0,"axis":"x","origin":[1.251131,-3.614645,0.39177322]},"faces":{"down":{"uv":[5.375,11.75,5.125,12.0],"rotation":0,"texture":"#0","tintindex":0},"east":{"uv":[4.0,11.75,4.25,12.0],"rotation":0,"texture":"#0","tintindex":0},"north":{"uv":[12.375,11.0,12.625,11.25],"rotation":0,"texture":"#0","tintindex":0},"south":{"uv":[11.125,12.375,11.375,12.625],"rotation":0,"texture":"#0","tintindex":0},"up":{"uv":[5.0,12.0,4.75,11.75],"rotation":0,"texture":"#0","tintindex":0},"west":{"uv":[4.375,11.75,4.625,12.0],"rotation":0,"texture":"#0","tintindex":0}}},{"name":"cube","from":[5.51192,26.23973,-3.2548218],"to":[7.4132,27.398773,-1.3992786],"rotation":{"angle":22.5,"axis":"x","origin":[1.251131,-3.614645,0.39177322]},"faces":{"down":{"uv":[13.625,0.5,13.5,0.625],"rotation":0,"texture":"#0","tintindex":0},"east":{"uv":[14.375,9.875,14.5,10.0],"rotation":0,"texture":"#0","tintindex":0},"north":{"uv":[14.375,9.625,14.5,9.75],"rotation":0,"texture":"#0","tintindex":0},"south":{"uv":[10.5,14.375,10.625,14.5],"rotation":0,"texture":"#0","tintindex":0},"up":{"uv":[13.625,0.375,13.5,0.25],"rotation":0,"texture":"#0","tintindex":0},"west":{"uv":[10.75,14.375,10.875,14.5],"rotation":0,"texture":"#0","tintindex":0}}},{"name":"cube","from":[6.254137,23.440315,-16.0],"to":[6.6709824,23.85714,-14.51557],"rotation":{"angle":45.0,"axis":"x","origin":[1.251131,-3.614645,0.39177322]},"faces":{"down":{"uv":[14.5,12.0,14.375,12.125],"rotation":0,"texture":"#0","tintindex":0},"east":{"uv":[14.375,11.125,14.5,11.25],"rotation":0,"texture":"#0","tintindex":0},"north":{"uv":[7.5,14.75,7.625,14.875],"rotation":0,"texture":"#0","tintindex":0},"south":{"uv":[14.75,7.5,14.875,7.625],"rotation":0,"texture":"#0","tintindex":0},"up":{"uv":[11.875,14.5,11.75,14.375],"rotation":0,"texture":"#0","tintindex":0},"west":{"uv":[14.375,11.375,14.5,11.5],"rotation":0,"texture":"#0","tintindex":0}}}],"display":{"head":{"translation":[0.0,44.782455,-63.879414],"rotation":[0.0,0.0,0.0],"scale":[3.7333333,3.7333333,3.7333333]}}}