{"textures":{"0":"modelengine:entity/stingerhead"},"elements":[{"name":"cube","from":[-16.0,19.500465,-7.0392647],"to":[-9.831879,25.668583,-0.55940914],"rotation":{"angle":22.5,"axis":"x","origin":[-1.288095,-6.1085205,9.861103]},"faces":{"down":{"uv":[8.0,9.125,7.625,9.5],"rotation":0,"texture":"#0","tintindex":0},"east":{"uv":[9.125,5.75,9.5,6.125],"rotation":0,"texture":"#0","tintindex":0},"north":{"uv":[5.625,9.125,6.0,9.5],"rotation":0,"texture":"#0","tintindex":0},"south":{"uv":[6.125,9.125,6.5,9.5],"rotation":0,"texture":"#0","tintindex":0},"up":{"uv":[7.5,9.5,7.125,9.125],"rotation":0,"texture":"#0","tintindex":0},"west":{"uv":[6.625,9.125,7.0,9.5],"rotation":0,"texture":"#0","tintindex":0}}},{"name":"cube","from":[-15.403912,27.910088,6.0058155],"to":[-11.313975,32.0,6.7706003],"rotation":{"angle":0.0,"axis":"x","origin":[-1.288095,-6.1085205,9.861103]},"faces":{"down":{"uv":[14.25,13.375,14.0,13.5],"rotation":0,"texture":"#0","tintindex":0},"east":{"uv":[14.0,12.375,14.125,12.625],"rotation":0,"texture":"#0","tintindex":0},"north":{"uv":[12.5,0.75,12.75,1.0],"rotation":0,"texture":"#0","tintindex":0},"south":{"uv":[1.0,12.5,1.25,12.75],"rotation":0,"texture":"#0","tintindex":0},"up":{"uv":[14.25,13.25,14.0,13.125],"rotation":0,"texture":"#0","tintindex":0},"west":{"uv":[14.0,12.75,14.125,13.0],"rotation":0,"texture":"#0","tintindex":0}}},{"name":"cube","from":[-14.884357,26.981194,7.0173683],"to":[-11.833528,30.032001,9.340809],"rotation":{"angle":0.0,"axis":"x","origin":[-1.288095,-6.1085205,9.861103]},"faces":{"down":{"uv":[13.25,5.125,13.0,5.25],"rotation":0,"texture":"#0","tintindex":0},"east":{"uv":[13.0,2.375,13.125,2.625],"rotation":0,"texture":"#0","tintindex":0},"north":{"uv":[12.5,1.625,12.75,1.875],"rotation":0,"texture":"#0","tintindex":0},"south":{"uv":[12.5,2.0,12.75,2.25],"rotation":0,"texture":"#0","tintindex":0},"up":{"uv":[13.25,5.0,13.0,4.875],"rotation":0,"texture":"#0","tintindex":0},"west":{"uv":[13.0,2.75,13.125,3.0],"rotation":0,"texture":"#0","tintindex":0}}},{"name":"cube","from":[-15.209393,8.947689,-16.0],"to":[-11.508496,13.882206,-12.2991295],"rotation":{"angle":45.0,"axis":"x","origin":[-1.288095,-6.1085205,9.861103]},"faces":{"down":{"uv":[3.0,12.5,2.75,12.75],"rotation":0,"texture":"#0","tintindex":0},"east":{"uv":[11.75,6.0,12.0,6.25],"rotation":0,"texture":"#0","tintindex":0},"north":{"uv":[5.875,11.75,6.125,12.0],"rotation":0,"texture":"#0","tintindex":0},"south":{"uv":[6.25,11.75,6.5,12.0],"rotation":0,"texture":"#0","tintindex":0},"up":{"uv":[2.625,12.75,2.375,12.5],"rotation":0,"texture":"#0","tintindex":0},"west":{"uv":[11.75,6.375,12.0,6.625],"rotation":0,"texture":"#0","tintindex":0}}},{"name":"cube","from":[-14.689838,22.206661,12.126728],"to":[-12.028047,23.829323,14.724488],"rotation":{"angle":-22.5,"axis":"x","origin":[-1.288095,-6.1085205,9.861103]},"faces":{"down":{"uv":[1.375,13.5,1.25,13.625],"rotation":0,"texture":"#0","tintindex":0},"east":{"uv":[14.375,13.125,14.5,13.25],"rotation":0,"texture":"#0","tintindex":0},"north":{"uv":[13.0,14.375,13.125,14.5],"rotation":0,"texture":"#0","tintindex":0},"south":{"uv":[13.25,14.375,13.375,14.5],"rotation":0,"texture":"#0","tintindex":0},"up":{"uv":[13.625,0.875,13.5,0.75],"rotation":0,"texture":"#0","tintindex":0},"west":{"uv":[14.375,13.375,14.5,13.5],"rotation":0,"texture":"#0","tintindex":0}}},{"name":"cube","from":[-13.650734,22.068443,-1.006072],"to":[-13.067151,22.652004,1.0721359],"rotation":{"angle":0.0,"axis":"x","origin":[-1.288095,-6.1085205,9.861103]},"faces":{"down":{"uv":[14.625,1.25,14.5,1.375],"rotation":0,"texture":"#0","tintindex":0},"east":{"uv":[13.5,14.375,13.625,14.5],"rotation":0,"texture":"#0","tintindex":0},"north":{"uv":[7.75,14.75,7.875,14.875],"rotation":0,"texture":"#0","tintindex":0},"south":{"uv":[14.75,7.75,14.875,7.875],"rotation":0,"texture":"#0","tintindex":0},"up":{"uv":[0.375,14.625,0.25,14.5],"rotation":0,"texture":"#0","tintindex":0},"west":{"uv":[14.375,13.875,14.5,14.0],"rotation":0,"texture":"#0","tintindex":0}}}],"display":{"head":{"translation":[-9.558535,50.501373,-51.024963],"rotation":[0.0,0.0,0.0],"scale":[3.8095,3.8095,3.8095]}}}