{"textures":{"0":"modelengine:entity/stingerhead"},"elements":[{"name":"cube","from":[-15.94804,4.1511707,15.290169],"to":[-12.394313,16.599636,20.028488],"rotation":{"angle":45.0,"axis":"x","origin":[-14.171174,10.375402,17.659328]},"faces":{"down":{"uv":[12.0,5.625,11.75,5.875],"rotation":0,"texture":"#0","tintindex":0},"east":{"uv":[5.875,1.0,6.125,1.625],"rotation":0,"texture":"#0","tintindex":0},"north":{"uv":[5.375,7.25,5.625,7.875],"rotation":0,"texture":"#0","tintindex":0},"south":{"uv":[7.25,7.125,7.5,7.75],"rotation":0,"texture":"#0","tintindex":0},"up":{"uv":[5.75,12.0,5.5,11.75],"rotation":0,"texture":"#0","tintindex":0},"west":{"uv":[3.5,5.875,3.75,6.5],"rotation":0,"texture":"#0","tintindex":0}}},{"name":"cube","from":[-16.0,-2.7424731,7.8604884],"to":[-12.134536,3.034952,11.9961195],"rotation":{"angle":-22.5,"axis":"x","origin":[-2.0431838,9.132919,-3.8062968]},"faces":{"down":{"uv":[12.625,11.75,12.375,12.0],"rotation":0,"texture":"#0","tintindex":0},"east":{"uv":[2.25,11.0,2.5,11.375],"rotation":0,"texture":"#0","tintindex":0},"north":{"uv":[10.625,10.875,10.875,11.25],"rotation":0,"texture":"#0","tintindex":0},"south":{"uv":[10.25,11.0,10.5,11.375],"rotation":0,"texture":"#0","tintindex":0},"up":{"uv":[12.625,11.625,12.375,11.375],"rotation":0,"texture":"#0","tintindex":0},"west":{"uv":[11.0,10.25,11.25,10.625],"rotation":0,"texture":"#0","tintindex":0}}}],"display":{"head":{"translation":[-6.739537,-6.4,0.0],"rotation":[0.0,0.0,0.0],"scale":[3.8095,3.8095,3.8095]}}}