{"textures":{"0":"modelengine:entity/stingerhead"},"elements":[{"name":"cube","from":[9.3703575,5.3670254,7.1147118],"to":[12.757838,7.923242,8.611016],"rotation":{"angle":-22.5,"axis":"z","origin":[12.372951,20.087788,8.547992]},"faces":{"down":{"uv":[14.375,6.5,14.125,6.625],"rotation":0,"texture":"#0","tintindex":0},"east":{"uv":[8.75,14.5,8.875,14.625],"rotation":0,"texture":"#0","tintindex":0},"north":{"uv":[13.125,0.5,13.375,0.625],"rotation":0,"texture":"#0","tintindex":0},"south":{"uv":[13.125,0.75,13.375,0.875],"rotation":0,"texture":"#0","tintindex":0},"up":{"uv":[14.375,6.375,14.125,6.25],"rotation":0,"texture":"#0","tintindex":0},"west":{"uv":[14.5,8.875,14.625,9.0],"rotation":0,"texture":"#0","tintindex":0}}}],"display":{"head":{"translation":[0.0,-6.4,0.0],"rotation":[0.0,0.0,0.0],"scale":[3.8095,3.8095,3.8095]}}}