{"textures":{"0":"mineinabyss:mobs/dosetori"},"elements":[{"from":[-5.1914644,7.5403023,5.4],"to":[2.8685355,7.6215525,11.12],"faces":{"east":{"uv":[9.75,3.625,11.1875,3.65625],"tintindex":0,"rotation":0,"texture":"#0"},"south":{"uv":[9.625,9.125,11.625,9.15625],"tintindex":0,"rotation":0,"texture":"#0"},"north":{"uv":[9.625,0.25,11.625,0.28125],"tintindex":0,"rotation":0,"texture":"#0"},"west":{"uv":[9.75,3.75,11.1875,3.78125],"tintindex":0,"rotation":0,"texture":"#0"},"up":{"uv":[3.875,1.4375,1.875,0.0],"tintindex":0,"rotation":0,"texture":"#0"},"down":{"uv":[3.875,1.5,1.875,2.9375],"tintindex":0,"rotation":0,"texture":"#0"}},"rotation":{"origin":[8.956709,10.309699,8.0],"angle":-22.5,"axis":"z"}},{"from":[-5.711465,6.7603025,4.62],"to":[-1.0314646,8.320303,5.66],"faces":{"east":{"uv":[3.375,9.5,3.625,9.875],"tintindex":0,"rotation":0,"texture":"#0"},"south":{"uv":[6.5,0.0,7.65625,0.375],"tintindex":0,"rotation":0,"texture":"#0"},"north":{"uv":[5.625,6.375,6.78125,6.75],"tintindex":0,"rotation":0,"texture":"#0"},"west":{"uv":[9.5,5.375,9.75,5.75],"tintindex":0,"rotation":0,"texture":"#0"},"up":{"uv":[8.78125,6.375,7.625,6.125],"tintindex":0,"rotation":0,"texture":"#0"},"down":{"uv":[9.15625,3.375,8.0,3.625],"tintindex":0,"rotation":0,"texture":"#0"}},"rotation":{"origin":[8.956709,10.309699,8.0],"angle":-22.5,"axis":"z"}},{"from":[-2.591464,7.020303,4.88],"to":[2.8685355,8.060303,5.92],"faces":{"east":{"uv":[9.625,8.625,9.875,8.875],"tintindex":0,"rotation":0,"texture":"#0"},"south":{"uv":[7.375,5.25,8.75,5.5],"tintindex":0,"rotation":0,"texture":"#0"},"north":{"uv":[7.375,5.0,8.75,5.25],"tintindex":0,"rotation":0,"texture":"#0"},"west":{"uv":[9.625,8.875,9.875,9.125],"tintindex":0,"rotation":0,"texture":"#0"},"up":{"uv":[8.75,5.75,7.375,5.5],"tintindex":0,"rotation":0,"texture":"#0"},"down":{"uv":[8.75,6.625,7.375,6.875],"tintindex":0,"rotation":0,"texture":"#0"}},"rotation":{"origin":[8.956709,10.309699,8.0],"angle":-22.5,"axis":"z"}}]}