{"textures":{"0":"modelengine:entity/tamaugachi"},"elements":[{"name":"cube","from":[4.9010267,11.032048,4.1577606],"to":[6.656028,22.372044,6.1827602],"rotation":{"angle":45.0,"axis":"x","origin":[5.373527,11.774889,5.1702604]},"faces":{"down":{"uv":[14.28125,10.59375,14.1875,10.6875],"rotation":0,"texture":"#0","tintindex":0},"east":{"uv":[12.3125,10.0,12.40625,10.59375],"rotation":0,"texture":"#0","tintindex":0},"north":{"uv":[12.3125,7.8125,12.40625,8.40625],"rotation":0,"texture":"#0","tintindex":0},"south":{"uv":[12.625,2.8125,12.71875,3.40625],"rotation":0,"texture":"#0","tintindex":0},"up":{"uv":[14.21875,12.4375,14.125,12.34375],"rotation":0,"texture":"#0","tintindex":0},"west":{"uv":[12.625,5.6875,12.71875,6.28125],"rotation":0,"texture":"#0","tintindex":0}}},{"name":"cube","from":[11.426027,8.283841,5.8892794],"to":[13.181027,10.308842,17.229279],"rotation":{"angle":-22.5,"axis":"x","origin":[3.0560274,9.075832,14.075]},"faces":{"down":{"uv":[12.40625,4.1875,12.3125,4.78125],"rotation":0,"texture":"#0","tintindex":0},"east":{"uv":[12.5625,4.625,13.15625,4.71875],"rotation":0,"texture":"#0","tintindex":0},"north":{"uv":[14.09375,5.78125,14.1875,5.875],"rotation":0,"texture":"#0","tintindex":0},"south":{"uv":[14.125,11.09375,14.21875,11.1875],"rotation":0,"texture":"#0","tintindex":0},"up":{"uv":[12.28125,10.71875,12.1875,10.125],"rotation":0,"texture":"#0","tintindex":0},"west":{"uv":[12.5625,4.75,13.15625,4.84375],"rotation":0,"texture":"#0","tintindex":0}}},{"name":"cube","from":[11.966027,11.293742,18.110691],"to":[12.641027,22.768742,19.325691],"rotation":{"angle":45.0,"axis":"x","origin":[3.0560274,13.800832,16.1]},"faces":{"down":{"uv":[14.40625,15.3125,14.375,15.375],"rotation":0,"texture":"#0","tintindex":0},"east":{"uv":[13.09375,13.34375,13.15625,13.9375],"rotation":0,"texture":"#0","tintindex":0},"north":{"uv":[6.28125,11.21875,6.3125,11.8125],"rotation":0,"texture":"#0","tintindex":0},"south":{"uv":[0.5,11.25,0.53125,11.84375],"rotation":0,"texture":"#0","tintindex":0},"up":{"uv":[14.15625,15.375,14.125,15.3125],"rotation":0,"texture":"#0","tintindex":0},"west":{"uv":[6.53125,13.40625,6.59375,14.0],"rotation":0,"texture":"#0","tintindex":0}}},{"name":"cube","from":[5.4410276,20.525002,12.320621],"to":[6.116028,32.0,13.535621],"rotation":{"angle":22.5,"axis":"x","origin":[5.7785277,21.797237,8.815444]},"faces":{"down":{"uv":[15.34375,14.75,15.3125,14.8125],"rotation":0,"texture":"#0","tintindex":0},"east":{"uv":[13.4375,10.71875,13.5,11.3125],"rotation":0,"texture":"#0","tintindex":0},"north":{"uv":[12.4375,9.96875,12.46875,10.5625],"rotation":0,"texture":"#0","tintindex":0},"south":{"uv":[2.5,14.125,2.53125,14.71875],"rotation":0,"texture":"#0","tintindex":0},"up":{"uv":[14.71875,15.375,14.6875,15.3125],"rotation":0,"texture":"#0","tintindex":0},"west":{"uv":[13.4375,12.625,13.5,13.21875],"rotation":0,"texture":"#0","tintindex":0}}}],"display":{"head":{"translation":[0.0,-3.6964295,0.0],"rotation":[0.0,0.0,0.0],"scale":[3.8095,3.8095,3.8095]}}}