{"textures":{"0":"modelengine:entity/orbpiercer"},"elements":[{"from":[5.014312,5.3688574,2.7222853],"to":[10.568598,9.663143,8.893714],"rotation":{"angle":0.0,"axis":"y","origin":[1.3114543,20.180286,-0.98057175]},"faces":{"east":{"uv":[2.3125,11.84375,2.65625,12.09375],"rotation":0,"texture":"#0","tintindex":0},"south":{"uv":[11.875,0.78125,12.1875,1.03125],"rotation":0,"texture":"#0","tintindex":0},"north":{"uv":[11.84375,4.59375,12.15625,4.84375],"rotation":0,"texture":"#0","tintindex":0},"west":{"uv":[11.84375,2.34375,12.1875,2.59375],"rotation":0,"texture":"#0","tintindex":0},"up":{"uv":[3.5625,11.09375,3.25,10.75],"rotation":0,"texture":"#0","tintindex":0},"down":{"uv":[7.59375,10.75,7.28125,11.09375],"rotation":0,"texture":"#0","tintindex":0}}},{"from":[3.780026,5.283143,4.5737143],"to":[5.6314545,7.751714,7.6594286],"rotation":{"angle":0.0,"axis":"y","origin":[1.3114543,20.094572,-0.98057175]},"faces":{"east":{"uv":[5.0625,14.21875,5.21875,14.34375],"rotation":0,"texture":"#0","tintindex":0},"south":{"uv":[8.5625,14.875,8.65625,15.0],"rotation":0,"texture":"#0","tintindex":0},"north":{"uv":[14.875,5.5,14.96875,5.625],"rotation":0,"texture":"#0","tintindex":0},"west":{"uv":[5.25,14.21875,5.40625,14.34375],"rotation":0,"texture":"#0","tintindex":0},"up":{"uv":[5.96875,15.0,5.875,14.84375],"rotation":0,"texture":"#0","tintindex":0},"down":{"uv":[6.375,14.84375,6.28125,15.0],"rotation":0,"texture":"#0","tintindex":0}}},{"from":[8.717169,5.283143,0.15085697],"to":[10.568598,7.751714,3.2365708],"rotation":{"angle":-22.5,"axis":"y","origin":[9.642883,6.5174284,1.6937137]},"faces":{"east":{"uv":[14.21875,5.9375,14.375,6.0625],"rotation":0,"texture":"#0","tintindex":0},"south":{"uv":[14.875,11.625,14.96875,11.75],"rotation":0,"texture":"#0","tintindex":0},"north":{"uv":[9.1875,14.875,9.28125,15.0],"rotation":0,"texture":"#0","tintindex":0},"west":{"uv":[14.21875,6.09375,14.375,6.21875],"rotation":0,"texture":"#0","tintindex":0},"up":{"uv":[8.28125,15.0,8.1875,14.84375],"rotation":0,"texture":"#0","tintindex":0},"down":{"uv":[8.40625,14.84375,8.3125,15.0],"rotation":0,"texture":"#0","tintindex":0}}},{"from":[5.014312,5.283143,0.15085697],"to":[6.865741,7.751714,3.2365708],"rotation":{"angle":22.5,"axis":"y","origin":[5.9400263,6.5174284,1.6937137]},"faces":{"east":{"uv":[5.4375,14.21875,5.59375,14.34375],"rotation":0,"texture":"#0","tintindex":0},"south":{"uv":[9.0625,14.875,9.15625,15.0],"rotation":0,"texture":"#0","tintindex":0},"north":{"uv":[8.6875,14.875,8.78125,15.0],"rotation":0,"texture":"#0","tintindex":0},"west":{"uv":[14.21875,5.78125,14.375,5.90625],"rotation":0,"texture":"#0","tintindex":0},"up":{"uv":[7.84375,15.0,7.75,14.84375],"rotation":0,"texture":"#0","tintindex":0},"down":{"uv":[7.96875,14.84375,7.875,15.0],"rotation":0,"texture":"#0","tintindex":0}}},{"from":[9.951455,5.283143,4.5737143],"to":[11.802883,7.751714,7.6594286],"rotation":{"angle":0.0,"axis":"y","origin":[1.3114543,20.094572,-0.98057175]},"faces":{"east":{"uv":[14.21875,6.25,14.375,6.375],"rotation":0,"texture":"#0","tintindex":0},"south":{"uv":[14.25,14.875,14.34375,15.0],"rotation":0,"texture":"#0","tintindex":0},"north":{"uv":[14.875,11.78125,14.96875,11.90625],"rotation":0,"texture":"#0","tintindex":0},"west":{"uv":[14.21875,9.40625,14.375,9.53125],"rotation":0,"texture":"#0","tintindex":0},"up":{"uv":[8.53125,15.0,8.4375,14.84375],"rotation":0,"texture":"#0","tintindex":0},"down":{"uv":[11.1875,14.84375,11.09375,15.0],"rotation":0,"texture":"#0","tintindex":0}}}],"display":{"head":{"translation":[0.0,-6.4,0.0],"scale":[4.0,4.0,4.0]}}}