{"textures":{"0":"modelengine:entity/tamaugachi"},"elements":[{"name":"h_head_cube_17","from":[4.6205473,12.381254,4.1092353],"to":[11.370547,13.911256,14.234236],"rotation":{"angle":0.0,"axis":"x","origin":[-13.604453,-3.2937455,14.234236]},"faces":{"down":{"uv":[9.15625,7.5,8.8125,8.03125],"rotation":0,"texture":"#0","tintindex":0},"east":{"uv":[13.0,7.15625,13.53125,7.25],"rotation":0,"texture":"#0","tintindex":0},"north":{"uv":[6.625,8.1875,6.96875,8.28125],"rotation":0,"texture":"#0","tintindex":0},"south":{"uv":[9.5625,0.1875,9.90625,0.28125],"rotation":0,"texture":"#0","tintindex":0},"up":{"uv":[5.125,7.15625,4.78125,6.625],"rotation":0,"texture":"#0","tintindex":0},"west":{"uv":[13.0,7.28125,13.53125,7.375],"rotation":0,"texture":"#0","tintindex":0}}},{"name":"h_head_cube_0","from":[3.2705472,10.881254,3.434235],"to":[12.720548,12.351254,14.234236],"rotation":{"angle":0.0,"axis":"x","origin":[-13.604453,-3.2937455,14.234236]},"faces":{"down":{"uv":[8.78125,7.5,8.28125,8.0625],"rotation":0,"texture":"#0","tintindex":0},"east":{"uv":[13.5625,4.5,14.125,4.5625],"rotation":0,"texture":"#0","tintindex":0},"north":{"uv":[2.46875,7.21875,2.96875,7.28125],"rotation":0,"texture":"#0","tintindex":0},"south":{"uv":[13.59375,9.8125,14.09375,9.875],"rotation":0,"texture":"#0","tintindex":0},"up":{"uv":[2.96875,7.1875,2.46875,6.625],"rotation":0,"texture":"#0","tintindex":0},"west":{"uv":[13.5625,10.0,14.125,10.0625],"rotation":0,"texture":"#0","tintindex":0}}},{"name":"h_head_cube_1","from":[10.020548,3.4562535,3.434235],"to":[12.735548,4.8062534,14.234236],"rotation":{"angle":0.0,"axis":"x","origin":[-13.604453,-3.2937455,14.234236]},"faces":{"down":{"uv":[6.0625,11.21875,5.90625,11.78125],"rotation":0,"texture":"#0","tintindex":0},"east":{"uv":[13.5625,10.09375,14.125,10.15625],"rotation":0,"texture":"#0","tintindex":0},"north":{"uv":[5.78125,6.5,5.9375,6.5625],"rotation":0,"texture":"#0","tintindex":0},"south":{"uv":[11.84375,1.65625,12.0,1.71875],"rotation":0,"texture":"#0","tintindex":0},"up":{"uv":[5.875,11.78125,5.71875,11.21875],"rotation":0,"texture":"#0","tintindex":0},"west":{"uv":[13.5625,10.1875,14.125,10.25],"rotation":0,"texture":"#0","tintindex":0}}},{"name":"h_head_cube_2","from":[3.2705472,3.4562535,3.434235],"to":[5.9705477,4.8062534,14.234236],"rotation":{"angle":0.0,"axis":"x","origin":[-13.604453,-3.2937455,14.234236]},"faces":{"down":{"uv":[12.03125,0.0,11.90625,0.5625],"rotation":0,"texture":"#0","tintindex":0},"east":{"uv":[13.5625,10.28125,14.125,10.34375],"rotation":0,"texture":"#0","tintindex":0},"north":{"uv":[8.59375,5.125,8.71875,5.1875],"rotation":0,"texture":"#0","tintindex":0},"south":{"uv":[12.46875,2.8125,12.59375,2.875],"rotation":0,"texture":"#0","tintindex":0},"up":{"uv":[12.0,1.625,11.875,1.0625],"rotation":0,"texture":"#0","tintindex":0},"west":{"uv":[13.5625,10.375,14.125,10.4375],"rotation":0,"texture":"#0","tintindex":0}}},{"name":"h_head_cube_3","from":[5.9705477,4.1312537,3.434235],"to":[10.020548,4.8062534,14.234236],"rotation":{"angle":0.0,"axis":"x","origin":[-13.604453,-3.2937455,14.234236]},"faces":{"down":{"uv":[10.71875,2.65625,10.5,3.21875],"rotation":0,"texture":"#0","tintindex":0},"east":{"uv":[14.40625,2.8125,14.96875,2.84375],"rotation":0,"texture":"#0","tintindex":0},"north":{"uv":[11.25,2.53125,11.46875,2.5625],"rotation":0,"texture":"#0","tintindex":0},"south":{"uv":[11.53125,11.25,11.75,11.28125],"rotation":0,"texture":"#0","tintindex":0},"up":{"uv":[6.5625,10.9375,6.34375,10.375],"rotation":0,"texture":"#0","tintindex":0},"west":{"uv":[14.40625,6.34375,14.96875,6.375],"rotation":0,"texture":"#0","tintindex":0}}},{"name":"h_head_cube_4","from":[11.370547,8.856254,3.434235],"to":[12.720548,10.881254,14.234236],"rotation":{"angle":0.0,"axis":"x","origin":[-13.604453,-3.2937455,14.234236]},"faces":{"down":{"uv":[8.28125,13.59375,8.21875,14.15625],"rotation":0,"texture":"#0","tintindex":0},"east":{"uv":[13.0,2.75,13.5625,2.84375],"rotation":0,"texture":"#0","tintindex":0},"north":{"uv":[8.9375,15.21875,9.0,15.3125],"rotation":0,"texture":"#0","tintindex":0},"south":{"uv":[9.03125,15.21875,9.09375,15.3125],"rotation":0,"texture":"#0","tintindex":0},"up":{"uv":[13.65625,8.75,13.59375,8.1875],"rotation":0,"texture":"#0","tintindex":0},"west":{"uv":[13.0,2.875,13.5625,2.96875],"rotation":0,"texture":"#0","tintindex":0}}},{"name":"h_head_cube_5","from":[3.2705472,8.856254,3.434235],"to":[4.6205473,10.881254,14.234236],"rotation":{"angle":0.0,"axis":"x","origin":[-13.604453,-3.2937455,14.234236]},"faces":{"down":{"uv":[9.15625,13.59375,9.09375,14.15625],"rotation":0,"texture":"#0","tintindex":0},"east":{"uv":[13.0,3.0,13.5625,3.09375],"rotation":0,"texture":"#0","tintindex":0},"north":{"uv":[9.125,15.21875,9.1875,15.3125],"rotation":0,"texture":"#0","tintindex":0},"south":{"uv":[9.21875,15.21875,9.28125,15.3125],"rotation":0,"texture":"#0","tintindex":0},"up":{"uv":[13.65625,9.34375,13.59375,8.78125],"rotation":0,"texture":"#0","tintindex":0},"west":{"uv":[13.0,5.375,13.5625,5.46875],"rotation":0,"texture":"#0","tintindex":0}}},{"name":"h_head_cube_7","from":[3.945547,6.276254,2.0842352],"to":[7.0655475,9.411256,3.434235],"rotation":{"angle":0.0,"axis":"x","origin":[-13.604453,-3.2937455,14.234236]},"faces":{"down":{"uv":[15.03125,13.46875,14.875,13.53125],"rotation":0,"texture":"#0","tintindex":0},"east":{"uv":[1.9375,11.09375,2.0,11.28125],"rotation":0,"texture":"#0","tintindex":0},"north":{"uv":[6.84375,4.90625,7.0,5.09375],"rotation":0,"texture":"#0","tintindex":0},"south":{"uv":[8.90625,1.65625,9.0625,1.84375],"rotation":0,"texture":"#0","tintindex":0},"up":{"uv":[15.03125,5.71875,14.875,5.65625],"rotation":0,"texture":"#0","tintindex":0},"west":{"uv":[11.4375,3.125,11.5,3.3125],"rotation":0,"texture":"#0","tintindex":0}}},{"name":"h_head_cube_8","from":[8.947576,6.276254,2.0842352],"to":[12.067576,9.411256,3.434235],"rotation":{"angle":0.0,"axis":"x","origin":[29.617577,-3.2937455,14.234236]},"faces":{"down":{"uv":[15.0625,0.15625,14.90625,0.21875],"rotation":0,"texture":"#0","tintindex":0},"east":{"uv":[12.21875,9.15625,12.28125,9.34375],"rotation":0,"texture":"#0","tintindex":0},"north":{"uv":[13.75,11.3125,13.90625,11.5],"rotation":0,"texture":"#0","tintindex":0},"south":{"uv":[13.75,11.53125,13.90625,11.71875],"rotation":0,"texture":"#0","tintindex":0},"up":{"uv":[15.03125,14.1875,14.875,14.125],"rotation":0,"texture":"#0","tintindex":0},"west":{"uv":[4.75,13.8125,4.8125,14.0],"rotation":0,"texture":"#0","tintindex":0}}},{"name":"h_head_cube_9","from":[6.3190613,8.844453,2.0842352],"to":[9.694061,11.814453,3.434235],"rotation":{"angle":0.0,"axis":"x","origin":[-4.85594,5.3644533,14.234236]},"faces":{"down":{"uv":[10.96875,4.15625,10.78125,4.21875],"rotation":0,"texture":"#0","tintindex":0},"east":{"uv":[7.28125,10.5625,7.34375,10.71875],"rotation":0,"texture":"#0","tintindex":0},"north":{"uv":[13.75,11.75,13.9375,11.90625],"rotation":0,"texture":"#0","tintindex":0},"south":{"uv":[13.78125,0.0,13.96875,0.15625],"rotation":0,"texture":"#0","tintindex":0},"up":{"uv":[1.6875,7.375,1.5,7.3125],"rotation":0,"texture":"#0","tintindex":0},"west":{"uv":[10.15625,10.96875,10.21875,11.125],"rotation":0,"texture":"#0","tintindex":0}}},{"name":"h_head_cube_10","from":[6.3790617,11.814453,2.0842352],"to":[9.634062,14.754455,3.434235],"rotation":{"angle":45.0,"axis":"x","origin":[8.006561,11.814453,2.0692344]},"faces":{"down":{"uv":[15.0625,2.03125,14.90625,2.09375],"rotation":0,"texture":"#0","tintindex":0},"east":{"uv":[11.8125,9.875,11.875,10.03125],"rotation":0,"texture":"#0","tintindex":0},"north":{"uv":[5.875,8.59375,6.03125,8.75],"rotation":0,"texture":"#0","tintindex":0},"south":{"uv":[12.3125,10.625,12.46875,10.78125],"rotation":0,"texture":"#0","tintindex":0},"up":{"uv":[15.0625,0.8125,14.90625,0.75],"rotation":0,"texture":"#0","tintindex":0},"west":{"uv":[12.4375,13.8125,12.5,13.96875],"rotation":0,"texture":"#0","tintindex":0}}},{"name":"h_head_cube_10","from":[6.3190613,4.0444527,2.0842352],