{"textures":{"0":"mineinabyss:mobs/orbpiercer"},"elements":[{"from":[2.2100453,4.9583387,4.2945085],"to":[3.495759,10.744053,13.9373665],"rotation":{"angle":0.0,"axis":"y","origin":[-12.575668,-2.755947,13.9373665]},"faces":{"east":{"uv":[5.21875,8.96875,5.75,9.28125],"rotation":0,"texture":"#0","tintindex":0},"south":{"uv":[4.46875,10.96875,4.53125,11.28125],"rotation":0,"texture":"#0","tintindex":0},"north":{"uv":[10.875,6.03125,10.9375,6.34375],"rotation":0,"texture":"#0","tintindex":0},"west":{"uv":[9.0,2.3125,9.53125,2.625],"rotation":0,"texture":"#0","tintindex":0},"up":{"uv":[11.1875,14.25,11.125,13.71875],"rotation":0,"texture":"#0","tintindex":0},"down":{"uv":[11.28125,13.71875,11.21875,14.25],"rotation":0,"texture":"#0","tintindex":0}}},{"from":[6.0671883,4.3154817,3.6516514],"to":[9.924331,4.9583387,13.9373665],"rotation":{"angle":0.0,"axis":"y","origin":[-12.575668,-2.755947,13.9373665]},"faces":{"east":{"uv":[14.40625,2.8125,14.96875,2.84375],"rotation":0,"texture":"#0","tintindex":0},"south":{"uv":[11.53125,11.25,11.75,11.28125],"rotation":0,"texture":"#0","tintindex":0},"north":{"uv":[11.25,2.53125,11.46875,2.5625],"rotation":0,"texture":"#0","tintindex":0},"west":{"uv":[14.40625,6.34375,14.96875,6.375],"rotation":0,"texture":"#0","tintindex":0},"up":{"uv":[6.5625,10.9375,6.34375,10.375],"rotation":0,"texture":"#0","tintindex":0},"down":{"uv":[10.71875,2.65625,10.5,3.21875],"rotation":0,"texture":"#0","tintindex":0}}},{"from":[3.495759,4.9583387,3.6516514],"to":[4.7814736,6.8869104,13.9373665],"rotation":{"angle":0.0,"axis":"y","origin":[-12.575668,-2.755947,13.9373665]},"faces":{"east":{"uv":[13.0,5.5,13.5625,5.59375],"rotation":0,"texture":"#0","tintindex":0},"south":{"uv":[9.40625,15.21875,9.46875,15.3125],"rotation":0,"texture":"#0","tintindex":0},"north":{"uv":[9.3125,15.21875,9.375,15.3125],"rotation":0,"texture":"#0","tintindex":0},"west":{"uv":[13.0,5.625,13.5625,5.71875],"rotation":0,"texture":"#0","tintindex":0},"up":{"uv":[9.25,14.15625,9.1875,13.59375],"rotation":0,"texture":"#0","tintindex":0},"down":{"uv":[9.34375,13.59375,9.28125,14.15625],"rotation":0,"texture":"#0","tintindex":0}}},{"from":[8.902452,6.358339,2.3659372],"to":[11.873881,9.344053,3.6516514],"rotation":{"angle":0.0,"axis":"y","origin":[28.58817,-2.755947,13.9373665]},"faces":{"east":{"uv":[12.21875,9.15625,12.28125,9.34375],"rotation":0,"texture":"#0","tintindex":0},"south":{"uv":[13.75,11.53125,13.90625,11.71875],"rotation":0,"texture":"#0","tintindex":0},"north":{"uv":[13.75,11.3125,13.90625,11.5],"rotation":0,"texture":"#0","tintindex":0},"west":{"uv":[4.75,13.8125,4.8125,14.0],"rotation":0,"texture":"#0","tintindex":0},"up":{"uv":[15.03125,14.1875,14.875,14.125],"rotation":0,"texture":"#0","tintindex":0},"down":{"uv":[15.0625,0.15625,14.90625,0.21875],"rotation":0,"texture":"#0","tintindex":0}}},{"from":[1.6243305,6.4154816,3.165937],"to":[4.3386164,9.28691,4.4516516],"rotation":{"angle":45.0,"axis":"y","origin":[3.2671876,7.8511963,3.0087943]},"faces":{"east":{"uv":[11.4375,13.90625,11.5,14.0625],"rotation":0,"texture":"#0","tintindex":0},"south":{"uv":[14.09375,1.84375,14.25,2.0],"rotation":0,"texture":"#0","tintindex":0},"north":{"uv":[14.09375,1.65625,14.25,1.8125],"rotation":0,"texture":"#0","tintindex":0},"west":{"uv":[3.65625,14.0625,3.71875,14.21875],"rotation":0,"texture":"#0","tintindex":0},"up":{"uv":[15.0625,8.53125,14.90625,8.46875],"rotation":0,"texture":"#0","tintindex":0},"down":{"uv":[10.34375,14.90625,10.1875,14.96875],"rotation":0,"texture":"#0","tintindex":0}}},{"from":[6.399106,8.804242,2.3659372],"to":[9.613392,11.632813,3.6516514],"rotation":{"angle":0.0,"axis":"y","origin":[-4.2437525,5.4899564,13.9373665]},"faces":{"east":{"uv":[7.28125,10.5625,7.34375,10.71875],"rotation":0,"texture":"#0","tintindex":0},"south":{"uv":[13.78125,0.0,13.96875,0.15625],"rotation":0,"texture":"#0","tintindex":0},"north":{"uv":[13.75,11.75,13.9375,11.90625],"rotation":0,"texture":"#0","tintindex":0},"west":{"uv":[10.15625,10.96875,10.21875,11.125],"rotation":0,"texture":"#0","tintindex":0},"up":{"uv":[1.6875,7.375,1.5,7.3125],"rotation":0,"texture":"#0","tintindex":0},"down":{"uv":[10.96875,4.15625,10.78125,4.21875],"rotation":0,"texture":"#0","tintindex":0}}},{"from":[4.1386166,4.9583387,5.008794],"to":[11.852902,10.744053,13.365938],"rotation":{"angle":0.0,"axis":"y","origin":[-12.575668,-2.755947,13.9373665]},"faces":{"east":{"uv":[9.0625,0.0,9.53125,0.3125],"rotation":0,"texture":"#0","tintindex":0},"south":{"uv":[9.3125,4.78125,9.75,5.09375],"rotation":0,"texture":"#0","tintindex":0},"north":{"uv":[4.65625,9.3125,5.09375,9.625],"rotation":0,"texture":"#0","tintindex":0},"west":{"uv":[9.0625,4.0625,9.53125,4.375],"rotation":0,"texture":"#0","tintindex":0},"up":{"uv":[9.1875,6.1875,8.75,5.71875],"rotation":0,"texture":"#0","tintindex":0},"down":{"uv":[9.1875,6.21875,8.75,6.6875],"rotation":0,"texture":"#0","tintindex":0}}},{"from":[4.7814736,12.172625,4.2945085],"to":[11.210045,13.629767,13.9373665],"rotation":{"angle":0.0,"axis":"y","origin":[-12.575668,-2.755947,13.9373665]},"faces":{"east":{"uv":[13.0,7.15625,13.53125,7.25],"rotation":0,"texture":"#0","tintindex":0},"south":{"uv":[9.5625,0.1875,9.90625,0.28125],"rotation":0,"texture":"#0","tintindex":0},"north":{"uv":[6.625,8.1875,6.96875,8.28125],"rotation":0,"texture":"#0","tintindex":0},"west":{"uv":[13.0,7.28125,13.53125,7.375],"rotation":0,"texture":"#0","tintindex":0},"up":{"uv":[5.125,7.15625,4.78125,6.625],"rotation":0,"texture":"#0","tintindex":0},"down":{"uv":[9.15625,7.5,8.8125,8.03125],"rotation":0,"texture":"#0","tintindex":0}}},{"from":[11.210045,8.815482,3.6516514],"to":[12.49576,10.744053,13.9373665],"rotation":{"angle":0.0,"axis":"y","origin":[-12.575668,-2.755947,13.9373665]},"faces":{"east":{"uv":[13.0,2.75,13.5625,2.84375],"rotation":0,"texture":"#0","tintindex":0},"south":{"uv":[9.03125,15.21875,9.09375,15.3125],"rotation":0,"texture":"#0","tintindex":0},"north":{"uv":[8.9375,15.21875,9.0,15.3125],"rotation":0,"texture":"#0","tintindex":0},"west":{"uv":[13.0,2.875,13.5625,2.96875],"rotation":0,"texture":"#0","tintindex":0},"up":{"uv":[13.65625,8.75,13.59375,8.1875],"rotation":0,"texture":"#0","tintindex":0},"down":{"uv":[8.28125,13.59375,8.21875,14.15625],"rotation":0,"texture":"#0","tintindex":0}}},{"from":[12.49576,4.9583387,4.2945085],"to":[13.781474,10.744053,13.9373665],"rotation":{"angle":0.0,"axis":"y","origin":[-12.575668,-2.755947,13.9373665]},"faces":{"east":{"uv":[8.90625,1.3125,9.4375,1.625],"rotation":0,"texture":"#0","tintindex":0},"south":{"uv":[5.78125,8.96875,5.84375,9.28125],"rotation":0,"texture":"#0","tintindex":0},"north":{"uv":[4.6875,7.4375,4.75,7.75],"rotation":0,"texture":"#0","tintindex":0},"west":{"uv":[4.65625,8.96875,5.1875,9.28125],"rotation":0,"texture":"#0","tintindex":0},"up":{"uv":[5.09375,10.1875,5.03125,9.65625],"rotation":0,"texture":"#0","tintindex":0},"down":{"uv":[5.0,10.53125,4.9375,11.0625],"rotation":0,"texture":"#0","tintindex":0}}},{"from":[9.924331,3.6726246,3.6516514],"to":[12.510046,4.9583387,13.9373665],"rotation":{"angle":0.0,"axis":"y","origin":[-12.575668,-2.755947,13.9373665]},"faces":{"east":{"uv":[13.5625,10.09375,14.125,10.15625],"rotation":0,"texture":"#0","tintindex":0},"south":{"uv":[11.84375,1.65625,12.0,1.71875],"rotation":0,"texture":"#0","tintindex":0},"north":{"uv":[5.78125,6.5,5.9375,6.5625],"rotation":0,"texture":"#0","tintindex":0},"west":{"uv":[13.5625,10.1875,14.125,10.25],"rotation":0,"texture":"#0","tintindex":0},"up":{"uv":[5.875,11.78125,5.71875,11.21875],"rotation":0,"texture":"#0","tintindex":0},"down":{"uv":[6.0625,11.21875,5.90625,11.78125],"rotation":0,"texture":"#0","tintindex":0}}},{"from":[3.495759,3.6726246,3.6516514],"to":[6.0671883,4.9583387,13.9373665],"rotation":{"angle":0.0,"axis":"y","origin":[-12.575668,-2.755947,13.9373665]},"faces":{"east":{"uv":[13.5625,10.28125,14.125,10.34375],"rotation":0,"texture":"#0","tintindex":0},"south":{"uv":[12.46875,2.8125,12.59375,2.875],"rotation":0,