{"textures":{"0":"modelengine:entity/tamaugachi"},"elements":[{"name":"left_front_4","from":[3.5690272,5.1473,4.4023995],"to":[5.513027,7.7393003,7.6424],"rotation":{"angle":0.0,"axis":"x","origin":[0.9770272,20.699303,-1.4296012]},"faces":{"down":{"uv":[6.375,14.84375,6.28125,15.0],"rotation":0,"texture":"#0","tintindex":0},"east":{"uv":[5.0625,14.21875,5.21875,14.34375],"rotation":0,"texture":"#0","tintindex":0},"north":{"uv":[14.875,5.5,14.96875,5.625],"rotation":0,"texture":"#0","tintindex":0},"south":{"uv":[8.5625,14.875,8.65625,15.0],"rotation":0,"texture":"#0","tintindex":0},"up":{"uv":[5.96875,15.0,5.875,14.84375],"rotation":0,"texture":"#0","tintindex":0},"west":{"uv":[5.25,14.21875,5.40625,14.34375],"rotation":0,"texture":"#0","tintindex":0}}},{"name":"left_front_3","from":[4.865027,5.1473,-0.24160147],"to":[6.8090267,7.7393003,2.9983995],"rotation":{"angle":22.5,"axis":"y","origin":[5.8370266,6.4433002,1.378399]},"faces":{"down":{"uv":[7.96875,14.84375,7.875,15.0],"rotation":0,"texture":"#0","tintindex":0},"east":{"uv":[5.4375,14.21875,5.59375,14.34375],"rotation":0,"texture":"#0","tintindex":0},"north":{"uv":[8.6875,14.875,8.78125,15.0],"rotation":0,"texture":"#0","tintindex":0},"south":{"uv":[9.0625,14.875,9.15625,15.0],"rotation":0,"texture":"#0","tintindex":0},"up":{"uv":[7.84375,15.0,7.75,14.84375],"rotation":0,"texture":"#0","tintindex":0},"west":{"uv":[14.21875,5.78125,14.375,5.90625],"rotation":0,"texture":"#0","tintindex":0}}},{"name":"left_front_2","from":[4.865027,5.2373,2.4583986],"to":[10.697027,9.7463,8.938399],"rotation":{"angle":0.0,"axis":"x","origin":[0.9770272,20.789299,-1.4296012]},"faces":{"down":{"uv":[7.59375,10.75,7.28125,11.09375],"rotation":0,"texture":"#0","tintindex":0},"east":{"uv":[2.3125,11.84375,2.65625,12.09375],"rotation":0,"texture":"#0","tintindex":0},"north":{"uv":[11.84375,4.59375,12.15625,4.84375],"rotation":0,"texture":"#0","tintindex":0},"south":{"uv":[11.875,0.78125,12.1875,1.03125],"rotation":0,"texture":"#0","tintindex":0},"up":{"uv":[3.5625,11.09375,3.25,10.75],"rotation":0,"texture":"#0","tintindex":0},"west":{"uv":[11.84375,2.34375,12.1875,2.59375],"rotation":0,"texture":"#0","tintindex":0}}},{"name":"left_front_6","from":[8.753027,5.1473,-0.24160147],"to":[10.697027,7.7393003,2.9983995],"rotation":{"angle":-22.5,"axis":"y","origin":[9.725027,6.4433002,1.378399]},"faces":{"down":{"uv":[8.40625,14.84375,8.3125,15.0],"rotation":0,"texture":"#0","tintindex":0},"east":{"uv":[14.21875,5.9375,14.375,6.0625],"rotation":0,"texture":"#0","tintindex":0},"north":{"uv":[9.1875,14.875,9.28125,15.0],"rotation":0,"texture":"#0","tintindex":0},"south":{"uv":[14.875,11.625,14.96875,11.75],"rotation":0,"texture":"#0","tintindex":0},"up":{"uv":[8.28125,15.0,8.1875,14.84375],"rotation":0,"texture":"#0","tintindex":0},"west":{"uv":[14.21875,6.09375,14.375,6.21875],"rotation":0,"texture":"#0","tintindex":0}}},{"name":"left_front_5","from":[10.0490265,5.1473,4.4023995],"to":[11.993028,7.7393003,7.6424],"rotation":{"angle":0.0,"axis":"x","origin":[0.9770272,20.699303,-1.4296012]},"faces":{"down":{"uv":[11.1875,14.84375,11.09375,15.0],"rotation":0,"texture":"#0","tintindex":0},"east":{"uv":[14.21875,6.25,14.375,6.375],"rotation":0,"texture":"#0","tintindex":0},"north":{"uv":[14.875,11.78125,14.96875,11.90625],"rotation":0,"texture":"#0","tintindex":0},"south":{"uv":[14.25,14.875,14.34375,15.0],"rotation":0,"texture":"#0","tintindex":0},"up":{"uv":[8.53125,15.0,8.4375,14.84375],"rotation":0,"texture":"#0","tintindex":0},"west":{"uv":[14.21875,9.40625,14.375,9.53125],"rotation":0,"texture":"#0","tintindex":0}}}],"display":{"head":{"translation":[0.0,-6.4,0.0],"rotation":[0.0,0.0,0.0],"scale":[3.8095,3.8095,3.8095]}}}