{"textures":{"0":"modelengine:entity/tamaugachi"},"elements":[{"name":"left_rear_7","from":[1.9069066,0.09362006,4.48814],"to":[9.605147,6.51638,17.51186],"rotation":{"angle":45.0,"axis":"x","origin":[7.781028,0.19999981,11.0]},"faces":{"down":{"uv":[3.875,8.5,3.46875,9.1875],"rotation":0,"texture":"#0","tintindex":0},"east":{"uv":[8.59375,4.75,9.28125,5.09375],"rotation":0,"texture":"#0","tintindex":0},"north":{"uv":[8.625,9.25,9.03125,9.59375],"rotation":0,"texture":"#0","tintindex":0},"south":{"uv":[9.3125,4.40625,9.71875,4.75],"rotation":0,"texture":"#0","tintindex":0},"up":{"uv":[3.4375,9.1875,3.03125,8.5],"rotation":0,"texture":"#0","tintindex":0},"west":{"uv":[5.15625,8.59375,5.84375,8.9375],"rotation":0,"texture":"#0","tintindex":0}}}],"display":{"head":{"translation":[0.0,-6.4,0.0],"rotation":[0.0,0.0,0.0],"scale":[3.8095,3.8095,3.8095]}}}