{"textures":{"0":"modelengine:entity/tamaugachi"},"elements":[{"name":"left_foot_0","from":[4.6317472,4.70876,1.3999991],"to":[10.930307,10.30748,8.398399],"rotation":{"angle":0.0,"axis":"x","origin":[9.131027,9.088376,11.039647]},"faces":{"down":{"uv":[11.03125,8.5,10.71875,8.875],"rotation":0,"texture":"#0","tintindex":0},"east":{"uv":[10.84375,1.96875,11.21875,2.25],"rotation":0,"texture":"#0","tintindex":0},"north":{"uv":[11.1875,11.0,11.5,11.28125],"rotation":0,"texture":"#0","tintindex":0},"south":{"uv":[11.21875,1.25,11.53125,1.53125],"rotation":0,"texture":"#0","tintindex":0},"up":{"uv":[10.96875,5.0625,10.65625,4.6875],"rotation":0,"texture":"#0","tintindex":0},"west":{"uv":[10.84375,2.28125,11.21875,2.5625],"rotation":0,"texture":"#0","tintindex":0}}},{"name":"left_foot_2","from":[5.3067474,4.52876,-2.0992007],"to":[7.4062667,7.3281198,1.3999991],"rotation":{"angle":0.0,"axis":"x","origin":[9.131027,8.908376,11.039647]},"faces":{"down":{"uv":[1.78125,14.40625,1.6875,14.59375],"rotation":0,"texture":"#0","tintindex":0},"east":{"uv":[13.71875,12.84375,13.90625,13.0],"rotation":0,"texture":"#0","tintindex":0},"north":{"uv":[14.84375,14.59375,14.9375,14.75],"rotation":0,"texture":"#0","tintindex":0},"south":{"uv":[14.875,3.21875,14.96875,3.375],"rotation":0,"texture":"#0","tintindex":0},"up":{"uv":[1.65625,14.59375,1.5625,14.40625],"rotation":0,"texture":"#0","tintindex":0},"west":{"uv":[13.71875,13.03125,13.90625,13.1875],"rotation":0,"texture":"#0","tintindex":0}}},{"name":"left_foot_3","from":[8.155787,4.52876,-2.0992007],"to":[10.255306,7.3281198,1.3999991],"rotation":{"angle":0.0,"axis":"x","origin":[9.131027,8.908376,11.039647]},"faces":{"down":{"uv":[14.5,2.21875,14.40625,2.40625],"rotation":0,"texture":"#0","tintindex":0},"east":{"uv":[13.71875,13.21875,13.90625,13.375],"rotation":0,"texture":"#0","tintindex":0},"north":{"uv":[4.84375,14.875,4.9375,15.03125],"rotation":0,"texture":"#0","tintindex":0},"south":{"uv":[14.875,4.84375,14.96875,5.0],"rotation":0,"texture":"#0","tintindex":0},"up":{"uv":[1.90625,14.59375,1.8125,14.40625],"rotation":0,"texture":"#0","tintindex":0},"west":{"uv":[13.71875,13.40625,13.90625,13.5625],"rotation":0,"texture":"#0","tintindex":0}}}],"display":{"head":{"translation":[0.0,-6.4,0.0],"rotation":[0.0,0.0,0.0],"scale":[3.8095,3.8095,3.8095]}}}