{"textures":{"0":"modelengine:entity/tamaugachi"},"elements":[{"name":"left_foot_4","from":[9.9079685,0.79935884,1.2578092],"to":[12.007488,3.598719,4.7570095],"rotation":{"angle":-22.5,"axis":"x","origin":[10.008529,1.1289749,6.0979366]},"faces":{"down":{"uv":[13.53125,14.375,13.4375,14.5625],"rotation":0,"texture":"#0","tintindex":0},"east":{"uv":[11.3125,13.71875,11.5,13.875],"rotation":0,"texture":"#0","tintindex":0},"north":{"uv":[11.21875,14.84375,11.3125,15.0],"rotation":0,"texture":"#0","tintindex":0},"south":{"uv":[14.84375,12.53125,14.9375,12.6875],"rotation":0,"texture":"#0","tintindex":0},"up":{"uv":[12.84375,14.5625,12.75,14.375],"rotation":0,"texture":"#0","tintindex":0},"west":{"uv":[12.125,13.71875,12.3125,13.875],"rotation":0,"texture":"#0","tintindex":0}}},{"name":"left_foot_1","from":[4.109568,0.79935884,1.2578092],"to":[6.2090874,3.598719,4.7570095],"rotation":{"angle":-22.5,"axis":"x","origin":[10.008529,1.1289749,6.0979366]},"faces":{"down":{"uv":[14.5,1.09375,14.40625,1.28125],"rotation":0,"texture":"#0","tintindex":0},"east":{"uv":[13.71875,12.46875,13.90625,12.625],"rotation":0,"texture":"#0","tintindex":0},"north":{"uv":[14.84375,12.71875,14.9375,12.875],"rotation":0,"texture":"#0","tintindex":0},"south":{"uv":[14.84375,12.90625,14.9375,13.0625],"rotation":0,"texture":"#0","tintindex":0},"up":{"uv":[0.21875,14.59375,0.125,14.40625],"rotation":0,"texture":"#0","tintindex":0},"west":{"uv":[13.71875,12.65625,13.90625,12.8125],"rotation":0,"texture":"#0","tintindex":0}}},{"name":"left_rear_8","from":[4.8094077,2.519022,4.8319936],"to":[11.157648,15.016783,10.430714],"rotation":{"angle":45.0,"axis":"x","origin":[10.008529,9.105402,0.5438535]},"faces":{"down":{"uv":[11.5,4.15625,11.15625,4.4375],"rotation":0,"texture":"#0","tintindex":0},"east":{"uv":[5.875,8.78125,6.15625,9.4375],"rotation":0,"texture":"#0","tintindex":0},"north":{"uv":[8.65625,0.625,9.0,1.28125],"rotation":0,"texture":"#0","tintindex":0},"south":{"uv":[1.4375,8.65625,1.78125,9.3125],"rotation":0,"texture":"#0","tintindex":0},"up":{"uv":[11.46875,8.28125,11.125,8.0],"rotation":0,"texture":"#0","tintindex":0},"west":{"uv":[6.1875,8.78125,6.46875,9.4375],"rotation":0,"texture":"#0","tintindex":0}}},{"name":"left_rear_0","from":[6.1594076,15.016783,7.531994],"to":[7.782648,20.416782,10.430714],"rotation":{"angle":45.0,"axis":"x","origin":[10.008529,9.105402,0.5438535]},"faces":{"down":{"uv":[14.9375,13.28125,14.84375,13.4375],"rotation":0,"texture":"#0","tintindex":0},"east":{"uv":[2.21875,7.4375,2.375,7.71875],"rotation":0,"texture":"#0","tintindex":0},"north":{"uv":[3.625,13.75,3.71875,14.03125],"rotation":0,"texture":"#0","tintindex":0},"south":{"uv":[0.125,13.78125,0.21875,14.0625],"rotation":0,"texture":"#0","tintindex":0},"up":{"uv":[14.9375,13.25,14.84375,13.09375],"rotation":0,"texture":"#0","tintindex":0},"west":{"uv":[4.4375,8.09375,4.59375,8.375],"rotation":0,"texture":"#0","tintindex":0}}},{"name":"left_rear_1","from":[6.1594076,20.416782,8.206994],"to":[7.107648,25.81678,9.755714],"rotation":{"angle":45.0,"axis":"x","origin":[10.008529,9.105402,0.5438535]},"faces":{"down":{"uv":[15.25,13.9375,15.1875,14.03125],"rotation":0,"texture":"#0","tintindex":0},"east":{"uv":[13.78125,2.3125,13.875,2.59375],"rotation":0,"texture":"#0","tintindex":0},"north":{"uv":[1.375,14.40625,1.4375,14.6875],"rotation":0,"texture":"#0","tintindex":0},"south":{"uv":[1.46875,14.40625,1.53125,14.6875],"rotation":0,"texture":"#0","tintindex":0},"up":{"uv":[11.0,15.28125,10.9375,15.1875],"rotation":0,"texture":"#0","tintindex":0},"west":{"uv":[13.78125,2.625,13.875,2.90625],"rotation":0,"texture":"#0","tintindex":0}}}],"display":{"head":{"translation":[0.0,-6.4,0.0],"rotation":[0.0,0.0,0.0],"scale":[3.8095,3.8095,3.8095]}}}