{"textures":{"0":"modelengine:entity/tamaugachi"},"elements":[{"name":"left_rear_0","from":[8.448718,15.309921,-3.1341667],"to":[16.846798,29.30672,8.063274],"rotation":{"angle":22.5,"axis":"x","origin":[15.522718,0.53443956,-32.335205]},"faces":{"down":{"uv":[9.03125,4.125,8.59375,4.71875],"rotation":0,"texture":"#0","tintindex":0},"east":{"uv":[4.6875,7.84375,5.28125,8.5625],"rotation":0,"texture":"#0","tintindex":0},"north":{"uv":[8.15625,2.3125,8.59375,3.03125],"rotation":0,"texture":"#0","tintindex":0},"south":{"uv":[8.1875,0.71875,8.625,1.4375],"rotation":0,"texture":"#0","tintindex":0},"up":{"uv":[9.03125,0.59375,8.59375,0.0],"rotation":0,"texture":"#0","tintindex":0},"west":{"uv":[7.9375,3.75,8.53125,4.46875],"rotation":0,"texture":"#0","tintindex":0}}},{"name":"left_rear_1","from":[9.848398,9.711201,-3.1341667],"to":[16.146957,15.309921,3.8642337],"rotation":{"angle":22.5,"axis":"x","origin":[15.522718,0.53443956,-32.335205]},"faces":{"down":{"uv":[10.9375,4.28125,10.625,4.65625],"rotation":0,"texture":"#0","tintindex":0},"east":{"uv":[0.90625,10.8125,1.28125,11.09375],"rotation":0,"texture":"#0","tintindex":0},"north":{"uv":[11.1875,10.375,11.5,10.65625],"rotation":0,"texture":"#0","tintindex":0},"south":{"uv":[11.1875,10.6875,11.5,10.96875],"rotation":0,"texture":"#0","tintindex":0},"up":{"uv":[7.25,10.9375,6.9375,10.5625],"rotation":0,"texture":"#0","tintindex":0},"west":{"uv":[10.84375,1.65625,11.21875,1.9375],"rotation":0,"texture":"#0","tintindex":0}}},{"name":"left_rear_2","from":[3.9796767,9.503841,8.325714],"to":[9.379679,10.58384,9.135714],"rotation":{"angle":-22.5,"axis":"y","origin":[9.379679,8.727591,8.595715]},"faces":{"down":{"uv":[13.84375,4.59375,13.5625,4.625],"rotation":0,"texture":"#0","tintindex":0},"east":{"uv":[10.6875,11.90625,10.71875,11.96875],"rotation":0,"texture":"#0","tintindex":0},"north":{"uv":[14.40625,1.3125,14.6875,1.375],"rotation":0,"texture":"#0","tintindex":0},"south":{"uv":[14.40625,1.40625,14.6875,1.46875],"rotation":0,"texture":"#0","tintindex":0},"up":{"uv":[13.46875,5.09375,13.1875,5.0625],"rotation":0,"texture":"#0","tintindex":0},"west":{"uv":[12.1875,4.8125,12.21875,4.875],"rotation":0,"texture":"#0","tintindex":0}}},{"name":"left_rear_3","from":[3.9796767,7.748839,7.785714],"to":[9.379679,9.773839,9.135714],"rotation":{"angle":-45.0,"axis":"y","origin":[9.379679,8.727591,8.595715]},"faces":{"down":{"uv":[14.6875,2.53125,14.40625,2.59375],"rotation":0,"texture":"#0","tintindex":0},"east":{"uv":[15.1875,14.0625,15.25,14.15625],"rotation":0,"texture":"#0","tintindex":0},"north":{"uv":[13.78125,4.90625,14.0625,5.0],"rotation":0,"texture":"#0","tintindex":0},"south":{"uv":[13.78125,5.03125,14.0625,5.125],"rotation":0,"texture":"#0","tintindex":0},"up":{"uv":[14.6875,2.5,14.40625,2.4375],"rotation":0,"texture":"#0","tintindex":0},"west":{"uv":[15.1875,14.1875,15.25,14.28125],"rotation":0,"texture":"#0","tintindex":0}}},{"name":"left_rear_4","from":[-6.5503235,8.153841,8.325714],"to":[3.9796767,9.233841,9.135714],"rotation":{"angle":-45.0,"axis":"y","origin":[9.379679,8.727591,8.595715]},"faces":{"down":{"uv":[14.875,4.78125,14.3125,4.8125],"rotation":0,"texture":"#0","tintindex":0},"east":{"uv":[12.21875,0.78125,12.25,0.84375],"rotation":0,"texture":"#0","tintindex":0},"north":{"uv":[13.5625,4.125,14.125,4.1875],"rotation":0,"texture":"#0","tintindex":0},"south":{"uv":[13.5625,4.21875,14.125,4.28125],"rotation":0,"texture":"#0","tintindex":0},"up":{"uv":[14.84375,14.1875,14.28125,14.15625],"rotation":0,"texture":"#0","tintindex":0},"west":{"uv":[12.21875,0.875,12.25,0.9375],"rotation":0,"texture":"#0","tintindex":0}}},{"name":"left_rear_5","from":[4.515221,10.853841,-2.3262],"to":[5.325223,11.933841,3.3438],"rotation":{"angle":22.5,"axis":"y","origin":[4.920221,11.39384,4.3271766]},"faces":{"down":{"uv":[6.4375,14.84375,6.40625,15.125],"rotation":0,"texture":"#0","tintindex":0},"east":{"uv":[14.40625,2.625,14.6875,2.6875],"rotation":0,"texture":"#0","tintindex":0},"north":{"uv":[12.21875,0.96875,12.25,1.03125],"rotation":0,"texture":"#0","tintindex":0},"south":{"uv":[7.65625,12.21875,7.6875,12.28125],"rotation":0,"texture":"#0","tintindex":0},"up":{"uv":[2.9375,15.125,2.90625,14.84375],"rotation":0,"texture":"#0","tintindex":0},"west":{"uv":[14.40625,2.71875,14.6875,2.78125],"rotation":0,"texture":"#0","tintindex":0}}},{"name":"left_rear_6","from":[2.224677,10.448839,7.785714],"to":[10.054678,12.473839,9.135714],"rotation":{"angle":-45.0,"axis":"y","origin":[9.379679,8.727591,8.595715]},"faces":{"down":{"uv":[14.5,1.5625,14.09375,1.625],"rotation":0,"texture":"#0","tintindex":0},"east":{"uv":[14.375,15.1875,14.4375,15.28125],"rotation":0,"texture":"#0","tintindex":0},"north":{"uv":[13.4375,4.65625,13.84375,4.75],"rotation":0,"texture":"#0","tintindex":0},"south":{"uv":[13.4375,4.78125,13.84375,4.875],"rotation":0,"texture":"#0","tintindex":0},"up":{"uv":[14.46875,12.3125,14.0625,12.25],"rotation":0,"texture":"#0","tintindex":0},"west":{"uv":[14.46875,15.1875,14.53125,15.28125],"rotation":0,"texture":"#0","tintindex":0}}},{"name":"left_rear_7","from":[-2.0953236,1.6738385,8.730715],"to":[3.3046765,2.7538404,9.540714],"rotation":{"angle":-45.0,"axis":"y","origin":[8.704678,3.32759,10.620714]},"faces":{"down":{"uv":[15.125,1.21875,14.84375,1.25],"rotation":0,"texture":"#0","tintindex":0},"east":{"uv":[12.53125,6.625,12.5625,6.6875],"rotation":0,"texture":"#0","tintindex":0},"north":{"uv":[14.40625,3.3125,14.6875,3.375],"rotation":0,"texture":"#0","tintindex":0},"south":{"uv":[14.40625,3.40625,14.6875,3.46875],"rotation":0,"texture":"#0","tintindex":0},"up":{"uv":[15.09375,2.90625,14.8125,2.875],"rotation":0,"texture":"#0","tintindex":0},"west":{"uv":[12.6875,10.625,12.71875,10.6875],"rotation":0,"texture":"#0","tintindex":0}}},{"name":"left_rear_8","from":[3.3046765,1.268839,8.190715],"to":[8.704678,3.293839,9.540714],"rotation":{"angle":-45.0,"axis":"y","origin":[8.704678,3.32759,10.620714]},"faces":{"down":{"uv":[14.6875,3.59375,14.40625,3.65625],"rotation":0,"texture":"#0","tintindex":0},"east":{"uv":[14.5625,15.1875,14.625,15.28125],"rotation":0,"texture":"#0","tintindex":0},"north":{"uv":[13.78125,5.15625,14.0625,5.25],"rotation":0,"texture":"#0","tintindex":0},"south":{"uv":[13.78125,5.28125,14.0625,5.375],"rotation":0,"texture":"#0","tintindex":0},"up":{"uv":[14.6875,3.5625,14.40625,3.5],"rotation":0,"texture":"#0","tintindex":0},"west":{"uv":[14.65625,15.1875,14.71875,15.28125],"rotation":0,"texture":"#0","tintindex":0}}},{"name":"left_rear_9","from":[5.3296766,6.398839,10.485714],"to":[10.729678,8.423839,11.835714],"rotation":{"angle":-45.0,"axis":"y","origin":[8.704678,3.32759,10.620714]},"faces":{"down":{"uv":[14.6875,3.78125,14.40625,3.84375],"rotation":0,"texture":"#0","tintindex":0},"east":{"uv":[15.1875,15.03125,15.25,15.125],"rotation":0,"texture":"#0","tintindex":0},"north":{"uv":[13.78125,5.40625,14.0625,5.5],"rotation":0,"texture":"#0","tintindex":0},"south":{"uv":[13.78125,5.53125,14.0625,5.625],"rotation":0,"texture":"#0","tintindex":0},"up":{"uv":[14.6875,3.75,14.40625,3.6875],"rotation":0,"texture":"#0","tintindex":0},"west":{"uv":[15.21875,0.125,15.28125,0.21875],"rotation":0,"texture":"#0","tintindex":0}}},{"name":"left_rear_10","from":[-0.07032347,6.8038406,11.025714],"to":[5.3296766,7.88384,11.835714],"rotation":{"angle":-45.0,"axis":"y","origin":[8.704678,3.32759,10.620714]},"faces":{"down":{"uv":[15.1875,4.78125,14.90625,4.8125],"rotation":0,"texture":"#0","tintindex":0},"east":{"uv":[12.6875,10.71875,12.71875,10.78125],"rotation":0,"texture":"#0","tintindex":0},"north":{"uv":[14.40625,3.875,14.6875,3.9375],"rotation":0,"texture":"#0","tintindex":0},"south":{"uv":[14.40625,3.96875,14.6875,4.03125],"rotation":0,"texture":"#0","tintindex":0},"up":{"uv":[15.125,2.375,14.84375,2.34375],"rotation":0,"texture":"#0","tintindex":0},"west":{"uv":[10.03125,12.75,10.0625,12.8125],"rotation":0,"texture":"#0","tintindex":0}}},{"name":"left_rear_11",