{"textures":{"0":"modelengine:entity/tamaugachi"},"elements":[{"name":"cube","from":[5.9159184,0.13175058,5.828432],"to":[7.2659187,2.1567495,11.228434],"rotation":{"angle":-22.5,"axis":"y","origin":[3.7559183,2.460501,9.540934]},"faces":{"down":{"uv":[9.59375,14.375,9.53125,14.65625],"rotation":0,"texture":"#0","tintindex":0},"east":{"uv":[13.78125,1.8125,14.0625,1.90625],"rotation":0,"texture":"#0","tintindex":0},"north":{"uv":[10.4375,15.1875,10.5,15.28125],"rotation":0,"texture":"#0","tintindex":0},"south":{"uv":[10.65625,15.1875,10.71875,15.28125],"rotation":0,"texture":"#0","tintindex":0},"up":{"uv":[8.1875,14.65625,8.125,14.375],"rotation":0,"texture":"#0","tintindex":0},"west":{"uv":[13.78125,1.9375,14.0625,2.03125],"rotation":0,"texture":"#0","tintindex":0}}},{"name":"cube","from":[5.9159184,0.5367501,11.228434],"to":[6.725919,1.6167508,16.628433],"rotation":{"angle":-22.5,"axis":"y","origin":[3.7559183,2.460501,9.540934]},"faces":{"down":{"uv":[12.65625,6.3125,12.625,6.59375],"rotation":0,"texture":"#0","tintindex":0},"east":{"uv":[14.375,10.375,14.65625,10.4375],"rotation":0,"texture":"#0","tintindex":0},"north":{"uv":[11.125,10.15625,11.15625,10.21875],"rotation":0,"texture":"#0","tintindex":0},"south":{"uv":[11.375,3.125,11.40625,3.1875],"rotation":0,"texture":"#0","tintindex":0},"up":{"uv":[12.34375,0.75,12.3125,0.46875],"rotation":0,"texture":"#0","tintindex":0},"west":{"uv":[14.375,10.46875,14.65625,10.53125],"rotation":0,"texture":"#0","tintindex":0}}},{"name":"cube","from":[5.9159184,-2.16325,3.1284318],"to":[6.725919,-1.0832491,8.528433],"rotation":{"angle":-22.5,"axis":"y","origin":[3.7559183,2.460501,9.540934]},"faces":{"down":{"uv":[12.78125,6.0,12.75,6.28125],"rotation":0,"texture":"#0","tintindex":0},"east":{"uv":[13.0,14.375,13.28125,14.4375],"rotation":0,"texture":"#0","tintindex":0},"north":{"uv":[7.71875,11.625,7.75,11.6875],"rotation":0,"texture":"#0","tintindex":0},"south":{"uv":[11.75,9.5625,11.78125,9.625],"rotation":0,"texture":"#0","tintindex":0},"up":{"uv":[12.71875,5.65625,12.6875,5.375],"rotation":0,"texture":"#0","tintindex":0},"west":{"uv":[14.375,13.5625,14.65625,13.625],"rotation":0,"texture":"#0","tintindex":0}}},{"name":"cube","from":[5.2409186,3.5067496,2.4534318],"to":[6.5909185,5.5317497,7.853433],"rotation":{"angle":-22.5,"axis":"y","origin":[3.7559183,2.460501,9.540934]},"faces":{"down":{"uv":[9.78125,14.375,9.71875,14.65625],"rotation":0,"texture":"#0","tintindex":0},"east":{"uv":[13.78125,2.0625,14.0625,2.15625],"rotation":0,"texture":"#0","tintindex":0},"north":{"uv":[10.75,15.1875,10.8125,15.28125],"rotation":0,"texture":"#0","tintindex":0},"south":{"uv":[10.84375,15.1875,10.90625,15.28125],"rotation":0,"texture":"#0","tintindex":0},"up":{"uv":[9.6875,14.65625,9.625,14.375],"rotation":0,"texture":"#0","tintindex":0},"west":{"uv":[13.78125,2.1875,14.0625,2.28125],"rotation":0,"texture":"#0","tintindex":0}}},{"name":"cube","from":[5.2409186,3.9117513,7.853433],"to":[6.0509186,4.9917507,13.253433],"rotation":{"angle":-22.5,"axis":"y","origin":[3.7559183,2.460501,9.540934]},"faces":{"down":{"uv":[7.625,12.96875,7.59375,13.25],"rotation":0,"texture":"#0","tintindex":0},"east":{"uv":[14.375,13.65625,14.65625,13.71875],"rotation":0,"texture":"#0","tintindex":0},"north":{"uv":[11.8125,8.28125,11.84375,8.34375],"rotation":0,"texture":"#0","tintindex":0},"south":{"uv":[11.8125,8.375,11.84375,8.4375],"rotation":0,"texture":"#0","tintindex":0},"up":{"uv":[12.84375,7.53125,12.8125,7.25],"rotation":0,"texture":"#0","tintindex":0},"west":{"uv":[14.25,14.375,14.53125,14.4375],"rotation":0,"texture":"#0","tintindex":0}}},{"name":"cube","from":[4.5659184,1.2117501,-0.2465682],"to":[5.375919,2.291751,5.153432],"rotation":{"angle":-22.5,"axis":"y","origin":[3.7559183,2.460501,9.540934]},"faces":{"down":{"uv":[13.5625,6.84375,13.53125,7.125],"rotation":0,"texture":"#0","tintindex":0},"east":{"uv":[14.40625,0.90625,14.6875,0.96875],"rotation":0,"texture":"#0","tintindex":0},"north":{"uv":[11.84375,2.90625,11.875,2.96875],"rotation":0,"texture":"#0","tintindex":0},"south":{"uv":[11.84375,3.0,11.875,3.0625],"rotation":0,"texture":"#0","tintindex":0},"up":{"uv":[1.125,13.375,1.09375,13.09375],"rotation":0,"texture":"#0","tintindex":0},"west":{"uv":[14.40625,1.0,14.6875,1.0625],"rotation":0,"texture":"#0","tintindex":0}}},{"name":"left_front_0","from":[7.6284,-4.404249,-0.32130265],"to":[15.4044,8.55575,10.046698],"rotation":{"angle":0.0,"axis":"x","origin":[5.0364,-1.8122492,-2.913303]},"faces":{"down":{"uv":[9.125,8.09375,8.71875,8.625],"rotation":0,"texture":"#0","tintindex":0},"east":{"uv":[8.03125,4.5,8.5625,5.1875],"rotation":0,"texture":"#0","tintindex":0},"north":{"uv":[2.15625,8.5,2.5625,9.1875],"rotation":0,"texture":"#0","tintindex":0},"south":{"uv":[2.59375,8.5,3.0,9.1875],"rotation":0,"texture":"#0","tintindex":0},"up":{"uv":[1.25,9.21875,0.84375,8.6875],"rotation":0,"texture":"#0","tintindex":0},"west":{"uv":[6.0625,8.0625,6.59375,8.75],"rotation":0,"texture":"#0","tintindex":0}}},{"name":"left_front_1","from":[8.9244,-9.58825,3.5666971],"to":[14.7564,-4.404249,11.246698],"rotation":{"angle":0.0,"axis":"x","origin":[5.0364,-1.8122492,-2.913303]},"faces":{"down":{"uv":[10.8125,2.21875,10.5,2.625],"rotation":0,"texture":"#0","tintindex":0},"east":{"uv":[10.4375,10.71875,10.84375,11.0],"rotation":0,"texture":"#0","tintindex":0},"north":{"uv":[11.1875,3.71875,11.5,4.0],"rotation":0,"texture":"#0","tintindex":0},"south":{"uv":[11.1875,10.0625,11.5,10.34375],"rotation":0,"texture":"#0","tintindex":0},"up":{"uv":[10.75,10.6875,10.4375,10.28125],"rotation":0,"texture":"#0","tintindex":0},"west":{"uv":[10.75,2.65625,11.15625,2.9375],"rotation":0,"texture":"#0","tintindex":0}}}],"display":{"head":{"translation":[0.0,-6.4,0.0],"rotation":[0.0,0.0,0.0],"scale":[3.8095,3.8095,3.8095]}}}