{"textures":{"0":"modelengine:entity/tamaugachi"},"elements":[{"name":"r_f_ankle","from":[4.2170277,2.114,1.583],"to":[11.345028,10.586,7.967],"rotation":{"angle":22.5,"axis":"x","origin":[7.781028,5.825,4.1749997]},"faces":{"down":{"uv":[3.28125,10.375,2.90625,10.71875],"rotation":0,"texture":"#0","tintindex":0},"east":{"uv":[6.5,9.03125,6.84375,9.46875],"rotation":0,"texture":"#0","tintindex":0},"north":{"uv":[9.03125,0.625,9.40625,1.0625],"rotation":0,"texture":"#0","tintindex":0},"south":{"uv":[9.03125,2.65625,9.40625,3.09375],"rotation":0,"texture":"#0","tintindex":0},"up":{"uv":[0.9375,10.71875,0.5625,10.375],"rotation":0,"texture":"#0","tintindex":0},"west":{"uv":[6.875,9.03125,7.21875,9.46875],"rotation":0,"texture":"#0","tintindex":0}}}],"display":{"head":{"translation":[0.0,-6.4,0.0],"rotation":[0.0,0.0,0.0],"scale":[3.8095,3.8095,3.8095]}}}