{"textures":{"0":"modelengine:entity/tamaugachi"},"elements":[{"name":"r_r_calf","from":[3.256908,2.0136204,0.5881398],"to":[10.955149,8.43638,13.61186],"rotation":{"angle":45.0,"axis":"x","origin":[5.0810275,-2.2000003,7.1]},"faces":{"down":{"uv":[7.90625,8.3125,7.5,9.0],"rotation":0,"texture":"#0","tintindex":0},"east":{"uv":[8.1875,1.46875,8.875,1.8125],"rotation":0,"texture":"#0","tintindex":0},"north":{"uv":[9.09375,1.65625,9.5,2.0],"rotation":0,"texture":"#0","tintindex":0},"south":{"uv":[9.21875,6.0625,9.625,6.40625],"rotation":0,"texture":"#0","tintindex":0},"up":{"uv":[7.46875,9.0,7.0625,8.3125],"rotation":0,"texture":"#0","tintindex":0},"west":{"uv":[4.4375,8.59375,5.125,8.9375],"rotation":0,"texture":"#0","tintindex":0}}}],"display":{"head":{"translation":[0.0,-6.4,0.0],"rotation":[0.0,0.0,0.0],"scale":[3.8095,3.8095,3.8095]}}}