{"textures":{"0":"modelengine:entity/orbpiercer"},"elements":[{"from":[3.766255,2.1092324,3.5312948],"to":[5.7657976,4.77529,6.8638663],"rotation":{"angle":-22.5,"axis":"x","origin":[5.670026,2.4231524,8.140941]},"faces":{"east":{"uv":[1.9375,4.375,2.125,4.53125],"rotation":0,"texture":"#0","tintindex":0},"south":{"uv":[14.84375,1.03125,14.9375,1.1875],"rotation":0,"texture":"#0","tintindex":0},"north":{"uv":[0.21875,14.84375,0.3125,15.0],"rotation":0,"texture":"#0","tintindex":0},"west":{"uv":[2.21875,7.75,2.40625,7.90625],"rotation":0,"texture":"#0","tintindex":0},"up":{"uv":[3.90625,1.09375,3.8125,0.90625],"rotation":0,"texture":"#0","tintindex":0},"down":{"uv":[6.59375,8.78125,6.5,8.96875],"rotation":0,"texture":"#0","tintindex":0}}},{"from":[8.432769,20.792494,10.149567],"to":[9.335855,25.935352,11.624537],"rotation":{"angle":45.0,"axis":"x","origin":[5.670026,10.019751,2.8513374]},"faces":{"east":{"uv":[11.5625,1.25,11.65625,1.53125],"rotation":0,"texture":"#0","tintindex":0},"south":{"uv":[5.46875,14.375,5.53125,14.65625],"rotation":0,"texture":"#0","tintindex":0},"north":{"uv":[5.375,14.375,5.4375,14.65625],"rotation":0,"texture":"#0","tintindex":0},"west":{"uv":[12.1875,8.09375,12.28125,8.375],"rotation":0,"texture":"#0","tintindex":0},"up":{"uv":[15.25,10.03125,15.1875,9.9375],"rotation":0,"texture":"#0","tintindex":0},"down":{"uv":[15.25,10.0625,15.1875,10.15625],"rotation":0,"texture":"#0","tintindex":0}}},{"from":[9.288541,2.1092324,3.5312948],"to":[11.288084,4.77529,6.8638663],"rotation":{"angle":-22.5,"axis":"x","origin":[5.670026,2.4231524,8.140941]},"faces":{"east":{"uv":[4.4375,8.40625,4.625,8.5625],"rotation":0,"texture":"#0","tintindex":0},"south":{"uv":[2.53125,14.84375,2.625,15.0],"rotation":0,"texture":"#0","tintindex":0},"north":{"uv":[14.84375,2.15625,14.9375,2.3125],"rotation":0,"texture":"#0","tintindex":0},"west":{"uv":[9.0625,4.40625,9.25,4.5625],"rotation":0,"texture":"#0","tintindex":0},"up":{"uv":[8.15625,10.15625,8.0625,9.96875],"rotation":0,"texture":"#0","tintindex":0},"down":{"uv":[8.53125,10.21875,8.4375,10.40625],"rotation":0,"texture":"#0","tintindex":0}}},{"from":[7.7899117,15.649637,9.506709],"to":[9.335855,20.792494,12.267395],"rotation":{"angle":45.0,"axis":"x","origin":[5.670026,10.019751,2.8513374]},"faces":{"east":{"uv":[5.65625,5.15625,5.8125,5.4375],"rotation":0,"texture":"#0","tintindex":0},"south":{"uv":[11.53125,2.53125,11.625,2.8125],"rotation":0,"texture":"#0","tintindex":0},"north":{"uv":[5.84375,5.15625,5.9375,5.4375],"rotation":0,"texture":"#0","tintindex":0},"west":{"uv":[6.84375,4.59375,7.0,4.875],"rotation":0,"texture":"#0","tintindex":0},"up":{"uv":[14.75,14.96875,14.65625,14.8125],"rotation":0,"texture":"#0","tintindex":0},"down":{"uv":[14.875,14.8125,14.78125,14.96875],"rotation":0,"texture":"#0","tintindex":0}}},{"from":[4.5756264,3.7470074,6.9352803],"to":[10.62157,15.649637,12.267395],"rotation":{"angle":45.0,"axis":"x","origin":[5.670026,10.019751,2.8513374]},"faces":{"east":{"uv":[7.9375,8.3125,8.21875,8.96875],"rotation":0,"texture":"#0","tintindex":0},"south":{"uv":[8.625,2.3125,8.96875,2.96875],"rotation":0,"texture":"#0","tintindex":0},"north":{"uv":[0.46875,8.53125,0.8125,9.1875],"rotation":0,"texture":"#0","tintindex":0},"west":{"uv":[1.8125,8.65625,2.09375,9.3125],"rotation":0,"texture":"#0","tintindex":0},"up":{"uv":[4.09375,11.40625,3.75,11.125],"rotation":0,"texture":"#0","tintindex":0},"down":{"uv":[11.46875,7.6875,11.125,7.96875],"rotation":0,"texture":"#0","tintindex":0}}}],"display":{"head":{"translation":[0.0,-6.4,0.0],"scale":[4.0,4.0,4.0]}}}