{"textures":{"0":"modelengine:entity/tamaugachi"},"elements":[{"name":"right_rear_1","from":[4.8571215,10.0927515,9.982439],"to":[10.25712,11.17275,10.7924385],"rotation":{"angle":22.5,"axis":"y","origin":[4.8571215,9.316502,10.252438]},"faces":{"down":{"uv":[8.25,7.5,7.96875,7.53125],"rotation":0,"texture":"#0","tintindex":0},"east":{"uv":[8.59375,0.625,8.625,0.6875],"rotation":0,"texture":"#0","tintindex":0},"north":{"uv":[14.34375,9.15625,14.625,9.21875],"rotation":0,"texture":"#0","tintindex":0},"south":{"uv":[14.34375,9.25,14.625,9.3125],"rotation":0,"texture":"#0","tintindex":0},"up":{"uv":[5.0625,7.21875,4.78125,7.1875],"rotation":0,"texture":"#0","tintindex":0},"west":{"uv":[8.84375,1.3125,8.875,1.375],"rotation":0,"texture":"#0","tintindex":0}}},{"name":"right_rear_2","from":[4.8571215,8.3377495,9.442438],"to":[10.25712,10.362749,10.7924385],"rotation":{"angle":45.0,"axis":"y","origin":[4.8571215,9.316502,10.252438]},"faces":{"down":{"uv":[14.625,13.875,14.34375,13.9375],"rotation":0,"texture":"#0","tintindex":0},"east":{"uv":[12.21875,0.46875,12.28125,0.5625],"rotation":0,"texture":"#0","tintindex":0},"north":{"uv":[13.78125,1.0625,14.0625,1.15625],"rotation":0,"texture":"#0","tintindex":0},"south":{"uv":[13.78125,1.1875,14.0625,1.28125],"rotation":0,"texture":"#0","tintindex":0},"up":{"uv":[14.625,13.84375,14.34375,13.78125],"rotation":0,"texture":"#0","tintindex":0},"west":{"uv":[13.15625,8.625,13.21875,8.71875],"rotation":0,"texture":"#0","tintindex":0}}},{"name":"right_rear_3","from":[10.25712,8.742751,9.982439],"to":[20.787125,9.822751,10.7924385],"rotation":{"angle":45.0,"axis":"y","origin":[4.8571215,9.316502,10.252438]},"faces":{"down":{"uv":[14.78125,2.875,14.21875,2.90625],"rotation":0,"texture":"#0","tintindex":0},"east":{"uv":[9.25,4.59375,9.28125,4.65625],"rotation":0,"texture":"#0","tintindex":0},"north":{"uv":[11.125,6.8125,11.6875,6.875],"rotation":0,"texture":"#0","tintindex":0},"south":{"uv":[13.46875,12.15625,14.03125,12.21875],"rotation":0,"texture":"#0","tintindex":0},"up":{"uv":[14.78125,1.53125,14.21875,1.5],"rotation":0,"texture":"#0","tintindex":0},"west":{"uv":[8.5625,9.34375,8.59375,9.40625],"rotation":0,"texture":"#0","tintindex":0}}},{"name":"right_rear_4","from":[8.911577,11.442752,-0.66947603],"to":[9.721579,12.522751,5.000524],"rotation":{"angle":-22.5,"axis":"y","origin":[9.316579,11.98275,5.9839005]},"faces":{"down":{"uv":[11.96875,7.34375,11.9375,7.625],"rotation":0,"texture":"#0","tintindex":0},"east":{"uv":[14.375,2.9375,14.65625,3.0],"rotation":0,"texture":"#0","tintindex":0},"north":{"uv":[9.375,0.53125,9.40625,0.59375],"rotation":0,"texture":"#0","tintindex":0},"south":{"uv":[8.5625,9.4375,8.59375,9.5],"rotation":0,"texture":"#0","tintindex":0},"up":{"uv":[10.125,12.125,10.09375,11.84375],"rotation":0,"texture":"#0","tintindex":0},"west":{"uv":[14.375,3.03125,14.65625,3.09375],"rotation":0,"texture":"#0","tintindex":0}}},{"name":"right_rear_5","from":[4.1821213,11.03775,9.442438],"to":[12.012122,13.06275,10.7924385],"rotation":{"angle":45.0,"axis":"y","origin":[4.8571215,9.316502,10.252438]},"faces":{"down":{"uv":[14.46875,12.15625,14.0625,12.21875],"rotation":0,"texture":"#0","tintindex":0},"east":{"uv":[13.59375,9.6875,13.65625,9.78125],"rotation":0,"texture":"#0","tintindex":0},"north":{"uv":[11.25,0.9375,11.65625,1.03125],"rotation":0,"texture":"#0","tintindex":0},"south":{"uv":[12.09375,5.6875,12.5,5.78125],"rotation":0,"texture":"#0","tintindex":0},"up":{"uv":[9.5,2.28125,9.09375,2.21875],"rotation":0,"texture":"#0","tintindex":0},"west":{"uv":[1.28125,14.03125,1.34375,14.125],"rotation":0,"texture":"#0","tintindex":0}}},{"name":"right_rear_6","from":[10.932121,2.2627492,10.387438],"to":[16.33212,3.342751,11.197438],"rotation":{"angle":45.0,"axis":"y","origin":[5.5321217,3.9165006,12.277438]},"faces":{"down":{"uv":[10.6875,1.96875,10.40625,2.0],"rotation":0,"texture":"#0","tintindex":0},"east":{"uv":[8.5625,9.53125,8.59375,9.59375],"rotation":0,"texture":"#0","tintindex":0},"north":{"uv":[14.375,3.125,14.65625,3.1875],"rotation":0,"texture":"#0","tintindex":0},"south":{"uv":[14.375,3.21875,14.65625,3.28125],"rotation":0,"texture":"#0","tintindex":0},"up":{"uv":[6.34375,8.03125,6.0625,8.0],"rotation":0,"texture":"#0","tintindex":0},"west":{"uv":[1.25,10.1875,1.28125,10.25],"rotation":0,"texture":"#0","tintindex":0}}},{"name":"right_rear_7","from":[5.5321217,1.8577497,9.847439],"to":[10.932121,3.8827498,11.197438],"rotation":{"angle":45.0,"axis":"y","origin":[5.5321217,3.9165006,12.277438]},"faces":{"down":{"uv":[5.34375,14.375,5.0625,14.4375],"rotation":0,"texture":"#0","tintindex":0},"east":{"uv":[5.6875,14.0625,5.75,14.15625],"rotation":0,"texture":"#0","tintindex":0},"north":{"uv":[13.78125,1.3125,14.0625,1.40625],"rotation":0,"texture":"#0","tintindex":0},"south":{"uv":[13.78125,1.4375,14.0625,1.53125],"rotation":0,"texture":"#0","tintindex":0},"up":{"uv":[5.03125,14.4375,4.75,14.375],"rotation":0,"texture":"#0","tintindex":0},"west":{"uv":[6.0625,14.1875,6.125,14.28125],"rotation":0,"texture":"#0","tintindex":0}}},{"name":"right_rear_8","from":[3.5071216,6.987749,12.142439],"to":[8.907121,9.01275,13.492438],"rotation":{"angle":45.0,"axis":"y","origin":[5.5321217,3.9165006,12.277438]},"faces":{"down":{"uv":[8.09375,14.375,7.8125,14.4375],"rotation":0,"texture":"#0","tintindex":0},"east":{"uv":[12.28125,15.03125,12.34375,15.125],"rotation":0,"texture":"#0","tintindex":0},"north":{"uv":[13.78125,1.5625,14.0625,1.65625],"rotation":0,"texture":"#0","tintindex":0},"south":{"uv":[13.78125,1.6875,14.0625,1.78125],"rotation":0,"texture":"#0","tintindex":0},"up":{"uv":[5.96875,14.4375,5.6875,14.375],"rotation":0,"texture":"#0","tintindex":0},"west":{"uv":[4.8125,15.1875,4.875,15.28125],"rotation":0,"texture":"#0","tintindex":0}}},{"name":"right_rear_9","from":[8.907121,7.392751,12.682439],"to":[14.30712,8.472751,13.492438],"rotation":{"angle":45.0,"axis":"y","origin":[5.5321217,3.9165006,12.277438]},"faces":{"down":{"uv":[11.125,2.59375,10.84375,2.625],"rotation":0,"texture":"#0","tintindex":0},"east":{"uv":[1.25,10.28125,1.28125,10.34375],"rotation":0,"texture":"#0","tintindex":0},"north":{"uv":[8.28125,14.375,8.5625,14.4375],"rotation":0,"texture":"#0","tintindex":0},"south":{"uv":[8.59375,14.375,8.875,14.4375],"rotation":0,"texture":"#0","tintindex":0},"up":{"uv":[11.125,0.34375,10.84375,0.3125],"rotation":0,"texture":"#0","tintindex":0},"west":{"uv":[10.0,10.78125,10.03125,10.84375],"rotation":0,"texture":"#0","tintindex":0}}},{"name":"right_rear_10","from":[2.0221212,2.9377494,-3.922563],"to":[3.3721213,4.9627495,6.8774376],"rotation":{"angle":-22.5,"axis":"y","origin":[5.5321217,3.9165006,12.277438]},"faces":{"down":{"uv":[8.0,13.59375,7.9375,14.15625],"rotation":0,"texture":"#0","tintindex":0},"east":{"uv":[12.9375,6.90625,13.5,7.0],"rotation":0,"texture":"#0","tintindex":0},"north":{"uv":[6.84375,15.1875,6.90625,15.28125],"rotation":0,"texture":"#0","tintindex":0},"south":{"uv":[6.9375,15.1875,7.0,15.28125],"rotation":0,"texture":"#0","tintindex":0},"up":{"uv":[7.90625,14.15625,7.84375,13.59375],"rotation":0,"texture":"#0","tintindex":0},"west":{"uv":[12.9375,7.03125,13.5,7.125],"rotation":0,"texture":"#0","tintindex":0}}},{"name":"right_rear_11","from":[4.047121,5.6377497,-0.5475621],"to":[5.3971214,7.6627493,7.552438],"rotation":{"angle":-22.5,"axis":"y","origin":[5.5321217,3.9165006,12.277438]},"faces":{"down":{"uv":[7.59375,11.125,7.53125,11.5625],"rotation":0,"texture":"#0","tintindex":0},"east":{"uv":[8.09375,3.5,8.53125,3.59375],"rotation":0,"texture":"#0","tintindex":0},"north":{"uv":[7.34375,15.1875,7.40625,15.28125],"rotation":0,"texture":"#0","tintindex":0},"south":{"uv":[9.8125,15.1875,9.875,15.28125],"rotation":0,"texture":"#0","tintindex":0},"up":{"uv":[7.84375,10.8125,7.78125,10.375],"rotation":0,"texture":"#0","tintindex":0},"west":{"uv":[8.09375,3.625,8.53125,3.71875],"rotation":0,"texture":"#0","tintindex":0}}},{"name":"right_rear_12","from":[4.587121,6.0427513,-10.537561],