{"textures":{"0":"mineinabyss:mobs/orbpiercer"},"elements":[{"from":[0.5310998,-3.813572,2.6463795],"to":[7.9368143,8.529285,12.520666],"rotation":{"angle":0.0,"axis":"y","origin":[10.405386,-1.3450003,0.17780828]},"faces":{"east":{"uv":[0.875,7.96875,1.40625,8.65625],"rotation":0,"texture":"#0","tintindex":0},"south":{"uv":[6.625,8.3125,7.03125,9.0],"rotation":0,"texture":"#0","tintindex":0},"north":{"uv":[8.28125,8.09375,8.6875,8.78125],"rotation":0,"texture":"#0","tintindex":0},"west":{"uv":[8.03125,0.0,8.5625,0.6875],"rotation":0,"texture":"#0","tintindex":0},"up":{"uv":[2.625,4.0,2.21875,3.46875],"rotation":0,"texture":"#0","tintindex":0},"down":{"uv":[6.8125,4.59375,6.40625,5.125],"rotation":0,"texture":"#0","tintindex":0}}},{"from":[10.082035,1.5349994,2.717555],"to":[10.853463,2.563571,7.8604126],"rotation":{"angle":22.5,"axis":"y","origin":[11.624892,2.7242856,12.038984]},"faces":{"east":{"uv":[14.28125,0.8125,14.5625,0.875],"rotation":0,"texture":"#0","tintindex":0},"south":{"uv":[3.96875,7.3125,4.0,7.375],"rotation":0,"texture":"#0","tintindex":0},"north":{"uv":[1.875,5.46875,1.90625,5.53125],"rotation":0,"texture":"#0","tintindex":0},"west":{"uv":[14.28125,2.125,14.5625,2.1875],"rotation":0,"texture":"#0","tintindex":0},"up":{"uv":[8.21875,9.28125,8.1875,9.0],"rotation":0,"texture":"#0","tintindex":0},"down":{"uv":[9.09375,9.25,9.0625,9.53125],"rotation":0,"texture":"#0","tintindex":0}}},{"from":[8.282035,0.50642776,8.50327],"to":[9.567749,2.4349995,13.646128],"rotation":{"angle":22.5,"axis":"y","origin":[11.624892,2.7242856,12.038984]},"faces":{"east":{"uv":[9.96875,0.375,10.25,0.46875],"rotation":0,"texture":"#0","tintindex":0},"south":{"uv":[3.8125,9.21875,3.875,9.3125],"rotation":0,"texture":"#0","tintindex":0},"north":{"uv":[1.40625,6.4375,1.46875,6.53125],"rotation":0,"texture":"#0","tintindex":0},"west":{"uv":[11.1875,4.03125,11.46875,4.125],"rotation":0,"texture":"#0","tintindex":0},"up":{"uv":[12.71875,2.78125,12.65625,2.5],"rotation":0,"texture":"#0","tintindex":0},"down":{"uv":[13.65625,9.375,13.59375,9.65625],"rotation":0,"texture":"#0","tintindex":0}}},{"from":[8.924891,3.720714,5.288984],"to":[10.210606,5.6492853,10.431841],"rotation":{"angle":22.5,"axis":"y","origin":[11.624892,2.7242856,12.038984]},"faces":{"east":{"uv":[11.375,0.0,11.65625,0.09375],"rotation":0,"texture":"#0","tintindex":0},"south":{"uv":[10.78125,10.59375,10.84375,10.6875],"rotation":0,"texture":"#0","tintindex":0},"north":{"uv":[5.78125,10.21875,5.84375,10.3125],"rotation":0,"texture":"#0","tintindex":0},"west":{"uv":[13.78125,0.9375,14.0625,1.03125],"rotation":0,"texture":"#0","tintindex":0},"up":{"uv":[13.5,14.15625,13.4375,13.875],"rotation":0,"texture":"#0","tintindex":0},"down":{"uv":[14.40625,8.84375,14.34375,9.125],"rotation":0,"texture":"#0","tintindex":0}}},{"from":[9.4391775,4.1064286,10.431841],"to":[10.210606,5.1349998,15.574698],"rotation":{"angle":22.5,"axis":"y","origin":[11.624892,2.7242856,12.038984]},"faces":{"east":{"uv":[14.3125,10.96875,14.59375,11.03125],"rotation":0,"texture":"#0","tintindex":0},"south":{"uv":[2.15625,8.40625,2.1875,8.46875],"rotation":0,"texture":"#0","tintindex":0},"north":{"uv":[1.4375,7.96875,1.46875,8.03125],"rotation":0,"texture":"#0","tintindex":0},"west":{"uv":[14.34375,4.4375,14.625,4.5],"rotation":0,"texture":"#0","tintindex":0},"up":{"uv":[3.75,10.65625,3.71875,10.375],"rotation":0,"texture":"#0","tintindex":0},"down":{"uv":[10.46875,2.21875,10.4375,2.5],"rotation":0,"texture":"#0","tintindex":0}}},{"from":[8.79632,0.8921423,13.646128],"to":[9.567749,1.9207139,18.788984],"rotation":{"angle":22.5,"axis":"y","origin":[11.624892,2.7242856,12.038984]},"faces":{"east":{"uv":[8.625,3.0,8.90625,3.0625],"rotation":0,"texture":"#0","tintindex":0},"south":{"uv":[2.15625,4.46875,2.1875,4.53125],"rotation":0,"texture":"#0","tintindex":0},"north":{"uv":[2.15625,4.375,2.1875,4.4375],"rotation":0,"texture":"#0","tintindex":0},"west":{"uv":[9.0625,0.53125,9.34375,0.59375],"rotation":0,"texture":"#0","tintindex":0},"up":{"uv":[2.4375,7.71875,2.40625,7.4375],"rotation":0,"texture":"#0","tintindex":0},"down":{"uv":[2.1875,8.09375,2.15625,8.375],"rotation":0,"texture":"#0","tintindex":0}}},{"from":[1.1482425,-8.750715,6.349237],"to":[6.7025285,-3.813572,13.663523],"rotation":{"angle":0.0,"axis":"y","origin":[10.405386,-1.3450003,0.17780828]},"faces":{"east":{"uv":[10.40625,1.65625,10.8125,1.9375],"rotation":0,"texture":"#0","tintindex":0},"south":{"uv":[11.15625,8.8125,11.46875,9.09375],"rotation":0,"texture":"#0","tintindex":0},"north":{"uv":[11.15625,5.5,11.46875,5.78125],"rotation":0,"texture":"#0","tintindex":0},"west":{"uv":[10.71875,8.90625,11.125,9.1875],"rotation":0,"texture":"#0","tintindex":0},"up":{"uv":[1.28125,10.78125,0.96875,10.375],"rotation":0,"texture":"#0","tintindex":0},"down":{"uv":[10.75,3.84375,10.4375,4.25],"rotation":0,"texture":"#0","tintindex":0}}},{"from":[8.79632,-1.679286,5.931841],"to":[9.567749,-0.6507149,11.074698],"rotation":{"angle":22.5,"axis":"y","origin":[11.624892,2.7242856,12.038984]},"faces":{"east":{"uv":[11.15625,9.125,11.4375,9.1875],"rotation":0,"texture":"#0","tintindex":0},"south":{"uv":[1.875,5.375,1.90625,5.4375],"rotation":0,"texture":"#0","tintindex":0},"north":{"uv":[1.875,5.28125,1.90625,5.34375],"rotation":0,"texture":"#0","tintindex":0},"west":{"uv":[14.25,13.46875,14.53125,13.53125],"rotation":0,"texture":"#0","tintindex":0},"up":{"uv":[4.65625,8.375,4.625,8.09375],"rotation":0,"texture":"#0","tintindex":0},"down":{"uv":[3.9375,8.5,3.90625,8.78125],"rotation":0,"texture":"#0","tintindex":0}}}],"display":{"head":{"translation":[0.0,-6.4,0.0],"scale":[4.0,4.0,4.0]}}}