{"textures":{"0":"modelengine:entity/tamaugachi"},"elements":[{"name":"cube","from":[2.333448,16.369507,13.994642],"to":[2.8884482,30.664509,15.089643],"rotation":{"angle":0.0,"axis":"x","origin":[8.008075,16.823227,13.662414]},"faces":{"down":{"uv":[10.125,15.34375,10.09375,15.40625],"rotation":0,"texture":"#0","tintindex":0},"east":{"uv":[4.5625,13.09375,4.625,13.84375],"rotation":0,"texture":"#0","tintindex":0},"north":{"uv":[1.375,12.28125,1.40625,13.03125],"rotation":0,"texture":"#0","tintindex":0},"south":{"uv":[7.84375,12.3125,7.875,13.0625],"rotation":0,"texture":"#0","tintindex":0},"up":{"uv":[10.0625,15.40625,10.03125,15.34375],"rotation":0,"texture":"#0","tintindex":0},"west":{"uv":[4.65625,13.09375,4.71875,13.84375],"rotation":0,"texture":"#0","tintindex":0}}},{"name":"cube","from":[-7.7915525,13.040001,6.9864473],"to":[-7.2365522,32.0,7.9464464],"rotation":{"angle":0.0,"axis":"x","origin":[-6.936552,1.2150192,3.1628842]},"faces":{"down":{"uv":[15.375,10.53125,15.34375,10.59375],"rotation":0,"texture":"#0","tintindex":0},"east":{"uv":[12.375,1.03125,12.4375,2.03125],"rotation":0,"texture":"#0","tintindex":0},"north":{"uv":[13.375,13.5625,13.40625,14.5625],"rotation":0,"texture":"#0","tintindex":0},"south":{"uv":[1.9375,13.59375,1.96875,14.59375],"rotation":0,"texture":"#0","tintindex":0},"up":{"uv":[15.375,10.5,15.34375,10.4375],"rotation":0,"texture":"#0","tintindex":0},"west":{"uv":[5.6875,12.40625,5.75,13.40625],"rotation":0,"texture":"#0","tintindex":0}}},{"name":"cube","from":[-0.3665521,13.280991,15.776664],"to":[0.18844795,24.81599,16.871664],"rotation":{"angle":0.0,"axis":"x","origin":[8.0,-1.695198,8.0]},"faces":{"down":{"uv":[10.0,15.34375,9.96875,15.40625],"rotation":0,"texture":"#0","tintindex":0},"east":{"uv":[5.5,13.59375,5.5625,14.1875],"rotation":0,"texture":"#0","tintindex":0},"north":{"uv":[4.25,14.375,4.28125,14.96875],"rotation":0,"texture":"#0","tintindex":0},"south":{"uv":[4.3125,14.375,4.34375,14.96875],"rotation":0,"texture":"#0","tintindex":0},"up":{"uv":[9.9375,15.40625,9.90625,15.34375],"rotation":0,"texture":"#0","tintindex":0},"west":{"uv":[5.59375,13.59375,5.65625,14.1875],"rotation":0,"texture":"#0","tintindex":0}}}],"display":{"head":{"translation":[0.0,29.795408,0.0],"rotation":[0.0,0.0,0.0],"scale":[3.8095,3.8095,3.8095]}}}