{"textures":{"0":"modelengine:entity/tamaugachi"},"elements":[{"name":"cube","from":[5.9015484,4.5248313,5.5389776],"to":[7.9265485,6.279831,16.878979],"rotation":{"angle":-22.5,"axis":"y","origin":[8.939049,5.4023323,9.183978]},"faces":{"down":{"uv":[1.40625,8.6875,1.3125,9.28125],"rotation":0,"texture":"#0","tintindex":0},"east":{"uv":[10.75,3.125,11.34375,3.21875],"rotation":0,"texture":"#0","tintindex":0},"north":{"uv":[4.28125,8.84375,4.375,8.9375],"rotation":0,"texture":"#0","tintindex":0},"south":{"uv":[10.3125,3.84375,10.40625,3.9375],"rotation":0,"texture":"#0","tintindex":0},"up":{"uv":[3.09375,7.21875,3.0,6.625],"rotation":0,"texture":"#0","tintindex":0},"west":{"uv":[12.46875,5.125,13.0625,5.21875],"rotation":0,"texture":"#0","tintindex":0}}},{"name":"cube","from":[-4.930438,5.0648327,15.634299],"to":[3.844563,5.739832,16.849298],"rotation":{"angle":45.0,"axis":"y","origin":[2.8320632,5.4023323,14.891799]},"faces":{"down":{"uv":[14.25,0.65625,13.78125,0.71875],"rotation":0,"texture":"#0","tintindex":0},"east":{"uv":[15.3125,11.875,15.375,11.90625],"rotation":0,"texture":"#0","tintindex":0},"north":{"uv":[12.65625,4.5625,13.125,4.59375],"rotation":0,"texture":"#0","tintindex":0},"south":{"uv":[12.78125,4.0,13.25,4.03125],"rotation":0,"texture":"#0","tintindex":0},"up":{"uv":[14.25,0.625,13.78125,0.5625],"rotation":0,"texture":"#0","tintindex":0},"west":{"uv":[15.3125,13.625,15.375,13.65625],"rotation":0,"texture":"#0","tintindex":0}}},{"name":"cube","from":[-8.980438,2.364832,18.3343],"to":[2.494563,3.039832,19.549297],"rotation":{"angle":45.0,"axis":"y","origin":[1.482063,2.7023325,17.5918]},"faces":{"down":{"uv":[9.8125,6.625,9.21875,6.6875],"rotation":0,"texture":"#0","tintindex":0},"east":{"uv":[15.3125,13.6875,15.375,13.71875],"rotation":0,"texture":"#0","tintindex":0},"north":{"uv":[8.1875,1.84375,8.78125,1.875],"rotation":0,"texture":"#0","tintindex":0},"south":{"uv":[9.5625,2.59375,10.15625,2.625],"rotation":0,"texture":"#0","tintindex":0},"up":{"uv":[5.75,6.5625,5.15625,6.5],"rotation":0,"texture":"#0","tintindex":0},"west":{"uv":[14.03125,15.3125,14.09375,15.34375],"rotation":0,"texture":"#0","tintindex":0}}},{"name":"cube","from":[4.551548,1.824831,8.238977],"to":[6.5765486,3.5798311,19.57898],"rotation":{"angle":-22.5,"axis":"y","origin":[7.5890484,2.7023325,11.883979]},"faces":{"down":{"uv":[12.28125,4.1875,12.1875,4.78125],"rotation":0,"texture":"#0","tintindex":0},"east":{"uv":[12.46875,5.25,13.0625,5.34375],"rotation":0,"texture":"#0","tintindex":0},"north":{"uv":[11.71875,0.78125,11.8125,0.875],"rotation":0,"texture":"#0","tintindex":0},"south":{"uv":[11.90625,11.125,12.0,11.21875],"rotation":0,"texture":"#0","tintindex":0},"up":{"uv":[7.46875,10.28125,7.375,9.6875],"rotation":0,"texture":"#0","tintindex":0},"west":{"uv":[12.53125,8.625,13.125,8.71875],"rotation":0,"texture":"#0","tintindex":0}}},{"name":"cube","from":[6.4737334,5.5555162,6.129486],"to":[9.173734,8.255516,22.329487],"rotation":{"angle":-45.0,"axis":"x","origin":[4.7862334,8.930516,8.829486]},"faces":{"down":{"uv":[8.53125,9.34375,8.375,10.1875],"rotation":0,"texture":"#0","tintindex":0},"east":{"uv":[9.4375,3.59375,10.28125,3.75],"rotation":0,"texture":"#0","tintindex":0},"north":{"uv":[6.96875,14.09375,7.125,14.25],"rotation":0,"texture":"#0","tintindex":0},"south":{"uv":[9.875,14.09375,10.03125,14.25],"rotation":0,"texture":"#0","tintindex":0},"up":{"uv":[8.34375,10.1875,8.1875,9.34375],"rotation":0,"texture":"#0","tintindex":0},"west":{"uv":[9.4375,3.78125,10.28125,3.9375],"rotation":0,"texture":"#0","tintindex":0}}},{"name":"cube","from":[12.773734,14.044567,3.2851071],"to":[15.473734,16.744568,19.485107],"rotation":{"angle":-22.5,"axis":"x","origin":[5.1687336,18.879833,30.21368]},"faces":{"down":{"uv":[7.25,10.96875,7.125,11.8125],"rotation":0,"texture":"#0","tintindex":0},"east":{"uv":[9.46875,1.28125,10.3125,1.4375],"rotation":0,"texture":"#0","tintindex":0},"north":{"uv":[14.25,11.46875,14.375,11.625],"rotation":0,"texture":"#0","tintindex":0},"south":{"uv":[14.25,12.34375,14.375,12.5],"rotation":0,"texture":"#0","tintindex":0},"up":{"uv":[7.09375,11.8125,6.96875,10.96875],"rotation":0,"texture":"#0","tintindex":0},"west":{"uv":[9.46875,1.46875,10.3125,1.625],"rotation":0,"texture":"#0","tintindex":0}}},{"name":"cube","from":[8.4987335,14.044567,8.385107],"to":[11.198734,16.744568,24.58511],"rotation":{"angle":-22.5,"axis":"x","origin":[9.893734,18.879833,27.51368]},"faces":{"down":{"uv":[4.15625,9.375,4.0,10.21875],"rotation":0,"texture":"#0","tintindex":0},"east":{"uv":[9.46875,8.40625,10.3125,8.5625],"rotation":0,"texture":"#0","tintindex":0},"north":{"uv":[11.4375,14.09375,11.59375,14.25],"rotation":0,"texture":"#0","tintindex":0},"south":{"uv":[14.09375,11.96875,14.25,12.125],"rotation":0,"texture":"#0","tintindex":0},"up":{"uv":[3.96875,10.21875,3.8125,9.375],"rotation":0,"texture":"#0","tintindex":0},"west":{"uv":[9.46875,8.59375,10.3125,8.75],"rotation":0,"texture":"#0","tintindex":0}}},{"name":"cube","from":[10.778734,21.2,18.774958],"to":[11.453733,32.0,19.854958],"rotation":{"angle":22.5,"axis":"x","origin":[11.093735,21.147583,15.65463]},"faces":{"down":{"uv":[15.375,0.0,15.34375,0.0625],"rotation":0,"texture":"#0","tintindex":0},"east":{"uv":[13.625,10.71875,13.6875,11.28125],"rotation":0,"texture":"#0","tintindex":0},"north":{"uv":[11.90625,14.5,11.9375,15.0625],"rotation":0,"texture":"#0","tintindex":0},"south":{"uv":[6.46875,14.53125,6.5,15.09375],"rotation":0,"texture":"#0","tintindex":0},"up":{"uv":[15.34375,15.375,15.3125,15.3125],"rotation":0,"texture":"#0","tintindex":0},"west":{"uv":[13.625,12.46875,13.6875,13.03125],"rotation":0,"texture":"#0","tintindex":0}}},{"name":"cube","from":[10.238733,13.837406,12.046855],"to":[11.993734,22.47741,14.071856],"rotation":{"angle":45.0,"axis":"x","origin":[11.093735,13.72258,12.954629]},"faces":{"down":{"uv":[12.84375,15.0,12.75,15.09375],"rotation":0,"texture":"#0","tintindex":0},"east":{"uv":[13.03125,3.125,13.125,3.5625],"rotation":0,"texture":"#0","tintindex":0},"north":{"uv":[12.21875,0.0,12.3125,0.4375],"rotation":0,"texture":"#0","tintindex":0},"south":{"uv":[13.09375,11.8125,13.1875,12.25],"rotation":0,"texture":"#0","tintindex":0},"up":{"uv":[10.28125,15.09375,10.1875,15.0],"rotation":0,"texture":"#0","tintindex":0},"west":{"uv":[13.125,0.0,13.21875,0.4375],"rotation":0,"texture":"#0","tintindex":0}}},{"name":"cube","from":[9.698734,13.555004,0.62821937],"to":[12.398734,16.255005,11.428219],"rotation":{"angle":-45.0,"axis":"x","origin":[11.093735,17.772583,12.954629]},"faces":{"down":{"uv":[11.4375,4.46875,11.28125,5.03125],"rotation":0,"texture":"#0","tintindex":0},"east":{"uv":[11.21875,9.375,11.78125,9.53125],"rotation":0,"texture":"#0","tintindex":0},"north":{"uv":[14.09375,14.03125,14.25,14.1875],"rotation":0,"texture":"#0","tintindex":0},"south":{"uv":[2.125,14.125,2.28125,14.28125],"rotation":0,"texture":"#0","tintindex":0},"up":{"uv":[11.40625,2.3125,11.25,1.75],"rotation":0,"texture":"#0","tintindex":0},"west":{"uv":[11.25,1.5625,11.8125,1.71875],"rotation":0,"texture":"#0","tintindex":0}}}],"display":{"head":{"translation":[0.0,6.030668,0.0],"rotation":[0.0,0.0,0.0],"scale":[3.8095,3.8095,3.8095]}}}