{"textures":{"0":"modelengine:entity/tamaugachi"},"elements":[{"name":"cube","from":[0.4295225,14.04332,4.0586934],"to":[3.1295218,16.74332,20.258694],"rotation":{"angle":-22.5,"axis":"x","origin":[7.1345224,18.878582,30.987267]},"faces":{"down":{"uv":[7.125,10.96875,7.25,11.8125],"rotation":0,"texture":"#0","tintindex":0},"east":{"uv":[10.3125,1.46875,9.46875,1.625],"rotation":0,"texture":"#0","tintindex":0},"north":{"uv":[14.375,11.46875,14.25,11.625],"rotation":0,"texture":"#0","tintindex":0},"south":{"uv":[14.375,12.34375,14.25,12.5],"rotation":0,"texture":"#0","tintindex":0},"up":{"uv":[6.96875,11.8125,7.09375,10.96875],"rotation":0,"texture":"#0","tintindex":0},"west":{"uv":[10.3125,1.28125,9.46875,1.4375],"rotation":0,"texture":"#0","tintindex":0}}},{"name":"cube","from":[4.1847777,13.837406,11.6267185],"to":[5.9397774,22.477406,13.651719],"rotation":{"angle":45.0,"axis":"x","origin":[6.2847776,13.722584,12.534493]},"faces":{"down":{"uv":[5.8125,15.15625,5.71875,15.25],"rotation":0,"texture":"#0","tintindex":0},"east":{"uv":[6.28125,13.40625,6.375,13.84375],"rotation":0,"texture":"#0","tintindex":0},"north":{"uv":[6.15625,13.40625,6.25,13.84375],"rotation":0,"texture":"#0","tintindex":0},"south":{"uv":[6.40625,13.40625,6.5,13.84375],"rotation":0,"texture":"#0","tintindex":0},"up":{"uv":[15.25,5.75,15.15625,5.65625],"rotation":0,"texture":"#0","tintindex":0},"west":{"uv":[0.25,13.4375,0.34375,13.875],"rotation":0,"texture":"#0","tintindex":0}}},{"name":"cube","from":[4.724777,21.199997,18.354822],"to":[5.3997774,32.0,19.434822],"rotation":{"angle":22.5,"axis":"x","origin":[6.2847776,21.147583,15.234494]},"faces":{"down":{"uv":[15.375,10.71875,15.34375,10.78125],"rotation":0,"texture":"#0","tintindex":0},"east":{"uv":[13.71875,3.5,13.78125,4.0625],"rotation":0,"texture":"#0","tintindex":0},"north":{"uv":[3.84375,14.71875,3.875,15.28125],"rotation":0,"texture":"#0","tintindex":0},"south":{"uv":[3.90625,14.71875,3.9375,15.28125],"rotation":0,"texture":"#0","tintindex":0},"up":{"uv":[15.375,10.6875,15.34375,10.625],"rotation":0,"texture":"#0","tintindex":0},"west":{"uv":[10.21875,13.71875,10.28125,14.28125],"rotation":0,"texture":"#0","tintindex":0}}}],"display":{"head":{"translation":[0.0,1.6979795,0.0],"rotation":[0.0,0.0,0.0],"scale":[3.8095,3.8095,3.8095]}}}