{"textures":{"0":"modelengine:entity/tamaugachi"},"elements":[{"name":"cube","from":[5.57961,9.159829,5.4847994],"to":[8.27961,11.859829,21.6848],"rotation":{"angle":-45.0,"axis":"x","origin":[9.96711,12.534829,8.184799]},"faces":{"down":{"uv":[6.3125,10.34375,6.15625,11.1875],"rotation":0,"texture":"#0","tintindex":0},"east":{"uv":[10.3125,3.65625,11.15625,3.8125],"rotation":0,"texture":"#0","tintindex":0},"north":{"uv":[1.375,14.21875,1.53125,14.375],"rotation":0,"texture":"#0","tintindex":0},"south":{"uv":[1.5625,14.21875,1.71875,14.375],"rotation":0,"texture":"#0","tintindex":0},"up":{"uv":[6.125,11.1875,5.96875,10.34375],"rotation":0,"texture":"#0","tintindex":0},"west":{"uv":[10.34375,1.28125,11.1875,1.4375],"rotation":0,"texture":"#0","tintindex":0}}},{"name":"cube","from":[6.826795,8.129145,4.894291],"to":[8.851795,9.884144,16.234291],"rotation":{"angle":22.5,"axis":"y","origin":[5.814295,9.006643,8.539291]},"faces":{"down":{"uv":[13.0,0.0,12.90625,0.59375],"rotation":0,"texture":"#0","tintindex":0},"east":{"uv":[12.65625,4.4375,13.25,4.53125],"rotation":0,"texture":"#0","tintindex":0},"north":{"uv":[2.84375,15.15625,2.9375,15.25],"rotation":0,"texture":"#0","tintindex":0},"south":{"uv":[15.15625,3.75,15.25,3.84375],"rotation":0,"texture":"#0","tintindex":0},"up":{"uv":[12.96875,12.46875,12.875,11.875],"rotation":0,"texture":"#0","tintindex":0},"west":{"uv":[12.78125,3.75,13.375,3.84375],"rotation":0,"texture":"#0","tintindex":0}}},{"name":"cube","from":[10.908781,8.669143,14.989612],"to":[19.683784,9.344143,16.204613],"rotation":{"angle":-45.0,"axis":"y","origin":[11.921282,9.006643,14.247111]},"faces":{"down":{"uv":[14.25,0.84375,13.78125,0.90625],"rotation":0,"texture":"#0","tintindex":0},"east":{"uv":[15.3125,14.9375,15.375,14.96875],"rotation":0,"texture":"#0","tintindex":0},"north":{"uv":[13.03125,6.84375,13.5,6.875],"rotation":0,"texture":"#0","tintindex":0},"south":{"uv":[14.46875,4.71875,14.9375,4.75],"rotation":0,"texture":"#0","tintindex":0},"up":{"uv":[14.25,0.8125,13.78125,0.75],"rotation":0,"texture":"#0","tintindex":0},"west":{"uv":[15.34375,0.3125,15.40625,0.34375],"rotation":0,"texture":"#0","tintindex":0}}},{"name":"cube","from":[12.258781,5.969143,17.689613],"to":[23.733784,6.644143,18.904612],"rotation":{"angle":-45.0,"axis":"y","origin":[13.271281,6.3066425,16.947111]},"faces":{"down":{"uv":[14.0625,12.0625,13.46875,12.125],"rotation":0,"texture":"#0","tintindex":0},"east":{"uv":[15.34375,0.6875,15.40625,0.71875],"rotation":0,"texture":"#0","tintindex":0},"north":{"uv":[10.5,3.40625,11.09375,3.4375],"rotation":0,"texture":"#0","tintindex":0},"south":{"uv":[12.625,8.5625,13.21875,8.59375],"rotation":0,"texture":"#0","tintindex":0},"up":{"uv":[14.0625,12.03125,13.46875,11.96875],"rotation":0,"texture":"#0","tintindex":0},"west":{"uv":[15.34375,5.90625,15.40625,5.9375],"rotation":0,"texture":"#0","tintindex":0}}},{"name":"cube","from":[8.176795,5.429144,7.5942907],"to":[10.201796,7.184144,18.934292],"rotation":{"angle":22.5,"axis":"y","origin":[7.164295,6.3066425,11.23929]},"faces":{"down":{"uv":[1.25,12.90625,1.15625,13.5],"rotation":0,"texture":"#0","tintindex":0},"east":{"uv":[12.78125,3.875,13.375,3.96875],"rotation":0,"texture":"#0","tintindex":0},"north":{"uv":[4.96875,15.15625,5.0625,15.25],"rotation":0,"texture":"#0","tintindex":0},"south":{"uv":[5.59375,15.15625,5.6875,15.25],"rotation":0,"texture":"#0","tintindex":0},"up":{"uv":[13.0,1.21875,12.90625,0.625],"rotation":0,"texture":"#0","tintindex":0},"west":{"uv":[12.875,7.875,13.46875,7.96875],"rotation":0,"texture":"#0","tintindex":0}}},{"name":"cube","from":[3.5546105,17.648884,7.7404203],"to":[6.25461,20.348885,23.940422],"rotation":{"angle":-22.5,"axis":"x","origin":[4.8596106,22.484146,26.868992]},"faces":{"down":{"uv":[9.78125,11.09375,9.65625,11.9375],"rotation":0,"texture":"#0","tintindex":0},"east":{"uv":[10.34375,9.375,11.1875,9.53125],"rotation":0,"texture":"#0","tintindex":0},"north":{"uv":[6.375,14.34375,6.5,14.5],"rotation":0,"texture":"#0","tintindex":0},"south":{"uv":[14.34375,6.40625,14.46875,6.5625],"rotation":0,"texture":"#0","tintindex":0},"up":{"uv":[9.625,11.9375,9.5,11.09375],"rotation":0,"texture":"#0","tintindex":0},"west":{"uv":[2.03125,10.375,2.875,10.53125],"rotation":0,"texture":"#0","tintindex":0}}},{"name":"cube","from":[2.3546104,17.159317,-0.016469955],"to":[5.05461,19.859318,10.783531],"rotation":{"angle":-45.0,"axis":"x","origin":[4.8596106,21.376896,12.309942]},"faces":{"down":{"uv":[12.25,1.65625,12.125,2.21875],"rotation":0,"texture":"#0","tintindex":0},"east":{"uv":[11.71875,6.8125,12.28125,6.96875],"rotation":0,"texture":"#0","tintindex":0},"north":{"uv":[14.34375,6.59375,14.46875,6.75],"rotation":0,"texture":"#0","tintindex":0},"south":{"uv":[14.34375,6.78125,14.46875,6.9375],"rotation":0,"texture":"#0","tintindex":0},"up":{"uv":[12.25,1.625,12.125,1.0625],"rotation":0,"texture":"#0","tintindex":0},"west":{"uv":[11.71875,7.0,12.28125,7.15625],"rotation":0,"texture":"#0","tintindex":0}}}],"display":{"head":{"translation":[0.0,-6.4,0.0],"rotation":[0.0,0.0,0.0],"scale":[3.8095,3.8095,3.8095]}}}