{"textures":{"0":"modelengine:entity/orbpiercer"},"elements":[{"from":[2.6234384,16.723158,0.3652668],"to":[5.194867,19.294586,10.650982],"rotation":{"angle":-45.0,"axis":"x","origin":[5.009153,20.739899,12.104706]},"faces":{"east":{"uv":[11.71875,6.8125,12.28125,6.96875],"rotation":0,"texture":"#0","tintindex":0},"south":{"uv":[14.34375,6.78125,14.46875,6.9375],"rotation":0,"texture":"#0","tintindex":0},"north":{"uv":[14.34375,6.59375,14.46875,6.75],"rotation":0,"texture":"#0","tintindex":0},"west":{"uv":[11.71875,7.0,12.28125,7.15625],"rotation":0,"texture":"#0","tintindex":0},"up":{"uv":[12.25,1.625,12.125,1.0625],"rotation":0,"texture":"#0","tintindex":0},"down":{"uv":[12.25,1.65625,12.125,2.21875],"rotation":0,"texture":"#0","tintindex":0}}},{"from":[3.766296,17.189411,7.7527804],"to":[6.3377247,19.760838,23.181353],"rotation":{"angle":-22.5,"axis":"x","origin":[5.009153,21.794422,25.970467]},"faces":{"east":{"uv":[10.34375,9.375,11.1875,9.53125],"rotation":0,"texture":"#0","tintindex":0},"south":{"uv":[14.34375,6.40625,14.46875,6.5625],"rotation":0,"texture":"#0","tintindex":0},"north":{"uv":[6.375,14.34375,6.5,14.5],"rotation":0,"texture":"#0","tintindex":0},"west":{"uv":[2.03125,10.375,2.875,10.53125],"rotation":0,"texture":"#0","tintindex":0},"up":{"uv":[9.625,11.9375,9.5,11.09375],"rotation":0,"texture":"#0","tintindex":0},"down":{"uv":[9.78125,11.09375,9.65625,11.9375],"rotation":0,"texture":"#0","tintindex":0}}},{"from":[12.055983,6.0658507,17.2282],"to":[22.984554,6.708708,18.385344],"rotation":{"angle":-45.0,"axis":"y","origin":[13.020269,6.3872795,16.521057]},"faces":{"east":{"uv":[15.34375,0.6875,15.40625,0.71875],"rotation":0,"texture":"#0","tintindex":0},"south":{"uv":[12.625,8.5625,13.21875,8.59375],"rotation":0,"texture":"#0","tintindex":0},"north":{"uv":[10.5,3.40625,11.09375,3.4375],"rotation":0,"texture":"#0","tintindex":0},"west":{"uv":[15.34375,5.90625,15.40625,5.9375],"rotation":0,"texture":"#0","tintindex":0},"up":{"uv":[14.0625,12.03125,13.46875,11.96875],"rotation":0,"texture":"#0","tintindex":0},"down":{"uv":[14.0625,12.0625,13.46875,12.125],"rotation":0,"texture":"#0","tintindex":0}}},{"from":[5.694867,9.104598,5.6045694],"to":[8.266296,11.676027,21.033142],"rotation":{"angle":-45.0,"axis":"x","origin":[9.873439,12.318884,8.175999]},"faces":{"east":{"uv":[10.3125,3.65625,11.15625,3.8125],"rotation":0,"texture":"#0","tintindex":0},"south":{"uv":[1.5625,14.21875,1.71875,14.375],"rotation":0,"texture":"#0","tintindex":0},"north":{"uv":[1.375,14.21875,1.53125,14.375],"rotation":0,"texture":"#0","tintindex":0},"west":{"uv":[10.34375,1.28125,11.1875,1.4375],"rotation":0,"texture":"#0","tintindex":0},"up":{"uv":[6.125,11.1875,5.96875,10.34375],"rotation":0,"texture":"#0","tintindex":0},"down":{"uv":[6.3125,10.34375,6.15625,11.1875],"rotation":0,"texture":"#0","tintindex":0}}},{"from":[10.770268,8.6372795,14.656772],"to":[19.12741,9.280136,15.813915],"rotation":{"angle":-45.0,"axis":"y","origin":[11.734554,8.958708,13.949629]},"faces":{"east":{"uv":[15.3125,14.9375,15.375,14.96875],"rotation":0,"texture":"#0","tintindex":0},"south":{"uv":[14.46875,4.71875,14.9375,4.75],"rotation":0,"texture":"#0","tintindex":0},"north":{"uv":[13.03125,6.84375,13.5,6.875],"rotation":0,"texture":"#0","tintindex":0},"west":{"uv":[15.34375,0.3125,15.40625,0.34375],"rotation":0,"texture":"#0","tintindex":0},"up":{"uv":[14.25,0.8125,13.78125,0.75],"rotation":0,"texture":"#0","tintindex":0},"down":{"uv":[14.25,0.84375,13.78125,0.90625],"rotation":0,"texture":"#0","tintindex":0}}},{"from":[8.168377,5.551565,7.613609],"to":[10.096949,7.222994,18.413609],"rotation":{"angle":22.5,"axis":"y","origin":[7.204091,6.3872795,11.085037]},"faces":{"east":{"uv":[12.78125,3.875,13.375,3.96875],"rotation":0,"texture":"#0","tintindex":0},"south":{"uv":[5.59375,15.15625,5.6875,15.25],"rotation":0,"texture":"#0","tintindex":0},"north":{"uv":[4.96875,15.15625,5.0625,15.25],"rotation":0,"texture":"#0","tintindex":0},"west":{"uv":[12.875,7.875,13.46875,7.96875],"rotation":0,"texture":"#0","tintindex":0},"up":{"uv":[13.0,1.21875,12.90625,0.625],"rotation":0,"texture":"#0","tintindex":0},"down":{"uv":[1.25,12.90625,1.15625,13.5],"rotation":0,"texture":"#0","tintindex":0}}},{"from":[6.882663,8.122993,5.04218],"to":[8.811234,9.794422,15.84218],"rotation":{"angle":22.5,"axis":"y","origin":[5.918377,8.958708,8.513609]},"faces":{"east":{"uv":[12.65625,4.4375,13.25,4.53125],"rotation":0,"texture":"#0","tintindex":0},"south":{"uv":[15.15625,3.75,15.25,3.84375],"rotation":0,"texture":"#0","tintindex":0},"north":{"uv":[2.84375,15.15625,2.9375,15.25],"rotation":0,"texture":"#0","tintindex":0},"west":{"uv":[12.78125,3.75,13.375,3.84375],"rotation":0,"texture":"#0","tintindex":0},"up":{"uv":[12.96875,12.46875,12.875,11.875],"rotation":0,"texture":"#0","tintindex":0},"down":{"uv":[13.0,0.0,12.90625,0.59375],"rotation":0,"texture":"#0","tintindex":0}}}],"display":{"head":{"translation":[0.0,-6.4,0.0],"scale":[4.0,4.0,4.0]}}}