{"textures":{"0":"modelengine:entity/tamaugachi"},"elements":[{"name":"cube","from":[0.3222444,5.285356,6.267558],"to":[2.0772445,7.310356,17.60756],"rotation":{"angle":-22.5,"axis":"x","origin":[6.8472443,6.077342,14.453279]},"faces":{"down":{"uv":[12.3125,4.1875,12.40625,4.78125],"rotation":0,"texture":"#0","tintindex":0},"east":{"uv":[13.15625,4.75,12.5625,4.84375],"rotation":0,"texture":"#0","tintindex":0},"north":{"uv":[14.1875,5.78125,14.09375,5.875],"rotation":0,"texture":"#0","tintindex":0},"south":{"uv":[14.21875,11.09375,14.125,11.1875],"rotation":0,"texture":"#0","tintindex":0},"up":{"uv":[12.1875,10.71875,12.28125,10.125],"rotation":0,"texture":"#0","tintindex":0},"west":{"uv":[13.15625,4.625,12.5625,4.71875],"rotation":0,"texture":"#0","tintindex":0}}},{"name":"cube","from":[0.8622446,8.295253,18.488968],"to":[1.5372447,19.770252,19.703968],"rotation":{"angle":45.0,"axis":"x","origin":[6.8472443,10.802342,16.47828]},"faces":{"down":{"uv":[14.375,15.3125,14.40625,15.375],"rotation":0,"texture":"#0","tintindex":0},"east":{"uv":[6.59375,13.40625,6.53125,14.0],"rotation":0,"texture":"#0","tintindex":0},"north":{"uv":[6.3125,11.21875,6.28125,11.8125],"rotation":0,"texture":"#0","tintindex":0},"south":{"uv":[0.53125,11.25,0.5,11.84375],"rotation":0,"texture":"#0","tintindex":0},"up":{"uv":[14.125,15.375,14.15625,15.3125],"rotation":0,"texture":"#0","tintindex":0},"west":{"uv":[13.15625,13.34375,13.09375,13.9375],"rotation":0,"texture":"#0","tintindex":0}}},{"name":"cube","from":[7.1225004,8.034808,3.3423169],"to":[8.8775,19.37481,5.367317],"rotation":{"angle":45.0,"axis":"x","origin":[8.405,8.777649,4.354817]},"faces":{"down":{"uv":[5.9375,15.15625,5.84375,15.25],"rotation":0,"texture":"#0","tintindex":0},"east":{"uv":[12.90625,1.875,13.0,2.46875],"rotation":0,"texture":"#0","tintindex":0},"north":{"uv":[12.90625,1.25,13.0,1.84375],"rotation":0,"texture":"#0","tintindex":0},"south":{"uv":[12.90625,3.125,13.0,3.71875],"rotation":0,"texture":"#0","tintindex":0},"up":{"uv":[15.25,5.875,15.15625,5.78125],"rotation":0,"texture":"#0","tintindex":0},"west":{"uv":[3.28125,12.90625,3.375,13.5],"rotation":0,"texture":"#0","tintindex":0}}},{"name":"cube","from":[7.6625,17.527765,11.505177],"to":[8.3375,29.002766,12.720177],"rotation":{"angle":22.5,"axis":"x","origin":[8.0,18.8,8.0]},"faces":{"down":{"uv":[15.375,10.90625,15.34375,10.96875],"rotation":0,"texture":"#0","tintindex":0},"east":{"uv":[13.59375,5.6875,13.65625,6.28125],"rotation":0,"texture":"#0","tintindex":0},"north":{"uv":[4.375,14.375,4.40625,14.96875],"rotation":0,"texture":"#0","tintindex":0},"south":{"uv":[4.4375,14.375,4.46875,14.96875],"rotation":0,"texture":"#0","tintindex":0},"up":{"uv":[15.375,10.875,15.34375,10.8125],"rotation":0,"texture":"#0","tintindex":0},"west":{"uv":[13.59375,6.3125,13.65625,6.90625],"rotation":0,"texture":"#0","tintindex":0}}}],"display":{"head":{"translation":[0.0,-6.4,0.0],"rotation":[0.0,0.0,0.0],"scale":[3.8095,3.8095,3.8095]}}}