{"textures":{"0":"modelengine:entity/tamaugachi"},"elements":[{"name":"cube","from":[-10.1725,14.540001,7.395697],"to":[-9.34,32.0,8.463697],"rotation":{"angle":0.0,"axis":"x","origin":[-13.510591,14.980068,8.450554]},"faces":{"down":{"uv":[10.71875,15.3125,10.78125,15.375],"rotation":0,"texture":"#0","tintindex":0},"east":{"uv":[12.625,1.875,12.5625,2.78125],"rotation":0,"texture":"#0","tintindex":0},"north":{"uv":[12.59375,11.78125,12.53125,12.6875],"rotation":0,"texture":"#0","tintindex":0},"south":{"uv":[12.625,0.9375,12.5625,1.84375],"rotation":0,"texture":"#0","tintindex":0},"up":{"uv":[10.625,15.375,10.6875,15.3125],"rotation":0,"texture":"#0","tintindex":0},"west":{"uv":[12.625,0.0,12.5625,0.90625],"rotation":0,"texture":"#0","tintindex":0}}},{"name":"cube","from":[-0.04749942,12.514999,4.0206966],"to":[0.84500027,29.915,5.0886974],"rotation":{"angle":0.0,"axis":"x","origin":[-3.38559,12.955067,5.075554]},"faces":{"down":{"uv":[10.90625,15.3125,10.96875,15.375],"rotation":0,"texture":"#0","tintindex":0},"east":{"uv":[12.65625,9.90625,12.59375,10.8125],"rotation":0,"texture":"#0","tintindex":0},"north":{"uv":[12.625,3.6875,12.5625,4.59375],"rotation":0,"texture":"#0","tintindex":0},"south":{"uv":[12.65625,8.96875,12.59375,9.875],"rotation":0,"texture":"#0","tintindex":0},"up":{"uv":[10.8125,15.375,10.875,15.3125],"rotation":0,"texture":"#0","tintindex":0},"west":{"uv":[12.65625,6.625,12.59375,7.53125],"rotation":0,"texture":"#0","tintindex":0}}}],"display":{"head":{"translation":[0.0,12.621994,0.0],"rotation":[0.0,0.0,0.0],"scale":[3.8095,3.8095,3.8095]}}}