{"textures":{"0":"modelengine:entity/tamaugachi"},"elements":[{"name":"cube","from":[-3.3686004,1.6341459,7.20873],"to":[-2.8135996,12.434146,8.168731],"rotation":{"angle":22.5,"axis":"x","origin":[-3.1135993,-2.0908375,5.2751694]},"faces":{"down":{"uv":[1.90625,15.34375,1.875,15.40625],"rotation":0,"texture":"#0","tintindex":0},"east":{"uv":[4.03125,13.65625,4.09375,14.21875],"rotation":0,"texture":"#0","tintindex":0},"north":{"uv":[14.6875,7.53125,14.71875,8.09375],"rotation":0,"texture":"#0","tintindex":0},"south":{"uv":[8.125,14.6875,8.15625,15.25],"rotation":0,"texture":"#0","tintindex":0},"up":{"uv":[1.84375,15.40625,1.8125,15.34375],"rotation":0,"texture":"#0","tintindex":0},"west":{"uv":[13.65625,11.3125,13.71875,11.875],"rotation":0,"texture":"#0","tintindex":0}}},{"name":"cube","from":[4.461401,1.7345334,4.956909],"to":[5.286401,23.334534,5.9169083],"rotation":{"angle":22.5,"axis":"x","origin":[4.9864006,1.6821195,1.7765808]},"faces":{"down":{"uv":[15.375,6.28125,15.3125,6.34375],"rotation":0,"texture":"#0","tintindex":0},"east":{"uv":[11.25,12.09375,11.3125,13.21875],"rotation":0,"texture":"#0","tintindex":0},"north":{"uv":[11.15625,12.09375,11.21875,13.21875],"rotation":0,"texture":"#0","tintindex":0},"south":{"uv":[11.34375,12.09375,11.40625,13.21875],"rotation":0,"texture":"#0","tintindex":0},"up":{"uv":[6.21875,15.375,6.15625,15.3125],"rotation":0,"texture":"#0","tintindex":0},"west":{"uv":[11.4375,12.09375,11.5,13.21875],"rotation":0,"texture":"#0","tintindex":0}}},{"name":"cube","from":[10.275654,1.7345334,4.956909],"to":[11.100655,20.634533,5.9169083],"rotation":{"angle":22.5,"axis":"x","origin":[10.575655,1.6821195,1.7765808]},"faces":{"down":{"uv":[6.90625,15.3125,6.84375,15.375],"rotation":0,"texture":"#0","tintindex":0},"east":{"uv":[12.40625,6.75,12.46875,7.71875],"rotation":0,"texture":"#0","tintindex":0},"north":{"uv":[6.15625,12.40625,6.21875,13.375],"rotation":0,"texture":"#0","tintindex":0},"south":{"uv":[12.40625,8.96875,12.46875,9.9375],"rotation":0,"texture":"#0","tintindex":0},"up":{"uv":[6.65625,15.375,6.59375,15.3125],"rotation":0,"texture":"#0","tintindex":0},"west":{"uv":[0.25,12.4375,0.3125,13.40625],"rotation":0,"texture":"#0","tintindex":0}}},{"name":"cube","from":[18.375654,1.6341459,7.20873],"to":[18.930655,12.494145,8.168731],"rotation":{"angle":22.5,"axis":"x","origin":[18.675655,-2.0908375,5.2751694]},"faces":{"down":{"uv":[2.03125,15.34375,2.0,15.40625],"rotation":0,"texture":"#0","tintindex":0},"east":{"uv":[13.625,13.65625,13.6875,14.21875],"rotation":0,"texture":"#0","tintindex":0},"north":{"uv":[9.5,14.6875,9.53125,15.25],"rotation":0,"texture":"#0","tintindex":0},"south":{"uv":[9.5625,14.6875,9.59375,15.25],"rotation":0,"texture":"#0","tintindex":0},"up":{"uv":[1.96875,15.40625,1.9375,15.34375],"rotation":0,"texture":"#0","tintindex":0},"west":{"uv":[13.6875,0.0,13.75,0.5625],"rotation":0,"texture":"#0","tintindex":0}}}],"display":{"head":{"translation":[0.0,-6.4,0.0],"rotation":[0.0,0.0,0.0],"scale":[3.8095,3.8095,3.8095]}}}