{"textures":{"0":"mineinabyss:mobs/orbpiercer"},"elements":[{"from":[12.685982,-1.77143,21.314598],"to":[13.75741,18.857143,22.228886],"rotation":{"angle":22.5,"axis":"x","origin":[13.114553,-1.821351,18.285715]},"faces":{"east":{"uv":[10.78125,12.0625,10.84375,13.1875],"rotation":0,"texture":"#0","tintindex":0},"south":{"uv":[10.875,12.0625,10.9375,13.1875],"rotation":0,"texture":"#0","tintindex":0},"north":{"uv":[10.6875,12.0625,10.75,13.1875],"rotation":0,"texture":"#0","tintindex":0},"west":{"uv":[10.96875,12.0625,11.03125,13.1875],"rotation":0,"texture":"#0","tintindex":0},"up":{"uv":[15.375,5.0,15.3125,4.9375],"rotation":0,"texture":"#0","tintindex":0},"down":{"uv":[15.375,5.03125,15.3125,5.09375],"rotation":0,"texture":"#0","tintindex":0}}},{"from":[5.434312,-1.77143,21.314598],"to":[6.5057406,18.971428,22.228886],"rotation":{"angle":22.5,"axis":"x","origin":[6.077169,-1.821351,18.285715]},"faces":{"east":{"uv":[3.9375,12.03125,4.0,13.15625],"rotation":0,"texture":"#0","tintindex":0},"south":{"uv":[4.03125,12.03125,4.09375,13.15625],"rotation":0,"texture":"#0","tintindex":0},"north":{"uv":[3.84375,12.03125,3.90625,13.15625],"rotation":0,"texture":"#0","tintindex":0},"west":{"uv":[12.03125,11.125,12.09375,12.25],"rotation":0,"texture":"#0","tintindex":0},"up":{"uv":[4.875,15.375,4.8125,15.3125],"rotation":0,"texture":"#0","tintindex":0},"down":{"uv":[15.375,4.84375,15.3125,4.90625],"rotation":0,"texture":"#0","tintindex":0}}},{"from":[9.085981,11.085713,18.314598],"to":[10.157411,32.0,19.228886],"rotation":{"angle":22.5,"axis":"x","origin":[9.514553,-1.821351,9.714286]},"faces":{"east":{"uv":[12.0,9.65625,12.0625,10.78125],"rotation":0,"texture":"#0","tintindex":0},"south":{"uv":[12.03125,1.0625,12.09375,2.1875],"rotation":0,"texture":"#0","tintindex":0},"north":{"uv":[12.0,7.34375,12.0625,8.46875],"rotation":0,"texture":"#0","tintindex":0},"west":{"uv":[3.75,12.03125,3.8125,13.15625],"rotation":0,"texture":"#0","tintindex":0},"up":{"uv":[15.375,4.59375,15.3125,4.53125],"rotation":0,"texture":"#0","tintindex":0},"down":{"uv":[4.65625,15.3125,4.59375,15.375],"rotation":0,"texture":"#0","tintindex":0}}},{"from":[10.971696,-0.057144165,11.028884],"to":[12.043125,14.628571,11.94317],"rotation":{"angle":22.5,"axis":"x","origin":[11.400268,-0.1070652,8.0]},"faces":{"east":{"uv":[0.8125,13.09375,0.875,13.875],"rotation":0,"texture":"#0","tintindex":0},"south":{"uv":[0.90625,13.09375,0.96875,13.875],"rotation":0,"texture":"#0","tintindex":0},"north":{"uv":[0.71875,13.09375,0.78125,13.875],"rotation":0,"texture":"#0","tintindex":0},"west":{"uv":[1.0,13.09375,1.0625,13.875],"rotation":0,"texture":"#0","tintindex":0},"up":{"uv":[15.375,5.1875,15.3125,5.125],"rotation":0,"texture":"#0","tintindex":0},"down":{"uv":[15.375,5.21875,15.3125,5.28125],"rotation":0,"texture":"#0","tintindex":0}}},{"from":[7.1485977,-0.057144165,11.028884],"to":[8.220026,14.571428,11.94317],"rotation":{"angle":22.5,"axis":"x","origin":[7.791455,-0.1070652,8.0]},"faces":{"east":{"uv":[2.90625,13.09375,2.96875,13.875],"rotation":0,"texture":"#0","tintindex":0},"south":{"uv":[3.0,13.09375,3.0625,13.875],"rotation":0,"texture":"#0","tintindex":0},"north":{"uv":[2.8125,13.09375,2.875,13.875],"rotation":0,"texture":"#0","tintindex":0},"west":{"uv":[3.09375,13.09375,3.15625,13.875],"rotation":0,"texture":"#0","tintindex":0},"up":{"uv":[5.34375,15.375,5.28125,15.3125],"rotation":0,"texture":"#0","tintindex":0},"down":{"uv":[15.375,5.3125,15.3125,5.375],"rotation":0,"texture":"#0","tintindex":0}}}],"display":{"head":{"translation":[0.0,-1.4003129,0.0],"scale":[4.0,4.0,4.0]}}}