{"textures":{"0":"modelengine:entity/tamaugachi"},"elements":[{"name":"torso_cube_2","from":[1.9373407,10.493246,-8.518561],"to":[13.50877,18.046818,4.820725],"rotation":{"angle":-22.5,"axis":"x","origin":[-3.8483734,8.564674,-6.107847]},"faces":{"down":{"uv":[2.78125,4.5625,1.9375,5.53125],"rotation":0,"texture":"#0","tintindex":0},"east":{"uv":[7.03125,4.59375,8.0,5.15625],"rotation":0,"texture":"#0","tintindex":0},"north":{"uv":[7.28125,1.90625,8.125,2.46875],"rotation":0,"texture":"#0","tintindex":0},"south":{"uv":[7.28125,2.5,8.125,3.0625],"rotation":0,"texture":"#0","tintindex":0},"up":{"uv":[4.78125,5.40625,3.9375,4.4375],"rotation":0,"texture":"#0","tintindex":0},"west":{"uv":[7.03125,5.1875,8.0,5.75],"rotation":0,"texture":"#0","tintindex":0}}},{"name":"torso_cube_3","from":[1.2944837,14.350389,0.4814396],"to":[14.151627,21.903961,12.53501],"rotation":{"angle":0.0,"axis":"x","origin":[-3.8483734,8.564674,-6.107847]},"faces":{"down":{"uv":[1.90625,4.375,0.96875,5.25],"rotation":0,"texture":"#0","tintindex":0},"east":{"uv":[7.28125,0.71875,8.15625,1.28125],"rotation":0,"texture":"#0","tintindex":0},"north":{"uv":[7.03125,5.78125,7.96875,6.34375],"rotation":0,"texture":"#0","tintindex":0},"south":{"uv":[7.03125,6.375,7.96875,6.9375],"rotation":0,"texture":"#0","tintindex":0},"up":{"uv":[0.9375,5.25,0.0,4.375],"rotation":0,"texture":"#0","tintindex":0},"west":{"uv":[7.28125,1.3125,8.15625,1.875],"rotation":0,"texture":"#0","tintindex":0}}},{"name":"torso_cube_3","from":[0.6516266,6.6361027,8.759239],"to":[14.794484,16.118246,20.81281],"rotation":{"angle":22.5,"axis":"x","origin":[-3.8483734,8.564674,22.25924]},"faces":{"down":{"uv":[4.84375,0.0,3.8125,0.875],"rotation":0,"texture":"#0","tintindex":0},"east":{"uv":[0.8125,6.59375,1.6875,7.28125],"rotation":0,"texture":"#0","tintindex":0},"north":{"uv":[5.96875,5.15625,7.0,5.84375],"rotation":0,"texture":"#0","tintindex":0},"south":{"uv":[5.96875,5.875,7.0,6.5625],"rotation":0,"texture":"#0","tintindex":0},"up":{"uv":[2.1875,4.34375,1.15625,3.46875],"rotation":0,"texture":"#0","tintindex":0},"west":{"uv":[3.125,6.59375,4.0,7.28125],"rotation":0,"texture":"#0","tintindex":0}}},{"name":"torso_cube_3","from":[1.9373407,1.9753892,-7.7149897],"to":[13.50877,8.725389,15.427869],"rotation":{"angle":-22.5,"axis":"x","origin":[8.687341,3.4218178,1.9278679]},"faces":{"down":{"uv":[1.71875,0.0,0.875,1.6875],"rotation":0,"texture":"#0","tintindex":0},"east":{"uv":[3.9375,2.84375,5.625,3.34375],"rotation":0,"texture":"#0","tintindex":0},"north":{"uv":[2.21875,7.96875,3.0625,8.46875],"rotation":0,"texture":"#0","tintindex":0},"south":{"uv":[3.09375,7.96875,3.9375,8.46875],"rotation":0,"texture":"#0","tintindex":0},"up":{"uv":[0.84375,1.6875,0.0,0.0],"rotation":0,"texture":"#0","tintindex":0},"west":{"uv":[3.9375,3.375,5.625,3.875],"rotation":0,"texture":"#0","tintindex":0}}},{"name":"torso_cube_4","from":[1.9373407,0.475389,-0.9649887],"to":[13.50877,7.2253885,22.177868],"rotation":{"angle":0.0,"axis":"x","origin":[8.687341,3.4218178,1.9278679]},"faces":{"down":{"uv":[1.71875,1.71875,0.875,3.40625],"rotation":0,"texture":"#0","tintindex":0},"east":{"uv":[3.9375,3.90625,5.625,4.40625],"rotation":0,"texture":"#0","tintindex":0},"north":{"uv":[7.96875,6.96875,8.8125,7.46875],"rotation":0,"texture":"#0","tintindex":0},"south":{"uv":[0.0,8.0,0.84375,8.5],"rotation":0,"texture":"#0","tintindex":0},"up":{"uv":[0.84375,3.40625,0.0,1.71875],"rotation":0,"texture":"#0","tintindex":0},"west":{"uv":[2.21875,4.03125,3.90625,4.53125],"rotation":0,"texture":"#0","tintindex":0}}},{"name":"torso_cube_4","from":[0.008769512,3.4218178,13.499296],"to":[15.437341,16.439674,26.035011],"rotation":{"angle":22.5,"axis":"x","origin":[8.687341,13.064674,20.249298]},"faces":{"down":{"uv":[1.125,3.4375,0.0,4.34375],"rotation":0,"texture":"#0","tintindex":0},"east":{"uv":[3.9375,0.90625,4.84375,1.84375],"rotation":0,"texture":"#0","tintindex":0},"north":{"uv":[2.78125,1.15625,3.90625,2.09375],"rotation":0,"texture":"#0","tintindex":0},"south":{"uv":[2.78125,2.125,3.90625,3.0625],"rotation":0,"texture":"#0","tintindex":0},"up":{"uv":[3.90625,4.0,2.78125,3.09375],"rotation":0,"texture":"#0","tintindex":0},"west":{"uv":[3.9375,1.875,4.84375,2.8125],"rotation":0,"texture":"#0","tintindex":0}}},{"name":"torso_cube_5","from":[2.4194837,1.4932463,14.463582],"to":[14.955198,9.207531,19.767155],"rotation":{"angle":-22.5,"axis":"x","origin":[8.687341,5.3503895,17.35644]},"faces":{"down":{"uv":[9.0625,1.90625,8.15625,2.28125],"rotation":0,"texture":"#0","tintindex":0},"east":{"uv":[8.71875,8.65625,9.09375,9.21875],"rotation":0,"texture":"#0","tintindex":0},"north":{"uv":[7.03125,6.96875,7.9375,7.53125],"rotation":0,"texture":"#0","tintindex":0},"south":{"uv":[4.78125,7.25,5.6875,7.8125],"rotation":0,"texture":"#0","tintindex":0},"up":{"uv":[9.0,3.46875,8.09375,3.09375],"rotation":0,"texture":"#0","tintindex":0},"west":{"uv":[8.75,5.125,9.125,5.6875],"rotation":0,"texture":"#0","tintindex":0}}},{"name":"torso_cube_6","from":[-2.8840876,2.457532,6.7492967],"to":[7.723055,15.957531,17.677868],"rotation":{"angle":-22.5,"axis":"y","origin":[2.9016266,8.243246,12.53501]},"faces":{"down":{"uv":[7.25,0.0,6.46875,0.8125],"rotation":0,"texture":"#0","tintindex":0},"east":{"uv":[2.8125,4.5625,3.625,5.5625],"rotation":0,"texture":"#0","tintindex":0},"north":{"uv":[5.15625,5.46875,5.9375,6.46875],"rotation":0,"texture":"#0","tintindex":0},"south":{"uv":[1.5,5.5625,2.28125,6.5625],"rotation":0,"texture":"#0","tintindex":0},"up":{"uv":[0.78125,7.25,0.0,6.4375],"rotation":0,"texture":"#0","tintindex":0},"west":{"uv":[4.8125,4.4375,5.625,5.4375],"rotation":0,"texture":"#0","tintindex":0}}},{"name":"torso_cube_7","from":[-1.0626593,1.4932463,-8.6792755],"to":[8.580198,16.921818,4.820725],"rotation":{"angle":-22.5,"axis":"y","origin":[2.9016266,8.243246,-2.8935604]},"faces":{"down":{"uv":[6.375,4.125,5.65625,5.125],"rotation":0,"texture":"#0","tintindex":0},"east":{"uv":[1.75,0.0,2.75,1.125],"rotation":0,"texture":"#0","tintindex":0},"north":{"uv":[0.0,5.28125,0.71875,6.40625],"rotation":0,"texture":"#0","tintindex":0},"south":{"uv":[0.75,5.28125,1.46875,6.40625],"rotation":0,"texture":"#0","tintindex":0},"up":{"uv":[6.375,4.09375,5.65625,3.09375],"rotation":0,"texture":"#0","tintindex":0},"west":{"uv":[1.75,1.15625,2.75,2.28125],"rotation":0,"texture":"#0","tintindex":0}}},{"name":"torso_cube_8","from":[6.8659124,1.4932463,-8.6792755],"to":[16.50877,16.921818,4.820725],"rotation":{"angle":22.5,"axis":"y","origin":[12.544483,8.243246,-2.8935604]},"faces":{"down":{"uv":[6.4375,1.03125,5.71875,2.03125],"rotation":0,"texture":"#0","tintindex":0},"east":{"uv":[1.75,2.3125,2.75,3.4375],"rotation":0,"texture":"#0","tintindex":0},"north":{"uv":[3.65625,5.4375,4.375,6.5625],"rotation":0,"texture":"#0","tintindex":0},"south":{"uv":[4.40625,5.46875,5.125,6.59375],"rotation":0,"texture":"#0","tintindex":0},"up":{"uv":[6.4375,1.0,5.71875,0.0],"rotation":0,"texture":"#0","tintindex":0},"west":{"uv":[2.78125,0.0,3.78125,1.125],"rotation":0,"texture":"#0","tintindex":0}}},{"name":"torso_cube_7","from":[7.723055,2.457532,6.7492967],"to":[18.3302,15.957531,17.677868],"rotation":{"angle":22.5,"axis":"y","origin":[12.544483,8.243246,12.53501]},"faces":{"down":{"uv":[7.25,1.6875,6.46875,2.5],"rotation":0,"texture":"#0","tintindex":0},"east":{"uv":[4.875,0.0,5.6875,1.0],"rotation":0,"texture":"#0","tintindex":0},"north":{"uv":[2.3125,5.59375,3.09375,6.59375],"rotation":0,"texture":"#0","tintindex":0},"south":{"uv":[5.65625,2.0625,6.4375,3.0625],"rotation":0,"texture":"#0","tintindex":0},"up":{"uv":[7.25,1.65625,6.46875,0.84375],"rotation":0,"texture":"#0","tintindex":0},"west":{"uv":[4.875,1.03125,5.6875,2.03125],"rotation":0,"texture":"#0","tintindex":0}}},{"name":"torso_3","from":[1.3554647,9.313009,18.88787],"to":[3.2840362,11.241581,30.459297],"rotation":{"angle":-45.0,"axis":"x","origin":[7.4712076,8.991581,25.316439]},"faces":{"down":{"uv":[3.71875,10.75,3.59375,11.59375],