{"textures":{"0":"mineinabyss:mobs/edusan"},"elements":[{"from":[13.08032,-2.4229202,11.827242],"to":[14.77376,-1.5762024,21.987879],"faces":{"east":{"uv":[13.0,3.875,13.375,4.0],"tintindex":0,"rotation":0,"texture":"#0"},"south":{"uv":[1.0,14.375,1.125,14.5],"tintindex":0,"rotation":0,"texture":"#0"},"north":{"uv":[14.375,0.75,14.5,0.875],"tintindex":0,"rotation":0,"texture":"#0"},"west":{"uv":[13.0,4.125,13.375,4.25],"tintindex":0,"rotation":0,"texture":"#0"},"up":{"uv":[12.375,8.5,12.25,8.125],"tintindex":0,"rotation":0,"texture":"#0"},"down":{"uv":[8.375,12.25,8.25,12.625],"tintindex":0,"rotation":0,"texture":"#0"}},"rotation":{"origin":[13.92704,-1.9995651,15.214121],"angle":45.0,"axis":"x"}},{"from":[15.62048,-9.196686,5.05348],"to":[17.31392,-8.34996,11.827242],"faces":{"east":{"uv":[13.75,1.0,14.0,1.125],"tintindex":0,"rotation":0,"texture":"#0"},"south":{"uv":[3.5,14.375,3.625,14.5],"tintindex":0,"rotation":0,"texture":"#0"},"north":{"uv":[14.375,3.25,14.5,3.375],"tintindex":0,"rotation":0,"texture":"#0"},"west":{"uv":[1.125,13.75,1.375,13.875],"tintindex":0,"rotation":0,"texture":"#0"},"up":{"uv":[0.125,13.125,0.0,12.875],"tintindex":0,"rotation":0,"texture":"#0"},"down":{"uv":[1.125,12.875,1.0,13.125],"tintindex":0,"rotation":0,"texture":"#0"}},"rotation":{"origin":[16.467201,-8.773323,8.440361],"angle":22.5,"axis":"x"}},{"from":[3.7664003,-2.4229202,11.827242],"to":[5.45984,-1.5762024,17.754282],"faces":{"east":{"uv":[13.75,1.25,14.0,1.375],"tintindex":0,"rotation":0,"texture":"#0"},"south":{"uv":[14.25,11.25,14.375,11.375],"tintindex":0,"rotation":0,"texture":"#0"},"north":{"uv":[11.125,14.25,11.25,14.375],"tintindex":0,"rotation":0,"texture":"#0"},"west":{"uv":[13.75,1.5,14.0,1.625],"tintindex":0,"rotation":0,"texture":"#0"},"up":{"uv":[4.25,13.125,4.125,12.875],"tintindex":0,"rotation":0,"texture":"#0"},"down":{"uv":[5.625,12.875,5.5,13.125],"tintindex":0,"rotation":0,"texture":"#0"}},"rotation":{"origin":[4.61312,-1.9995651,15.214121],"angle":22.5,"axis":"x"}},{"from":[6.3065596,-2.4229202,11.827242],"to":[8.0,-1.5762024,21.987879],"faces":{"east":{"uv":[13.0,2.375,13.375,2.5],"tintindex":0,"rotation":0,"texture":"#0"},"south":{"uv":[14.25,11.75,14.375,11.875],"tintindex":0,"rotation":0,"texture":"#0"},"north":{"uv":[11.625,14.25,11.75,14.375],"tintindex":0,"rotation":0,"texture":"#0"},"west":{"uv":[13.0,2.625,13.375,2.75],"tintindex":0,"rotation":0,"texture":"#0"},"up":{"uv":[12.25,8.0,12.125,7.625],"tintindex":0,"rotation":0,"texture":"#0"},"down":{"uv":[8.125,12.125,8.0,12.5],"tintindex":0,"rotation":0,"texture":"#0"}},"rotation":{"origin":[7.1532803,-1.9995651,15.214121],"angle":45.0,"axis":"x"}},{"from":[15.62048,-12.583565,1.6666012],"to":[17.31392,-11.736839,6.7469215],"faces":{"east":{"uv":[14.0,4.5,14.25,4.625],"tintindex":0,"rotation":0,"texture":"#0"},"south":{"uv":[14.375,3.0,14.5,3.125],"tintindex":0,"rotation":0,"texture":"#0"},"north":{"uv":[14.375,2.75,14.5,2.875],"tintindex":0,"rotation":0,"texture":"#0"},"west":{"uv":[5.0,14.0,5.25,14.125],"tintindex":0,"rotation":0,"texture":"#0"},"up":{"uv":[3.875,13.25,3.75,13.0],"tintindex":0,"rotation":0,"texture":"#0"},"down":{"uv":[4.5,13.0,4.375,13.25],"tintindex":0,"rotation":0,"texture":"#0"}},"rotation":{"origin":[16.467201,-12.160202,5.05348],"angle":45.0,"axis":"x"}},{"from":[13.08032,0.96395874,15.214121],"to":[14.77376,1.8106766,23.681322],"faces":{"east":{"uv":[13.25,0.5,13.625,0.625],"tintindex":0,"rotation":0,"texture":"#0"},"south":{"uv":[0.25,14.375,0.375,14.5],"tintindex":0,"rotation":0,"texture":"#0"},"north":{"uv":[14.375,0.0,14.5,0.125],"tintindex":0,"rotation":0,"texture":"#0"},"west":{"uv":[13.25,1.125,13.625,1.25],"tintindex":0,"rotation":0,"texture":"#0"},"up":{"uv":[10.25,12.75,10.125,12.375],"tintindex":0,"rotation":0,"texture":"#0"},"down":{"uv":[12.5,10.875,12.375,11.25],"tintindex":0,"rotation":0,"texture":"#0"}},"rotation":{"origin":[13.92704,1.3873138,18.601],"angle":22.5,"axis":"x"}},{"from":[3.7664003,-9.196686,5.05348],"to":[5.45984,-8.34996,11.827242],"faces":{"east":{"uv":[13.625,9.0,13.875,9.125],"tintindex":0,"rotation":0,"texture":"#0"},"south":{"uv":[14.25,10.75,14.375,10.875],"tintindex":0,"rotation":0,"texture":"#0"},"north":{"uv":[14.25,10.5,14.375,10.625],"tintindex":0,"rotation":0,"texture":"#0"},"west":{"uv":[11.25,13.625,11.5,13.75],"tintindex":0,"rotation":0,"texture":"#0"},"up":{"uv":[6.75,13.0,6.625,12.75],"tintindex":0,"rotation":0,"texture":"#0"},"down":{"uv":[7.0,12.75,6.875,13.0],"tintindex":0,"rotation":0,"texture":"#0"}},"rotation":{"origin":[4.61312,-8.773323,8.440361],"angle":22.5,"axis":"x"}},{"from":[6.3065596,0.96395874,15.214121],"to":[8.0,1.8106766,23.681322],"faces":{"east":{"uv":[13.125,12.75,13.5,12.875],"tintindex":0,"rotation":0,"texture":"#0"},"south":{"uv":[14.25,11.5,14.375,11.625],"tintindex":0,"rotation":0,"texture":"#0"},"north":{"uv":[11.375,14.25,11.5,14.375],"tintindex":0,"rotation":0,"texture":"#0"},"west":{"uv":[13.0,13.125,13.375,13.25],"tintindex":0,"rotation":0,"texture":"#0"},"up":{"uv":[7.875,12.75,7.75,12.375],"tintindex":0,"rotation":0,"texture":"#0"},"down":{"uv":[9.625,12.375,9.5,12.75],"tintindex":0,"rotation":0,"texture":"#0"}},"rotation":{"origin":[7.1532803,1.3873138,18.601],"angle":22.5,"axis":"x"}},{"from":[15.62048,-5.809799,8.440361],"to":[17.31392,-4.9630814,16.060843],"faces":{"east":{"uv":[13.5,3.875,13.875,4.0],"tintindex":0,"rotation":0,"texture":"#0"},"south":{"uv":[1.75,14.375,1.875,14.5],"tintindex":0,"rotation":0,"texture":"#0"},"north":{"uv":[14.375,1.5,14.5,1.625],"tintindex":0,"rotation":0,"texture":"#0"},"west":{"uv":[13.5,4.125,13.875,4.25],"tintindex":0,"rotation":0,"texture":"#0"},"up":{"uv":[10.5,13.0,10.375,12.625],"tintindex":0,"rotation":0,"texture":"#0"},"down":{"uv":[10.75,12.625,10.625,13.0],"tintindex":0,"rotation":0,"texture":"#0"}},"rotation":{"origin":[16.467201,-5.386444,11.827242],"angle":45.0,"axis":"x"}},{"from":[3.7664003,-12.583565,1.6666012],"to":[5.45984,-11.736839,6.7469215],"faces":{"east":{"uv":[14.0,4.0,14.25,4.125],"tintindex":0,"rotation":0,"texture":"#0"},"south":{"uv":[14.25,10.25,14.375,10.375],"tintindex":0,"rotation":0,"texture":"#0"},"north":{"uv":[14.25,10.0,14.375,10.125],"tintindex":0,"rotation":0,"texture":"#0"},"west":{"uv":[14.0,4.25,14.25,4.375],"tintindex":0,"rotation":0,"texture":"#0"},"up":{"uv":[13.125,1.375,13.0,1.125],"tintindex":0,"rotation":0,"texture":"#0"},"down":{"uv":[13.125,2.0,13.0,2.25],"tintindex":0,"rotation":0,"texture":"#0"}},"rotation":{"origin":[4.61312,-12.160202,5.05348],"angle":45.0,"axis":"x"}},{"from":[3.7664003,-5.809799,8.440361],"to":[5.45984,-4.9630814,16.060843],"faces":{"east":{"uv":[11.25,13.375,11.625,13.5],"tintindex":0,"rotation":0,"texture":"#0"},"south":{"uv":[14.25,11.0,14.375,11.125],"tintindex":0,"rotation":0,"texture":"#0"},"north":{"uv":[10.875,14.25,11.0,14.375],"tintindex":0,"rotation":0,"texture":"#0"},"west":{"uv":[11.75,13.375,12.125,13.5],"tintindex":0,"rotation":0,"texture":"#0"},"up":{"uv":[12.75,7.125,12.625,6.75],"tintindex":0,"rotation":0,"texture":"#0"},"down":{"uv":[12.75,7.25,12.625,7.625],"tintindex":0,"rotation":0,"texture":"#0"}},"rotation":{"origin":[4.61312,-5.386444,11.827242],"angle":45.0,"axis":"x"}},{"from":[15.62048,-2.4229202,11.827242],"to":[17.31392,-1.5762024,17.754282],"faces":{"east":{"uv":[13.75,7.875,14.0,8.0],"tintindex":0,"rotation":0,"texture":"#0"},"south":{"uv":[0.75,14.375,0.875,14.5],"tintindex":0,"rotation":0,"texture":"#0"},"north":{"uv":[14.375,0.5,14.5,0.625],"tintindex":0,"rotation":0,"texture":"#0"},"west":{"uv":[13.75,8.125,14.0,8.25],"tintindex":0,"rotation":0,"texture":"#0"},"up":{"uv":[7.75,13.125,7.625,12.875],"tintindex":0,"rotation":0,"texture":"#0"},"down":{"uv":[13.0,9.0,12.875,9.25],"tintindex":0,"rotation":0,"texture":"#0"}},"rotation":{"origin":[16.467201,-1.9995651,15.214121],"angle":22.5,"axis":"x"}},{"from":[11.38688,-0.72948456,12.67396],"to":[13.08032,0.11723328,19.447721],"faces":{"east":{"uv":[13.5,13.625,13.75,13.75],