{"textures":{"0":"mineinabyss:mobs/edusan"},"elements":[{"from":[10.54016,10.963516,8.0],"to":[12.2336,11.810242,18.16064],"faces":{"east":{"uv":[13.0,4.375,13.375,4.5],"tintindex":0,"rotation":0,"texture":"#0"},"south":{"uv":[1.25,14.375,1.375,14.5],"tintindex":0,"rotation":0,"texture":"#0"},"north":{"uv":[14.375,1.0,14.5,1.125],"tintindex":0,"rotation":0,"texture":"#0"},"west":{"uv":[13.0,4.625,13.375,4.75],"tintindex":0,"rotation":0,"texture":"#0"},"up":{"uv":[8.625,12.625,8.5,12.25],"tintindex":0,"rotation":0,"texture":"#0"},"down":{"uv":[12.375,8.625,12.25,9.0],"tintindex":0,"rotation":0,"texture":"#0"}},"rotation":{"origin":[11.38688,11.386879,11.386879],"angle":45.0,"axis":"x"}},{"from":[12.2336,5.8832016,3.7664013],"to":[13.92704,6.7299194,11.386879],"faces":{"east":{"uv":[13.5,4.375,13.875,4.5],"tintindex":0,"rotation":0,"texture":"#0"},"south":{"uv":[14.375,2.25,14.5,2.375],"tintindex":0,"rotation":0,"texture":"#0"},"north":{"uv":[2.25,14.375,2.375,14.5],"tintindex":0,"rotation":0,"texture":"#0"},"west":{"uv":[13.5,4.625,13.875,4.75],"tintindex":0,"rotation":0,"texture":"#0"},"up":{"uv":[12.75,11.25,12.625,10.875],"tintindex":0,"rotation":0,"texture":"#0"},"down":{"uv":[11.5,12.625,11.375,13.0],"tintindex":0,"rotation":0,"texture":"#0"}},"rotation":{"origin":[13.08032,6.3065567,7.1532803],"angle":45.0,"axis":"x"}},{"from":[7.1532803,7.5766373,4.613121],"to":[8.84672,8.423363,11.386879],"faces":{"east":{"uv":[12.375,13.625,12.625,13.75],"tintindex":0,"rotation":0,"texture":"#0"},"south":{"uv":[14.25,12.75,14.375,12.875],"tintindex":0,"rotation":0,"texture":"#0"},"north":{"uv":[12.625,14.25,12.75,14.375],"tintindex":0,"rotation":0,"texture":"#0"},"west":{"uv":[13.625,12.625,13.875,12.75],"tintindex":0,"rotation":0,"texture":"#0"},"up":{"uv":[12.875,8.0,12.75,7.75],"tintindex":0,"rotation":0,"texture":"#0"},"down":{"uv":[12.875,8.125,12.75,8.375],"tintindex":0,"rotation":0,"texture":"#0"}},"rotation":{"origin":[8.0,8.0,8.0],"angle":22.5,"axis":"x"}},{"from":[5.45984,5.8832016,3.7664013],"to":[7.1532803,6.7299194,11.386879],"faces":{"east":{"uv":[12.25,13.375,12.625,13.5],"tintindex":0,"rotation":0,"texture":"#0"},"south":{"uv":[14.25,12.25,14.375,12.375],"tintindex":0,"rotation":0,"texture":"#0"},"north":{"uv":[12.125,14.25,12.25,14.375],"tintindex":0,"rotation":0,"texture":"#0"},"west":{"uv":[12.75,13.375,13.125,13.5],"tintindex":0,"rotation":0,"texture":"#0"},"up":{"uv":[8.125,13.0,8.0,12.625],"tintindex":0,"rotation":0,"texture":"#0"},"down":{"uv":[9.125,12.625,9.0,13.0],"tintindex":0,"rotation":0,"texture":"#0"}},"rotation":{"origin":[6.30656,6.3065567,7.1532803],"angle":45.0,"axis":"x"}},{"from":[10.54016,16.765205,15.427124],"to":[12.2336,17.611923,27.281204],"faces":{"east":{"uv":[12.875,7.0,13.375,7.125],"tintindex":0,"rotation":0,"texture":"#0"},"south":{"uv":[0.0,14.375,0.125,14.5],"tintindex":0,"rotation":0,"texture":"#0"},"north":{"uv":[14.25,14.25,14.375,14.375],"tintindex":0,"rotation":0,"texture":"#0"},"west":{"uv":[12.875,7.25,13.375,7.375],"tintindex":0,"rotation":0,"texture":"#0"},"up":{"uv":[6.375,12.375,6.25,11.875],"tintindex":0,"rotation":0,"texture":"#0"},"down":{"uv":[12.0,6.5,11.875,7.0],"tintindex":0,"rotation":0,"texture":"#0"}},"rotation":{"origin":[11.38688,17.18856,21.354164],"angle":22.5,"axis":"x"}},{"from":[10.54016,4.1897583,1.2262402],"to":[12.2336,5.036476,8.846722],"faces":{"east":{"uv":[13.5,5.125,13.875,5.25],"tintindex":0,"rotation":0,"texture":"#0"},"south":{"uv":[14.375,2.5,14.5,2.625],"tintindex":0,"rotation":0,"texture":"#0"},"north":{"uv":[2.5,14.375,2.625,14.5],"tintindex":0,"rotation":0,"texture":"#0"},"west":{"uv":[13.5,5.375,13.875,5.5],"tintindex":0,"rotation":0,"texture":"#0"},"up":{"uv":[0.375,13.125,0.25,12.75],"tintindex":0,"rotation":0,"texture":"#0"},"down":{"uv":[1.375,12.75,1.25,13.125],"tintindex":0,"rotation":0,"texture":"#0"}},"rotation":{"origin":[11.38688,4.613121,4.613121],"angle":45.0,"axis":"x"}},{"from":[12.2336,9.270081,7.1532803],"to":[13.92704,10.116798,13.92704],"faces":{"east":{"uv":[0.375,13.75,0.625,13.875],"tintindex":0,"rotation":0,"texture":"#0"},"south":{"uv":[1.5,14.375,1.625,14.5],"tintindex":0,"rotation":0,"texture":"#0"},"north":{"uv":[14.375,1.25,14.5,1.375],"tintindex":0,"rotation":0,"texture":"#0"},"west":{"uv":[13.75,0.5,14.0,0.625],"tintindex":0,"rotation":0,"texture":"#0"},"up":{"uv":[12.875,11.625,12.75,11.375],"tintindex":0,"rotation":0,"texture":"#0"},"down":{"uv":[12.875,11.75,12.75,12.0],"tintindex":0,"rotation":0,"texture":"#0"}},"rotation":{"origin":[13.08032,9.693443,10.540161],"angle":22.5,"axis":"x"}},{"from":[7.1532803,16.765205,15.427124],"to":[8.84672,17.611923,27.281204],"faces":{"east":{"uv":[5.75,12.875,6.25,13.0],"tintindex":0,"rotation":0,"texture":"#0"},"south":{"uv":[14.25,14.0,14.375,14.125],"tintindex":0,"rotation":0,"texture":"#0"},"north":{"uv":[14.25,13.75,14.375,13.875],"tintindex":0,"rotation":0,"texture":"#0"},"west":{"uv":[12.875,6.75,13.375,6.875],"tintindex":0,"rotation":0,"texture":"#0"},"up":{"uv":[5.75,12.375,5.625,11.875],"tintindex":0,"rotation":0,"texture":"#0"},"down":{"uv":[12.0,5.875,11.875,6.375],"tintindex":0,"rotation":0,"texture":"#0"}},"rotation":{"origin":[8.0,17.18856,21.354164],"angle":22.5,"axis":"x"}},{"from":[7.1532803,10.963516,8.0],"to":[8.84672,11.810242,18.16064],"faces":{"east":{"uv":[2.75,13.0,3.125,13.125],"tintindex":0,"rotation":0,"texture":"#0"},"south":{"uv":[14.25,13.0,14.375,13.125],"tintindex":0,"rotation":0,"texture":"#0"},"north":{"uv":[12.875,14.25,13.0,14.375],"tintindex":0,"rotation":0,"texture":"#0"},"west":{"uv":[13.0,2.875,13.375,3.0],"tintindex":0,"rotation":0,"texture":"#0"},"up":{"uv":[9.125,12.5,9.0,12.125],"tintindex":0,"rotation":0,"texture":"#0"},"down":{"uv":[10.5,12.125,10.375,12.5],"tintindex":0,"rotation":0,"texture":"#0"}},"rotation":{"origin":[8.0,11.386879,11.386879],"angle":45.0,"axis":"x"}},{"from":[7.1532803,14.350403,11.386879],"to":[8.84672,15.197121,18.16064],"faces":{"east":{"uv":[12.75,13.625,13.0,13.75],"tintindex":0,"rotation":0,"texture":"#0"},"south":{"uv":[14.25,13.25,14.375,13.375],"tintindex":0,"rotation":0,"texture":"#0"},"north":{"uv":[13.125,14.25,13.25,14.375],"tintindex":0,"rotation":0,"texture":"#0"},"west":{"uv":[13.125,13.625,13.375,13.75],"tintindex":0,"rotation":0,"texture":"#0"},"up":{"uv":[8.375,13.0,8.25,12.75],"tintindex":0,"rotation":0,"texture":"#0"},"down":{"uv":[8.625,12.75,8.5,13.0],"tintindex":0,"rotation":0,"texture":"#0"}},"rotation":{"origin":[8.0,14.773758,14.773762],"angle":22.5,"axis":"x"}},{"from":[5.45984,9.270081,7.1532803],"to":[7.1532803,10.116798,13.92704],"faces":{"east":{"uv":[11.625,13.625,11.875,13.75],"tintindex":0,"rotation":0,"texture":"#0"},"south":{"uv":[14.25,12.0,14.375,12.125],"tintindex":0,"rotation":0,"texture":"#0"},"north":{"uv":[11.875,14.25,12.0,14.375],"tintindex":0,"rotation":0,"texture":"#0"},"west":{"uv":[12.0,13.625,12.25,13.75],"tintindex":0,"rotation":0,"texture":"#0"},"up":{"uv":[7.25,13.0,7.125,12.75],"tintindex":0,"rotation":0,"texture":"#0"},"down":{"uv":[7.5,12.75,7.375,13.0],"tintindex":0,"rotation":0,"texture":"#0"}},"rotation":{"origin":[6.30656,9.693443,10.540161],"angle":22.5,"axis":"x"}},{"from":[10.54016,7.5766373,4.613121],"to":[12.2336,8.423363,11.386879],"faces":{"east":{"uv":[0.75,13.75,1.0,13.875],"tintindex":0,"rotation":0,"texture":"#0"},"south":{"uv":[14.375,2.0,14.5,2.125],"tintindex":0,"rotation":0,"texture":"#0"},"north":{"uv":[2.0,14.375,2.125,14.5],"tintindex":0,"rotation":0,"texture":"#0"},"west":{"uv":[13.75,0.75,14.0,0.875],"tintindex":0,"rotation":0,"texture":"#0"},"up":{"uv":[12.875,12.375,12.75,12.125],"tintindex":0,"rotation":0,"texture":"#0"},"down":{"uv":[12.875,12.5,12.75,12.75],"tintindex":0,"rotation":0,"texture":"#0"}},"rotation":{"origin":[11.38688,8.0,8.0],"angle":22.5,"axis":"x"}},{"from":[7.1532803,4.1897583,1.2262402],"to":[8.84672,5.036476,8.846722],"faces":{"east":{"uv":[13.25,13.375,13.625,13.5],"tintindex":0,"rotation":0,"texture":"#0"},