{"textures":{"0":"mineinabyss:mobs/edusan"},"elements":[{"from":[1.5501623,7.204834,3.6122818],"to":[10.017363,8.051552,8.692604],"faces":{"east":{"uv":[14.0,3.25,14.25,3.375],"tintindex":0,"rotation":0,"texture":"#0"},"south":{"uv":[9.0,13.125,9.375,13.25],"tintindex":0,"rotation":0,"texture":"#0"},"north":{"uv":[7.875,13.125,8.25,13.25],"tintindex":0,"rotation":0,"texture":"#0"},"west":{"uv":[14.0,3.75,14.25,3.875],"tintindex":0,"rotation":0,"texture":"#0"},"up":{"uv":[11.0,4.875,10.625,4.625],"tintindex":0,"rotation":0,"texture":"#0"},"down":{"uv":[11.0,5.25,10.625,5.5],"tintindex":0,"rotation":0,"texture":"#0"}},"rotation":{"origin":[8.323923,6.3581085,8.692604],"angle":45.0,"axis":"y"}},{"from":[-1.8367167,7.204834,2.765564],"to":[10.017363,8.051552,3.6122818],"faces":{"east":{"uv":[5.25,14.375,5.375,14.5],"tintindex":0,"rotation":0,"texture":"#0"},"south":{"uv":[2.125,12.875,2.625,13.0],"tintindex":0,"rotation":0,"texture":"#0"},"north":{"uv":[12.875,1.75,13.375,1.875],"tintindex":0,"rotation":0,"texture":"#0"},"west":{"uv":[14.375,5.25,14.5,5.375],"tintindex":0,"rotation":0,"texture":"#0"},"up":{"uv":[13.375,5.25,12.875,5.125],"tintindex":0,"rotation":0,"texture":"#0"},"down":{"uv":[13.375,5.375,12.875,5.5],"tintindex":0,"rotation":0,"texture":"#0"}},"rotation":{"origin":[8.323923,6.3581085,8.692604],"angle":45.0,"axis":"y"}}]}