{"textures":{"0":"mineinabyss:mobs/edusan"},"elements":[{"from":[7.886625,-6.353612,9.383449],"to":[8.309984,10.225549,10.653529],"faces":{"east":{"uv":[8.875,9.125,9.0,10.375],"tintindex":0,"rotation":0,"texture":"#0"},"south":{"uv":[11.375,6.125,11.5,7.375],"tintindex":0,"rotation":0,"texture":"#0"},"north":{"uv":[11.375,4.75,11.5,6.0],"tintindex":0,"rotation":0,"texture":"#0"},"west":{"uv":[3.5,9.25,3.625,10.5],"tintindex":0,"rotation":0,"texture":"#0"},"up":{"uv":[10.25,14.25,10.125,14.125],"tintindex":0,"rotation":0,"texture":"#0"},"down":{"uv":[10.5,14.125,10.375,14.25],"tintindex":0,"rotation":0,"texture":"#0"}},"rotation":{"origin":[8.098305,7.7283163,10.10617],"angle":-45.0,"axis":"x"}}]}