{"textures":{"0":"mineinabyss:mobs/edusan"},"elements":[{"from":[7.57664,3.3430405,18.16064],"to":[8.42336,4.1897583,23.240961],"faces":{"east":{"uv":[1.75,12.25,2.125,12.375],"tintindex":0,"rotation":0,"texture":"#0"},"south":{"uv":[14.0,12.75,14.125,12.875],"tintindex":0,"rotation":0,"texture":"#0"},"north":{"uv":[14.0,12.5,14.125,12.625],"tintindex":0,"rotation":0,"texture":"#0"},"west":{"uv":[2.25,12.25,2.625,12.375],"tintindex":0,"rotation":0,"texture":"#0"},"up":{"uv":[0.375,12.625,0.25,12.25],"tintindex":0,"rotation":0,"texture":"#0"},"down":{"uv":[1.375,12.25,1.25,12.625],"tintindex":0,"rotation":0,"texture":"#0"}},"rotation":{"origin":[8.0,3.7663994,23.240961],"angle":22.5,"axis":"x"}},{"from":[7.57664,3.3430405,23.240961],"to":[8.42336,4.1897583,30.014723],"faces":{"east":{"uv":[11.625,4.875,12.125,5.0],"tintindex":0,"rotation":0,"texture":"#0"},"south":{"uv":[4.25,14.125,4.375,14.25],"tintindex":0,"rotation":0,"texture":"#0"},"north":{"uv":[4.0,14.125,4.125,14.25],"tintindex":0,"rotation":0,"texture":"#0"},"west":{"uv":[11.625,5.125,12.125,5.25],"tintindex":0,"rotation":0,"texture":"#0"},"up":{"uv":[5.25,12.125,5.125,11.625],"tintindex":0,"rotation":0,"texture":"#0"},"down":{"uv":[11.75,5.375,11.625,5.875],"tintindex":0,"rotation":0,"texture":"#0"}},"rotation":{"origin":[8.0,3.7663994,23.240961],"angle":22.5,"axis":"x"}},{"from":[7.1532803,7.1884995,5.979023],"to":[8.84672,8.881939,13.599503],"faces":{"east":{"uv":[10.0,4.0,10.625,4.125],"tintindex":0,"rotation":0,"texture":"#0"},"south":{"uv":[10.875,5.0,11.0,5.125],"tintindex":0,"rotation":0,"texture":"#0"},"north":{"uv":[8.875,5.125,9.0,5.25],"tintindex":0,"rotation":0,"texture":"#0"},"west":{"uv":[10.0,6.625,10.625,6.75],"tintindex":0,"rotation":0,"texture":"#0"},"up":{"uv":[10.25,1.375,10.125,0.75],"tintindex":0,"rotation":0,"texture":"#0"},"down":{"uv":[10.25,1.5,10.125,2.125],"tintindex":0,"rotation":0,"texture":"#0"}},"rotation":{"origin":[8.42336,3.589939,7.6724625],"angle":22.5,"axis":"x"}},{"from":[7.1532803,5.0258446,14.769344],"to":[8.42336,6.295925,19.002943],"faces":{"east":{"uv":[11.75,11.5,12.125,11.625],"tintindex":0,"rotation":0,"texture":"#0"},"south":{"uv":[13.5,2.25,13.625,2.375],"tintindex":0,"rotation":0,"texture":"#0"},"north":{"uv":[13.5,1.625,13.625,1.75],"tintindex":0,"rotation":0,"texture":"#0"},"west":{"uv":[11.75,11.75,12.125,11.875],"tintindex":0,"rotation":0,"texture":"#0"},"up":{"uv":[0.125,12.25,0.0,11.875],"tintindex":0,"rotation":0,"texture":"#0"},"down":{"uv":[1.125,11.875,1.0,12.25],"tintindex":0,"rotation":0,"texture":"#0"}}},{"from":[8.0,6.7299194,17.737282],"to":[8.42336,10.96352,19.430721],"faces":{"east":{"uv":[11.25,10.75,11.375,11.125],"tintindex":0,"rotation":0,"texture":"#0"},"south":{"uv":[0.5,13.25,0.625,13.625],"tintindex":0,"rotation":0,"texture":"#0"},"north":{"uv":[0.25,13.25,0.375,13.625],"tintindex":0,"rotation":0,"texture":"#0"},"west":{"uv":[11.0,11.25,11.125,11.625],"tintindex":0,"rotation":0,"texture":"#0"},"up":{"uv":[14.125,13.125,14.0,13.0],"tintindex":0,"rotation":0,"texture":"#0"},"down":{"uv":[14.125,13.25,14.0,13.375],"tintindex":0,"rotation":0,"texture":"#0"}},"rotation":{"origin":[8.0,7.1532784,18.16064],"angle":45.0,"axis":"x"}}]}