{"textures":{"0":"mineinabyss:mobs/edusan"},"elements":[{"from":[1.2262397,8.0,6.3065605],"to":[6.30656,8.846718,9.6934395],"faces":{"east":{"uv":[14.0,11.5,14.125,11.625],"tintindex":0,"rotation":0,"texture":"#0"},"south":{"uv":[14.0,2.75,14.25,2.875],"tintindex":0,"rotation":0,"texture":"#0"},"north":{"uv":[2.75,14.0,3.0,14.125],"tintindex":0,"rotation":0,"texture":"#0"},"west":{"uv":[14.0,11.75,14.125,11.875],"tintindex":0,"rotation":0,"texture":"#0"},"up":{"uv":[12.375,6.0,12.125,5.875],"tintindex":0,"rotation":0,"texture":"#0"},"down":{"uv":[12.375,6.125,12.125,6.25],"tintindex":0,"rotation":0,"texture":"#0"}},"rotation":{"origin":[4.6131196,7.153282,8.0],"angle":45.0,"axis":"y"}},{"from":[-2.1606407,8.0,5.459841],"to":[6.30656,8.846718,6.3065605],"faces":{"east":{"uv":[14.375,4.5,14.5,4.625],"tintindex":0,"rotation":0,"texture":"#0"},"south":{"uv":[11.5,13.125,11.875,13.25],"tintindex":0,"rotation":0,"texture":"#0"},"north":{"uv":[11.0,13.125,11.375,13.25],"tintindex":0,"rotation":0,"texture":"#0"},"west":{"uv":[4.75,14.375,4.875,14.5],"tintindex":0,"rotation":0,"texture":"#0"},"up":{"uv":[12.375,13.25,12.0,13.125],"tintindex":0,"rotation":0,"texture":"#0"},"down":{"uv":[12.875,13.125,12.5,13.25],"tintindex":0,"rotation":0,"texture":"#0"}},"rotation":{"origin":[4.6131196,7.153282,8.0],"angle":45.0,"axis":"y"}}]}