{"textures":{"0":"mineinabyss:mobs/edusan"},"elements":[{"from":[-2.1606407,8.0,4.613119],"to":[6.30656,8.846718,5.459841],"faces":{"east":{"uv":[14.375,4.25,14.5,4.375],"tintindex":0,"rotation":0,"texture":"#0"},"south":{"uv":[9.5,13.125,9.875,13.25],"tintindex":0,"rotation":0,"texture":"#0"},"north":{"uv":[13.125,9.0,13.5,9.125],"tintindex":0,"rotation":0,"texture":"#0"},"west":{"uv":[4.5,14.375,4.625,14.5],"tintindex":0,"rotation":0,"texture":"#0"},"up":{"uv":[10.375,13.25,10.0,13.125],"tintindex":0,"rotation":0,"texture":"#0"},"down":{"uv":[10.875,13.125,10.5,13.25],"tintindex":0,"rotation":0,"texture":"#0"}},"rotation":{"origin":[4.6131196,7.1532745,7.1532803],"angle":45.0,"axis":"y"}},{"from":[1.2262397,8.0,5.459841],"to":[6.30656,8.846718,8.84672],"faces":{"east":{"uv":[14.0,11.0,14.125,11.125],"tintindex":0,"rotation":0,"texture":"#0"},"south":{"uv":[14.0,2.125,14.25,2.25],"tintindex":0,"rotation":0,"texture":"#0"},"north":{"uv":[14.0,0.25,14.25,0.375],"tintindex":0,"rotation":0,"texture":"#0"},"west":{"uv":[14.0,11.25,14.125,11.375],"tintindex":0,"rotation":0,"texture":"#0"},"up":{"uv":[12.375,3.125,12.125,3.0],"tintindex":0,"rotation":0,"texture":"#0"},"down":{"uv":[12.375,3.25,12.125,3.375],"tintindex":0,"rotation":0,"texture":"#0"}},"rotation":{"origin":[4.6131196,7.1532745,7.1532803],"angle":45.0,"axis":"y"}}]}