{"textures":{"0":"mineinabyss:mobs/edusan"},"elements":[{"from":[8.079693,5.987072,17.31392],"to":[8.503053,7.2571487,20.257374],"faces":{"east":{"uv":[2.75,12.375,3.0,12.5],"tintindex":0,"rotation":0,"texture":"#0"},"south":{"uv":[14.125,13.5,14.25,13.625],"tintindex":0,"rotation":0,"texture":"#0"},"north":{"uv":[10.625,14.125,10.75,14.25],"tintindex":0,"rotation":0,"texture":"#0"},"west":{"uv":[12.375,2.75,12.625,2.875],"tintindex":0,"rotation":0,"texture":"#0"},"up":{"uv":[13.875,2.0,13.75,1.75],"tintindex":0,"rotation":0,"texture":"#0"},"down":{"uv":[13.875,2.125,13.75,2.375],"tintindex":0,"rotation":0,"texture":"#0"}},"rotation":{"origin":[8.503053,6.83379,10.540161],"angle":22.5,"axis":"x"}},{"from":[8.079693,6.410431,7.1532784],"to":[8.503053,7.2571487,12.233601],"faces":{"east":{"uv":[12.25,0.625,12.625,0.75],"tintindex":0,"rotation":0,"texture":"#0"},"south":{"uv":[13.625,14.25,13.75,14.375],"tintindex":0,"rotation":0,"texture":"#0"},"north":{"uv":[13.375,14.25,13.5,14.375],"tintindex":0,"rotation":0,"texture":"#0"},"west":{"uv":[12.25,1.25,12.625,1.375],"tintindex":0,"rotation":0,"texture":"#0"},"up":{"uv":[13.125,3.5,13.0,3.125],"tintindex":0,"rotation":0,"texture":"#0"},"down":{"uv":[3.375,13.0,3.25,13.375],"tintindex":0,"rotation":0,"texture":"#0"}},"rotation":{"origin":[8.503053,6.83379,10.540161],"angle":22.5,"axis":"x"}},{"from":[8.079693,6.410431,12.233601],"to":[8.503053,7.2571487,17.31392],"faces":{"east":{"uv":[12.25,11.75,12.625,11.875],"tintindex":0,"rotation":0,"texture":"#0"},"south":{"uv":[4.25,14.375,4.375,14.5],"tintindex":0,"rotation":0,"texture":"#0"},"north":{"uv":[14.375,4.0,14.5,4.125],"tintindex":0,"rotation":0,"texture":"#0"},"west":{"uv":[12.25,12.0,12.625,12.125],"tintindex":0,"rotation":0,"texture":"#0"},"up":{"uv":[13.125,8.625,13.0,8.25],"tintindex":0,"rotation":0,"texture":"#0"},"down":{"uv":[8.875,13.0,8.75,13.375],"tintindex":0,"rotation":0,"texture":"#0"}},"rotation":{"origin":[8.503053,6.83379,10.540161],"angle":22.5,"axis":"x"}},{"from":[7.656333,5.5637093,19.007359],"to":[8.079693,6.83379,23.220894],"faces":{"east":{"uv":[11.75,3.625,12.125,3.75],"tintindex":0,"rotation":0,"texture":"#0"},"south":{"uv":[14.25,1.75,14.375,1.875],"tintindex":0,"rotation":0,"texture":"#0"},"north":{"uv":[14.0,14.125,14.125,14.25],"tintindex":0,"rotation":0,"texture":"#0"},"west":{"uv":[11.75,9.625,12.125,9.75],"tintindex":0,"rotation":0,"texture":"#0"},"up":{"uv":[8.5,13.5,8.375,13.125],"tintindex":0,"rotation":0,"texture":"#0"},"down":{"uv":[0.125,13.25,0.0,13.625],"tintindex":0,"rotation":0,"texture":"#0"}},"rotation":{"origin":[8.503053,6.83379,10.540161],"angle":22.5,"axis":"x"}}]}