{"textures":{"0":"mineinabyss:mobs/edusan"},"elements":[{"from":[7.0060244,7.3420525,5.7611713],"to":[8.699465,9.035492,13.381651],"faces":{"east":{"uv":[3.875,0.75,4.5,0.875],"tintindex":0,"rotation":0,"texture":"#0"},"south":{"uv":[3.25,7.125,3.375,7.25],"tintindex":0,"rotation":0,"texture":"#0"},"north":{"uv":[7.0,4.875,7.125,5.0],"tintindex":0,"rotation":0,"texture":"#0"},"west":{"uv":[6.125,4.25,6.75,4.375],"tintindex":0,"rotation":0,"texture":"#0"},"up":{"uv":[9.875,10.625,9.75,10.0],"tintindex":0,"rotation":0,"texture":"#0"},"down":{"uv":[10.25,0.0,10.125,0.625],"tintindex":0,"rotation":0,"texture":"#0"}},"rotation":{"origin":[8.276104,3.7434921,7.454611],"angle":22.5,"axis":"x"}},{"from":[7.0060244,7.7654114,13.381651],"to":[8.276104,9.035492,17.615252],"faces":{"east":{"uv":[11.75,0.75,12.125,0.875],"tintindex":0,"rotation":0,"texture":"#0"},"south":{"uv":[13.5,1.375,13.625,1.5],"tintindex":0,"rotation":0,"texture":"#0"},"north":{"uv":[13.5,0.75,13.625,0.875],"tintindex":0,"rotation":0,"texture":"#0"},"west":{"uv":[11.75,1.375,12.125,1.5],"tintindex":0,"rotation":0,"texture":"#0"},"up":{"uv":[11.125,12.125,11.0,11.75],"tintindex":0,"rotation":0,"texture":"#0"},"down":{"uv":[11.375,11.75,11.25,12.125],"tintindex":0,"rotation":0,"texture":"#0"}},"rotation":{"origin":[8.276104,3.7434921,7.454611],"angle":22.5,"axis":"x"}},{"from":[7.0060244,3.9199524,18.36615],"to":[7.852744,4.76667,23.446468],"faces":{"east":{"uv":[12.125,6.875,12.5,7.0],"tintindex":0,"rotation":0,"texture":"#0"},"south":{"uv":[14.0,12.25,14.125,12.375],"tintindex":0,"rotation":0,"texture":"#0"},"north":{"uv":[14.0,12.0,14.125,12.125],"tintindex":0,"rotation":0,"texture":"#0"},"west":{"uv":[12.25,0.0,12.625,0.125],"tintindex":0,"rotation":0,"texture":"#0"},"up":{"uv":[10.75,12.5,10.625,12.125],"tintindex":0,"rotation":0,"texture":"#0"},"down":{"uv":[11.625,12.125,11.5,12.5],"tintindex":0,"rotation":0,"texture":"#0"}}},{"from":[7.0060244,3.9199524,23.446468],"to":[7.852744,4.76667,28.52679],"faces":{"east":{"uv":[12.375,0.875,12.75,1.0],"tintindex":0,"rotation":0,"texture":"#0"},"south":{"uv":[3.5,14.125,3.625,14.25],"tintindex":0,"rotation":0,"texture":"#0"},"north":{"uv":[2.5,14.125,2.625,14.25],"tintindex":0,"rotation":0,"texture":"#0"},"west":{"uv":[12.375,1.5,12.75,1.625],"tintindex":0,"rotation":0,"texture":"#0"},"up":{"uv":[1.125,12.75,1.0,12.375],"tintindex":0,"rotation":0,"texture":"#0"},"down":{"uv":[12.5,1.75,12.375,2.125],"tintindex":0,"rotation":0,"texture":"#0"}}}]}