{"textures":{"0":"mineinabyss:mobs/edusan"},"elements":[{"from":[7.5980396,6.458683,8.061485],"to":[8.0213995,7.305401,13.141804],"faces":{"east":{"uv":[12.25,10.375,12.625,10.5],"tintindex":0,"rotation":0,"texture":"#0"},"south":{"uv":[3.75,14.375,3.875,14.5],"tintindex":0,"rotation":0,"texture":"#0"},"north":{"uv":[14.375,3.5,14.5,3.625],"tintindex":0,"rotation":0,"texture":"#0"},"west":{"uv":[12.25,10.625,12.625,10.75],"tintindex":0,"rotation":0,"texture":"#0"},"up":{"uv":[5.25,13.375,5.125,13.0],"tintindex":0,"rotation":0,"texture":"#0"},"down":{"uv":[13.125,5.625,13.0,6.0],"tintindex":0,"rotation":0,"texture":"#0"}},"rotation":{"origin":[7.5980396,6.882042,11.448364],"angle":22.5,"axis":"x"}},{"from":[7.5980396,6.458683,13.141804],"to":[8.0213995,7.305401,18.222126],"faces":{"east":{"uv":[10.875,12.25,11.25,12.375],"tintindex":0,"rotation":0,"texture":"#0"},"south":{"uv":[4.0,14.375,4.125,14.5],"tintindex":0,"rotation":0,"texture":"#0"},"north":{"uv":[14.375,3.75,14.5,3.875],"tintindex":0,"rotation":0,"texture":"#0"},"west":{"uv":[12.25,11.5,12.625,11.625],"tintindex":0,"rotation":0,"texture":"#0"},"up":{"uv":[13.125,6.5,13.0,6.125],"tintindex":0,"rotation":0,"texture":"#0"},"down":{"uv":[13.125,7.75,13.0,8.125],"tintindex":0,"rotation":0,"texture":"#0"}},"rotation":{"origin":[7.5980396,6.882042,11.448364],"angle":22.5,"axis":"x"}},{"from":[7.5980396,6.035324,18.222126],"to":[8.0213995,7.305401,21.16558],"faces":{"east":{"uv":[12.375,4.5,12.625,4.625],"tintindex":0,"rotation":0,"texture":"#0"},"south":{"uv":[5.0,14.25,5.125,14.375],"tintindex":0,"rotation":0,"texture":"#0"},"north":{"uv":[3.25,14.25,3.375,14.375],"tintindex":0,"rotation":0,"texture":"#0"},"west":{"uv":[5.25,12.375,5.5,12.5],"tintindex":0,"rotation":0,"texture":"#0"},"up":{"uv":[5.5,14.0,5.375,13.75],"tintindex":0,"rotation":0,"texture":"#0"},"down":{"uv":[7.625,13.75,7.5,14.0],"tintindex":0,"rotation":0,"texture":"#0"}},"rotation":{"origin":[7.5980396,6.882042,11.448364],"angle":22.5,"axis":"x"}},{"from":[8.0213995,5.6119614,19.915565],"to":[8.444759,6.882042,24.1291],"faces":{"east":{"uv":[11.875,5.375,12.25,5.5],"tintindex":0,"rotation":0,"texture":"#0"},"south":{"uv":[8.5,14.25,8.625,14.375],"tintindex":0,"rotation":0,"texture":"#0"},"north":{"uv":[6.125,14.25,6.25,14.375],"tintindex":0,"rotation":0,"texture":"#0"},"west":{"uv":[11.875,5.625,12.25,5.75],"tintindex":0,"rotation":0,"texture":"#0"},"up":{"uv":[1.375,13.625,1.25,13.25],"tintindex":0,"rotation":0,"texture":"#0"},"down":{"uv":[3.625,13.25,3.5,13.625],"tintindex":0,"rotation":0,"texture":"#0"}},"rotation":{"origin":[7.5980396,6.882042,11.448364],"angle":22.5,"axis":"x"}}]}