{"textures":{"0":"mineinabyss:mobs/edusan"},"elements":[{"from":[7.1532803,7.1532745,3.7663994],"to":[15.620481,8.0,8.846722],"faces":{"east":{"uv":[6.125,14.0,6.375,14.125],"tintindex":0,"rotation":0,"texture":"#0"},"south":{"uv":[13.25,3.375,13.625,3.5],"tintindex":0,"rotation":0,"texture":"#0"},"north":{"uv":[13.25,3.125,13.625,3.25],"tintindex":0,"rotation":0,"texture":"#0"},"west":{"uv":[8.5,14.0,8.75,14.125],"tintindex":0,"rotation":0,"texture":"#0"},"up":{"uv":[0.875,11.0,0.5,10.75],"tintindex":0,"rotation":0,"texture":"#0"},"down":{"uv":[11.125,0.625,10.75,0.875],"tintindex":0,"rotation":0,"texture":"#0"}},"rotation":{"origin":[8.84672,6.3065567,8.846722],"angle":-45.0,"axis":"y"}},{"from":[7.1532803,7.1532745,2.9196815],"to":[19.007359,8.0,3.7663994],"faces":{"east":{"uv":[14.375,9.5,14.5,9.625],"tintindex":0,"rotation":0,"texture":"#0"},"south":{"uv":[12.875,10.125,13.375,10.25],"tintindex":0,"rotation":0,"texture":"#0"},"north":{"uv":[12.875,9.875,13.375,10.0],"tintindex":0,"rotation":0,"texture":"#0"},"west":{"uv":[9.75,14.375,9.875,14.5],"tintindex":0,"rotation":0,"texture":"#0"},"up":{"uv":[13.375,10.875,12.875,10.75],"tintindex":0,"rotation":0,"texture":"#0"},"down":{"uv":[13.375,11.0,12.875,11.125],"tintindex":0,"rotation":0,"texture":"#0"}},"rotation":{"origin":[8.84672,6.3065567,8.846722],"angle":-45.0,"axis":"y"}}]}