{"textures":{"0":"mineinabyss:mobs/edusan"},"elements":[{"from":[7.15328,7.153282,3.7664032],"to":[15.620481,8.0,8.846722],"faces":{"east":{"uv":[14.0,5.125,14.25,5.25],"tintindex":0,"rotation":0,"texture":"#0"},"south":{"uv":[2.75,13.25,3.125,13.375],"tintindex":0,"rotation":0,"texture":"#0"},"north":{"uv":[13.25,2.0,13.625,2.125],"tintindex":0,"rotation":0,"texture":"#0"},"west":{"uv":[14.0,5.375,14.25,5.5],"tintindex":0,"rotation":0,"texture":"#0"},"up":{"uv":[11.0,5.875,10.625,5.625],"tintindex":0,"rotation":0,"texture":"#0"},"down":{"uv":[11.125,0.25,10.75,0.5],"tintindex":0,"rotation":0,"texture":"#0"}},"rotation":{"origin":[8.84672,6.3065567,8.846722],"angle":-45.0,"axis":"y"}},{"from":[7.15328,7.153282,2.9196815],"to":[19.007359,8.0,3.7664032],"faces":{"east":{"uv":[14.375,9.25,14.5,9.375],"tintindex":0,"rotation":0,"texture":"#0"},"south":{"uv":[12.875,9.375,13.375,9.5],"tintindex":0,"rotation":0,"texture":"#0"},"north":{"uv":[12.875,7.5,13.375,7.625],"tintindex":0,"rotation":0,"texture":"#0"},"west":{"uv":[9.5,14.375,9.625,14.5],"tintindex":0,"rotation":0,"texture":"#0"},"up":{"uv":[10.0,13.0,9.5,12.875],"tintindex":0,"rotation":0,"texture":"#0"},"down":{"uv":[13.375,9.625,12.875,9.75],"tintindex":0,"rotation":0,"texture":"#0"}},"rotation":{"origin":[8.84672,6.3065567,8.846722],"angle":-45.0,"axis":"y"}}]}