{"textures":{"0":"mineinabyss:mobs/edusan"},"elements":[{"from":[8.049222,7.6757355,6.3065605],"to":[13.129541,8.522453,9.6934395],"faces":{"east":{"uv":[1.75,14.125,1.875,14.25],"tintindex":0,"rotation":0,"texture":"#0"},"south":{"uv":[14.0,9.75,14.25,9.875],"tintindex":0,"rotation":0,"texture":"#0"},"north":{"uv":[14.0,9.5,14.25,9.625],"tintindex":0,"rotation":0,"texture":"#0"},"west":{"uv":[2.0,14.125,2.125,14.25],"tintindex":0,"rotation":0,"texture":"#0"},"up":{"uv":[12.5,10.0,12.25,9.875],"tintindex":0,"rotation":0,"texture":"#0"},"down":{"uv":[12.5,10.125,12.25,10.25],"tintindex":0,"rotation":0,"texture":"#0"}},"rotation":{"origin":[9.742661,6.82901,8.0],"angle":-45.0,"axis":"y"}},{"from":[8.049222,7.6757355,5.459841],"to":[16.516422,8.522453,6.3065605],"faces":{"east":{"uv":[10.25,14.375,10.375,14.5],"tintindex":0,"rotation":0,"texture":"#0"},"south":{"uv":[13.25,7.75,13.625,7.875],"tintindex":0,"rotation":0,"texture":"#0"},"north":{"uv":[13.25,6.375,13.625,6.5],"tintindex":0,"rotation":0,"texture":"#0"},"west":{"uv":[10.5,14.375,10.625,14.5],"tintindex":0,"rotation":0,"texture":"#0"},"up":{"uv":[13.625,8.125,13.25,8.0],"tintindex":0,"rotation":0,"texture":"#0"},"down":{"uv":[13.625,8.25,13.25,8.375],"tintindex":0,"rotation":0,"texture":"#0"}},"rotation":{"origin":[9.742661,6.82901,8.0],"angle":-45.0,"axis":"y"}}]}