{"textures":{"0":"mineinabyss:mobs/edusan"},"elements":[{"from":[7.57664,4.6024857,14.769344],"to":[8.84672,5.872566,19.002943],"faces":{"east":{"uv":[11.875,4.25,12.25,4.375],"tintindex":0,"rotation":0,"texture":"#0"},"south":{"uv":[3.0,13.5,3.125,13.625],"tintindex":0,"rotation":0,"texture":"#0"},"north":{"uv":[13.5,2.75,13.625,2.875],"tintindex":0,"rotation":0,"texture":"#0"},"west":{"uv":[11.875,4.5,12.25,4.625],"tintindex":0,"rotation":0,"texture":"#0"},"up":{"uv":[4.625,12.25,4.5,11.875],"tintindex":0,"rotation":0,"texture":"#0"},"down":{"uv":[5.5,11.875,5.375,12.25],"tintindex":0,"rotation":0,"texture":"#0"}}},{"from":[7.57664,2.9196815,18.16064],"to":[8.42336,3.7663994,23.240961],"faces":{"east":{"uv":[12.25,4.75,12.625,4.875],"tintindex":0,"rotation":0,"texture":"#0"},"south":{"uv":[14.125,0.75,14.25,0.875],"tintindex":0,"rotation":0,"texture":"#0"},"north":{"uv":[14.125,0.5,14.25,0.625],"tintindex":0,"rotation":0,"texture":"#0"},"west":{"uv":[12.25,5.0,12.625,5.125],"tintindex":0,"rotation":0,"texture":"#0"},"up":{"uv":[5.125,12.625,5.0,12.25],"tintindex":0,"rotation":0,"texture":"#0"},"down":{"uv":[6.625,12.25,6.5,12.625],"tintindex":0,"rotation":0,"texture":"#0"}},"rotation":{"origin":[8.0,3.3430405,23.240961],"angle":22.5,"axis":"x"}},{"from":[7.57664,6.3065605,17.737282],"to":[8.0,10.540161,19.430721],"faces":{"east":{"uv":[11.25,11.25,11.375,11.625],"tintindex":0,"rotation":0,"texture":"#0"},"south":{"uv":[1.0,13.25,1.125,13.625],"tintindex":0,"rotation":0,"texture":"#0"},"north":{"uv":[0.75,13.25,0.875,13.625],"tintindex":0,"rotation":0,"texture":"#0"},"west":{"uv":[11.375,2.25,11.5,2.625],"tintindex":0,"rotation":0,"texture":"#0"},"up":{"uv":[14.25,1.125,14.125,1.0],"tintindex":0,"rotation":0,"texture":"#0"},"down":{"uv":[14.25,1.25,14.125,1.375],"tintindex":0,"rotation":0,"texture":"#0"}},"rotation":{"origin":[8.0,6.7299194,18.16064],"angle":45.0,"axis":"x"}},{"from":[7.1532803,6.7651405,5.979023],"to":[8.84672,8.45858,13.599503],"faces":{"east":{"uv":[10.125,3.25,10.75,3.375],"tintindex":0,"rotation":0,"texture":"#0"},"south":{"uv":[12.75,8.75,12.875,8.875],"tintindex":0,"rotation":0,"texture":"#0"},"north":{"uv":[8.75,12.75,8.875,12.875],"tintindex":0,"rotation":0,"texture":"#0"},"west":{"uv":[10.125,5.0,10.75,5.125],"tintindex":0,"rotation":0,"texture":"#0"},"up":{"uv":[5.0,10.75,4.875,10.125],"tintindex":0,"rotation":0,"texture":"#0"},"down":{"uv":[10.25,5.25,10.125,5.875],"tintindex":0,"rotation":0,"texture":"#0"}},"rotation":{"origin":[7.57664,3.1665802,7.6724625],"angle":22.5,"axis":"x"}},{"from":[7.57664,2.9196815,23.240961],"to":[8.42336,3.7663994,30.014723],"faces":{"east":{"uv":[11.625,0.0,12.125,0.125],"tintindex":0,"rotation":0,"texture":"#0"},"south":{"uv":[3.75,14.125,3.875,14.25],"tintindex":0,"rotation":0,"texture":"#0"},"north":{"uv":[14.125,3.5,14.25,3.625],"tintindex":0,"rotation":0,"texture":"#0"},"west":{"uv":[11.625,4.0,12.125,4.125],"tintindex":0,"rotation":0,"texture":"#0"},"up":{"uv":[11.75,4.75,11.625,4.25],"tintindex":0,"rotation":0,"texture":"#0"},"down":{"uv":[5.0,11.625,4.875,12.125],"tintindex":0,"rotation":0,"texture":"#0"}},"rotation":{"origin":[8.0,3.3430405,23.240961],"angle":22.5,"axis":"x"}}]}