{"textures":{"0":"mineinabyss:mobs/edusan"},"elements":[{"from":[8.84672,7.153282,6.3065586],"to":[17.31392,8.0,7.1532803],"faces":{"east":{"uv":[14.375,9.75,14.5,9.875],"tintindex":0,"rotation":0,"texture":"#0"},"south":{"uv":[13.25,5.625,13.625,5.75],"tintindex":0,"rotation":0,"texture":"#0"},"north":{"uv":[13.25,3.625,13.625,3.75],"tintindex":0,"rotation":0,"texture":"#0"},"west":{"uv":[10.0,14.375,10.125,14.5],"tintindex":0,"rotation":0,"texture":"#0"},"up":{"uv":[13.625,6.0,13.25,5.875],"tintindex":0,"rotation":0,"texture":"#0"},"down":{"uv":[13.625,6.125,13.25,6.25],"tintindex":0,"rotation":0,"texture":"#0"}},"rotation":{"origin":[10.54016,6.3065567,8.84672],"angle":-45.0,"axis":"y"}},{"from":[8.84672,7.153282,7.1532803],"to":[13.92704,8.0,10.540159],"faces":{"east":{"uv":[1.5,14.125,1.625,14.25],"tintindex":0,"rotation":0,"texture":"#0"},"south":{"uv":[14.0,9.25,14.25,9.375],"tintindex":0,"rotation":0,"texture":"#0"},"north":{"uv":[14.0,9.0,14.25,9.125],"tintindex":0,"rotation":0,"texture":"#0"},"west":{"uv":[14.125,1.5,14.25,1.625],"tintindex":0,"rotation":0,"texture":"#0"},"up":{"uv":[12.5,9.75,12.25,9.625],"tintindex":0,"rotation":0,"texture":"#0"},"down":{"uv":[10.0,12.25,9.75,12.375],"tintindex":0,"rotation":0,"texture":"#0"}},"rotation":{"origin":[10.54016,6.3065567,8.84672],"angle":-45.0,"axis":"y"}}]}