{"textures":{"0":"mineinabyss:mobs/edusan"},"elements":[{"from":[7.3005357,7.3420525,5.7611713],"to":[8.993976,9.035492,13.381651],"faces":{"east":{"uv":[2.125,10.125,2.75,10.25],"tintindex":0,"rotation":0,"texture":"#0"},"south":{"uv":[12.75,8.5,12.875,8.625],"tintindex":0,"rotation":0,"texture":"#0"},"north":{"uv":[12.75,0.0,12.875,0.125],"tintindex":0,"rotation":0,"texture":"#0"},"west":{"uv":[10.125,2.25,10.75,2.375],"tintindex":0,"rotation":0,"texture":"#0"},"up":{"uv":[10.25,3.125,10.125,2.5],"tintindex":0,"rotation":0,"texture":"#0"},"down":{"uv":[10.25,4.25,10.125,4.875],"tintindex":0,"rotation":0,"texture":"#0"}},"rotation":{"origin":[7.7238955,3.7434921,7.454611],"angle":22.5,"axis":"x"}},{"from":[8.147256,3.9199524,18.36615],"to":[8.993976,4.76667,23.446468],"faces":{"east":{"uv":[3.125,12.25,3.5,12.375],"tintindex":0,"rotation":0,"texture":"#0"},"south":{"uv":[14.125,0.0,14.25,0.125],"tintindex":0,"rotation":0,"texture":"#0"},"north":{"uv":[14.0,13.875,14.125,14.0],"tintindex":0,"rotation":0,"texture":"#0"},"west":{"uv":[12.25,3.5,12.625,3.625],"tintindex":0,"rotation":0,"texture":"#0"},"up":{"uv":[12.375,4.125,12.25,3.75],"tintindex":0,"rotation":0,"texture":"#0"},"down":{"uv":[4.875,12.25,4.75,12.625],"tintindex":0,"rotation":0,"texture":"#0"}}},{"from":[8.147256,3.9199524,23.446468],"to":[8.993976,4.76667,28.52679],"faces":{"east":{"uv":[12.25,12.25,12.625,12.375],"tintindex":0,"rotation":0,"texture":"#0"},"south":{"uv":[14.125,2.375,14.25,2.5],"tintindex":0,"rotation":0,"texture":"#0"},"north":{"uv":[2.25,14.125,2.375,14.25],"tintindex":0,"rotation":0,"texture":"#0"},"west":{"uv":[12.375,0.25,12.75,0.375],"tintindex":0,"rotation":0,"texture":"#0"},"up":{"uv":[9.375,12.625,9.25,12.25],"tintindex":0,"rotation":0,"texture":"#0"},"down":{"uv":[0.125,12.375,0.0,12.75],"tintindex":0,"rotation":0,"texture":"#0"}}},{"from":[7.7238955,7.7654114,13.381651],"to":[8.993976,9.035492,17.615252],"faces":{"east":{"uv":[11.875,1.0,12.25,1.125],"tintindex":0,"rotation":0,"texture":"#0"},"south":{"uv":[2.75,13.5,2.875,13.625],"tintindex":0,"rotation":0,"texture":"#0"},"north":{"uv":[13.5,2.5,13.625,2.625],"tintindex":0,"rotation":0,"texture":"#0"},"west":{"uv":[11.875,2.25,12.25,2.375],"tintindex":0,"rotation":0,"texture":"#0"},"up":{"uv":[12.0,2.875,11.875,2.5],"tintindex":0,"rotation":0,"texture":"#0"},"down":{"uv":[12.0,3.0,11.875,3.375],"tintindex":0,"rotation":0,"texture":"#0"}},"rotation":{"origin":[7.7238955,3.7434921,7.454611],"angle":22.5,"axis":"x"}}]}