{"textures":{"0":"mineinabyss:relics/bounding_lance"},"elements":[{"from":[8.6285715,2.2857141,7.885714],"to":[9.0,5.714286,8.114285],"rotation":{"angle":-22.5,"axis":"y","origin":[8.028571,4.5714283,8.0]},"faces":{"east":{"uv":[3.66667,3.5,4.31667,9.5],"rotation":0,"texture":"#0","tintindex":0},"south":{"uv":[3.66667,3.5,4.31667,9.5],"rotation":0,"texture":"#0","tintindex":0},"north":{"uv":[3.66667,3.5,4.31667,9.5],"rotation":0,"texture":"#0","tintindex":0},"west":{"uv":[3.66667,3.5,4.31667,9.5],"rotation":0,"texture":"#0","tintindex":0},"up":{"uv":[3.66667,3.5,4.31667,9.5],"rotation":0,"texture":"#0","tintindex":0},"down":{"uv":[3.66667,3.5,4.31667,9.5],"rotation":0,"texture":"#0","tintindex":0}}},{"from":[6.6571426,1.9999995,7.9142857],"to":[7.028571,3.142857,8.085714],"rotation":{"angle":22.5,"axis":"y","origin":[8.0,4.285714,8.0]},"faces":{"east":{"uv":[3.66667,1.0,4.31667,3.0],"rotation":0,"texture":"#0","tintindex":0},"south":{"uv":[3.66667,1.0,4.31667,3.0],"rotation":0,"texture":"#0","tintindex":0},"north":{"uv":[3.66667,1.0,4.31667,3.0],"rotation":0,"texture":"#0","tintindex":0},"west":{"uv":[3.66667,1.0,4.31667,3.0],"rotation":0,"texture":"#0","tintindex":0},"up":{"uv":[3.66667,1.0,4.31667,3.0],"rotation":0,"texture":"#0","tintindex":0},"down":{"uv":[3.66667,1.0,4.31667,3.0],"rotation":0,"texture":"#0","tintindex":0}}},{"from":[7.9,2.2857141,7.0142856],"to":[8.1285715,5.714286,7.385714],"rotation":{"angle":0.0,"axis":"y","origin":[8.014286,4.5714283,7.2714286]},"faces":{"east":{"uv":[3.66667,3.5,4.06667,9.5],"rotation":0,"texture":"#0","tintindex":0},"south":{"uv":[3.66667,3.5,4.06667,9.5],"rotation":0,"texture":"#0","tintindex":0},"north":{"uv":[3.66667,3.5,4.06667,9.5],"rotation":0,"texture":"#0","tintindex":0},"west":{"uv":[3.66667,3.5,4.06667,9.5],"rotation":0,"texture":"#0","tintindex":0},"up":{"uv":[3.66667,3.5,4.06667,9.5],"rotation":0,"texture":"#0","tintindex":0},"down":{"uv":[3.66667,3.5,4.06667,9.5],"rotation":0,"texture":"#0","tintindex":0}}},{"from":[7.1714287,5.714286,7.885714],"to":[7.4,9.142858,8.114285],"rotation":{"angle":22.5,"axis":"y","origin":[8.0,8.0,8.0]},"faces":{"east":{"uv":[4.0,0.0,4.4,6.0],"rotation":180,"texture":"#0","tintindex":0},"south":{"uv":[4.0,0.0,4.4,6.0],"rotation":180,"texture":"#0","tintindex":0},"north":{"uv":[4.0,0.0,4.4,6.0],"rotation":180,"texture":"#0","tintindex":0},"west":{"uv":[4.0,0.0,4.4,6.0],"rotation":180,"texture":"#0","tintindex":0},"up":{"uv":[4.0,0.0,4.4,6.0],"rotation":180,"texture":"#0","tintindex":0},"down":{"uv":[4.0,0.0,4.4,6.0],"rotation":180,"texture":"#0","tintindex":0}}},{"from":[7.9,5.714286,7.1571426],"to":[8.1285715,9.142858,7.385714],"rotation":{"angle":0.0,"axis":"y","origin":[8.014286,5.714286,7.2714286]},"faces":{"east":{"uv":[4.0,0.0,4.4,6.0],"rotation":180,"texture":"#0","tintindex":0},"south":{"uv":[4.0,0.0,4.4,6.0],"rotation":180,"texture":"#0","tintindex":0},"north":{"uv":[4.0,0.0,4.4,6.0],"rotation":180,"texture":"#0","tintindex":0},"west":{"uv":[4.0,0.0,4.4,6.0],"rotation":180,"texture":"#0","tintindex":0},"up":{"uv":[4.0,0.0,4.4,6.0],"rotation":180,"texture":"#0","tintindex":0},"down":{"uv":[4.0,0.0,4.4,6.0],"rotation":180,"texture":"#0","tintindex":0}}},{"from":[8.6285715,5.714286,7.885714],"to":[8.857143,9.142858,8.114285],"rotation":{"angle":-22.5,"axis":"y","origin":[8.028571,5.714286,8.0]},"faces":{"east":{"uv":[4.0,0.0,4.4,6.0],"rotation":180,"texture":"#0","tintindex":0},"south":{"uv":[4.0,0.0,4.4,6.0],"rotation":180,"texture":"#0","tintindex":0},"north":{"uv":[4.0,0.0,4.4,6.0],"rotation":180,"texture":"#0","tintindex":0},"west":{"uv":[4.0,0.0,4.4,6.0],"rotation":180,"texture":"#0","tintindex":0},"up":{"uv":[4.0,0.0,4.4,6.0],"rotation":180,"texture":"#0","tintindex":0},"down":{"uv":[4.0,0.0,4.4,6.0],"rotation":180,"texture":"#0","tintindex":0}}},{"from":[7.8714285,2.2857141,7.242857],"to":[8.157143,2.8571424,7.8142858],"rotation":{"angle":0.0,"axis":"y","origin":[8.014286,4.5714283,7.9857144]},"faces":{"east":{"uv":[4.0,3.0,4.5,4.0],"rotation":0,"texture":"#0","tintindex":0},"south":{"uv":[4.0,3.0,4.5,4.0],"rotation":0,"texture":"#0","tintindex":0},"north":{"uv":[4.0,3.0,4.5,4.0],"rotation":0,"texture":"#0","tintindex":0},"west":{"uv":[4.0,3.0,4.5,4.0],"rotation":0,"texture":"#0","tintindex":0},"up":{"uv":[4.0,3.0,4.5,4.0],"rotation":0,"texture":"#0","tintindex":0},"down":{"uv":[4.0,3.0,4.5,4.0],"rotation":0,"texture":"#0","tintindex":0}}},{"from":[7.028571,2.2857141,7.885714],"to":[7.4,5.714286,8.114285],"rotation":{"angle":22.5,"axis":"y","origin":[8.0,4.5714283,8.0]},"faces":{"east":{"uv":[3.66667,3.5,4.31667,9.5],"rotation":0,"texture":"#0","tintindex":0},"south":{"uv":[3.66667,3.5,4.31667,9.5],"rotation":0,"texture":"#0","tintindex":0},"north":{"uv":[3.66667,3.5,4.31667,9.5],"rotation":0,"texture":"#0","tintindex":0},"west":{"uv":[3.66667,3.5,4.31667,9.5],"rotation":0,"texture":"#0","tintindex":0},"up":{"uv":[3.66667,3.5,4.31667,9.5],"rotation":0,"texture":"#0","tintindex":0},"down":{"uv":[3.66667,3.5,4.31667,9.5],"rotation":0,"texture":"#0","tintindex":0}}},{"from":[7.9142857,1.9999995,6.6571426],"to":[8.085714,3.142857,7.028571],"rotation":{"angle":0.0,"axis":"y","origin":[8.0,4.285714,8.0]},"faces":{"east":{"uv":[3.66667,1.0,3.96667,3.0],"rotation":0,"texture":"#0","tintindex":0},"south":{"uv":[3.66667,1.0,3.96667,3.0],"rotation":0,"texture":"#0","tintindex":0},"north":{"uv":[3.66667,1.0,3.96667,3.0],"rotation":0,"texture":"#0","tintindex":0},"west":{"uv":[3.66667,1.0,3.96667,3.0],"rotation":0,"texture":"#0","tintindex":0},"up":{"uv":[3.66667,1.0,3.96667,3.0],"rotation":0,"texture":"#0","tintindex":0},"down":{"uv":[3.66667,1.0,3.96667,3.0],"rotation":0,"texture":"#0","tintindex":0}}},{"from":[8.185715,2.2857141,7.8428574],"to":[8.757143,2.8571424,8.142858],"rotation":{"angle":-22.5,"axis":"y","origin":[8.014286,4.5714283,7.9857144]},"faces":{"east":{"uv":[4.0,3.0,5.0,4.0],"rotation":0,"texture":"#0","tintindex":0},"south":{"uv":[4.0,3.0,5.0,4.0],"rotation":0,"texture":"#0","tintindex":0},"north":{"uv":[4.0,3.0,5.0,4.0],"rotation":0,"texture":"#0","tintindex":0},"west":{"uv":[4.0,3.0,5.0,4.0],"rotation":0,"texture":"#0","tintindex":0},"up":{"uv":[4.0,3.0,5.0,4.0],"rotation":0,"texture":"#0","tintindex":0},"down":{"uv":[4.0,3.0,5.0,4.0],"rotation":0,"texture":"#0","tintindex":0}}},{"from":[7.2714286,2.2857141,7.8428574],"to":[7.8428574,2.8571424,8.142858],"rotation":{"angle":22.5,"axis":"y","origin":[8.014286,4.5714283,7.9857144]},"faces":{"east":{"uv":[4.0,3.0,5.0,4.0],"rotation":0,"texture":"#0","tintindex":0},"south":{"uv":[4.0,3.0,5.0,4.0],"rotation":0,"texture":"#0","tintindex":0},"north":{"uv":[4.0,3.0,5.0,4.0],"rotation":0,"texture":"#0","tintindex":0},"west":{"uv":[4.0,3.0,5.0,4.0],"rotation":0,"texture":"#0","tintindex":0},"up":{"uv":[4.0,3.0,5.0,4.0],"rotation":0,"texture":"#0","tintindex":0},"down":{"uv":[4.0,3.0,5.0,4.0],"rotation":0,"texture":"#0","tintindex":0}}},{"from":[8.971429,1.9999995,7.9142857],"to":[9.342857,3.142857,8.085714],"rotation":{"angle":-22.5,"axis":"y","origin":[8.0,4.285714,8.0]},"faces":{"east":{"uv":[3.66667,1.0,4.31667,3.0],"rotation":0,"texture":"#0","tintindex":0},"south":{"uv":[3.66667,1.0,4.31667,3.0],"rotation":0,"texture":"#0","tintindex":0},"north":{"uv":[3.66667,1.0,4.31667,3.0],"rotation":0,"texture":"#0","tintindex":0},"west":{"uv":[3.66667,1.0,4.31667,3.0],"rotation":0,"texture":"#0","tintindex":0},"up":{"uv":[3.66667,1.0,4.31667,3.0],"rotation":0,"texture":"#0","tintindex":0},"down":{"uv":[3.66667,1.0,4.31667,3.0],"rotation":0,"texture":"#0","tintindex":0}}}],"display":{"head":{"translation":[0.0,-6.4,0.0],"scale":[4.0,4.0,4.0]}}}