{"textures":{"0":"minecraft:creatures/squidfly/tenticle","1":"minecraft:creatures/squidfly/body","2":"minecraft:creatures/squidfly/wings_fly"},"elements":[{"name":"body10","from":[-5.05,5.375,3.4999998],"to":[6.6499996,5.45,7.1],"rotation":{"angle":22.5,"axis":"z","origin":[8.0,8.0,8.0]},"faces":{"down":{"uv":[12.66034,0.12498,8.0,1.57047],"rotation":0,"texture":"#2","tintindex":0},"east":{"uv":[8.24997,2.07427,8.69528,2.00005],"rotation":0,"texture":"#2","tintindex":0},"north":{"uv":[8.50023,2.32423,9.91039,2.25002],"rotation":0,"texture":"#2","tintindex":0},"south":{"uv":[10.25002,2.07427,11.66017,2.00005],"rotation":0,"texture":"#2","tintindex":0},"up":{"uv":[12.66034,1.44548,8.0,0.12498],"rotation":0,"texture":"#2","tintindex":0},"west":{"uv":[9.75008,2.19925,10.19539,2.12503],"rotation":0,"texture":"#2","tintindex":0}}},{"name":"body11","from":[9.35,5.375,3.4999998],"to":[21.05,5.45,7.1],"rotation":{"angle":-22.5,"axis":"z","origin":[8.0,8.0,8.0]},"faces":{"down":{"uv":[8.0,0.12498,12.66034,1.57047],"rotation":0,"texture":"#2","tintindex":0},"east":{"uv":[10.19539,2.19925,9.75008,2.12503],"rotation":0,"texture":"#2","tintindex":0},"north":{"uv":[9.91039,2.32423,8.50023,2.25002],"rotation":0,"texture":"#2","tintindex":0},"south":{"uv":[11.66017,2.07427,10.25002,2.00005],"rotation":0,"texture":"#2","tintindex":0},"up":{"uv":[8.0,1.44548,12.66034,0.12498],"rotation":0,"texture":"#2","tintindex":0},"west":{"uv":[8.69528,2.07427,8.24997,2.00005],"rotation":0,"texture":"#2","tintindex":0}}},{"name":"body10","from":[4.325,5.3317347,3.5320878],"to":[7.925,5.4067345,15.232088],"rotation":{"angle":-22.5,"axis":"x","origin":[8.0,8.856734,6.457088]},"faces":{"down":{"uv":[12.66034,0.12498,8.0,1.44548],"rotation":90,"texture":"#2","tintindex":0},"east":{"uv":[10.25002,2.00005,11.66017,2.07427],"rotation":0,"texture":"#2","tintindex":0},"north":{"uv":[8.24997,2.00005,8.69528,2.07427],"rotation":0,"texture":"#2","tintindex":0},"south":{"uv":[9.75008,2.12503,10.19539,2.19925],"rotation":0,"texture":"#2","tintindex":0},"up":{"uv":[12.66034,1.57047,8.0,0.12498],"rotation":270,"texture":"#2","tintindex":0},"west":{"uv":[8.50023,2.25002,9.91039,2.32423],"rotation":0,"texture":"#2","tintindex":0}}},{"name":"body11","from":[8.075,5.3317347,3.5320878],"to":[11.675,5.4067345,15.232088],"rotation":{"angle":-22.5,"axis":"x","origin":[8.0,8.856734,6.457088]},"faces":{"down":{"uv":[12.66034,1.44548,8.0,0.12498],"rotation":90,"texture":"#2","tintindex":0},"east":{"uv":[9.91039,2.25002,8.50023,2.32423],"rotation":0,"texture":"#2","tintindex":0},"north":{"uv":[8.69528,2.00005,8.24997,2.07427],"rotation":0,"texture":"#2","tintindex":0},"south":{"uv":[10.19539,2.12503,9.75008,2.19925],"rotation":0,"texture":"#2","tintindex":0},"up":{"uv":[12.66034,0.12498,8.0,1.57047],"rotation":270,"texture":"#2","tintindex":0},"west":{"uv":[11.66017,2.00005,10.25002,2.07427],"rotation":0,"texture":"#2","tintindex":0}}},{"name":"body11","from":[8.075,3.7942882,6.453704],"to":[11.675,3.869288,18.153706],"rotation":{"angle":22.5,"axis":"x","origin":[8.0,8.069288,8.028704]},"faces":{"down":{"uv":[4.66034,1.44548,0.0,0.12498],"rotation":90,"texture":"#2","tintindex":0},"east":{"uv":[1.91039,2.25002,0.50023,2.32423],"rotation":0,"texture":"#2","tintindex":0},"north":{"uv":[0.69528,2.00005,0.24997,2.07427],"rotation":0,"texture":"#2","tintindex":0},"south":{"uv":[2.19539,2.12503,1.75008,2.19925],"rotation":0,"texture":"#2","tintindex":0},"up":{"uv":[4.66034,0.12498,0.0,1.57047],"rotation":270,"texture":"#2","tintindex":0},"west":{"uv":[3.66017,2.00005,2.25002,2.07427],"rotation":0,"texture":"#2","tintindex":0}}},{"name":"body10","from":[4.325,3.7942882,6.453704],"to":[7.925,3.869288,18.153706],"rotation":{"angle":22.5,"axis":"x","origin":[8.0,8.069288,8.028704]},"faces":{"down":{"uv":[4.66034,0.12498,0.0,1.44548],"rotation":90,"texture":"#2","tintindex":0},"east":{"uv":[2.25002,2.00005,3.66017,2.07427],"rotation":0,"texture":"#2","tintindex":0},"north":{"uv":[0.24997,2.00005,0.69528,2.07427],"rotation":0,"texture":"#2","tintindex":0},"south":{"uv":[1.75008,2.12503,2.19539,2.19925],"rotation":0,"texture":"#2","tintindex":0},"up":{"uv":[4.66034,1.57047,0.0,0.12498],"rotation":270,"texture":"#2","tintindex":0},"west":{"uv":[0.50023,2.25002,1.91039,2.32423],"rotation":0,"texture":"#2","tintindex":0}}},{"name":"body10","from":[7.7,4.7,3.4999998],"to":[19.400002,4.7749996,7.1],"rotation":{"angle":22.5,"axis":"z","origin":[8.0,8.0,8.0]},"faces":{"down":{"uv":[0.0,0.12498,4.66034,1.44548],"rotation":0,"texture":"#2","tintindex":0},"east":{"uv":[2.19539,2.12503,1.75008,2.19925],"rotation":0,"texture":"#2","tintindex":0},"north":{"uv":[1.91039,2.25002,0.50023,2.32423],"rotation":0,"texture":"#2","tintindex":0},"south":{"uv":[3.66017,2.00005,2.25002,2.07427],"rotation":0,"texture":"#2","tintindex":0},"up":{"uv":[0.0,1.57047,4.66034,0.12498],"rotation":0,"texture":"#2","tintindex":0},"west":{"uv":[0.69528,2.00005,0.24997,2.07427],"rotation":0,"texture":"#2","tintindex":0}}},{"name":"body9","from":[-3.4000006,4.7,3.4999998],"to":[8.3,4.7749996,7.1],"rotation":{"angle":-22.5,"axis":"z","origin":[8.0,8.0,8.0]},"faces":{"down":{"uv":[4.66034,0.12498,0.0,1.44548],"rotation":0,"texture":"#2","tintindex":0},"east":{"uv":[0.24997,2.00005,0.69528,2.07427],"rotation":0,"texture":"#2","tintindex":0},"north":{"uv":[0.50023,2.25002,1.91039,2.32423],"rotation":0,"texture":"#2","tintindex":0},"south":{"uv":[2.25002,2.00005,3.66017,2.07427],"rotation":0,"texture":"#2","tintindex":0},"up":{"uv":[4.66034,1.57047,0.0,0.12498],"rotation":0,"texture":"#2","tintindex":0},"west":{"uv":[1.75008,2.12503,2.19539,2.19925],"rotation":0,"texture":"#2","tintindex":0}}}],"display":{"head":{"translation":[0.0,-6.4,0.0],"rotation":[0.0,0.0,0.0],"scale":[3.8095,3.8095,3.8095]}}}