{"textures":{"2":"minecraft:creatures/squidfly/wings_fly"},"elements":[{"from":[9.285714,5.5,3.7142854],"to":[20.428572,5.5714283,7.142857],"rotation":{"angle":-22.5,"axis":"z","origin":[8.0,8.0,8.0]},"faces":{"east":{"uv":[10.19539,2.19925,9.75008,2.12503],"rotation":0,"texture":"#2","tintindex":0},"south":{"uv":[11.66017,2.07427,10.25002,2.00005],"rotation":0,"texture":"#2","tintindex":0},"north":{"uv":[9.91039,2.32423,8.50023,2.25002],"rotation":0,"texture":"#2","tintindex":0},"west":{"uv":[8.69528,2.07427,8.24997,2.00005],"rotation":0,"texture":"#2","tintindex":0},"up":{"uv":[8.0,1.44548,12.66034,0.12498],"rotation":0,"texture":"#2","tintindex":0},"down":{"uv":[8.0,0.12498,12.66034,1.57047],"rotation":0,"texture":"#2","tintindex":0}}},{"from":[4.5,5.458794,3.7448454],"to":[7.928571,5.530223,14.887703],"rotation":{"angle":-22.5,"axis":"x","origin":[8.0,8.815937,6.53056]},"faces":{"east":{"uv":[10.25002,2.00005,11.66017,2.07427],"rotation":0,"texture":"#2","tintindex":0},"south":{"uv":[9.75008,2.12503,10.19539,2.19925],"rotation":0,"texture":"#2","tintindex":0},"north":{"uv":[8.24997,2.00005,8.69528,2.07427],"rotation":0,"texture":"#2","tintindex":0},"west":{"uv":[8.50023,2.25002,9.91039,2.32423],"rotation":0,"texture":"#2","tintindex":0},"up":{"uv":[12.66034,1.57047,8.0,0.12498],"rotation":270,"texture":"#2","tintindex":0},"down":{"uv":[12.66034,0.12498,8.0,1.44548],"rotation":90,"texture":"#2","tintindex":0}}},{"from":[4.5,3.9945598,6.527337],"to":[7.928571,4.0659885,17.670195],"rotation":{"angle":22.5,"axis":"x","origin":[8.0,8.065989,8.027337]},"faces":{"east":{"uv":[2.25002,2.00005,3.66017,2.07427],"rotation":0,"texture":"#2","tintindex":0},"south":{"uv":[1.75008,2.12503,2.19539,2.19925],"rotation":0,"texture":"#2","tintindex":0},"north":{"uv":[0.24997,2.00005,0.69528,2.07427],"rotation":0,"texture":"#2","tintindex":0},"west":{"uv":[0.50023,2.25002,1.91039,2.32423],"rotation":0,"texture":"#2","tintindex":0},"up":{"uv":[4.66034,1.57047,0.0,0.12498],"rotation":270,"texture":"#2","tintindex":0},"down":{"uv":[4.66034,0.12498,0.0,1.44548],"rotation":90,"texture":"#2","tintindex":0}}},{"from":[-2.8571434,4.8571424,3.7142854],"to":[8.285714,4.928571,7.142857],"rotation":{"angle":-22.5,"axis":"z","origin":[8.0,8.0,8.0]},"faces":{"east":{"uv":[0.24997,2.00005,0.69528,2.07427],"rotation":0,"texture":"#2","tintindex":0},"south":{"uv":[2.25002,2.00005,3.66017,2.07427],"rotation":0,"texture":"#2","tintindex":0},"north":{"uv":[0.50023,2.25002,1.91039,2.32423],"rotation":0,"texture":"#2","tintindex":0},"west":{"uv":[1.75008,2.12503,2.19539,2.19925],"rotation":0,"texture":"#2","tintindex":0},"up":{"uv":[4.66034,1.57047,0.0,0.12498],"rotation":0,"texture":"#2","tintindex":0},"down":{"uv":[4.66034,0.12498,0.0,1.44548],"rotation":0,"texture":"#2","tintindex":0}}},{"from":[-4.4285717,5.5,3.7142854],"to":[6.714286,5.5714283,7.142857],"rotation":{"angle":22.5,"axis":"z","origin":[8.0,8.0,8.0]},"faces":{"east":{"uv":[8.24997,2.07427,8.69528,2.00005],"rotation":0,"texture":"#2","tintindex":0},"south":{"uv":[10.25002,2.07427,11.66017,2.00005],"rotation":0,"texture":"#2","tintindex":0},"north":{"uv":[8.50023,2.32423,9.91039,2.25002],"rotation":0,"texture":"#2","tintindex":0},"west":{"uv":[9.75008,2.19925,10.19539,2.12503],"rotation":0,"texture":"#2","tintindex":0},"up":{"uv":[12.66034,1.44548,8.0,0.12498],"rotation":0,"texture":"#2","tintindex":0},"down":{"uv":[12.66034,0.12498,8.0,1.57047],"rotation":0,"texture":"#2","tintindex":0}}},{"from":[7.714286,4.8571424,3.7142854],"to":[18.857143,4.928571,7.142857],"rotation":{"angle":22.5,"axis":"z","origin":[8.0,8.0,8.0]},"faces":{"east":{"uv":[2.19539,2.12503,1.75008,2.19925],"rotation":0,"texture":"#2","tintindex":0},"south":{"uv":[3.66017,2.00005,2.25002,2.07427],"rotation":0,"texture":"#2","tintindex":0},"north":{"uv":[1.91039,2.25002,0.50023,2.32423],"rotation":0,"texture":"#2","tintindex":0},"west":{"uv":[0.69528,2.00005,0.24997,2.07427],"rotation":0,"texture":"#2","tintindex":0},"up":{"uv":[0.0,1.57047,4.66034,0.12498],"rotation":0,"texture":"#2","tintindex":0},"down":{"uv":[0.0,0.12498,4.66034,1.44548],"rotation":0,"texture":"#2","tintindex":0}}},{"from":[8.071428,5.458794,3.7448454],"to":[11.5,5.530223,14.887703],"rotation":{"angle":-22.5,"axis":"x","origin":[8.0,8.815937,6.53056]},"faces":{"east":{"uv":[9.91039,2.25002,8.50023,2.32423],"rotation":0,"texture":"#2","tintindex":0},"south":{"uv":[10.19539,2.12503,9.75008,2.19925],"rotation":0,"texture":"#2","tintindex":0},"north":{"uv":[8.69528,2.00005,8.24997,2.07427],"rotation":0,"texture":"#2","tintindex":0},"west":{"uv":[11.66017,2.00005,10.25002,2.07427],"rotation":0,"texture":"#2","tintindex":0},"up":{"uv":[12.66034,0.12498,8.0,1.57047],"rotation":270,"texture":"#2","tintindex":0},"down":{"uv":[12.66034,1.44548,8.0,0.12498],"rotation":90,"texture":"#2","tintindex":0}}},{"from":[8.071428,3.9945598,6.527337],"to":[11.5,4.0659885,17.670195],"rotation":{"angle":22.5,"axis":"x","origin":[8.0,8.065989,8.027337]},"faces":{"east":{"uv":[1.91039,2.25002,0.50023,2.32423],"rotation":0,"texture":"#2","tintindex":0},"south":{"uv":[2.19539,2.12503,1.75008,2.19925],"rotation":0,"texture":"#2","tintindex":0},"north":{"uv":[0.69528,2.00005,0.24997,2.07427],"rotation":0,"texture":"#2","tintindex":0},"west":{"uv":[3.66017,2.00005,2.25002,2.07427],"rotation":0,"texture":"#2","tintindex":0},"up":{"uv":[4.66034,0.12498,0.0,1.57047],"rotation":270,"texture":"#2","tintindex":0},"down":{"uv":[4.66034,1.44548,0.0,0.12498],"rotation":90,"texture":"#2","tintindex":0}}}],"display":{"head":{"translation":[0.0,-6.4,0.0],"scale":[4.0,4.0,4.0]}}}