{"textures":{"0":"mineinabyss:mobs/ashimite"},"elements":[{"from":[8.438095,5.914489,23.528717],"to":[8.895238,6.8287745,24.900145],"rotation":{"angle":0.0,"axis":"y","origin":[0.6666665,-2.314083,8.900145]},"faces":{"east":{"uv":[4.375,1.75,4.6875,1.9375],"rotation":0,"texture":"#0","tintindex":0},"south":{"uv":[7.875,5.0,7.96875,5.1875],"rotation":0,"texture":"#0","tintindex":0},"north":{"uv":[7.875,4.75,7.96875,4.9375],"rotation":0,"texture":"#0","tintindex":0},"west":{"uv":[7.375,7.125,7.6875,7.3125],"rotation":0,"texture":"#0","tintindex":0},"up":{"uv":[3.21875,7.4375,3.125,7.125],"rotation":0,"texture":"#0","tintindex":0},"down":{"uv":[7.96875,3.625,7.875,3.9375],"rotation":0,"texture":"#0","tintindex":0}}},{"from":[8.438095,4.54306,21.243002],"to":[8.895238,6.8287745,23.528717],"rotation":{"angle":0.0,"axis":"y","origin":[0.6666665,-2.314083,8.900145]},"faces":{"east":{"uv":[5.875,1.75,6.375,2.25],"rotation":0,"texture":"#0","tintindex":0},"south":{"uv":[4.25,7.5,4.34375,8.0],"rotation":0,"texture":"#0","tintindex":0},"north":{"uv":[4.625,7.25,4.71875,7.75],"rotation":0,"texture":"#0","tintindex":0},"west":{"uv":[3.5,6.0,4.0,6.5],"rotation":0,"texture":"#0","tintindex":0},"up":{"uv":[7.34375,8.0,7.25,7.5],"rotation":0,"texture":"#0","tintindex":0},"down":{"uv":[1.84375,7.625,1.75,8.125],"rotation":0,"texture":"#0","tintindex":0}}},{"from":[7.5238094,-0.25694084,19.41443],"to":[8.438095,1.5716314,21.243002],"rotation":{"angle":-45.0,"axis":"x","origin":[7.9809523,4.3144884,17.128716]},"faces":{"east":{"uv":[6.5,6.25,6.90625,6.65625],"rotation":0,"texture":"#0","tintindex":0},"south":{"uv":[5.25,7.125,5.4375,7.53125],"rotation":0,"texture":"#0","tintindex":0},"north":{"uv":[7.125,3.875,7.3125,4.28125],"rotation":0,"texture":"#0","tintindex":0},"west":{"uv":[0.0,6.625,0.40625,7.03125],"rotation":0,"texture":"#0","tintindex":0},"up":{"uv":[6.1875,7.53125,6.0,7.125],"rotation":0,"texture":"#0","tintindex":0},"down":{"uv":[6.4375,7.125,6.25,7.53125],"rotation":0,"texture":"#0","tintindex":0}}},{"from":[7.0666666,5.914489,23.528717],"to":[7.5238094,6.8287745,24.900145],"rotation":{"angle":0.0,"axis":"y","origin":[0.6666665,-2.314083,8.900145]},"faces":{"east":{"uv":[7.375,7.375,7.6875,7.5625],"rotation":0,"texture":"#0","tintindex":0},"south":{"uv":[7.875,5.5,7.96875,5.6875],"rotation":0,"texture":"#0","tintindex":0},"north":{"uv":[7.875,5.25,7.96875,5.4375],"rotation":0,"texture":"#0","tintindex":0},"west":{"uv":[7.5,0.0,7.8125,0.1875],"rotation":0,"texture":"#0","tintindex":0},"up":{"uv":[3.84375,8.1875,3.75,7.875],"rotation":0,"texture":"#0","tintindex":0},"down":{"uv":[3.96875,7.875,3.875,8.1875],"rotation":0,"texture":"#0","tintindex":0}}},{"from":[7.5238094,-1.4944715,20.070438],"to":[8.438095,0.33409977,20.984726],"rotation":{"angle":-22.5,"axis":"x","origin":[7.9809523,6.7341003,19.156155]},"faces":{"east":{"uv":[4.375,7.25,4.5625,7.65625],"rotation":0,"texture":"#0","tintindex":0},"south":{"uv":[5.5,7.25,5.6875,7.65625],"rotation":0,"texture":"#0","tintindex":0},"north":{"uv":[2.5,7.25,2.6875,7.65625],"rotation":0,"texture":"#0","tintindex":0},"west":{"uv":[5.75,7.25,5.9375,7.65625],"rotation":0,"texture":"#0","tintindex":0},"up":{"uv":[4.1875,5.3125,4.0,5.125],"rotation":0,"texture":"#0","tintindex":0},"down":{"uv":[3.0625,5.875,2.875,6.0625],"rotation":0,"texture":"#0","tintindex":0}}},{"from":[7.0666666,4.54306,21.243002],"to":[7.5238094,6.8287745,23.528717],"rotation":{"angle":0.0,"axis":"y","origin":[0.6666665,-2.314083,8.900145]},"faces":{"east":{"uv":[0.0,6.125,0.5,6.625],"rotation":0,"texture":"#0","tintindex":0},"south":{"uv":[7.625,3.75,7.71875,4.25],"rotation":0,"texture":"#0","tintindex":0},"north":{"uv":[3.625,7.625,3.71875,8.125],"rotation":0,"texture":"#0","tintindex":0},"west":{"uv":[0.5,6.125,1.0,6.625],"rotation":0,"texture":"#0","tintindex":0},"up":{"uv":[7.71875,4.75,7.625,4.25],"rotation":0,"texture":"#0","tintindex":0},"down":{"uv":[4.84375,7.625,4.75,8.125],"rotation":0,"texture":"#0","tintindex":0}}},{"from":[7.0666666,0.7912426,21.899012],"to":[8.895238,3.991243,23.727581],"rotation":{"angle":0.0,"axis":"y","origin":[7.5238094,5.685917,16.214432]},"faces":{"east":{"uv":[2.0,5.75,2.40625,6.4375],"rotation":0,"texture":"#0","tintindex":0},"south":{"uv":[5.75,2.25,6.15625,2.9375],"rotation":0,"texture":"#0","tintindex":0},"north":{"uv":[5.25,5.5,5.65625,6.1875],"rotation":0,"texture":"#0","tintindex":0},"west":{"uv":[5.75,3.0,6.15625,3.6875],"rotation":0,"texture":"#0","tintindex":0},"up":{"uv":[7.03125,0.40625,6.625,0.0],"rotation":0,"texture":"#0","tintindex":0},"down":{"uv":[0.90625,6.625,0.5,7.03125],"rotation":0,"texture":"#0","tintindex":0}}},{"from":[5.686095,0.87677383,12.548144],"to":[7.5329523,5.9236317,15.76643],"rotation":{"angle":0.0,"axis":"y","origin":[0.6666665,-2.314083,8.900145]},"faces":{"east":{"uv":[1.5,2.0,2.21875,3.09375],"rotation":0,"texture":"#0","tintindex":0},"south":{"uv":[0.0,4.25,0.40625,5.34375],"rotation":0,"texture":"#0","tintindex":0},"north":{"uv":[3.75,4.0,4.15625,5.09375],"rotation":0,"texture":"#0","tintindex":0},"west":{"uv":[2.25,0.0,2.96875,1.09375],"rotation":0,"texture":"#0","tintindex":0},"up":{"uv":[5.65625,5.46875,5.25,4.75],"rotation":0,"texture":"#0","tintindex":0},"down":{"uv":[0.40625,5.375,0.0,6.09375],"rotation":0,"texture":"#0","tintindex":0}}},{"from":[5.686095,0.87677383,18.491001],"to":[7.5329523,5.9236317,21.709288],"rotation":{"angle":0.0,"axis":"y","origin":[0.6666665,-2.314083,8.900145]},"faces":{"east":{"uv":[2.25,1.125,2.96875,2.21875],"rotation":0,"texture":"#0","tintindex":0},"south":{"uv":[1.0,4.25,1.40625,5.34375],"rotation":0,"texture":"#0","tintindex":0},"north":{"uv":[0.5,4.25,0.90625,5.34375],"rotation":0,"texture":"#0","tintindex":0},"west":{"uv":[2.25,2.25,2.96875,3.34375],"rotation":0,"texture":"#0","tintindex":0},"up":{"uv":[5.78125,0.71875,5.375,0.0],"rotation":0,"texture":"#0","tintindex":0},"down":{"uv":[0.90625,5.375,0.5,6.09375],"rotation":0,"texture":"#0","tintindex":0}}},{"from":[8.428952,0.87677383,18.491001],"to":[10.27581,5.9236317,21.709288],"rotation":{"angle":0.0,"axis":"y","origin":[0.6666665,-2.314083,8.900145]},"faces":{"east":{"uv":[3.0,0.0,3.71875,1.09375],"rotation":0,"texture":"#0","tintindex":0},"south":{"uv":[4.25,2.0,4.65625,3.09375],"rotation":0,"texture":"#0","tintindex":0},"north":{"uv":[1.5,4.25,1.90625,5.34375],"rotation":0,"texture":"#0","tintindex":0},"west":{"uv":[3.0,1.125,3.71875,2.21875],"rotation":0,"texture":"#0","tintindex":0},"up":{"uv":[5.78125,1.46875,5.375,0.75],"rotation":0,"texture":"#0","tintindex":0},"down":{"uv":[1.40625,5.375,1.0,6.09375],"rotation":0,"texture":"#0","tintindex":0}}},{"from":[8.428952,0.87677383,12.548144],"to":[10.27581,5.9236317,15.76643],"rotation":{"angle":0.0,"axis":"y","origin":[0.6666665,-2.314083,8.900145]},"faces":{"east":{"uv":[3.0,2.25,3.71875,3.34375],"rotation":0,"texture":"#0","tintindex":0},"south":{"uv":[4.25,4.25,4.65625,5.34375],"rotation":0,"texture":"#0","tintindex":0},"north":{"uv":[4.25,3.125,4.65625,4.21875],"rotation":0,"texture":"#0","tintindex":0},"west":{"uv":[1.5,3.125,2.21875,4.21875],"rotation":0,"texture":"#0","tintindex":0},"up":{"uv":[1.90625,6.09375,1.5,5.375],"rotation":0,"texture":"#0","tintindex":0},"down":{"uv":[4.40625,5.375,4.0,6.09375],"rotation":0,"texture":"#0","tintindex":0}}},{"from":[6.609524,1.34306,12.100144],"to":[9.809524,5.457346,22.157288],"rotation":{"angle":0.0,"axis":"y","origin":[0.6666665,-2.314083,8.900145]},"faces":{"east":{"uv":[0.0,0.0,2.1875,0.90625],"rotation":0,"texture":"#0","tintindex":0},"south":{"uv":[3.0,3.375,3.6875,4.28125],"rotation":0,"texture":"#0","tintindex":0},"north":{"uv":[2.25,3.375,2.9375,4.28125],"rotation":0,"texture":"#0","tintindex":0},"west":{"uv":[0.0,1.0,2.1875,1.90625],"rotation":0,"texture":"#0","tintindex":0},"up":{"uv":[0.6875,4.1875,0.0,2.0],"rotation":0,"texture":"#0","tintindex":0},"down":{"uv":[1.4375,2.0,0.75,4.1875],"rotation":0,"texture":"#0","tintindex":0}}}],