{"textures":{"0":"mineinabyss:mobs/ashimite"},"elements":[{"from":[5.5885715,0.39100647,14.418066],"to":[6.96,4.04815,16.246637],"rotation":{"angle":-22.5,"axis":"x","origin":[6.502857,2.676721,14.875208]},"faces":{"east":{"uv":[4.75,4.375,5.15625,5.1875],"rotation":0,"texture":"#0","tintindex":0},"south":{"uv":[5.875,0.875,6.1875,1.6875],"rotation":0,"texture":"#0","tintindex":0},"north":{"uv":[5.875,0.0,6.1875,0.8125],"rotation":0,"texture":"#0","tintindex":0},"west":{"uv":[4.875,0.0,5.28125,0.8125],"rotation":0,"texture":"#0","tintindex":0},"up":{"uv":[7.3125,7.40625,7.0,7.0],"rotation":0,"texture":"#0","tintindex":0},"down":{"uv":[0.3125,7.125,0.0,7.53125],"rotation":0,"texture":"#0","tintindex":0}}},{"from":[6.0548573,-1.928957,15.23424],"to":[6.950857,1.7099009,16.587383],"rotation":{"angle":22.5,"axis":"x","origin":[6.502857,0.34761524,15.225096]},"faces":{"east":{"uv":[6.25,2.25,6.53125,3.03125],"rotation":0,"texture":"#0","tintindex":0},"south":{"uv":[6.5,6.75,6.6875,7.53125],"rotation":0,"texture":"#0","tintindex":0},"north":{"uv":[6.75,5.375,6.9375,6.15625],"rotation":0,"texture":"#0","tintindex":0},"west":{"uv":[5.25,6.25,5.53125,7.03125],"rotation":0,"texture":"#0","tintindex":0},"up":{"uv":[3.0625,7.90625,2.875,7.625],"rotation":0,"texture":"#0","tintindex":0},"down":{"uv":[7.8125,3.0,7.625,3.28125],"rotation":0,"texture":"#0","tintindex":0}}},{"from":[6.502857,-3.5926828,14.3503895],"to":[6.96,-1.7641106,15.264676],"rotation":{"angle":0.0,"axis":"y","origin":[0.55999947,0.3938775,3.9056993]},"faces":{"east":{"uv":[7.375,5.125,7.5625,5.53125],"rotation":0,"texture":"#0","tintindex":0},"south":{"uv":[7.875,2.375,7.96875,2.78125],"rotation":0,"texture":"#0","tintindex":0},"north":{"uv":[2.125,7.875,2.21875,8.28125],"rotation":0,"texture":"#0","tintindex":0},"west":{"uv":[7.375,5.625,7.5625,6.03125],"rotation":0,"texture":"#0","tintindex":0},"up":{"uv":[2.96875,8.1875,2.875,8.0],"rotation":0,"texture":"#0","tintindex":0},"down":{"uv":[8.09375,2.875,8.0,3.0625],"rotation":0,"texture":"#0","tintindex":0}}},{"from":[6.502857,-4.5069685,14.3503895],"to":[6.96,-3.5926828,14.807533],"rotation":{"angle":0.0,"axis":"y","origin":[0.55999947,0.3938775,3.9056993]},"faces":{"east":{"uv":[8.0,3.125,8.09375,3.3125],"rotation":0,"texture":"#0","tintindex":0},"south":{"uv":[3.375,8.0,3.46875,8.1875],"rotation":0,"texture":"#0","tintindex":0},"north":{"uv":[3.0,8.0,3.09375,8.1875],"rotation":0,"texture":"#0","tintindex":0},"west":{"uv":[3.5,8.0,3.59375,8.1875],"rotation":0,"texture":"#0","tintindex":0},"up":{"uv":[8.09375,7.21875,8.0,7.125],"rotation":0,"texture":"#0","tintindex":0},"down":{"uv":[7.34375,8.0,7.25,8.09375],"rotation":0,"texture":"#0","tintindex":0}}},{"from":[6.502857,-3.5926828,8.407533],"to":[6.96,-1.7641106,9.321818],"rotation":{"angle":0.0,"axis":"y","origin":[0.55999947,0.3938775,3.9056993]},"faces":{"east":{"uv":[7.375,6.125,7.5625,6.53125],"rotation":0,"texture":"#0","tintindex":0},"south":{"uv":[7.875,2.875,7.96875,3.28125],"rotation":0,"texture":"#0","tintindex":0},"north":{"uv":[2.75,7.875,2.84375,8.28125],"rotation":0,"texture":"#0","tintindex":0},"west":{"uv":[7.375,6.625,7.5625,7.03125],"rotation":0,"texture":"#0","tintindex":0},"up":{"uv":[8.09375,3.8125,8.0,3.625],"rotation":0,"texture":"#0","tintindex":0},"down":{"uv":[8.09375,3.875,8.0,4.0625],"rotation":0,"texture":"#0","tintindex":0}}},{"from":[6.0548573,-1.928957,9.291382],"to":[6.950857,1.7099009,10.644525],"rotation":{"angle":22.5,"axis":"x","origin":[6.502857,0.34761524,9.282239]},"faces":{"east":{"uv":[6.125,6.25,6.40625,7.03125],"rotation":0,"texture":"#0","tintindex":0},"south":{"uv":[2.0,7.0,2.1875,7.78125],"rotation":0,"texture":"#0","tintindex":0},"north":{"uv":[6.75,6.75,6.9375,7.53125],"rotation":0,"texture":"#0","tintindex":0},"west":{"uv":[5.625,6.375,5.90625,7.15625],"rotation":0,"texture":"#0","tintindex":0},"up":{"uv":[3.5625,7.90625,3.375,7.625],"rotation":0,"texture":"#0","tintindex":0},"down":{"uv":[7.8125,3.375,7.625,3.65625],"rotation":0,"texture":"#0","tintindex":0}}},{"from":[5.5885715,0.39100647,8.475208],"to":[6.96,4.04815,10.30378],"rotation":{"angle":-22.5,"axis":"x","origin":[6.502857,2.676721,8.932351]},"faces":{"east":{"uv":[4.875,0.875,5.28125,1.6875],"rotation":0,"texture":"#0","tintindex":0},"south":{"uv":[4.5,5.875,4.8125,6.6875],"rotation":0,"texture":"#0","tintindex":0},"north":{"uv":[2.5,5.875,2.8125,6.6875],"rotation":0,"texture":"#0","tintindex":0},"west":{"uv":[3.5,5.125,3.90625,5.9375],"rotation":0,"texture":"#0","tintindex":0},"up":{"uv":[7.4375,0.40625,7.125,0.0],"rotation":0,"texture":"#0","tintindex":0},"down":{"uv":[0.6875,7.125,0.375,7.53125],"rotation":0,"texture":"#0","tintindex":0}}},{"from":[6.502857,-4.5069685,8.407533],"to":[6.96,-3.5926828,8.8646755],"rotation":{"angle":0.0,"axis":"y","origin":[0.55999947,0.3938775,3.9056993]},"faces":{"east":{"uv":[4.25,8.0,4.34375,8.1875],"rotation":0,"texture":"#0","tintindex":0},"south":{"uv":[8.0,4.375,8.09375,4.5625],"rotation":0,"texture":"#0","tintindex":0},"north":{"uv":[8.0,4.125,8.09375,4.3125],"rotation":0,"texture":"#0","tintindex":0},"west":{"uv":[8.0,4.625,8.09375,4.8125],"rotation":0,"texture":"#0","tintindex":0},"up":{"uv":[8.09375,7.34375,8.0,7.25],"rotation":0,"texture":"#0","tintindex":0},"down":{"uv":[8.09375,7.375,8.0,7.46875],"rotation":0,"texture":"#0","tintindex":0}}}],"display":{"head":{"translation":[0.0,-6.4,0.0],"scale":[4.0,4.0,4.0]}}}