{"textures":{"0":"mineinabyss:mobs/ashimite"},"elements":[{"from":[8.788571,0.39100647,14.418066],"to":[10.16,4.04815,16.246637],"rotation":{"angle":-22.5,"axis":"x","origin":[9.245714,2.676721,14.875208]},"faces":{"east":{"uv":[3.0,4.375,3.40625,5.1875],"rotation":0,"texture":"#0","tintindex":0},"south":{"uv":[5.75,3.75,6.0625,4.5625],"rotation":0,"texture":"#0","tintindex":0},"north":{"uv":[3.125,5.25,3.4375,6.0625],"rotation":0,"texture":"#0","tintindex":0},"west":{"uv":[4.75,1.75,5.15625,2.5625],"rotation":0,"texture":"#0","tintindex":0},"up":{"uv":[7.3125,5.40625,7.0,5.0],"rotation":0,"texture":"#0","tintindex":0},"down":{"uv":[7.3125,5.5,7.0,5.90625],"rotation":0,"texture":"#0","tintindex":0}}},{"from":[8.797714,-1.928957,15.23424],"to":[9.693714,1.7099009,16.587383],"rotation":{"angle":22.5,"axis":"x","origin":[9.245714,0.34761524,15.225096]},"faces":{"east":{"uv":[4.875,5.875,5.15625,6.65625],"rotation":0,"texture":"#0","tintindex":0},"south":{"uv":[6.75,4.5,6.9375,5.28125],"rotation":0,"texture":"#0","tintindex":0},"north":{"uv":[3.25,6.625,3.4375,7.40625],"rotation":0,"texture":"#0","tintindex":0},"west":{"uv":[4.0,6.125,4.28125,6.90625],"rotation":0,"texture":"#0","tintindex":0},"up":{"uv":[7.8125,2.15625,7.625,1.875],"rotation":0,"texture":"#0","tintindex":0},"down":{"uv":[2.4375,7.625,2.25,7.90625],"rotation":0,"texture":"#0","tintindex":0}}},{"from":[8.788571,-3.5926828,14.3503895],"to":[9.245714,-1.7641106,15.264676],"rotation":{"angle":0.0,"axis":"y","origin":[0.55999947,0.3938775,3.9056993]},"faces":{"east":{"uv":[7.375,3.125,7.5625,3.53125],"rotation":0,"texture":"#0","tintindex":0},"south":{"uv":[7.875,0.875,7.96875,1.28125],"rotation":0,"texture":"#0","tintindex":0},"north":{"uv":[0.875,7.875,0.96875,8.28125],"rotation":0,"texture":"#0","tintindex":0},"west":{"uv":[7.375,3.625,7.5625,4.03125],"rotation":0,"texture":"#0","tintindex":0},"up":{"uv":[1.21875,8.1875,1.125,8.0],"rotation":0,"texture":"#0","tintindex":0},"down":{"uv":[8.09375,1.125,8.0,1.3125],"rotation":0,"texture":"#0","tintindex":0}}},{"from":[8.788571,-4.5069685,14.3503895],"to":[9.245714,-3.5926828,14.807533],"rotation":{"angle":0.0,"axis":"y","origin":[0.55999947,0.3938775,3.9056993]},"faces":{"east":{"uv":[1.375,8.0,1.46875,8.1875],"rotation":0,"texture":"#0","tintindex":0},"south":{"uv":[1.5,8.0,1.59375,8.1875],"rotation":0,"texture":"#0","tintindex":0},"north":{"uv":[1.25,8.0,1.34375,8.1875],"rotation":0,"texture":"#0","tintindex":0},"west":{"uv":[1.625,8.0,1.71875,8.1875],"rotation":0,"texture":"#0","tintindex":0},"up":{"uv":[8.09375,6.34375,8.0,6.25],"rotation":0,"texture":"#0","tintindex":0},"down":{"uv":[8.09375,6.375,8.0,6.46875],"rotation":0,"texture":"#0","tintindex":0}}},{"from":[8.788571,0.39100647,8.475208],"to":[10.16,4.04815,10.30378],"rotation":{"angle":-22.5,"axis":"x","origin":[9.245714,2.676721,8.932351]},"faces":{"east":{"uv":[4.75,2.625,5.15625,3.4375],"rotation":0,"texture":"#0","tintindex":0},"south":{"uv":[5.75,5.5,6.0625,6.3125],"rotation":0,"texture":"#0","tintindex":0},"north":{"uv":[5.75,4.625,6.0625,5.4375],"rotation":0,"texture":"#0","tintindex":0},"west":{"uv":[4.75,3.5,5.15625,4.3125],"rotation":0,"texture":"#0","tintindex":0},"up":{"uv":[7.3125,6.40625,7.0,6.0],"rotation":0,"texture":"#0","tintindex":0},"down":{"uv":[7.3125,6.5,7.0,6.90625],"rotation":0,"texture":"#0","tintindex":0}}},{"from":[8.788571,-3.5926828,8.407533],"to":[9.245714,-1.7641106,9.321818],"rotation":{"angle":0.0,"axis":"y","origin":[0.55999947,0.3938775,3.9056993]},"faces":{"east":{"uv":[7.375,4.125,7.5625,4.53125],"rotation":0,"texture":"#0","tintindex":0},"south":{"uv":[2.0,7.875,2.09375,8.28125],"rotation":0,"texture":"#0","tintindex":0},"north":{"uv":[7.875,1.875,7.96875,2.28125],"rotation":0,"texture":"#0","tintindex":0},"west":{"uv":[7.375,4.625,7.5625,5.03125],"rotation":0,"texture":"#0","tintindex":0},"up":{"uv":[8.09375,2.0625,8.0,1.875],"rotation":0,"texture":"#0","tintindex":0},"down":{"uv":[8.09375,2.125,8.0,2.3125],"rotation":0,"texture":"#0","tintindex":0}}},{"from":[8.797714,-1.928957,9.291382],"to":[9.693714,1.7099009,10.644525],"rotation":{"angle":22.5,"axis":"x","origin":[9.245714,0.34761524,9.282239]},"faces":{"east":{"uv":[6.25,0.0,6.53125,0.78125],"rotation":0,"texture":"#0","tintindex":0},"south":{"uv":[5.0,6.75,5.1875,7.53125],"rotation":0,"texture":"#0","tintindex":0},"north":{"uv":[4.75,6.75,4.9375,7.53125],"rotation":0,"texture":"#0","tintindex":0},"west":{"uv":[6.25,0.875,6.53125,1.65625],"rotation":0,"texture":"#0","tintindex":0},"up":{"uv":[7.8125,2.53125,7.625,2.25],"rotation":0,"texture":"#0","tintindex":0},"down":{"uv":[7.8125,2.625,7.625,2.90625],"rotation":0,"texture":"#0","tintindex":0}}},{"from":[8.788571,-4.5069685,8.407533],"to":[9.245714,-3.5926828,8.8646755],"rotation":{"angle":0.0,"axis":"y","origin":[0.55999947,0.3938775,3.9056993]},"faces":{"east":{"uv":[2.375,8.0,2.46875,8.1875],"rotation":0,"texture":"#0","tintindex":0},"south":{"uv":[8.0,2.375,8.09375,2.5625],"rotation":0,"texture":"#0","tintindex":0},"north":{"uv":[2.25,8.0,2.34375,8.1875],"rotation":0,"texture":"#0","tintindex":0},"west":{"uv":[8.0,2.625,8.09375,2.8125],"rotation":0,"texture":"#0","tintindex":0},"up":{"uv":[8.09375,6.59375,8.0,6.5],"rotation":0,"texture":"#0","tintindex":0},"down":{"uv":[8.09375,6.625,8.0,6.71875],"rotation":0,"texture":"#0","tintindex":0}}}],"display":{"head":{"translation":[0.0,-6.4,0.0],"scale":[4.0,4.0,4.0]}}}