{"textures":{"0":"mineinabyss:mobs/stingerhead"},"elements":[{"from":[4.7705603,10.049874,7.1089373],"to":[8.23424,14.008366,9.582994],"rotation":{"angle":0.0,"axis":"y","origin":[-0.63360023,23.530035,26.415522]},"faces":{"east":{"uv":[12.75,7.375,12.875,7.625],"rotation":0,"texture":"#0","tintindex":0},"south":{"uv":[2.375,12.125,2.625,12.375],"rotation":0,"texture":"#0","tintindex":0},"north":{"uv":[12.125,1.75,12.375,2.0],"rotation":0,"texture":"#0","tintindex":0},"west":{"uv":[8.0,12.75,8.125,13.0],"rotation":0,"texture":"#0","tintindex":0},"up":{"uv":[13.0,7.875,12.75,7.75],"rotation":0,"texture":"#0","tintindex":0},"down":{"uv":[8.5,12.75,8.25,12.875],"rotation":0,"texture":"#0","tintindex":0}}},{"from":[8.004389,6.244617,7.9102173],"to":[9.488823,9.213486,11.868709],"rotation":{"angle":0.0,"axis":"y","origin":[-0.63360023,23.530035,26.415522]},"faces":{"east":{"uv":[2.75,12.125,3.0,12.375],"rotation":0,"texture":"#0","tintindex":0},"south":{"uv":[11.25,13.875,11.375,14.125],"rotation":0,"texture":"#0","tintindex":0},"north":{"uv":[10.0,13.875,10.125,14.125],"rotation":0,"texture":"#0","tintindex":0},"west":{"uv":[3.125,12.125,3.375,12.375],"rotation":0,"texture":"#0","tintindex":0},"up":{"uv":[0.75,14.25,0.625,14.0],"rotation":0,"texture":"#0","tintindex":0},"down":{"uv":[1.0,14.0,0.875,14.25],"rotation":0,"texture":"#0","tintindex":0}}},{"from":[8.004389,5.2549944,6.4257827],"to":[8.994012,8.223863,8.405028],"rotation":{"angle":0.0,"axis":"y","origin":[-0.63360023,23.530035,26.415522]},"faces":{"east":{"uv":[12.75,8.625,12.875,8.875],"rotation":0,"texture":"#0","tintindex":0},"south":{"uv":[1.375,14.0,1.5,14.25],"rotation":0,"texture":"#0","tintindex":0},"north":{"uv":[1.125,14.0,1.25,14.25],"rotation":0,"texture":"#0","tintindex":0},"west":{"uv":[12.75,9.0,12.875,9.25],"rotation":0,"texture":"#0","tintindex":0},"up":{"uv":[8.125,14.375,8.0,14.25],"rotation":0,"texture":"#0","tintindex":0},"down":{"uv":[14.375,8.375,14.25,8.5],"rotation":0,"texture":"#0","tintindex":0}}},{"from":[8.004389,4.7601824,5.854354],"to":[8.4992,6.244617,6.843977],"rotation":{"angle":0.0,"axis":"y","origin":[-0.63360023,23.530035,26.415522]},"faces":{"east":{"uv":[2.25,14.625,2.375,14.75],"rotation":0,"texture":"#0","tintindex":0},"south":{"uv":[2.5,14.625,2.625,14.75],"rotation":0,"texture":"#0","tintindex":0},"north":{"uv":[2.0,14.625,2.125,14.75],"rotation":0,"texture":"#0","tintindex":0},"west":{"uv":[14.625,2.5,14.75,2.625],"rotation":0,"texture":"#0","tintindex":0},"up":{"uv":[2.875,14.75,2.75,14.625],"rotation":0,"texture":"#0","tintindex":0},"down":{"uv":[3.125,14.625,3.0,14.75],"rotation":0,"texture":"#0","tintindex":0}}}],"display":{"head":{"translation":[0.0,-6.4,0.0],"scale":[4.0,4.0,4.0]}}}