{"textures":{"0":"mineinabyss:mobs/stingerhead"},"elements":[{"from":[7.76576,10.049874,7.1089373],"to":[11.22944,14.008366,9.582994],"rotation":{"angle":0.0,"axis":"y","origin":[16.711132,23.530035,26.415522]},"faces":{"east":{"uv":[9.25,12.75,9.375,13.0],"rotation":0,"texture":"#0","tintindex":0},"south":{"uv":[3.5,12.125,3.75,12.375],"rotation":0,"texture":"#0","tintindex":0},"north":{"uv":[12.125,3.125,12.375,3.375],"rotation":0,"texture":"#0","tintindex":0},"west":{"uv":[12.75,9.375,12.875,9.625],"rotation":0,"texture":"#0","tintindex":0},"up":{"uv":[9.75,12.875,9.5,12.75],"rotation":0,"texture":"#0","tintindex":0},"down":{"uv":[10.125,12.75,9.875,12.875],"rotation":0,"texture":"#0","tintindex":0}}},{"from":[6.511177,6.244617,7.9102173],"to":[7.995611,9.213486,11.868709],"rotation":{"angle":0.0,"axis":"y","origin":[16.711132,23.530035,26.415522]},"faces":{"east":{"uv":[12.125,3.5,12.375,3.75],"rotation":0,"texture":"#0","tintindex":0},"south":{"uv":[2.625,14.0,2.75,14.25],"rotation":0,"texture":"#0","tintindex":0},"north":{"uv":[2.375,14.0,2.5,14.25],"rotation":0,"texture":"#0","tintindex":0},"west":{"uv":[3.875,12.125,4.125,12.375],"rotation":0,"texture":"#0","tintindex":0},"up":{"uv":[14.125,2.875,14.0,2.625],"rotation":0,"texture":"#0","tintindex":0},"down":{"uv":[3.0,14.0,2.875,14.25],"rotation":0,"texture":"#0","tintindex":0}}},{"from":[7.0059886,5.2549944,6.4257827],"to":[7.995611,8.223863,8.405028],"rotation":{"angle":0.0,"axis":"y","origin":[16.711132,23.530035,26.415522]},"faces":{"east":{"uv":[10.25,12.75,10.375,13.0],"rotation":0,"texture":"#0","tintindex":0},"south":{"uv":[3.625,14.0,3.75,14.25],"rotation":0,"texture":"#0","tintindex":0},"north":{"uv":[3.375,14.0,3.5,14.25],"rotation":0,"texture":"#0","tintindex":0},"west":{"uv":[10.5,12.75,10.625,13.0],"rotation":0,"texture":"#0","tintindex":0},"up":{"uv":[14.375,8.75,14.25,8.625],"rotation":0,"texture":"#0","tintindex":0},"down":{"uv":[14.375,8.875,14.25,9.0],"rotation":0,"texture":"#0","tintindex":0}}},{"from":[7.5008,4.7601824,5.854354],"to":[7.995611,6.244617,6.843977],"rotation":{"angle":0.0,"axis":"y","origin":[16.711132,23.530035,26.415522]},"faces":{"east":{"uv":[4.0,14.625,4.125,14.75],"rotation":0,"texture":"#0","tintindex":0},"south":{"uv":[4.25,14.625,4.375,14.75],"rotation":0,"texture":"#0","tintindex":0},"north":{"uv":[3.75,14.625,3.875,14.75],"rotation":0,"texture":"#0","tintindex":0},"west":{"uv":[14.625,4.25,14.75,4.375],"rotation":0,"texture":"#0","tintindex":0},"up":{"uv":[14.75,4.625,14.625,4.5],"rotation":0,"texture":"#0","tintindex":0},"down":{"uv":[14.75,4.75,14.625,4.875],"rotation":0,"texture":"#0","tintindex":0}}}],"display":{"head":{"translation":[0.0,-6.4,0.0],"scale":[4.0,4.0,4.0]}}}