{"textures":{"0":"mineinabyss:mobs/stingerhead"},"elements":[{"from":[7.9841714,23.501785,1.586894],"to":[8.726389,24.491407,6.5350084],"rotation":{"angle":-45.0,"axis":"x","origin":[17.42408,23.531681,25.720472]},"faces":{"east":{"uv":[13.375,6.875,13.625,7.0],"rotation":0,"texture":"#0","tintindex":0},"south":{"uv":[0.5,14.625,0.625,14.75],"rotation":0,"texture":"#0","tintindex":0},"north":{"uv":[14.625,0.25,14.75,0.375],"rotation":0,"texture":"#0","tintindex":0},"west":{"uv":[7.375,13.375,7.625,13.5],"rotation":0,"texture":"#0","tintindex":0},"up":{"uv":[7.875,13.625,7.75,13.375],"rotation":0,"texture":"#0","tintindex":0},"down":{"uv":[8.125,13.375,8.0,13.625],"rotation":0,"texture":"#0","tintindex":0}}},{"from":[7.2736115,7.059316,4.5878773],"to":[8.015828,7.851019,7.2598543],"rotation":{"angle":0.0,"axis":"y","origin":[17.42408,23.531681,25.720472]},"faces":{"east":{"uv":[14.25,2.75,14.375,2.875],"rotation":0,"texture":"#0","tintindex":0},"south":{"uv":[0.75,14.625,0.875,14.75],"rotation":0,"texture":"#0","tintindex":0},"north":{"uv":[14.625,0.5,14.75,0.625],"rotation":0,"texture":"#0","tintindex":0},"west":{"uv":[14.25,4.0,14.375,4.125],"rotation":0,"texture":"#0","tintindex":0},"up":{"uv":[5.125,14.375,5.0,14.25],"rotation":0,"texture":"#0","tintindex":0},"down":{"uv":[5.375,14.25,5.25,14.375],"rotation":0,"texture":"#0","tintindex":0}}}],"display":{"head":{"translation":[0.0,-6.4,0.0],"scale":[4.0,4.0,4.0]}}}