{"textures":{"0":"mineinabyss:mobs/stingerhead"},"elements":[{"from":[2.1176052,5.8345313,7.62496],"to":[5.343777,8.269023,9.297417],"rotation":{"angle":22.5,"axis":"z","origin":[2.1498342,22.598623,18.242971]},"faces":{"east":{"uv":[12.75,14.5,12.875,14.625],"rotation":0,"texture":"#0","tintindex":0},"south":{"uv":[7.125,13.125,7.375,13.25],"rotation":0,"texture":"#0","tintindex":0},"north":{"uv":[6.75,13.125,7.0,13.25],"rotation":0,"texture":"#0","tintindex":0},"west":{"uv":[14.5,12.75,14.625,12.875],"rotation":0,"texture":"#0","tintindex":0},"up":{"uv":[10.875,14.25,10.625,14.125],"rotation":0,"texture":"#0","tintindex":0},"down":{"uv":[14.375,10.875,14.125,11.0],"rotation":0,"texture":"#0","tintindex":0}}}],"display":{"head":{"translation":[0.0,-6.4,0.0],"scale":[4.0,4.0,4.0]}}}