{"textures":{"0":"mineinabyss:mobs/stingerhead"},"elements":[{"from":[9.638608,4.3986835,7.0494857],"to":[14.1315,5.7445803,8.950515],"rotation":{"angle":-22.5,"axis":"z","origin":[16.446335,20.610706,17.896069]},"faces":{"east":{"uv":[12.75,14.75,12.875,14.875],"rotation":0,"texture":"#0","tintindex":0},"south":{"uv":[3.125,13.625,3.375,13.75],"rotation":0,"texture":"#0","tintindex":0},"north":{"uv":[13.5,7.875,13.75,8.0],"rotation":0,"texture":"#0","tintindex":0},"west":{"uv":[14.75,13.5,14.875,13.625],"rotation":0,"texture":"#0","tintindex":0},"up":{"uv":[13.875,4.0,13.625,3.875],"rotation":0,"texture":"#0","tintindex":0},"down":{"uv":[4.25,13.625,4.0,13.75],"rotation":0,"texture":"#0","tintindex":0}}}],"display":{"head":{"translation":[0.0,-6.4,0.0],"scale":[4.0,4.0,4.0]}}}