{"textures":{"0":"mineinabyss:mobs/stingerhead"},"elements":[{"from":[-2.5850277,18.096024,7.327051],"to":[2.7985153,19.441921,8.672949],"rotation":{"angle":45.0,"axis":"z","origin":[18.383202,18.320755,0.4287429]},"faces":{"east":{"uv":[12.25,14.75,12.375,14.875],"rotation":0,"texture":"#0","tintindex":0},"south":{"uv":[2.625,13.25,3.0,13.375],"rotation":0,"texture":"#0","tintindex":0},"north":{"uv":[13.25,2.375,13.625,2.5],"rotation":0,"texture":"#0","tintindex":0},"west":{"uv":[14.75,12.375,14.875,12.5],"rotation":0,"texture":"#0","tintindex":0},"up":{"uv":[13.625,2.75,13.25,2.625],"rotation":0,"texture":"#0","tintindex":0},"down":{"uv":[13.625,2.875,13.25,3.0],"rotation":0,"texture":"#0","tintindex":0}}}],"display":{"head":{"translation":[0.0,-6.4,0.0],"scale":[4.0,4.0,4.0]}}}