{"textures":{"0":"mineinabyss:mobs/stingerhead"},"elements":[{"from":[13.517547,1.8462005,7.50024],"to":[14.863443,6.3390923,8.49976],"rotation":{"angle":-22.5,"axis":"z","origin":[20.917044,21.607183,17.771875]},"faces":{"east":{"uv":[5.125,13.625,5.25,13.875],"rotation":0,"texture":"#0","tintindex":0},"south":{"uv":[5.375,13.625,5.5,13.875],"rotation":0,"texture":"#0","tintindex":0},"north":{"uv":[13.625,4.375,13.75,4.625],"rotation":0,"texture":"#0","tintindex":0},"west":{"uv":[5.625,13.625,5.75,13.875],"rotation":0,"texture":"#0","tintindex":0},"up":{"uv":[13.875,14.875,13.75,14.75],"rotation":0,"texture":"#0","tintindex":0},"down":{"uv":[14.125,14.75,14.0,14.875],"rotation":0,"texture":"#0","tintindex":0}}}],"display":{"head":{"translation":[0.0,-6.4,0.0],"scale":[4.0,4.0,4.0]}}}