{"textures":{"0":"mineinabyss:mobs/stingerhead"},"elements":[{"from":[9.880747,11.488499,6.623943],"to":[17.79773,13.467745,9.376057],"rotation":{"angle":-22.5,"axis":"z","origin":[1.9488153,13.425916,10.76088]},"faces":{"east":{"uv":[13.75,2.5,13.875,2.625],"rotation":0,"texture":"#0","tintindex":0},"south":{"uv":[11.125,8.0,11.625,8.125],"rotation":0,"texture":"#0","tintindex":0},"north":{"uv":[11.125,7.75,11.625,7.875],"rotation":0,"texture":"#0","tintindex":0},"west":{"uv":[2.625,13.75,2.75,13.875],"rotation":0,"texture":"#0","tintindex":0},"up":{"uv":[8.75,11.25,8.25,11.125],"rotation":0,"texture":"#0","tintindex":0},"down":{"uv":[11.625,8.25,11.125,8.375],"rotation":0,"texture":"#0","tintindex":0}}}],"display":{"head":{"translation":[0.0,-6.4,0.0],"scale":[4.0,4.0,4.0]}}}