{"textures":{"0":"mineinabyss:entity/mobs/stingerhead"},"elements":[{"from":[2.4179335,-1.1078463,7.3072686],"to":[4.2487454,6.8091373,8.692732],"rotation":{"angle":22.5,"axis":"z","origin":[-7.2771072,17.155766,2.4574628]},"faces":{"east":{"uv":[12.625,12.5,12.75,13.0],"rotation":0,"texture":"#0","tintindex":0},"south":{"uv":[0.75,11.25,0.875,11.75],"rotation":0,"texture":"#0","tintindex":0},"north":{"uv":[9.875,11.125,10.0,11.625],"rotation":0,"texture":"#0","tintindex":0},"west":{"uv":[0.5,12.75,0.625,13.25],"rotation":0,"texture":"#0","tintindex":0},"up":{"uv":[14.625,10.25,14.5,10.125],"rotation":0,"texture":"#0","tintindex":0},"down":{"uv":[10.375,14.5,10.25,14.625],"rotation":0,"texture":"#0","tintindex":0}}}],"display":{"head":{"translation":[0.0,-6.4,0.0],"scale":[4.0,4.0,4.0]}}}
