{"textures":{"0":"mineinabyss:entity/mobs/stingerhead"},"elements":[{"from":[1.5548215,0.9343772,7.3270626],"to":[2.9006958,6.3179197,8.672937],"rotation":{"angle":22.5,"axis":"z","origin":[-5.88054,20.322582,15.075155]},"faces":{"east":{"uv":[11.0,13.25,11.125,13.625],"rotation":0,"texture":"#0","tintindex":0},"south":{"uv":[11.5,13.25,11.625,13.625],"rotation":0,"texture":"#0","tintindex":0},"north":{"uv":[10.75,13.25,10.875,13.625],"rotation":0,"texture":"#0","tintindex":0},"west":{"uv":[11.75,13.25,11.875,13.625],"rotation":0,"texture":"#0","tintindex":0},"up":{"uv":[15.0,5.125,14.875,5.0],"rotation":0,"texture":"#0","tintindex":0},"down":{"uv":[15.0,5.25,14.875,5.375],"rotation":0,"texture":"#0","tintindex":0}}}],"display":{"head":{"translation":[0.0,-6.4,0.0],"scale":[4.0,4.0,4.0]}}}
