{"textures":{"0":"mineinabyss:mobs/stingerhead"},"elements":[{"from":[-16.0,-4.626401,6.7214856],"to":[-12.1725235,0.42740536,12.881304],"rotation":{"angle":-45.0,"axis":"x","origin":[-9.00745,9.078972,-3.244092]},"faces":{"east":{"uv":[9.75,7.25,10.125,7.5],"rotation":0,"texture":"#0","tintindex":0},"south":{"uv":[11.375,10.875,11.625,11.125],"rotation":0,"texture":"#0","tintindex":0},"north":{"uv":[10.625,11.375,10.875,11.625],"rotation":0,"texture":"#0","tintindex":0},"west":{"uv":[9.75,7.625,10.125,7.875],"rotation":0,"texture":"#0","tintindex":0},"up":{"uv":[11.125,1.125,10.875,0.75],"rotation":0,"texture":"#0","tintindex":0},"down":{"uv":[1.25,10.875,1.0,11.25],"rotation":0,"texture":"#0","tintindex":0}}},{"from":[-15.851564,-1.7067204,7.2555885],"to":[-12.073574,2.703817,13.415383],"rotation":{"angle":-22.5,"axis":"x","origin":[-9.00745,9.078972,-3.244092]},"faces":{"east":{"uv":[9.75,8.0,10.125,8.25],"rotation":0,"texture":"#0","tintindex":0},"south":{"uv":[2.125,11.5,2.375,11.75],"rotation":0,"texture":"#0","tintindex":0},"north":{"uv":[11.375,11.25,11.625,11.5],"rotation":0,"texture":"#0","tintindex":0},"west":{"uv":[9.75,8.75,10.125,9.0],"rotation":0,"texture":"#0","tintindex":0},"up":{"uv":[11.125,1.625,10.875,1.25],"rotation":0,"texture":"#0","tintindex":0},"down":{"uv":[2.875,10.875,2.625,11.25],"rotation":0,"texture":"#0","tintindex":0}}}],"display":{"head":{"translation":[-4.5355988,-6.4,0.0],"scale":[4.0,4.0,4.0]}}}