{"textures":{"0":"mineinabyss:mobs/stingerhead"},"elements":[{"from":[-5.611864,0.71537685,9.328632],"to":[0.2625599,6.589777,15.499924],"rotation":{"angle":0.0,"axis":"y","origin":[2.8070397,-9.555481,19.415764]},"faces":{"east":{"uv":[8.25,7.375,8.625,7.75],"rotation":0,"texture":"#0","tintindex":0},"south":{"uv":[8.375,3.75,8.75,4.125],"rotation":0,"texture":"#0","tintindex":0},"north":{"uv":[8.25,6.875,8.625,7.25],"rotation":0,"texture":"#0","tintindex":0},"west":{"uv":[8.375,4.25,8.75,4.625],"rotation":0,"texture":"#0","tintindex":0},"up":{"uv":[8.75,8.25,8.375,7.875],"rotation":0,"texture":"#0","tintindex":0},"down":{"uv":[8.75,8.375,8.375,8.75],"rotation":0,"texture":"#0","tintindex":0}}},{"from":[-4.622241,8.101983,16.221455],"to":[-0.7270632,11.997137,16.949821],"rotation":{"angle":-22.5,"axis":"x","origin":[2.8070397,-9.555481,19.415764]},"faces":{"east":{"uv":[14.0,7.0,14.125,7.25],"rotation":0,"texture":"#0","tintindex":0},"south":{"uv":[12.125,6.25,12.375,6.5],"rotation":0,"texture":"#0","tintindex":0},"north":{"uv":[6.125,12.125,6.375,12.375],"rotation":0,"texture":"#0","tintindex":0},"west":{"uv":[7.25,14.0,7.375,14.25],"rotation":0,"texture":"#0","tintindex":0},"up":{"uv":[14.25,7.5,14.0,7.375],"rotation":0,"texture":"#0","tintindex":0},"down":{"uv":[14.25,8.125,14.0,8.25],"rotation":0,"texture":"#0","tintindex":0}}},{"from":[-4.127429,7.001343,16.864815],"to":[-1.2218752,9.906875,19.077616],"rotation":{"angle":-22.5,"axis":"x","origin":[2.8070397,-9.555481,19.415764]},"faces":{"east":{"uv":[3.0,12.875,3.125,13.125],"rotation":0,"texture":"#0","tintindex":0},"south":{"uv":[12.125,6.625,12.375,6.875],"rotation":0,"texture":"#0","tintindex":0},"north":{"uv":[6.5,12.125,6.75,12.375],"rotation":0,"texture":"#0","tintindex":0},"west":{"uv":[12.875,3.125,13.0,3.375],"rotation":0,"texture":"#0","tintindex":0},"up":{"uv":[13.125,2.25,12.875,2.125],"rotation":0,"texture":"#0","tintindex":0},"down":{"uv":[3.5,12.875,3.25,13.0],"rotation":0,"texture":"#0","tintindex":0}}},{"from":[-4.436984,1.8898683,6.378758],"to":[-0.91232014,6.5893884,9.903421],"rotation":{"angle":22.5,"axis":"x","origin":[2.8070397,-9.555481,19.415764]},"faces":{"east":{"uv":[10.125,11.5,10.375,11.75],"rotation":0,"texture":"#0","tintindex":0},"south":{"uv":[0.0,11.625,0.25,11.875],"rotation":0,"texture":"#0","tintindex":0},"north":{"uv":[11.5,8.875,11.75,9.125],"rotation":0,"texture":"#0","tintindex":0},"west":{"uv":[0.375,11.625,0.625,11.875],"rotation":0,"texture":"#0","tintindex":0},"up":{"uv":[7.125,12.375,6.875,12.125],"rotation":0,"texture":"#0","tintindex":0},"down":{"uv":[7.5,12.125,7.25,12.375],"rotation":0,"texture":"#0","tintindex":0}}},{"from":[-3.942172,3.758874,18.324747],"to":[-1.4071321,5.304269,20.798805],"rotation":{"angle":-45.0,"axis":"x","origin":[2.8070397,-9.555481,19.415764]},"faces":{"east":{"uv":[3.375,14.375,3.5,14.5],"rotation":0,"texture":"#0","tintindex":0},"south":{"uv":[3.625,14.375,3.75,14.5],"rotation":0,"texture":"#0","tintindex":0},"north":{"uv":[2.875,14.375,3.0,14.5],"rotation":0,"texture":"#0","tintindex":0},"west":{"uv":[4.125,14.375,4.25,14.5],"rotation":0,"texture":"#0","tintindex":0},"up":{"uv":[6.75,8.5,6.625,8.375],"rotation":0,"texture":"#0","tintindex":0},"down":{"uv":[10.25,9.375,10.125,9.5],"rotation":0,"texture":"#0","tintindex":0}}},{"from":[-2.952549,3.0803823,11.111787],"to":[-2.3967552,3.6361542,13.091032],"rotation":{"angle":-22.5,"axis":"x","origin":[2.8070397,-9.555481,19.415764]},"faces":{"east":{"uv":[14.375,4.25,14.5,4.375],"rotation":0,"texture":"#0","tintindex":0},"south":{"uv":[6.375,14.75,6.5,14.875],"rotation":0,"texture":"#0","tintindex":0},"north":{"uv":[14.75,6.25,14.875,6.375],"rotation":0,"texture":"#0","tintindex":0},"west":{"uv":[4.375,14.375,4.5,14.5],"rotation":0,"texture":"#0","tintindex":0},"up":{"uv":[14.5,4.625,14.375,4.5],"rotation":0,"texture":"#0","tintindex":0},"down":{"uv":[14.5,4.75,14.375,4.875],"rotation":0,"texture":"#0","tintindex":0}}}],"display":{"head":{"translation":[0.0,-6.4,0.0],"scale":[4.0,4.0,4.0]}}}