{"textures":{"0":"mineinabyss:mobs/stingerhead"},"elements":[{"from":[-7.0538063,-4.626401,6.7214856],"to":[-3.2263317,0.42740536,12.881304],"rotation":{"angle":-45.0,"axis":"x","origin":[-10.14135,9.078972,-3.244092]},"faces":{"east":{"uv":[2.75,4.625,3.125,4.875],"rotation":0,"texture":"#0","tintindex":0},"south":{"uv":[3.375,11.375,3.625,11.625],"rotation":0,"texture":"#0","tintindex":0},"north":{"uv":[3.0,11.375,3.25,11.625],"rotation":0,"texture":"#0","tintindex":0},"west":{"uv":[9.75,4.625,10.125,4.875],"rotation":0,"texture":"#0","tintindex":0},"up":{"uv":[10.125,11.0,9.875,10.625],"rotation":0,"texture":"#0","tintindex":0},"down":{"uv":[10.875,10.375,10.625,10.75],"rotation":0,"texture":"#0","tintindex":0}}},{"from":[-7.1527557,-1.7067204,7.2555885],"to":[-3.3747663,2.703817,13.415383],"rotation":{"angle":-22.5,"axis":"x","origin":[-10.14135,9.078972,-3.244092]},"faces":{"east":{"uv":[5.0,9.75,5.375,10.0],"rotation":0,"texture":"#0","tintindex":0},"south":{"uv":[4.125,11.375,4.375,11.625],"rotation":0,"texture":"#0","tintindex":0},"north":{"uv":[3.75,11.375,4.0,11.625],"rotation":0,"texture":"#0","tintindex":0},"west":{"uv":[9.75,5.0,10.125,5.25],"rotation":0,"texture":"#0","tintindex":0},"up":{"uv":[1.625,11.125,1.375,10.75],"rotation":0,"texture":"#0","tintindex":0},"down":{"uv":[11.0,3.375,10.75,3.75],"rotation":0,"texture":"#0","tintindex":0}}}],"display":{"head":{"translation":[0.0,-6.4,0.0],"scale":[4.0,4.0,4.0]}}}