{"textures":{"0":"mineinabyss:mobs/uibuta"},"elements":[{"from":[2.5718617,4.313474,5.709199],"to":[6.571862,11.170617,10.280628],"rotation":{"angle":0.0,"axis":"y","origin":[-1.4281378,4.313474,1.709199]},"faces":{"east":{"uv":[1.75,7.125,2.75,8.625],"rotation":0,"texture":"#0","tintindex":0},"south":{"uv":[3.625,7.875,4.5,9.375],"rotation":0,"texture":"#0","tintindex":0},"north":{"uv":[2.75,7.875,3.625,9.375],"rotation":0,"texture":"#0","tintindex":0},"west":{"uv":[6.25,7.125,7.25,8.625],"rotation":0,"texture":"#0","tintindex":0},"up":{"uv":[10.25,1.0,9.375,0.0],"rotation":0,"texture":"#0","tintindex":0},"down":{"uv":[3.625,9.375,2.75,10.375],"rotation":0,"texture":"#0","tintindex":0}}},{"from":[9.429005,4.313474,5.709199],"to":[13.429005,11.170617,10.280628],"rotation":{"angle":0.0,"axis":"y","origin":[-1.4281378,4.313474,1.709199]},"faces":{"east":{"uv":[7.25,0.0,8.25,1.5],"rotation":0,"texture":"#0","tintindex":0},"south":{"uv":[5.375,7.875,6.25,9.375],"rotation":0,"texture":"#0","tintindex":0},"north":{"uv":[4.5,7.875,5.375,9.375],"rotation":0,"texture":"#0","tintindex":0},"west":{"uv":[7.25,7.0,8.25,8.5],"rotation":0,"texture":"#0","tintindex":0},"up":{"uv":[4.5,10.375,3.625,9.375],"rotation":0,"texture":"#0","tintindex":0},"down":{"uv":[5.375,9.375,4.5,10.375],"rotation":0,"texture":"#0","tintindex":0}}},{"from":[3.14329,0.8849025,6.2806277],"to":[6.0004334,4.313474,9.709199],"rotation":{"angle":0.0,"axis":"y","origin":[-1.4281378,4.313474,1.709199]},"faces":{"east":{"uv":[5.25,10.375,6.0,11.125],"rotation":0,"texture":"#0","tintindex":0},"south":{"uv":[0.625,10.75,1.25,11.5],"rotation":0,"texture":"#0","tintindex":0},"north":{"uv":[9.125,10.375,9.75,11.125],"rotation":0,"texture":"#0","tintindex":0},"west":{"uv":[10.375,5.375,11.125,6.125],"rotation":0,"texture":"#0","tintindex":0},"up":{"uv":[7.375,11.5,6.75,10.75],"rotation":0,"texture":"#0","tintindex":0},"down":{"uv":[1.875,10.875,1.25,11.625],"rotation":0,"texture":"#0","tintindex":0}}},{"from":[10.000434,0.8849025,6.2806277],"to":[12.857576,4.313474,9.709199],"rotation":{"angle":0.0,"axis":"y","origin":[-1.4281378,4.313474,1.709199]},"faces":{"east":{"uv":[6.0,10.375,6.75,11.125],"rotation":0,"texture":"#0","tintindex":0},"south":{"uv":[9.75,10.875,10.375,11.625],"rotation":0,"texture":"#0","tintindex":0},"north":{"uv":[1.875,10.875,2.5,11.625],"rotation":0,"texture":"#0","tintindex":0},"west":{"uv":[8.375,10.375,9.125,11.125],"rotation":0,"texture":"#0","tintindex":0},"up":{"uv":[0.625,11.75,0.0,11.0],"rotation":0,"texture":"#0","tintindex":0},"down":{"uv":[8.0,11.0,7.375,11.75],"rotation":0,"texture":"#0","tintindex":0}}},{"from":[2.5718617,0.8563309,5.709199],"to":[6.571862,1.9991884,9.137771],"rotation":{"angle":0.0,"axis":"y","origin":[7.7147193,13.42776,10.8520565]},"faces":{"east":{"uv":[10.25,7.625,11.0,7.875],"rotation":0,"texture":"#0","tintindex":0},"south":{"uv":[0.625,9.875,1.5,10.125],"rotation":0,"texture":"#0","tintindex":0},"north":{"uv":[7.5,4.75,8.375,5.0],"rotation":0,"texture":"#0","tintindex":0},"west":{"uv":[11.25,1.0,12.0,1.25],"rotation":0,"texture":"#0","tintindex":0},"up":{"uv":[2.625,10.875,1.75,10.125],"rotation":0,"texture":"#0","tintindex":0},"down":{"uv":[11.125,0.0,10.25,0.75],"rotation":0,"texture":"#0","tintindex":0}}},{"from":[9.429005,0.8563309,5.709199],"to":[13.429005,1.9991884,9.137771],"rotation":{"angle":0.0,"axis":"y","origin":[7.7147193,13.42776,10.8520565]},"faces":{"east":{"uv":[11.25,1.25,12.0,1.5],"rotation":0,"texture":"#0","tintindex":0},"south":{"uv":[10.375,11.125,11.25,11.375],"rotation":0,"texture":"#0","tintindex":0},"north":{"uv":[10.5,4.5,11.375,4.75],"rotation":0,"texture":"#0","tintindex":0},"west":{"uv":[11.25,11.125,12.0,11.375],"rotation":0,"texture":"#0","tintindex":0},"up":{"uv":[11.125,4.125,10.25,3.375],"rotation":0,"texture":"#0","tintindex":0},"down":{"uv":[11.125,6.875,10.25,7.625],"rotation":0,"texture":"#0","tintindex":0}}},{"from":[10.000434,0.8849025,13.7092],"to":[12.857576,4.313474,17.137772],"rotation":{"angle":0.0,"axis":"y","origin":[8.286148,13.456331,10.8520565]},"faces":{"east":{"uv":[10.375,8.875,11.125,9.625],"rotation":0,"texture":"#0","tintindex":0},"south":{"uv":[11.125,0.0,11.75,0.75],"rotation":0,"texture":"#0","tintindex":0},"north":{"uv":[11.0,7.625,11.625,8.375],"rotation":0,"texture":"#0","tintindex":0},"west":{"uv":[10.375,9.625,11.125,10.375],"rotation":0,"texture":"#0","tintindex":0},"up":{"uv":[11.75,2.625,11.125,1.875],"rotation":0,"texture":"#0","tintindex":0},"down":{"uv":[3.125,11.125,2.5,11.875],"rotation":0,"texture":"#0","tintindex":0}}},{"from":[9.429005,0.8563309,13.137771],"to":[13.429005,1.9991884,16.566341],"rotation":{"angle":0.0,"axis":"y","origin":[8.286148,13.42776,10.8520565]},"faces":{"east":{"uv":[11.375,4.5,12.125,4.75],"rotation":0,"texture":"#0","tintindex":0},"south":{"uv":[11.125,10.625,12.0,10.875],"rotation":0,"texture":"#0","tintindex":0},"north":{"uv":[11.125,10.375,12.0,10.625],"rotation":0,"texture":"#0","tintindex":0},"west":{"uv":[11.375,4.75,12.125,5.0],"rotation":0,"texture":"#0","tintindex":0},"up":{"uv":[11.25,1.5,10.375,0.75],"rotation":0,"texture":"#0","tintindex":0},"down":{"uv":[3.5,10.375,2.625,11.125],"rotation":0,"texture":"#0","tintindex":0}}},{"from":[2.5718617,4.313474,13.137771],"to":[6.571862,14.0277605,17.7092],"rotation":{"angle":0.0,"axis":"y","origin":[-1.4281378,4.313474,1.709199]},"faces":{"east":{"uv":[1.875,3.5,2.875,5.625],"rotation":0,"texture":"#0","tintindex":0},"south":{"uv":[6.375,0.0,7.25,2.125],"rotation":0,"texture":"#0","tintindex":0},"north":{"uv":[6.25,5.0,7.125,7.125],"rotation":0,"texture":"#0","tintindex":0},"west":{"uv":[3.25,5.75,4.25,7.875],"rotation":0,"texture":"#0","tintindex":0},"up":{"uv":[6.25,10.375,5.375,9.375],"rotation":0,"texture":"#0","tintindex":0},"down":{"uv":[7.125,9.375,6.25,10.375],"rotation":0,"texture":"#0","tintindex":0}}},{"from":[3.14329,0.8849025,13.7092],"to":[6.0004334,4.313474,17.137772],"rotation":{"angle":0.0,"axis":"y","origin":[-1.4281378,4.313474,1.709199]},"faces":{"east":{"uv":[10.375,10.375,11.125,11.125],"rotation":0,"texture":"#0","tintindex":0},"south":{"uv":[3.125,11.125,3.75,11.875],"rotation":0,"texture":"#0","tintindex":0},"north":{"uv":[11.125,3.0,11.75,3.75],"rotation":0,"texture":"#0","tintindex":0},"west":{"uv":[10.625,6.125,11.375,6.875],"rotation":0,"texture":"#0","tintindex":0},"up":{"uv":[4.375,11.875,3.75,11.125],"rotation":0,"texture":"#0","tintindex":0},"down":{"uv":[5.0,11.125,4.375,11.875],"rotation":0,"texture":"#0","tintindex":0}}},{"from":[2.5718617,0.8563309,13.137771],"to":[6.571862,1.9991884,16.566341],"rotation":{"angle":0.0,"axis":"y","origin":[7.7147193,13.42776,10.8520565]},"faces":{"east":{"uv":[11.375,5.0,12.125,5.25],"rotation":0,"texture":"#0","tintindex":0},"south":{"uv":[11.25,0.75,12.125,1.0],"rotation":0,"texture":"#0","tintindex":0},"north":{"uv":[11.125,10.875,12.0,11.125],"rotation":0,"texture":"#0","tintindex":0},"west":{"uv":[11.375,6.0,12.125,6.25],"rotation":0,"texture":"#0","tintindex":0},"up":{"uv":[4.375,11.125,3.5,10.375],"rotation":0,"texture":"#0","tintindex":0},"down":{"uv":[5.25,10.375,4.375,11.125],"rotation":0,"texture":"#0","tintindex":0}}},{"from":[9.429005,4.313474,13.137771],"to":[13.429005,14.0277605,17.7092],"rotation":{"angle":0.0,"axis":"y","origin":[8.286148,13.456331,10.8520565]},"faces":{"east":{"uv":[4.25,5.75,5.25,7.875],"rotation":0,"texture":"#0","tintindex":0},"south":{"uv":[0.875,7.125,1.75,9.25],"rotation":0,"texture":"#0","tintindex":0},"north":{"uv":[0.0,7.125,0.875,9.25],"rotation":0,"texture":"#0","tintindex":0},"west":{"uv":[5.25,5.75,6.25,7.875],"rotation":0,"texture":"#0","tintindex":0},"up":{"uv":[10.25,7.875,9.375,6.875],"rotation":0,"texture":"#0","tintindex":0},"down":{"uv":[10.375,1.0,9.5,2.0],"rotation":0,"texture":"#0","tintindex":0}}},{"from":[4.2861476,10.064789,-4.072401],"to":[11.71472,13.4933605,-2.3581152],"rotation":{"angle":0.0,"axis":"y","origin":[8.000434,14.313475,3.209199]},