{"textures":{"2":"mineinabyss:mobs/squidfly/wings_fly"},"elements":[{"from":[-13.75,3.625,0.5],"to":[5.75,3.75,6.5],"faces":{"east":{"uv":[8.24997,2.07427,8.69528,2.00005],"tintindex":0,"rotation":0,"texture":"#2"},"south":{"uv":[10.25002,2.07427,11.66017,2.00005],"tintindex":0,"rotation":0,"texture":"#2"},"north":{"uv":[8.50023,2.32423,9.91039,2.25002],"tintindex":0,"rotation":0,"texture":"#2"},"west":{"uv":[9.75008,2.19925,10.19539,2.12503],"tintindex":0,"rotation":0,"texture":"#2"},"up":{"uv":[12.66034,1.44548,8.0,0.12498],"tintindex":0,"rotation":0,"texture":"#2"},"down":{"uv":[12.66034,0.12498,8.0,1.57047],"tintindex":0,"rotation":0,"texture":"#2"}},"rotation":{"origin":[8.0,8.0,8.0],"angle":22.5,"axis":"z"}},{"from":[8.125,3.5528908,0.55348015],"to":[14.125,3.6778908,20.05348],"faces":{"east":{"uv":[9.91039,2.25002,8.50023,2.32423],"tintindex":0,"rotation":0,"texture":"#2"},"south":{"uv":[10.19539,2.12503,9.75008,2.19925],"tintindex":0,"rotation":0,"texture":"#2"},"north":{"uv":[8.69528,2.00005,8.24997,2.07427],"tintindex":0,"rotation":0,"texture":"#2"},"west":{"uv":[11.66017,2.00005,10.25002,2.07427],"tintindex":0,"rotation":0,"texture":"#2"},"up":{"uv":[12.66034,0.12498,8.0,1.57047],"tintindex":0,"rotation":270,"texture":"#2"},"down":{"uv":[12.66034,1.44548,8.0,0.12498],"tintindex":0,"rotation":90,"texture":"#2"}},"rotation":{"origin":[8.0,9.427891,5.42848],"angle":-22.5,"axis":"x"}},{"from":[1.875,0.9904804,5.42284],"to":[7.875,1.1154804,24.92284],"faces":{"east":{"uv":[2.25002,2.00005,3.66017,2.07427],"tintindex":0,"rotation":0,"texture":"#2"},"south":{"uv":[1.75008,2.12503,2.19539,2.19925],"tintindex":0,"rotation":0,"texture":"#2"},"north":{"uv":[0.24997,2.00005,0.69528,2.07427],"tintindex":0,"rotation":0,"texture":"#2"},"west":{"uv":[0.50023,2.25002,1.91039,2.32423],"tintindex":0,"rotation":0,"texture":"#2"},"up":{"uv":[4.66034,1.57047,0.0,0.12498],"tintindex":0,"rotation":270,"texture":"#2"},"down":{"uv":[4.66034,0.12498,0.0,1.44548],"tintindex":0,"rotation":90,"texture":"#2"}},"rotation":{"origin":[8.0,8.11548,8.04784],"angle":22.5,"axis":"x"}},{"from":[-11.0,2.5,0.5],"to":[8.5,2.625,6.5],"faces":{"east":{"uv":[0.24997,2.00005,0.69528,2.07427],"tintindex":0,"rotation":0,"texture":"#2"},"south":{"uv":[2.25002,2.00005,3.66017,2.07427],"tintindex":0,"rotation":0,"texture":"#2"},"north":{"uv":[0.50023,2.25002,1.91039,2.32423],"tintindex":0,"rotation":0,"texture":"#2"},"west":{"uv":[1.75008,2.12503,2.19539,2.19925],"tintindex":0,"rotation":0,"texture":"#2"},"up":{"uv":[4.66034,1.57047,0.0,0.12498],"tintindex":0,"rotation":0,"texture":"#2"},"down":{"uv":[4.66034,0.12498,0.0,1.44548],"tintindex":0,"rotation":0,"texture":"#2"}},"rotation":{"origin":[8.0,8.0,8.0],"angle":-22.5,"axis":"z"}},{"from":[8.125,0.9904804,5.42284],"to":[14.125,1.1154804,24.92284],"faces":{"east":{"uv":[1.91039,2.25002,0.50023,2.32423],"tintindex":0,"rotation":0,"texture":"#2"},"south":{"uv":[2.19539,2.12503,1.75008,2.19925],"tintindex":0,"rotation":0,"texture":"#2"},"north":{"uv":[0.69528,2.00005,0.24997,2.07427],"tintindex":0,"rotation":0,"texture":"#2"},"west":{"uv":[3.66017,2.00005,2.25002,2.07427],"tintindex":0,"rotation":0,"texture":"#2"},"up":{"uv":[4.66034,0.12498,0.0,1.57047],"tintindex":0,"rotation":270,"texture":"#2"},"down":{"uv":[4.66034,1.44548,0.0,0.12498],"tintindex":0,"rotation":90,"texture":"#2"}},"rotation":{"origin":[8.0,8.11548,8.04784],"angle":22.5,"axis":"x"}},{"from":[7.5,2.5,0.5],"to":[27.0,2.625,6.5],"faces":{"east":{"uv":[2.19539,2.12503,1.75008,2.19925],"tintindex":0,"rotation":0,"texture":"#2"},"south":{"uv":[3.66017,2.00005,2.25002,2.07427],"tintindex":0,"rotation":0,"texture":"#2"},"north":{"uv":[1.91039,2.25002,0.50023,2.32423],"tintindex":0,"rotation":0,"texture":"#2"},"west":{"uv":[0.69528,2.00005,0.24997,2.07427],"tintindex":0,"rotation":0,"texture":"#2"},"up":{"uv":[0.0,1.57047,4.66034,0.12498],"tintindex":0,"rotation":0,"texture":"#2"},"down":{"uv":[0.0,0.12498,4.66034,1.44548],"tintindex":0,"rotation":0,"texture":"#2"}},"rotation":{"origin":[8.0,8.0,8.0],"angle":22.5,"axis":"z"}},{"from":[1.875,3.5528908,0.55348015],"to":[7.875,3.6778908,20.05348],"faces":{"east":{"uv":[10.25002,2.00005,11.66017,2.07427],"tintindex":0,"rotation":0,"texture":"#2"},"south":{"uv":[9.75008,2.12503,10.19539,2.19925],"tintindex":0,"rotation":0,"texture":"#2"},"north":{"uv":[8.24997,2.00005,8.69528,2.07427],"tintindex":0,"rotation":0,"texture":"#2"},"west":{"uv":[8.50023,2.25002,9.91039,2.32423],"tintindex":0,"rotation":0,"texture":"#2"},"up":{"uv":[12.66034,1.57047,8.0,0.12498],"tintindex":0,"rotation":270,"texture":"#2"},"down":{"uv":[12.66034,0.12498,8.0,1.44548],"tintindex":0,"rotation":90,"texture":"#2"}},"rotation":{"origin":[8.0,9.427891,5.42848],"angle":-22.5,"axis":"x"}},{"from":[10.25,3.625,0.5],"to":[29.75,3.75,6.5],"faces":{"east":{"uv":[10.19539,2.19925,9.75008,2.12503],"tintindex":0,"rotation":0,"texture":"#2"},"south":{"uv":[11.66017,2.07427,10.25002,2.00005],"tintindex":0,"rotation":0,"texture":"#2"},"north":{"uv":[9.91039,2.32423,8.50023,2.25002],"tintindex":0,"rotation":0,"texture":"#2"},"west":{"uv":[8.69528,2.07427,8.24997,2.00005],"tintindex":0,"rotation":0,"texture":"#2"},"up":{"uv":[8.0,1.44548,12.66034,0.12498],"tintindex":0,"rotation":0,"texture":"#2"},"down":{"uv":[8.0,0.12498,12.66034,1.57047],"tintindex":0,"rotation":0,"texture":"#2"}},"rotation":{"origin":[8.0,8.0,8.0],"angle":-22.5,"axis":"z"}}]}