{"textures":{"0":"mineinabyss:character/gaburoon"},"elements":[{"from":[6.4524603,-6.9000006,2.5],"to":[9.54754,-2.500001,3.6],"faces":{"east":{"uv":[11.4375,0.75,11.5,1.0],"tintindex":0,"rotation":0,"texture":"#0"},"south":{"uv":[12.6875,7.875,12.875,8.125],"tintindex":0,"rotation":0,"texture":"#0"},"north":{"uv":[12.6875,7.625,12.875,7.875],"tintindex":0,"rotation":0,"texture":"#0"},"west":{"uv":[2.4375,11.625,2.5,11.875],"tintindex":0,"rotation":0,"texture":"#0"},"up":{"uv":[12.625,5.5,12.4375,5.4375],"tintindex":0,"rotation":0,"texture":"#0"},"down":{"uv":[12.625,6.8125,12.4375,6.875],"tintindex":0,"rotation":0,"texture":"#0"}}},{"from":[2.5,-6.9000006,6.4524603],"to":[3.6,-2.500001,9.54754],"faces":{"east":{"uv":[12.6875,9.375,12.875,9.625],"tintindex":0,"rotation":0,"texture":"#0"},"south":{"uv":[11.3125,12.1875,11.375,12.4375],"tintindex":0,"rotation":0,"texture":"#0"},"north":{"uv":[12.125,6.3125,12.1875,6.5625],"tintindex":0,"rotation":0,"texture":"#0"},"west":{"uv":[12.6875,12.5,12.875,12.75],"tintindex":0,"rotation":0,"texture":"#0"},"up":{"uv":[1.1875,12.625,1.125,12.4375],"tintindex":0,"rotation":0,"texture":"#0"},"down":{"uv":[7.3125,12.4375,7.25,12.625],"tintindex":0,"rotation":0,"texture":"#0"}}},{"from":[6.4524603,-6.9000006,12.4],"to":[9.54754,-2.500001,13.5],"faces":{"east":{"uv":[11.8125,11.0625,11.875,11.3125],"tintindex":0,"rotation":0,"texture":"#0"},"south":{"uv":[12.6875,9.125,12.875,9.375],"tintindex":0,"rotation":0,"texture":"#0"},"north":{"uv":[12.6875,8.875,12.875,9.125],"tintindex":0,"rotation":0,"texture":"#0"},"west":{"uv":[11.875,9.8125,11.9375,10.0625],"tintindex":0,"rotation":0,"texture":"#0"},"up":{"uv":[12.625,8.6875,12.4375,8.625],"tintindex":0,"rotation":0,"texture":"#0"},"down":{"uv":[12.8125,2.9375,12.625,3.0],"tintindex":0,"rotation":0,"texture":"#0"}}},{"from":[12.400001,-6.9000006,6.4524603],"to":[13.499999,-2.500001,9.54754],"faces":{"east":{"uv":[12.6875,8.125,12.875,8.375],"tintindex":0,"rotation":0,"texture":"#0"},"south":{"uv":[8.6875,11.75,8.75,12.0],"tintindex":0,"rotation":0,"texture":"#0"},"north":{"uv":[11.375,11.625,11.4375,11.875],"tintindex":0,"rotation":0,"texture":"#0"},"west":{"uv":[12.6875,8.375,12.875,8.625],"tintindex":0,"rotation":0,"texture":"#0"},"up":{"uv":[12.4375,6.25,12.375,6.0625],"tintindex":0,"rotation":0,"texture":"#0"},"down":{"uv":[12.4375,8.125,12.375,8.3125],"tintindex":0,"rotation":0,"texture":"#0"}}}]}