{"textures":{"0":"mineinabyss:character/gaburoon"},"elements":[{"from":[9.25,5.0,8.1],"to":[14.75,6.0,10.6],"faces":{"east":{"uv":[11.0625,3.4375,11.375,3.5625],"tintindex":0,"rotation":0,"texture":"#0"},"south":{"uv":[12.4375,11.125,13.125,11.25],"tintindex":0,"rotation":0,"texture":"#0"},"north":{"uv":[12.4375,11.0,13.125,11.125],"tintindex":0,"rotation":0,"texture":"#0"},"west":{"uv":[12.75,4.25,13.0625,4.375],"tintindex":0,"rotation":0,"texture":"#0"},"up":{"uv":[6.0,3.125,5.3125,2.8125],"tintindex":0,"rotation":0,"texture":"#0"},"down":{"uv":[12.1875,10.625,11.5,10.9375],"tintindex":0,"rotation":0,"texture":"#0"}}},{"from":[17.3375,8.674999,8.299999],"to":[17.5,9.25,8.5],"faces":{"east":{"uv":[2.9375,12.875,3.0,12.9375],"tintindex":0,"rotation":0,"texture":"#0"},"south":{"uv":[3.5625,12.875,3.625,12.9375],"tintindex":0,"rotation":0,"texture":"#0"},"north":{"uv":[1.5625,12.875,1.625,12.9375],"tintindex":0,"rotation":0,"texture":"#0"},"west":{"uv":[5.75,12.875,5.8125,12.9375],"tintindex":0,"rotation":0,"texture":"#0"},"up":{"uv":[6.125,12.9375,6.0625,12.875],"tintindex":0,"rotation":0,"texture":"#0"},"down":{"uv":[8.0625,12.875,8.0,12.9375],"tintindex":0,"rotation":0,"texture":"#0"}},"rotation":{"origin":[17.79375,8.9,8.4],"angle":45.0,"axis":"z"}},{"from":[3.75,11.299999,8.174999],"to":[5.15,12.700001,8.475],"faces":{"east":{"uv":[7.375,2.625,7.4375,2.8125],"tintindex":0,"rotation":0,"texture":"#0"},"south":{"uv":[4.5625,12.8125,4.75,13.0],"tintindex":0,"rotation":0,"texture":"#0"},"north":{"uv":[12.8125,4.375,13.0,4.5625],"tintindex":0,"rotation":0,"texture":"#0"},"west":{"uv":[8.875,4.0625,8.9375,4.25],"tintindex":0,"rotation":0,"texture":"#0"},"up":{"uv":[8.0625,3.75,7.875,3.6875],"tintindex":0,"rotation":0,"texture":"#0"},"down":{"uv":[7.375,9.75,7.1875,9.8125],"tintindex":0,"rotation":0,"texture":"#0"}},"rotation":{"origin":[9.25,12.5,9.25],"angle":45.0,"axis":"z"}},{"from":[3.4499998,11.0,8.475],"to":[5.45,13.0,10.35],"faces":{"east":{"uv":[9.9375,8.5,10.1875,8.75],"tintindex":0,"rotation":0,"texture":"#0"},"south":{"uv":[7.5,10.6875,7.75,10.9375],"tintindex":0,"rotation":0,"texture":"#0"},"north":{"uv":[4.6875,6.375,4.9375,6.625],"tintindex":0,"rotation":0,"texture":"#0"},"west":{"uv":[5.875,11.25,6.125,11.5],"tintindex":0,"rotation":0,"texture":"#0"},"up":{"uv":[1.625,12.75,1.375,12.5],"tintindex":0,"rotation":0,"texture":"#0"},"down":{"uv":[12.75,2.1875,12.5,2.4375],"tintindex":0,"rotation":0,"texture":"#0"}},"rotation":{"origin":[9.25,12.5,9.35],"angle":45.0,"axis":"z"}},{"from":[7.75,6.5,9.6],"to":[16.25,11.0,9.6],"faces":{"south":{"uv":[8.9375,2.625,10.0,3.1875],"tintindex":0,"rotation":0,"texture":"#0"},"north":{"uv":[8.875,1.3125,9.9375,1.875],"tintindex":0,"rotation":0,"texture":"#0"}}},{"from":[18.55,11.0,8.475],"to":[20.55,13.0,10.35],"faces":{"east":{"uv":[12.5,4.0,12.75,4.25],"tintindex":0,"rotation":0,"texture":"#0"},"south":{"uv":[9.0625,12.5,9.3125,12.75],"tintindex":0,"rotation":0,"texture":"#0"},"north":{"uv":[12.5,2.4375,12.75,2.6875],"tintindex":0,"rotation":0,"texture":"#0"},"west":{"uv":[12.4375,12.5,12.6875,12.75],"tintindex":0,"rotation":0,"texture":"#0"},"up":{"uv":[12.8125,0.625,12.5625,0.375],"tintindex":0,"rotation":0,"texture":"#0"},"down":{"uv":[12.8125,0.625,12.5625,0.875],"tintindex":0,"rotation":0,"texture":"#0"}},"rotation":{"origin":[14.75,12.5,9.35],"angle":-45.0,"axis":"z"}},{"from":[6.5,7.924999,8.0],"to":[6.75,9.575001,8.5],"faces":{"east":{"uv":[11.625,1.6875,11.6875,1.875],"tintindex":0,"rotation":0,"texture":"#0"},"south":{"uv":[11.75,4.5,11.8125,4.6875],"tintindex":0,"rotation":0,"texture":"#0"},"north":{"uv":[11.0625,10.1875,11.125,10.375],"tintindex":0,"rotation":0,"texture":"#0"},"west":{"uv":[1.125,12.25,1.1875,12.4375],"tintindex":0,"rotation":0,"texture":"#0"},"up":{"uv":[1.5,6.0625,1.4375,6.0],"tintindex":0,"rotation":0,"texture":"#0"},"down":{"uv":[1.5,7.875,1.4375,7.9375],"tintindex":0,"rotation":0,"texture":"#0"}}},{"from":[17.9375,8.950001,8.299999],"to":[18.55,9.1,8.5],"faces":{"east":{"uv":[12.75,5.4375,12.8125,5.5],"tintindex":0,"rotation":0,"texture":"#0"},"south":{"uv":[8.875,12.75,8.9375,12.8125],"tintindex":0,"rotation":0,"texture":"#0"},"north":{"uv":[12.75,1.25,12.8125,1.3125],"tintindex":0,"rotation":0,"texture":"#0"},"west":{"uv":[9.25,12.75,9.3125,12.8125],"tintindex":0,"rotation":0,"texture":"#0"},"up":{"uv":[10.8125,12.8125,10.75,12.75],"tintindex":0,"rotation":0,"texture":"#0"},"down":{"uv":[3.625,12.8125,3.5625,12.875],"tintindex":0,"rotation":0,"texture":"#0"}},"rotation":{"origin":[17.79375,8.9,8.4],"angle":45.0,"axis":"z"}},{"from":[17.7125,8.424999,8.299999],"to":[17.875,9.125,8.5],"faces":{"east":{"uv":[11.8125,9.5,11.875,9.5625],"tintindex":0,"rotation":0,"texture":"#0"},"south":{"uv":[11.875,10.0625,11.9375,10.125],"tintindex":0,"rotation":0,"texture":"#0"},"north":{"uv":[11.6875,4.625,11.75,4.6875],"tintindex":0,"rotation":0,"texture":"#0"},"west":{"uv":[11.9375,2.9375,12.0,3.0],"tintindex":0,"rotation":0,"texture":"#0"},"up":{"uv":[5.5,12.0,5.4375,11.9375],"tintindex":0,"rotation":0,"texture":"#0"},"down":{"uv":[12.1875,6.5625,12.125,6.625],"tintindex":0,"rotation":0,"texture":"#0"}}},{"from":[5.7,7.924999,8.0],"to":[5.95,9.575001,8.5],"faces":{"east":{"uv":[7.25,12.25,7.3125,12.4375],"tintindex":0,"rotation":0,"texture":"#0"},"south":{"uv":[12.25,7.25,12.3125,7.4375],"tintindex":0,"rotation":0,"texture":"#0"},"north":{"uv":[4.9375,12.25,5.0,12.4375],"tintindex":0,"rotation":0,"texture":"#0"},"west":{"uv":[2.8125,12.3125,2.875,12.5],"tintindex":0,"rotation":0,"texture":"#0"},"up":{"uv":[3.0,8.0,2.9375,7.9375],"tintindex":0,"rotation":0,"texture":"#0"},"down":{"uv":[10.0625,5.5,10.0,5.5625],"tintindex":0,"rotation":0,"texture":"#0"}}},{"from":[9.25,11.5,8.1],"to":[14.75,12.5,9.1],"faces":{"east":{"uv":[9.75,3.1875,9.875,3.3125],"tintindex":0,"rotation":0,"texture":"#0"},"south":{"uv":[12.4375,10.625,13.125,10.75],"tintindex":0,"rotation":0,"texture":"#0"},"north":{"uv":[12.375,2.0625,13.0625,2.1875],"tintindex":0,"rotation":0,"texture":"#0"},"west":{"uv":[11.875,2.5,12.0,2.625],"tintindex":0,"rotation":0,"texture":"#0"},"up":{"uv":[13.125,10.875,12.4375,10.75],"tintindex":0,"rotation":0,"texture":"#0"},"down":{"uv":[13.125,10.875,12.4375,11.0],"tintindex":0,"rotation":0,"texture":"#0"}}},{"from":[4.95,5.0,8.6],"to":[9.25,6.0,10.1],"faces":{"east":{"uv":[12.875,8.875,13.0625,9.0],"tintindex":0,"rotation":0,"texture":"#0"},"south":{"uv":[12.5,0.0,13.0625,0.125],"tintindex":0,"rotation":0,"texture":"#0"},"north":{"uv":[12.4375,12.375,13.0,12.5],"tintindex":0,"rotation":0,"texture":"#0"},"west":{"uv":[12.875,9.0,13.0625,9.125],"tintindex":0,"rotation":0,"texture":"#0"},"up":{"uv":[11.0,8.0625,10.4375,7.875],"tintindex":0,"rotation":0,"texture":"#0"},"down":{"uv":[12.8125,3.1875,12.25,3.375],"tintindex":0,"rotation":0,"texture":"#0"}},"rotation":{"origin":[9.25,5.0,8.6],"angle":-45.0,"axis":"z"}},{"from":[4.95,11.5,8.6],"to":[9.25,12.5,9.6],"faces":{"east":{"uv":[12.875,12.625,13.0,12.75],"tintindex":0,"rotation":0,"texture":"#0"},"south":{"uv":[10.25,6.6875,10.8125,6.8125],"tintindex":0,"rotation":0,"texture":"#0"},"north":{"uv":[10.0,3.0625,10.5625,3.1875],"tintindex":0,"rotation":0,"texture":"#0"},"west":{"uv":[12.875,12.75,13.0,12.875],"tintindex":0,"rotation":0,"texture":"#0"},"up":{"uv":[13.0,11.875,12.4375,11.75],"tintindex":0,"rotation":0,"texture":"#0"},"down":{"uv":[12.4375,12.4375,11.875,12.5625],"tintindex":0,"rotation":0,"texture":"#0"}},"rotation":{"origin":[9.25,12.5,8.6],"angle":45.0,"axis":"z"}},{"from":[17.8375,9.049999,8.299999],"to":[18.0,9.700001,8.5],"faces":{"east":{"uv":[12.125,10.5625,12.1875,10.625],"tintindex":0,"rotation":0,"texture":"#0"},"south":{"uv":[12.25,9.3125,12.3125,9.375],"tintindex":0,"rotation":0,"texture":"#0"},"north":{"uv":[10.5625,12.125,10.625,12.1875],"tintindex":0,"rotation":0,"texture":"#0"},"west":{"uv":[12.375,6.25,12.4375,6.3125],"tintindex":0,"rotation":0,"texture":"#0"},"up":{"uv":[6.625,12.625,6.5625,12.5625],