{"textures":{"0":"mineinabyss:character/gaburoon"},"elements":[{"from":[11.379642,3.0441322,7.1000004],"to":[13.479641,5.6441345,9.6],"faces":{"east":{"uv":[9.1875,6.5,9.375,6.6875],"tintindex":0,"rotation":0,"texture":"#0"},"south":{"uv":[3.125,11.875,3.25,12.0625],"tintindex":0,"rotation":0,"texture":"#0"},"north":{"uv":[11.5,1.3125,11.625,1.5],"tintindex":0,"rotation":0,"texture":"#0"},"west":{"uv":[8.0625,9.1875,8.25,9.375],"tintindex":0,"rotation":0,"texture":"#0"},"up":{"uv":[12.4375,9.8125,12.3125,9.625],"tintindex":0,"rotation":0,"texture":"#0"},"down":{"uv":[12.4375,12.5625,12.3125,12.75],"tintindex":0,"rotation":0,"texture":"#0"}},"rotation":{"origin":[11.529641,-0.505867,8.35],"angle":-45.0,"axis":"z"}},{"from":[8.379642,1.0441322,6.6000004],"to":[11.379642,4.1441345,9.1],"faces":{"east":{"uv":[5.0,12.75,5.1875,12.9375],"tintindex":0,"rotation":0,"texture":"#0"},"south":{"uv":[5.1875,12.75,5.375,12.9375],"tintindex":0,"rotation":0,"texture":"#0"},"north":{"uv":[1.375,12.75,1.5625,12.9375],"tintindex":0,"rotation":0,"texture":"#0"},"west":{"uv":[12.75,5.6875,12.9375,5.875],"tintindex":0,"rotation":0,"texture":"#0"},"up":{"uv":[6.0625,12.9375,5.875,12.75],"tintindex":0,"rotation":0,"texture":"#0"},"down":{"uv":[6.5,12.75,6.3125,12.9375],"tintindex":0,"rotation":0,"texture":"#0"}},"rotation":{"origin":[11.529641,-0.505867,8.35],"angle":-45.0,"axis":"z"}},{"from":[0.14410734,2.816925,7.0],"to":[15.844107,6.9169273,9.5],"faces":{"east":{"uv":[9.75,7.1875,9.9375,7.4375],"tintindex":0,"rotation":0,"texture":"#0"},"south":{"uv":[11.375,6.0625,12.375,6.3125],"tintindex":0,"rotation":0,"texture":"#0"},"north":{"uv":[11.375,4.25,12.375,4.5],"tintindex":0,"rotation":0,"texture":"#0"},"west":{"uv":[6.125,10.5625,6.3125,10.8125],"tintindex":0,"rotation":0,"texture":"#0"},"up":{"uv":[12.4375,8.125,11.4375,7.9375],"tintindex":0,"rotation":0,"texture":"#0"},"down":{"uv":[12.625,8.6875,11.625,8.875],"tintindex":0,"rotation":0,"texture":"#0"}}},{"from":[7.623218,-2.4912224,6.1000004],"to":[11.123219,1.1087799,8.6],"faces":{"east":{"uv":[12.125,12.5625,12.3125,12.8125],"tintindex":0,"rotation":0,"texture":"#0"},"south":{"uv":[12.625,1.5625,12.8125,1.8125],"tintindex":0,"rotation":0,"texture":"#0"},"north":{"uv":[6.625,10.875,6.8125,11.125],"tintindex":0,"rotation":0,"texture":"#0"},"west":{"uv":[12.625,1.8125,12.8125,2.0625],"tintindex":0,"rotation":0,"texture":"#0"},"up":{"uv":[7.4375,12.9375,7.25,12.75],"tintindex":0,"rotation":0,"texture":"#0"},"down":{"uv":[7.625,12.75,7.4375,12.9375],"tintindex":0,"rotation":0,"texture":"#0"}},"rotation":{"origin":[4.4232183,-0.5412216,8.35],"angle":45.0,"axis":"z"}},{"from":[2.508573,3.0441322,7.1000004],"to":[4.6085734,5.6441345,9.6],"faces":{"east":{"uv":[12.5,12.75,12.6875,12.9375],"tintindex":0,"rotation":0,"texture":"#0"},"south":{"uv":[6.75,12.875,6.875,13.0625],"tintindex":0,"rotation":0,"texture":"#0"},"north":{"uv":[3.0,12.625,3.125,12.8125],"tintindex":0,"rotation":0,"texture":"#0"},"west":{"uv":[12.6875,12.75,12.875,12.9375],"tintindex":0,"rotation":0,"texture":"#0"},"up":{"uv":[13.0,7.8125,12.875,7.625],"tintindex":0,"rotation":0,"texture":"#0"},"down":{"uv":[13.0,7.8125,12.875,8.0],"tintindex":0,"rotation":0,"texture":"#0"}},"rotation":{"origin":[4.4585733,-0.505867,8.35],"angle":45.0,"axis":"z"}},{"from":[4.6085734,1.0441322,6.6000004],"to":[7.6085734,4.1441345,9.1],"faces":{"east":{"uv":[7.8125,12.75,8.0,12.9375],"tintindex":0,"rotation":0,"texture":"#0"},"south":{"uv":[8.6875,12.75,8.875,12.9375],"tintindex":0,"rotation":0,"texture":"#0"},"north":{"uv":[7.625,12.75,7.8125,12.9375],"tintindex":0,"rotation":0,"texture":"#0"},"west":{"uv":[9.0625,12.75,9.25,12.9375],"tintindex":0,"rotation":0,"texture":"#0"},"up":{"uv":[10.75,12.9375,10.5625,12.75],"tintindex":0,"rotation":0,"texture":"#0"},"down":{"uv":[12.5,12.75,12.3125,12.9375],"tintindex":0,"rotation":0,"texture":"#0"}},"rotation":{"origin":[4.4585733,-0.505867,8.35],"angle":45.0,"axis":"z"}}]}