{"textures":{"0":"mineinabyss:character/gaburoon"},"elements":[{"from":[1.3000002,0.22627258,7.17],"to":[14.45,3.7262726,9.67],"faces":{"east":{"uv":[12.625,2.6875,12.8125,2.9375],"tintindex":0,"rotation":0,"texture":"#0"},"south":{"uv":[11.6875,4.0,12.5,4.25],"tintindex":0,"rotation":0,"texture":"#0"},"north":{"uv":[11.625,8.4375,12.4375,8.6875],"tintindex":0,"rotation":0,"texture":"#0"},"west":{"uv":[2.8125,12.625,3.0,12.875],"tintindex":0,"rotation":0,"texture":"#0"},"up":{"uv":[12.75,1.3125,11.9375,1.125],"tintindex":0,"rotation":0,"texture":"#0"},"down":{"uv":[12.75,5.6875,11.9375,5.875],"tintindex":0,"rotation":0,"texture":"#0"}}},{"from":[12.423044,6.45348,7.2700005],"to":[15.223044,10.178482,9.77],"faces":{"east":{"uv":[6.5625,12.625,6.75,12.875],"tintindex":0,"rotation":0,"texture":"#0"},"south":{"uv":[12.625,7.0,12.8125,7.25],"tintindex":0,"rotation":0,"texture":"#0"},"north":{"uv":[12.625,3.375,12.8125,3.625],"tintindex":0,"rotation":0,"texture":"#0"},"west":{"uv":[12.625,8.625,12.8125,8.875],"tintindex":0,"rotation":0,"texture":"#0"},"up":{"uv":[13.0,3.4375,12.8125,3.25],"tintindex":0,"rotation":0,"texture":"#0"},"down":{"uv":[3.5625,12.8125,3.375,13.0],"tintindex":0,"rotation":0,"texture":"#0"}},"rotation":{"origin":[11.523045,2.4534798,8.52],"angle":-45.0,"axis":"z"}},{"from":[1.7769556,4.1034813,7.0200005],"to":[4.6269555,6.45348,9.52],"faces":{"east":{"uv":[12.875,8.25,13.0625,8.375],"tintindex":0,"rotation":0,"texture":"#0"},"south":{"uv":[12.875,8.375,13.0625,8.5],"tintindex":0,"rotation":0,"texture":"#0"},"north":{"uv":[12.875,8.125,13.0625,8.25],"tintindex":0,"rotation":0,"texture":"#0"},"west":{"uv":[12.875,8.5,13.0625,8.625],"tintindex":0,"rotation":0,"texture":"#0"},"up":{"uv":[13.0,3.25,12.8125,3.0625],"tintindex":0,"rotation":0,"texture":"#0"},"down":{"uv":[3.375,12.8125,3.1875,13.0],"tintindex":0,"rotation":0,"texture":"#0"}},"rotation":{"origin":[4.4769554,2.4534798,8.52],"angle":45.0,"axis":"z"}},{"from":[4.5144663,0.8534813,6.2700005],"to":[7.864466,4.1034813,8.77],"faces":{"east":{"uv":[12.8125,0.375,13.0,0.5625],"tintindex":0,"rotation":0,"texture":"#0"},"south":{"uv":[0.5625,12.8125,0.75,13.0],"tintindex":0,"rotation":0,"texture":"#0"},"north":{"uv":[0.375,12.8125,0.5625,13.0],"tintindex":0,"rotation":0,"texture":"#0"},"west":{"uv":[12.8125,0.5625,13.0,0.75],"tintindex":0,"rotation":0,"texture":"#0"},"up":{"uv":[13.0,0.9375,12.8125,0.75],"tintindex":0,"rotation":0,"texture":"#0"},"down":{"uv":[13.0,0.9375,12.8125,1.125],"tintindex":0,"rotation":0,"texture":"#0"}},"rotation":{"origin":[4.464466,2.4534798,8.52],"angle":45.0,"axis":"z"}},{"from":[8.135534,0.8534813,6.2700005],"to":[11.485534,4.1034813,8.77],"faces":{"east":{"uv":[12.8125,1.4375,13.0,1.625],"tintindex":0,"rotation":0,"texture":"#0"},"south":{"uv":[12.8125,1.625,13.0,1.8125],"tintindex":0,"rotation":0,"texture":"#0"},"north":{"uv":[12.8125,1.25,13.0,1.4375],"tintindex":0,"rotation":0,"texture":"#0"},"west":{"uv":[12.8125,1.8125,13.0,2.0],"tintindex":0,"rotation":0,"texture":"#0"},"up":{"uv":[13.0,2.875,12.8125,2.6875],"tintindex":0,"rotation":0,"texture":"#0"},"down":{"uv":[3.1875,12.8125,3.0,13.0],"tintindex":0,"rotation":0,"texture":"#0"}},"rotation":{"origin":[11.535534,2.4534798,8.52],"angle":-45.0,"axis":"z"}},{"from":[11.373045,4.1034813,7.0200005],"to":[14.223044,6.45348,9.52],"faces":{"east":{"uv":[10.8125,7.0625,11.0,7.1875],"tintindex":0,"rotation":0,"texture":"#0"},"south":{"uv":[12.25,4.8125,12.4375,4.9375],"tintindex":0,"rotation":0,"texture":"#0"},"north":{"uv":[10.0625,6.0625,10.25,6.1875],"tintindex":0,"rotation":0,"texture":"#0"},"west":{"uv":[12.875,8.0,13.0625,8.125],"tintindex":0,"rotation":0,"texture":"#0"},"up":{"uv":[0.1875,13.0,0.0,12.8125],"tintindex":0,"rotation":0,"texture":"#0"},"down":{"uv":[0.375,12.8125,0.1875,13.0],"tintindex":0,"rotation":0,"texture":"#0"}},"rotation":{"origin":[11.523045,2.4534798,8.52],"angle":-45.0,"axis":"z"}},{"from":[0.7769556,6.45348,7.2700005],"to":[3.5769553,10.178482,9.77],"faces":{"east":{"uv":[11.5,12.625,11.6875,12.875],"tintindex":0,"rotation":0,"texture":"#0"},"south":{"uv":[11.6875,12.625,11.875,12.875],"tintindex":0,"rotation":0,"texture":"#0"},"north":{"uv":[11.3125,12.625,11.5,12.875],"tintindex":0,"rotation":0,"texture":"#0"},"west":{"uv":[12.6875,4.8125,12.875,5.0625],"tintindex":0,"rotation":0,"texture":"#0"},"up":{"uv":[13.0,3.625,12.8125,3.4375],"tintindex":0,"rotation":0,"texture":"#0"},"down":{"uv":[4.5625,12.8125,4.375,13.0],"tintindex":0,"rotation":0,"texture":"#0"}},"rotation":{"origin":[4.4769554,2.4534798,8.52],"angle":45.0,"axis":"z"}}]}