{"textures":{"0":"mineinabyss:character/gaburoon"},"elements":[{"from":[-0.75,-1.4644413,1.3434591],"to":[8.0,4.2855587,14.093459],"faces":{"east":{"uv":[7.5,10.9375,8.3125,11.3125],"tintindex":0,"rotation":0,"texture":"#0"},"south":{"uv":[11.625,6.625,12.1875,7.0],"tintindex":0,"rotation":0,"texture":"#0"},"north":{"uv":[11.625,1.3125,12.1875,1.6875],"tintindex":0,"rotation":0,"texture":"#0"},"west":{"uv":[11.0,7.0625,11.8125,7.4375],"tintindex":0,"rotation":0,"texture":"#0"},"up":{"uv":[10.625,6.0625,10.0625,5.25],"tintindex":0,"rotation":0,"texture":"#0"},"down":{"uv":[8.3125,10.125,7.75,10.9375],"tintindex":0,"rotation":0,"texture":"#0"}},"rotation":{"origin":[8.0,-1.4644413,3.2184591],"angle":-22.5,"axis":"z"}},{"from":[8.0,-1.4644413,1.3434591],"to":[16.75,4.2855587,14.093459],"faces":{"east":{"uv":[10.8125,6.6875,11.625,7.0625],"tintindex":0,"rotation":0,"texture":"#0"},"south":{"uv":[11.5625,0.0,12.125,0.375],"tintindex":0,"rotation":0,"texture":"#0"},"north":{"uv":[9.4375,2.25,10.0,2.625],"tintindex":0,"rotation":0,"texture":"#0"},"west":{"uv":[10.875,1.875,11.6875,2.25],"tintindex":0,"rotation":0,"texture":"#0"},"up":{"uv":[10.5625,3.0625,10.0,2.25],"tintindex":0,"rotation":0,"texture":"#0"},"down":{"uv":[0.9375,10.0625,0.375,10.875],"tintindex":0,"rotation":0,"texture":"#0"}},"rotation":{"origin":[8.0,-1.4644413,3.2184591],"angle":22.5,"axis":"z"}},{"from":[3.25,-1.4644413,-2.7815409],"to":[12.75,8.535559,-0.7815409],"faces":{"east":{"uv":[10.4375,12.3125,10.5625,12.9375],"tintindex":0,"rotation":0,"texture":"#0"},"south":{"uv":[9.375,10.375,10.0,11.0],"tintindex":0,"rotation":0,"texture":"#0"},"north":{"uv":[10.25,6.0625,10.875,6.6875],"tintindex":0,"rotation":0,"texture":"#0"},"west":{"uv":[3.875,12.375,4.0,13.0],"tintindex":0,"rotation":0,"texture":"#0"},"up":{"uv":[13.0625,11.375,12.4375,11.25],"tintindex":0,"rotation":0,"texture":"#0"},"down":{"uv":[13.0625,11.375,12.4375,11.5],"tintindex":0,"rotation":0,"texture":"#0"}},"rotation":{"origin":[8.0,2.5355587,1.7184591],"angle":45.0,"axis":"x"}}]}