{"textures":{"0":"mineinabyss:character/gaburoon"},"elements":[{"from":[4.125,-8.625,3.125],"to":[11.875,4.0,12.875],"faces":{"east":{"uv":[9.625,9.5625,10.25,10.375],"tintindex":0,"rotation":0,"texture":"#0"},"south":{"uv":[4.5625,10.3125,5.0625,11.125],"tintindex":0,"rotation":0,"texture":"#0"},"north":{"uv":[4.0625,10.3125,4.5625,11.125],"tintindex":0,"rotation":0,"texture":"#0"},"west":{"uv":[8.75,9.6875,9.375,10.5],"tintindex":0,"rotation":0,"texture":"#0"},"up":{"uv":[11.375,6.6875,10.875,6.0625],"tintindex":0,"rotation":0,"texture":"#0"},"down":{"uv":[6.625,10.875,6.125,11.5],"tintindex":0,"rotation":0,"texture":"#0"}}},{"from":[2.8249998,-7.425,5.125],"to":[6.325,1.1999998,10.875],"faces":{"east":{"uv":[11.6875,3.4375,12.0625,4.0],"tintindex":0,"rotation":0,"texture":"#0"},"south":{"uv":[7.5625,12.1875,7.8125,12.75],"tintindex":0,"rotation":0,"texture":"#0"},"north":{"uv":[7.3125,12.1875,7.5625,12.75],"tintindex":0,"rotation":0,"texture":"#0"},"west":{"uv":[9.0625,11.6875,9.4375,12.25],"tintindex":0,"rotation":0,"texture":"#0"},"up":{"uv":[12.6875,9.25,12.4375,8.875],"tintindex":0,"rotation":0,"texture":"#0"},"down":{"uv":[12.6875,9.25,12.4375,9.625],"tintindex":0,"rotation":0,"texture":"#0"}},"rotation":{"origin":[2.125,-2.3125,8.0],"angle":-22.5,"axis":"z"}},{"from":[5.125,-9.875,10.625],"to":[10.875,-1.25,14.375],"faces":{"east":{"uv":[12.1875,10.375,12.4375,10.9375],"tintindex":0,"rotation":0,"texture":"#0"},"south":{"uv":[10.1875,11.75,10.5625,12.3125],"tintindex":0,"rotation":0,"texture":"#0"},"north":{"uv":[9.8125,11.75,10.1875,12.3125],"tintindex":0,"rotation":0,"texture":"#0"},"west":{"uv":[10.5625,12.1875,10.8125,12.75],"tintindex":0,"rotation":0,"texture":"#0"},"up":{"uv":[12.8125,10.375,12.4375,10.125],"tintindex":0,"rotation":0,"texture":"#0"},"down":{"uv":[12.8125,10.375,12.4375,10.625],"tintindex":0,"rotation":0,"texture":"#0"}},"rotation":{"origin":[8.0,-3.8125,8.5],"angle":-22.5,"axis":"x"}},{"from":[5.125,-7.625,1.125],"to":[10.875,1.0,4.875],"faces":{"east":{"uv":[7.8125,12.1875,8.0625,12.75],"tintindex":0,"rotation":0,"texture":"#0"},"south":{"uv":[9.4375,11.75,9.8125,12.3125],"tintindex":0,"rotation":0,"texture":"#0"},"north":{"uv":[8.0625,11.75,8.4375,12.3125],"tintindex":0,"rotation":0,"texture":"#0"},"west":{"uv":[12.1875,9.8125,12.4375,10.375],"tintindex":0,"rotation":0,"texture":"#0"},"up":{"uv":[12.8125,9.875,12.4375,9.625],"tintindex":0,"rotation":0,"texture":"#0"},"down":{"uv":[12.8125,9.875,12.4375,10.125],"tintindex":0,"rotation":0,"texture":"#0"}},"rotation":{"origin":[8.0,-3.8125,1.5],"angle":22.5,"axis":"x"}}]}