{"textures":{"0":"mineinabyss:character/gaburoon"},"elements":[{"from":[5.625,-13.355392,4.125],"to":[10.375,-5.7303925,11.875],"faces":{"east":{"uv":[11.4375,5.5,11.9375,6.0],"tintindex":0,"rotation":0,"texture":"#0"},"south":{"uv":[12.125,10.9375,12.4375,11.4375],"tintindex":0,"rotation":0,"texture":"#0"},"north":{"uv":[5.5,12.0625,5.8125,12.5625],"tintindex":0,"rotation":0,"texture":"#0"},"west":{"uv":[11.4375,7.4375,11.9375,7.9375],"tintindex":0,"rotation":0,"texture":"#0"},"up":{"uv":[12.4375,11.9375,12.125,11.4375],"tintindex":0,"rotation":0,"texture":"#0"},"down":{"uv":[12.4375,11.9375,12.125,12.4375],"tintindex":0,"rotation":0,"texture":"#0"}},"rotation":{"origin":[8.0,-8.542892,7.0],"angle":45.0,"axis":"x"}},{"from":[4.625,-11.355392,5.125],"to":[11.375,3.2696075,12.875],"faces":{"east":{"uv":[6.3125,9.9375,6.8125,10.875],"tintindex":0,"rotation":0,"texture":"#0"},"south":{"uv":[10.25,9.4375,10.6875,10.375],"tintindex":0,"rotation":0,"texture":"#0"},"north":{"uv":[10.25,8.5,10.6875,9.4375],"tintindex":0,"rotation":0,"texture":"#0"},"west":{"uv":[9.9375,7.1875,10.4375,8.125],"tintindex":0,"rotation":0,"texture":"#0"},"up":{"uv":[11.9375,9.375,11.5,8.875],"tintindex":0,"rotation":0,"texture":"#0"},"down":{"uv":[11.9375,10.125,11.5,10.625],"tintindex":0,"rotation":0,"texture":"#0"}}}]}