{"textures":{"0":"mineinabyss:character/gaburoon"},"elements":[{"from":[-0.25,-7.0374985,3.7375002],"to":[8.275,3.5499992,12.2625],"faces":{"east":{"uv":[10.5625,2.25,11.125,2.9375],"tintindex":0,"rotation":0,"texture":"#0"},"south":{"uv":[5.5625,10.5625,6.125,11.25],"tintindex":0,"rotation":0,"texture":"#0"},"north":{"uv":[8.75,10.5,9.3125,11.1875],"tintindex":0,"rotation":0,"texture":"#0"},"west":{"uv":[10.5625,10.375,11.125,11.0625],"tintindex":0,"rotation":0,"texture":"#0"},"up":{"uv":[11.375,4.125,10.8125,3.5625],"tintindex":0,"rotation":0,"texture":"#0"},"down":{"uv":[11.375,4.125,10.8125,4.6875],"tintindex":0,"rotation":0,"texture":"#0"}}},{"from":[1.8500004,-13.4375,5.0875],"to":[6.175,-0.8499985,10.1625],"faces":{"east":{"uv":[7.375,8.0625,7.6875,8.875],"tintindex":0,"rotation":0,"texture":"#0"},"south":{"uv":[6.625,11.8125,6.875,12.625],"tintindex":0,"rotation":0,"texture":"#0"},"north":{"uv":[8.4375,11.75,8.6875,12.5625],"tintindex":0,"rotation":0,"texture":"#0"},"west":{"uv":[8.75,11.1875,9.0625,12.0],"tintindex":0,"rotation":0,"texture":"#0"},"up":{"uv":[1.4375,7.9375,1.1875,7.625],"tintindex":0,"rotation":0,"texture":"#0"},"down":{"uv":[9.0,9.375,8.75,9.6875],"tintindex":0,"rotation":0,"texture":"#0"}}}]}