{"textures":{"0":"mineinabyss:character/gaburoon"},"elements":[{"from":[4.2875004,2.0,3.9875002],"to":[11.712501,3.1000004,11.4125],"faces":{"east":{"uv":[10.25,1.0625,10.6875,1.125],"tintindex":0,"rotation":0,"texture":"#0"},"south":{"uv":[10.3125,4.375,10.75,4.4375],"tintindex":0,"rotation":0,"texture":"#0"},"north":{"uv":[7.4375,3.6875,7.875,3.75],"tintindex":0,"rotation":0,"texture":"#0"},"west":{"uv":[10.4375,8.0625,10.875,8.125],"tintindex":0,"rotation":0,"texture":"#0"},"up":{"uv":[2.875,12.3125,2.4375,11.875],"tintindex":0,"rotation":0,"texture":"#0"},"down":{"uv":[12.3125,9.375,11.875,9.8125],"tintindex":0,"rotation":0,"texture":"#0"}}},{"from":[5.9375,-4.1875,3.6875],"to":[10.0625,-0.20000076,11.7875],"faces":{"east":{"uv":[4.1875,6.375,4.6875,6.625],"tintindex":0,"rotation":0,"texture":"#0"},"south":{"uv":[3.375,12.5625,3.625,12.8125],"tintindex":0,"rotation":0,"texture":"#0"},"north":{"uv":[3.125,12.5625,3.375,12.8125],"tintindex":0,"rotation":0,"texture":"#0"},"west":{"uv":[8.875,1.875,9.375,2.125],"tintindex":0,"rotation":0,"texture":"#0"},"up":{"uv":[9.3125,11.6875,9.0625,11.1875],"tintindex":0,"rotation":0,"texture":"#0"},"down":{"uv":[12.5,2.1875,12.25,2.6875],"tintindex":0,"rotation":0,"texture":"#0"}}},{"from":[4.8375006,-5.2875004,4.5375],"to":[11.1625,2.0,10.8625],"faces":{"east":{"uv":[11.9375,7.4375,12.3125,7.875],"tintindex":0,"rotation":0,"texture":"#0"},"south":{"uv":[11.9375,8.875,12.3125,9.3125],"tintindex":0,"rotation":0,"texture":"#0"},"north":{"uv":[2.0625,3.75,2.4375,4.1875],"tintindex":0,"rotation":0,"texture":"#0"},"west":{"uv":[1.375,12.0625,1.75,12.5],"tintindex":0,"rotation":0,"texture":"#0"},"up":{"uv":[12.5,0.375,12.125,0.0],"tintindex":0,"rotation":0,"texture":"#0"},"down":{"uv":[12.5625,0.375,12.1875,0.75],"tintindex":0,"rotation":0,"texture":"#0"}}}]}