{"textures":{"0":"mineinabyss:character/gaburoon"},"elements":[{"from":[5.625,-13.355392,4.125],"to":[10.375,-5.7303925,11.875],"faces":{"east":{"uv":[1.5,4.875,2.0,5.375],"tintindex":0,"rotation":0,"texture":"#0"},"south":{"uv":[3.125,12.0625,3.4375,12.5625],"tintindex":0,"rotation":0,"texture":"#0"},"north":{"uv":[12.0625,1.6875,12.375,2.1875],"tintindex":0,"rotation":0,"texture":"#0"},"west":{"uv":[11.4375,5.0,11.9375,5.5],"tintindex":0,"rotation":0,"texture":"#0"},"up":{"uv":[3.75,12.5625,3.4375,12.0625],"tintindex":0,"rotation":0,"texture":"#0"},"down":{"uv":[12.375,3.4375,12.0625,3.9375],"tintindex":0,"rotation":0,"texture":"#0"}},"rotation":{"origin":[8.0,-8.542892,7.0],"angle":45.0,"axis":"x"}},{"from":[4.625,-11.355392,5.125],"to":[11.375,3.2696075,12.875],"faces":{"east":{"uv":[3.5625,9.875,4.0625,10.8125],"tintindex":0,"rotation":0,"texture":"#0"},"south":{"uv":[8.3125,10.125,8.75,11.0625],"tintindex":0,"rotation":0,"texture":"#0"},"north":{"uv":[3.25,8.9375,3.6875,9.875],"tintindex":0,"rotation":0,"texture":"#0"},"west":{"uv":[5.0625,9.9375,5.5625,10.875],"tintindex":0,"rotation":0,"texture":"#0"},"up":{"uv":[5.4375,12.0,5.0,11.5],"tintindex":0,"rotation":0,"texture":"#0"},"down":{"uv":[6.3125,11.5,5.875,12.0],"tintindex":0,"rotation":0,"texture":"#0"}}}]}