{"textures":{"0":"mineinabyss:character/gaburoon"},"elements":[{"from":[8.825,-10.137501,5.9375],"to":[14.05,-5.9375,12.2625],"faces":{"east":{"uv":[12.25,7.0,12.625,7.25],"tintindex":0,"rotation":0,"texture":"#0"},"south":{"uv":[7.75,9.8125,8.0625,10.0625],"tintindex":0,"rotation":0,"texture":"#0"},"north":{"uv":[5.875,7.8125,6.1875,8.0625],"tintindex":0,"rotation":0,"texture":"#0"},"west":{"uv":[9.0625,12.25,9.4375,12.5],"tintindex":0,"rotation":0,"texture":"#0"},"up":{"uv":[2.4375,10.6875,2.125,10.3125],"tintindex":0,"rotation":0,"texture":"#0"},"down":{"uv":[1.625,10.6875,1.3125,11.0625],"tintindex":0,"rotation":0,"texture":"#0"}}},{"from":[7.7250004,-5.9375,4.8375],"to":[15.15,4.6500015,13.3625],"faces":{"east":{"uv":[10.0,10.375,10.5625,11.0625],"tintindex":0,"rotation":0,"texture":"#0"},"south":{"uv":[9.3125,11.0,9.75,11.6875],"tintindex":0,"rotation":0,"texture":"#0"},"north":{"uv":[11.0,7.4375,11.4375,8.125],"tintindex":0,"rotation":0,"texture":"#0"},"west":{"uv":[10.4375,7.1875,11.0,7.875],"tintindex":0,"rotation":0,"texture":"#0"},"up":{"uv":[11.875,10.125,11.4375,9.5625],"tintindex":0,"rotation":0,"texture":"#0"},"down":{"uv":[11.875,11.3125,11.4375,11.875],"tintindex":0,"rotation":0,"texture":"#0"}}}]}