{"textures":{"0":"mineinabyss:character/gaburoon"},"elements":[{"from":[3.9125004,-6.0875015,3.0875],"to":[10.512501,2.5999985,10.5125],"faces":{"east":{"uv":[0.4375,11.5,0.875,12.0625],"tintindex":0,"rotation":0,"texture":"#0"},"south":{"uv":[11.5,0.75,11.9375,1.3125],"tintindex":0,"rotation":0,"texture":"#0"},"north":{"uv":[0.0,11.5,0.4375,12.0625],"tintindex":0,"rotation":0,"texture":"#0"},"west":{"uv":[1.3125,11.5,1.75,12.0625],"tintindex":0,"rotation":0,"texture":"#0"},"up":{"uv":[12.25,4.9375,11.8125,4.5],"tintindex":0,"rotation":0,"texture":"#0"},"down":{"uv":[12.25,7.0,11.8125,7.4375],"tintindex":0,"rotation":0,"texture":"#0"}}}]}