{"textures":{"0":"modelengine:entity/unheard_bell","1":"modelengine:entity/unheard_bell1"},"elements":[{"name":"cube","from":[15.43328,2.5510597,4.407248],"to":[16.672161,18.656502,11.592752],"rotation":{"angle":0.0,"axis":"x","origin":[8.0,-2.0947404,8.0]},"faces":{"down":{"uv":[6.5,8.75,6.375,9.5],"rotation":0,"texture":"#1","tintindex":0},"east":{"uv":[0.875,1.75,1.625,3.375],"rotation":0,"texture":"#1","tintindex":0},"north":{"uv":[0.0,6.25,0.125,7.875],"rotation":0,"texture":"#1","tintindex":0},"south":{"uv":[0.25,6.25,0.375,7.875],"rotation":0,"texture":"#1","tintindex":0},"up":{"uv":[6.25,9.5,6.125,8.75],"rotation":0,"texture":"#1","tintindex":0},"west":{"uv":[1.75,1.75,2.5,3.375],"rotation":0,"texture":"#1","tintindex":0}}},{"name":"cube","from":[13.884681,1.6219006,4.9027996],"to":[16.362442,4.7191,11.0972],"rotation":{"angle":0.0,"axis":"x","origin":[8.0,-1.4753003,8.0]},"faces":{"down":{"uv":[7.375,4.25,7.125,4.875],"rotation":0,"texture":"#1","tintindex":0},"east":{"uv":[6.375,0.5,7.0,0.8125],"rotation":0,"texture":"#1","tintindex":0},"north":{"uv":[10.625,5.0,10.875,5.3125],"rotation":0,"texture":"#1","tintindex":0},"south":{"uv":[5.125,10.625,5.375,10.9375],"rotation":0,"texture":"#1","tintindex":0},"up":{"uv":[7.375,4.125,7.125,3.5],"rotation":0,"texture":"#1","tintindex":0},"west":{"uv":[6.375,1.0,7.0,1.3125],"rotation":0,"texture":"#1","tintindex":0}}},{"name":"cube","from":[12.955521,-0.23641968,5.3983517],"to":[14.194401,2.8607798,10.601648],"rotation":{"angle":0.0,"axis":"x","origin":[8.0,-1.4753003,8.0]},"faces":{"down":{"uv":[12.75,8.25,12.625,8.75],"rotation":0,"texture":"#1","tintindex":0},"east":{"uv":[7.125,5.0,7.625,5.3125],"rotation":0,"texture":"#1","tintindex":0},"north":{"uv":[13.75,9.75,13.875,10.0625],"rotation":0,"texture":"#1","tintindex":0},"south":{"uv":[13.75,11.0,13.875,11.3125],"rotation":0,"texture":"#1","tintindex":0},"up":{"uv":[7.625,13.125,7.5,12.625],"rotation":0,"texture":"#1","tintindex":0},"west":{"uv":[7.125,5.5,7.625,5.8125],"rotation":0,"texture":"#1","tintindex":0}}},{"name":"cube","from":[12.955521,-3.0239,5.3983517],"to":[14.194401,-0.23641968,10.601648],"rotation":{"angle":45.0,"axis":"z","origin":[12.955521,-0.23641968,8.0]},"faces":{"down":{"uv":[12.875,3.0,12.75,3.5],"rotation":0,"texture":"#1","tintindex":0},"east":{"uv":[7.125,6.0,7.625,6.3125],"rotation":0,"texture":"#1","tintindex":0},"north":{"uv":[11.25,13.75,11.375,14.0625],"rotation":0,"texture":"#1","tintindex":0},"south":{"uv":[13.75,11.5,13.875,11.8125],"rotation":0,"texture":"#1","tintindex":0},"up":{"uv":[12.75,9.375,12.625,8.875],"rotation":0,"texture":"#1","tintindex":0},"west":{"uv":[7.125,7.0,7.625,7.3125],"rotation":0,"texture":"#1","tintindex":0}}},{"name":"cube","from":[16.672161,4.099661,6.4514],"to":[17.60132,5.338541,9.5486],"rotation":{"angle":0.0,"axis":"x","origin":[8.0,-2.0947404,8.0]},"faces":{"down":{"uv":[12.75,13.75,12.625,14.0625],"rotation":0,"texture":"#1","tintindex":0},"east":{"uv":[13.75,6.75,14.0625,6.875],"rotation":0,"texture":"#1","tintindex":0},"north":{"uv":[1.0,15.125,1.125,15.25],"rotation":0,"texture":"#1","tintindex":0},"south":{"uv":[1.25,15.125,1.375,15.25],"rotation":0,"texture":"#1","tintindex":0},"up":{"uv":[13.875,12.3125,13.75,12.0],"rotation":0,"texture":"#1","tintindex":0},"west":{"uv":[13.75,9.25,14.0625,9.375],"rotation":0,"texture":"#1","tintindex":0}}},{"name":"cube","from":[16.672161,2.8607798,7.38056],"to":[17.2916,4.099661,8.61944],"rotation":{"angle":0.0,"axis":"x","origin":[8.0,-2.0947404,8.0]},"faces":{"down":{"uv":[15.5625,1.25,15.5,1.375],"rotation":0,"texture":"#1","tintindex":0},"east":{"uv":[1.5,15.125,1.625,15.25],"rotation":0,"texture":"#1","tintindex":0},"north":{"uv":[15.5,0.5,15.5625,0.625],"rotation":0,"texture":"#1","tintindex":0},"south":{"uv":[15.5,0.75,15.5625,0.875],"rotation":0,"texture":"#1","tintindex":0},"up":{"uv":[15.5625,1.125,15.5,1.0],"rotation":0,"texture":"#1","tintindex":0},"west":{"uv":[15.125,1.5,15.25,1.625],"rotation":0,"texture":"#1","tintindex":0}}},{"name":"cube","from":[13.946625,-1.2275238,8.92916],"to":[15.743,2.2413406,10.168039],"rotation":{"angle":0.0,"axis":"x","origin":[8.0,-1.4753003,8.0]},"faces":{"down":{"uv":[14.6875,3.75,14.5,3.875],"rotation":0,"texture":"#1","tintindex":0},"east":{"uv":[13.0,12.0,13.125,12.375],"rotation":0,"texture":"#1","tintindex":0},"north":{"uv":[11.875,0.5,12.0625,0.875],"rotation":0,"texture":"#1","tintindex":0},"south":{"uv":[11.875,1.0,12.0625,1.375],"rotation":0,"texture":"#1","tintindex":0},"up":{"uv":[14.6875,3.625,14.5,3.5],"rotation":0,"texture":"#1","tintindex":0},"west":{"uv":[1.0,13.125,1.125,13.5],"rotation":0,"texture":"#1","tintindex":0}}},{"name":"cube","from":[13.946625,-1.2275238,5.8319597],"to":[15.743,2.2413406,7.07084],"rotation":{"angle":0.0,"axis":"x","origin":[8.0,-1.4753003,8.0]},"faces":{"down":{"uv":[14.6875,6.0,14.5,6.125],"rotation":0,"texture":"#1","tintindex":0},"east":{"uv":[1.25,13.125,1.375,13.5],"rotation":0,"texture":"#1","tintindex":0},"north":{"uv":[11.875,1.5,12.0625,1.875],"rotation":0,"texture":"#1","tintindex":0},"south":{"uv":[1.75,11.875,1.9375,12.25],"rotation":0,"texture":"#1","tintindex":0},"up":{"uv":[14.6875,5.875,14.5,5.75],"rotation":0,"texture":"#1","tintindex":0},"west":{"uv":[1.5,13.125,1.625,13.5],"rotation":0,"texture":"#1","tintindex":0}}},{"name":"cube","from":[16.672161,5.64826,9.85832],"to":[17.911041,17.417622,10.65176],"rotation":{"angle":0.0,"axis":"x","origin":[8.0,-2.0947404,8.0]},"faces":{"down":{"uv":[15.625,2.0,15.5,2.0625],"rotation":0,"texture":"#1","tintindex":0},"east":{"uv":[0.5,11.5,0.5625,12.6875],"rotation":0,"texture":"#1","tintindex":0},"north":{"uv":[8.375,4.0,8.5,5.1875],"rotation":0,"texture":"#1","tintindex":0},"south":{"uv":[8.375,7.0,8.5,8.1875],"rotation":0,"texture":"#1","tintindex":0},"up":{"uv":[15.625,1.8125,15.5,1.75],"rotation":0,"texture":"#1","tintindex":0},"west":{"uv":[0.75,11.5,0.8125,12.6875],"rotation":0,"texture":"#1","tintindex":0}}},{"name":"cube","from":[16.672161,5.64826,5.34824],"to":[17.911041,17.417622,6.14168],"rotation":{"angle":0.0,"axis":"x","origin":[8.0,-2.0947404,8.0]},"faces":{"down":{"uv":[15.625,2.5,15.5,2.5625],"rotation":0,"texture":"#1","tintindex":0},"east":{"uv":[11.5,6.5,11.5625,7.6875],"rotation":0,"texture":"#1","tintindex":0},"north":{"uv":[8.375,8.375,8.5,9.5625],"rotation":0,"texture":"#1","tintindex":0},"south":{"uv":[0.375,8.5,0.5,9.6875],"rotation":0,"texture":"#1","tintindex":0},"up":{"uv":[15.625,2.3125,15.5,2.25],"rotation":0,"texture":"#1","tintindex":0},"west":{"uv":[11.5,7.875,11.5625,9.0625],"rotation":0,"texture":"#1","tintindex":0}}},{"name":"cube","from":[16.672161,6.2677,4.59308],"to":[17.60132,12.77182,5.5222397],"rotation":{"angle":0.0,"axis":"x","origin":[8.0,-2.0947404,8.0]},"faces":{"down":{"uv":[2.125,15.125,2.0,15.25],"rotation":0,"texture":"#1","tintindex":0},"east":{"uv":[9.75,0.0,9.875,0.6875],"rotation":0,"texture":"#1","tintindex":0},"north":{"uv":[9.625,9.625,9.75,10.3125],"rotation":0,"texture":"#1","tintindex":0},"south":{"uv":[1.125,9.75,1.25,10.4375],"rotation":0,"texture":"#1","tintindex":0},"up":{"uv":[1.875,15.25,1.75,15.125],"rotation":0,"texture":"#1","tintindex":0},"west":{"uv":[1.375,9.75,1.5,10.4375],"rotation":0,"texture":"#1","tintindex":0}}},{"name":"cube","from":[16.672161,6.2677,10.47776],"to":[17.60132,12.77182,11.40692],"rotation":{"angle":0.0,"axis":"x","origin":[8.0,-2.0947404,8.0]},"faces":{"down":{"uv":[2.625,15.125,2.5,15.25],"rotation":0,"texture":"#1","tintindex":0},"east":{"uv":[1.875,9.75,2.0,10.4375],"rotation":0,"texture":"#1","tintindex":0},"north":{"uv":[1.625,9.75,1.75,10.4375],"rotation":0,"texture":"#1","tintindex":0},"south":{"uv":[2.125,9.75,2.25,10.4375],"rotation":0,"texture":"#1","tintindex":0},"up":{"uv":[2.375,15.25,2.25,15.125],"rotation":0,"texture":"#1","tintindex":0},"west":{"uv":[2.375,9.75,2.5,10.4375],"rotation":0,"texture":"#1","tintindex":0}}},{"name":"cube","from":[16.672161,5.02882,11.40692],