{"textures":{"0":"modelengine:entity/unheard_bell","1":"modelengine:entity/unheard_bell1"},"elements":[{"name":"cube","from":[6.76112,6.76112,7.69028],"to":[7.38056,8.0,8.30972],"rotation":{"angle":-45.0,"axis":"z","origin":[8.0,6.76112,8.0]},"faces":{"down":{"uv":[15.8125,6.375,15.75,6.4375],"rotation":0,"texture":"#1","tintindex":0},"east":{"uv":[15.625,14.5,15.6875,14.625],"rotation":0,"texture":"#1","tintindex":0},"north":{"uv":[14.5,15.625,14.5625,15.75],"rotation":0,"texture":"#1","tintindex":0},"south":{"uv":[14.75,15.625,14.8125,15.75],"rotation":0,"texture":"#1","tintindex":0},"up":{"uv":[6.3125,15.8125,6.25,15.75],"rotation":0,"texture":"#1","tintindex":0},"west":{"uv":[15.0,15.625,15.0625,15.75],"rotation":0,"texture":"#1","tintindex":0}}},{"name":"cube","from":[6.14168,0.23755932,6.14168],"to":[9.85832,3.3542,9.85832],"rotation":{"angle":-45.0,"axis":"y","origin":[8.0,1.4958806,8.0]},"faces":{"down":{"uv":[9.0,2.75,8.625,3.125],"rotation":0,"texture":"#1","tintindex":0},"east":{"uv":[8.375,5.875,8.75,6.25],"rotation":0,"texture":"#1","tintindex":0},"north":{"uv":[8.375,5.375,8.75,5.75],"rotation":0,"texture":"#1","tintindex":0},"south":{"uv":[8.625,1.25,9.0,1.625],"rotation":0,"texture":"#1","tintindex":0},"up":{"uv":[9.0,2.625,8.625,2.25],"rotation":0,"texture":"#1","tintindex":0},"west":{"uv":[8.625,1.75,9.0,2.125],"rotation":0,"texture":"#1","tintindex":0}}},{"name":"cube","from":[6.14168,4.7789116,6.14168],"to":[9.85832,5.2125216,9.85832],"rotation":{"angle":0.0,"axis":"x","origin":[9.85832,5.2125216,8.0]},"faces":{"down":{"uv":[9.0,3.75,8.625,4.125],"rotation":0,"texture":"#1","tintindex":0},"east":{"uv":[14.875,7.375,15.25,7.4375],"rotation":0,"texture":"#1","tintindex":0},"north":{"uv":[14.875,6.25,15.25,6.3125],"rotation":0,"texture":"#1","tintindex":0},"south":{"uv":[9.0,14.875,9.375,14.9375],"rotation":0,"texture":"#1","tintindex":0},"up":{"uv":[9.0,3.625,8.625,3.25],"rotation":0,"texture":"#1","tintindex":0},"west":{"uv":[9.5,14.875,9.875,14.9375],"rotation":0,"texture":"#1","tintindex":0}}},{"name":"cube","from":[6.14168,4.9028006,7.38056],"to":[7.752224,5.2125216,8.61944],"rotation":{"angle":45.0,"axis":"z","origin":[6.14168,5.2125216,8.0]},"faces":{"down":{"uv":[15.0625,10.25,14.875,10.375],"rotation":0,"texture":"#1","tintindex":0},"east":{"uv":[15.5,15.5,15.625,15.5625],"rotation":0,"texture":"#1","tintindex":0},"north":{"uv":[15.375,7.375,15.5625,7.4375],"rotation":0,"texture":"#1","tintindex":0},"south":{"uv":[15.375,11.0,15.5625,11.0625],"rotation":0,"texture":"#1","tintindex":0},"up":{"uv":[10.1875,15.0,10.0,14.875],"rotation":0,"texture":"#1","tintindex":0},"west":{"uv":[0.25,15.625,0.375,15.6875],"rotation":0,"texture":"#1","tintindex":0}}},{"name":"cube","from":[8.247776,4.9028006,7.38056],"to":[9.85832,5.2125216,8.61944],"rotation":{"angle":-45.0,"axis":"z","origin":[9.85832,5.2125216,8.0]},"faces":{"down":{"uv":[15.0625,10.5,14.875,10.625],"rotation":0,"texture":"#1","tintindex":0},"east":{"uv":[0.5,15.625,0.625,15.6875],"rotation":0,"texture":"#1","tintindex":0},"north":{"uv":[15.375,11.25,15.5625,11.3125],"rotation":0,"texture":"#1","tintindex":0},"south":{"uv":[15.375,11.5,15.5625,11.5625],"rotation":0,"texture":"#1","tintindex":0},"up":{"uv":[10.5625,15.0,10.375,14.875],"rotation":0,"texture":"#1","tintindex":0},"west":{"uv":[0.75,15.625,0.875,15.6875],"rotation":0,"texture":"#1","tintindex":0}}},{"name":"cube","from":[7.38056,4.9028006,6.14168],"to":[8.61944,5.2125216,7.752224],"rotation":{"angle":-45.0,"axis":"x","origin":[8.0,5.2125216,6.14168]},"faces":{"down":{"uv":[15.0,11.5,14.875,11.6875],"rotation":0,"texture":"#1","tintindex":0},"east":{"uv":[12.0,15.375,12.1875,15.4375],"rotation":0,"texture":"#1","tintindex":0},"north":{"uv":[1.5,15.625,1.625,15.6875],"rotation":0,"texture":"#1","tintindex":0},"south":{"uv":[15.625,1.5,15.75,1.5625],"rotation":0,"texture":"#1","tintindex":0},"up":{"uv":[11.5,15.0625,11.375,14.875],"rotation":0,"texture":"#1","tintindex":0},"west":{"uv":[15.375,12.0,15.5625,12.0625],"rotation":0,"texture":"#1","tintindex":0}}},{"name":"cube","from":[7.38056,4.9028006,8.247776],"to":[8.61944,5.2125216,9.85832],"rotation":{"angle":45.0,"axis":"x","origin":[8.0,5.2125216,9.85832]},"faces":{"down":{"uv":[15.0,11.125,14.875,11.3125],"rotation":0,"texture":"#1","tintindex":0},"east":{"uv":[11.625,15.375,11.8125,15.4375],"rotation":0,"texture":"#1","tintindex":0},"north":{"uv":[1.0,15.625,1.125,15.6875],"rotation":0,"texture":"#1","tintindex":0},"south":{"uv":[1.25,15.625,1.375,15.6875],"rotation":0,"texture":"#1","tintindex":0},"up":{"uv":[15.0,10.9375,14.875,10.75],"rotation":0,"texture":"#1","tintindex":0},"west":{"uv":[15.375,11.75,15.5625,11.8125],"rotation":0,"texture":"#1","tintindex":0}}},{"name":"cube","from":[7.38056,4.840856,6.14168],"to":[8.61944,5.1505766,7.442504],"rotation":{"angle":22.5,"axis":"x","origin":[8.0,4.840856,6.14168]},"faces":{"down":{"uv":[15.5,3.0,15.375,3.125],"rotation":0,"texture":"#1","tintindex":0},"east":{"uv":[15.625,10.625,15.75,10.6875],"rotation":0,"texture":"#1","tintindex":0},"north":{"uv":[15.625,9.875,15.75,9.9375],"rotation":0,"texture":"#1","tintindex":0},"south":{"uv":[11.625,15.625,11.75,15.6875],"rotation":0,"texture":"#1","tintindex":0},"up":{"uv":[3.125,15.5,3.0,15.375],"rotation":0,"texture":"#1","tintindex":0},"west":{"uv":[11.875,15.625,12.0,15.6875],"rotation":0,"texture":"#1","tintindex":0}}},{"name":"cube","from":[8.557496,4.840856,7.38056],"to":[9.85832,5.1505766,8.61944],"rotation":{"angle":22.5,"axis":"z","origin":[9.85832,4.840856,8.0]},"faces":{"down":{"uv":[2.625,15.375,2.5,15.5],"rotation":0,"texture":"#1","tintindex":0},"east":{"uv":[15.625,7.0,15.75,7.0625],"rotation":0,"texture":"#1","tintindex":0},"north":{"uv":[15.625,6.125,15.75,6.1875],"rotation":0,"texture":"#1","tintindex":0},"south":{"uv":[15.625,9.375,15.75,9.4375],"rotation":0,"texture":"#1","tintindex":0},"up":{"uv":[2.375,15.5,2.25,15.375],"rotation":0,"texture":"#1","tintindex":0},"west":{"uv":[15.625,9.625,15.75,9.6875],"rotation":0,"texture":"#1","tintindex":0}}},{"name":"cube","from":[6.14168,4.840856,7.38056],"to":[7.442504,5.1505766,8.61944],"rotation":{"angle":-22.5,"axis":"z","origin":[6.14168,4.840856,8.0]},"faces":{"down":{"uv":[2.125,15.375,2.0,15.5],"rotation":0,"texture":"#1","tintindex":0},"east":{"uv":[15.625,3.0,15.75,3.0625],"rotation":0,"texture":"#1","tintindex":0},"north":{"uv":[3.0,15.625,3.125,15.6875],"rotation":0,"texture":"#1","tintindex":0},"south":{"uv":[4.5,15.625,4.625,15.6875],"rotation":0,"texture":"#1","tintindex":0},"up":{"uv":[1.875,15.5,1.75,15.375],"rotation":0,"texture":"#1","tintindex":0},"west":{"uv":[15.625,5.25,15.75,5.3125],"rotation":0,"texture":"#1","tintindex":0}}},{"name":"cube","from":[7.38056,4.840856,8.557496],"to":[8.61944,5.1505766,9.85832],"rotation":{"angle":-22.5,"axis":"x","origin":[8.0,4.840856,9.85832]},"faces":{"down":{"uv":[15.5,1.5,15.375,1.625],"rotation":0,"texture":"#1","tintindex":0},"east":{"uv":[2.0,15.625,2.125,15.6875],"rotation":0,"texture":"#1","tintindex":0},"north":{"uv":[1.75,15.625,1.875,15.6875],"rotation":0,"texture":"#1","tintindex":0},"south":{"uv":[2.25,15.625,2.375,15.6875],"rotation":0,"texture":"#1","tintindex":0},"up":{"uv":[1.625,15.5,1.5,15.375],"rotation":0,"texture":"#1","tintindex":0},"west":{"uv":[2.5,15.625,2.625,15.6875],"rotation":0,"texture":"#1","tintindex":0}}},{"name":"cube","from":[7.38056,2.4250402,7.38056],"to":[8.61944,6.1416807,8.61944],"rotation":{"angle":45.0,"axis":"y","origin":[8.0,4.2833595,8.0]},"faces":{"down":{"uv":[1.375,15.375,1.25,15.5],"rotation":0,"texture":"#1","tintindex":0},"east":{"uv":[13.75,2.5,13.875,2.875],"rotation":0,"texture":"#1","tintindex":0},"north":{"uv":[13.75,0.0,13.875,0.375],"rotation":0,"texture":"#1","tintindex":0},"south":{"uv":[2.75,13.75,2.875,14.125],"rotation":0,"texture":"#1","tintindex":0},"up":{"uv":[1.125,15.5,1.0,15.375],"rotation":0,"texture":"#1","tintindex":0},"west":{"uv":[13.75,3.0,13.875,3.375],"rotation":0,