{"textures":{"0":"modelengine:entity/unheard_bell","1":"modelengine:entity/unheard_bell1"},"elements":[{"name":"cube","from":[15.43328,2.5510597,4.407248],"to":[16.672161,18.656502,11.592752],"rotation":{"angle":0.0,"axis":"x","origin":[8.0,-2.0947404,8.0]},"faces":{"down":{"uv":[9.25,8.75,9.125,9.5],"rotation":0,"texture":"#1","tintindex":0},"east":{"uv":[0.875,3.5,1.625,5.125],"rotation":0,"texture":"#1","tintindex":0},"north":{"uv":[1.5,6.25,1.625,7.875],"rotation":0,"texture":"#1","tintindex":0},"south":{"uv":[1.75,6.25,1.875,7.875],"rotation":0,"texture":"#1","tintindex":0},"up":{"uv":[9.25,8.625,9.125,7.875],"rotation":0,"texture":"#1","tintindex":0},"west":{"uv":[1.75,3.5,2.5,5.125],"rotation":0,"texture":"#1","tintindex":0}}},{"name":"cube","from":[13.884681,1.6219006,4.9027996],"to":[16.362442,4.7191,11.0972],"rotation":{"angle":0.0,"axis":"x","origin":[8.0,-1.4753003,8.0]},"faces":{"down":{"uv":[5.125,7.75,4.875,8.375],"rotation":0,"texture":"#1","tintindex":0},"east":{"uv":[6.375,3.5,7.0,3.8125],"rotation":0,"texture":"#1","tintindex":0},"north":{"uv":[11.0,5.0,11.25,5.3125],"rotation":0,"texture":"#1","tintindex":0},"south":{"uv":[11.125,2.25,11.375,2.5625],"rotation":0,"texture":"#1","tintindex":0},"up":{"uv":[8.0,5.375,7.75,4.75],"rotation":0,"texture":"#1","tintindex":0},"west":{"uv":[6.375,4.0,7.0,4.3125],"rotation":0,"texture":"#1","tintindex":0}}},{"name":"cube","from":[12.955521,-0.23641968,5.3983517],"to":[14.194401,2.8607798,10.601648],"rotation":{"angle":0.0,"axis":"x","origin":[8.0,-1.4753003,8.0]},"faces":{"down":{"uv":[9.75,12.75,9.625,13.25],"rotation":0,"texture":"#1","tintindex":0},"east":{"uv":[7.75,5.5,8.25,5.8125],"rotation":0,"texture":"#1","tintindex":0},"north":{"uv":[7.625,13.875,7.75,14.1875],"rotation":0,"texture":"#1","tintindex":0},"south":{"uv":[13.875,7.75,14.0,8.0625],"rotation":0,"texture":"#1","tintindex":0},"up":{"uv":[12.875,10.0,12.75,9.5],"rotation":0,"texture":"#1","tintindex":0},"west":{"uv":[7.75,6.0,8.25,6.3125],"rotation":0,"texture":"#1","tintindex":0}}},{"name":"cube","from":[12.955521,-3.0239,5.3983517],"to":[14.194401,-0.23641968,10.601648],"rotation":{"angle":45.0,"axis":"z","origin":[12.955521,-0.23641968,8.0]},"faces":{"down":{"uv":[12.875,10.125,12.75,10.625],"rotation":0,"texture":"#1","tintindex":0},"east":{"uv":[7.75,7.0,8.25,7.3125],"rotation":0,"texture":"#1","tintindex":0},"north":{"uv":[7.875,13.875,8.0,14.1875],"rotation":0,"texture":"#1","tintindex":0},"south":{"uv":[8.125,13.875,8.25,14.1875],"rotation":0,"texture":"#1","tintindex":0},"up":{"uv":[10.0,13.25,9.875,12.75],"rotation":0,"texture":"#1","tintindex":0},"west":{"uv":[7.75,7.5,8.25,7.8125],"rotation":0,"texture":"#1","tintindex":0}}},{"name":"cube","from":[16.672161,4.099661,6.4514],"to":[17.60132,5.338541,9.5486],"rotation":{"angle":0.0,"axis":"x","origin":[8.0,-2.0947404,8.0]},"faces":{"down":{"uv":[14.0,8.5,13.875,8.8125],"rotation":0,"texture":"#1","tintindex":0},"east":{"uv":[13.875,5.5,14.1875,5.625],"rotation":0,"texture":"#1","tintindex":0},"north":{"uv":[15.25,0.0,15.375,0.125],"rotation":0,"texture":"#1","tintindex":0},"south":{"uv":[15.25,0.25,15.375,0.375],"rotation":0,"texture":"#1","tintindex":0},"up":{"uv":[8.5,14.1875,8.375,13.875],"rotation":0,"texture":"#1","tintindex":0},"west":{"uv":[13.875,8.25,14.1875,8.375],"rotation":0,"texture":"#1","tintindex":0}}},{"name":"cube","from":[16.672161,2.8607798,7.38056],"to":[17.2916,4.099661,8.61944],"rotation":{"angle":0.0,"axis":"x","origin":[8.0,-2.0947404,8.0]},"faces":{"down":{"uv":[15.5625,6.5,15.5,6.625],"rotation":0,"texture":"#1","tintindex":0},"east":{"uv":[15.25,0.5,15.375,0.625],"rotation":0,"texture":"#1","tintindex":0},"north":{"uv":[6.0,15.5,6.0625,15.625],"rotation":0,"texture":"#1","tintindex":0},"south":{"uv":[6.25,15.5,6.3125,15.625],"rotation":0,"texture":"#1","tintindex":0},"up":{"uv":[6.5625,15.625,6.5,15.5],"rotation":0,"texture":"#1","tintindex":0},"west":{"uv":[15.25,1.75,15.375,1.875],"rotation":0,"texture":"#1","tintindex":0}}},{"name":"cube","from":[13.946625,-1.2275238,8.92916],"to":[15.743,2.2413406,10.168039],"rotation":{"angle":0.0,"axis":"x","origin":[8.0,-1.4753003,8.0]},"faces":{"down":{"uv":[14.9375,3.125,14.75,3.25],"rotation":0,"texture":"#1","tintindex":0},"east":{"uv":[13.375,7.25,13.5,7.625],"rotation":0,"texture":"#1","tintindex":0},"north":{"uv":[12.125,8.0,12.3125,8.375],"rotation":0,"texture":"#1","tintindex":0},"south":{"uv":[12.25,0.0,12.4375,0.375],"rotation":0,"texture":"#1","tintindex":0},"up":{"uv":[14.9375,1.625,14.75,1.5],"rotation":0,"texture":"#1","tintindex":0},"west":{"uv":[7.75,13.375,7.875,13.75],"rotation":0,"texture":"#1","tintindex":0}}},{"name":"cube","from":[13.946625,-1.2275238,5.8319597],"to":[15.743,2.2413406,7.07084],"rotation":{"angle":0.0,"axis":"x","origin":[8.0,-1.4753003,8.0]},"faces":{"down":{"uv":[3.8125,14.75,3.625,14.875],"rotation":0,"texture":"#1","tintindex":0},"east":{"uv":[13.375,7.75,13.5,8.125],"rotation":0,"texture":"#1","tintindex":0},"north":{"uv":[12.25,0.5,12.4375,0.875],"rotation":0,"texture":"#1","tintindex":0},"south":{"uv":[12.25,1.0,12.4375,1.375],"rotation":0,"texture":"#1","tintindex":0},"up":{"uv":[3.4375,14.875,3.25,14.75],"rotation":0,"texture":"#1","tintindex":0},"west":{"uv":[8.0,13.375,8.125,13.75],"rotation":0,"texture":"#1","tintindex":0}}},{"name":"cube","from":[16.672161,5.64826,9.85832],"to":[17.911041,16.79818,10.65176],"rotation":{"angle":0.0,"axis":"x","origin":[8.0,-2.0947404,8.0]},"faces":{"down":{"uv":[7.125,15.5,7.0,15.5625],"rotation":0,"texture":"#1","tintindex":0},"east":{"uv":[4.75,12.125,4.8125,13.25],"rotation":0,"texture":"#1","tintindex":0},"north":{"uv":[4.875,8.5,5.0,9.625],"rotation":0,"texture":"#1","tintindex":0},"south":{"uv":[5.125,8.5,5.25,9.625],"rotation":0,"texture":"#1","tintindex":0},"up":{"uv":[15.625,6.8125,15.5,6.75],"rotation":0,"texture":"#1","tintindex":0},"west":{"uv":[12.25,1.5,12.3125,2.625],"rotation":0,"texture":"#1","tintindex":0}}},{"name":"cube","from":[16.672161,5.64826,5.34824],"to":[17.911041,16.79818,6.14168],"rotation":{"angle":0.0,"axis":"x","origin":[8.0,-2.0947404,8.0]},"faces":{"down":{"uv":[15.625,7.625,15.5,7.6875],"rotation":0,"texture":"#1","tintindex":0},"east":{"uv":[3.0,12.25,3.0625,13.375],"rotation":0,"texture":"#1","tintindex":0},"north":{"uv":[5.375,8.5,5.5,9.625],"rotation":0,"texture":"#1","tintindex":0},"south":{"uv":[5.625,8.5,5.75,9.625],"rotation":0,"texture":"#1","tintindex":0},"up":{"uv":[7.375,15.5625,7.25,15.5],"rotation":0,"texture":"#1","tintindex":0},"west":{"uv":[3.25,12.25,3.3125,13.375],"rotation":0,"texture":"#1","tintindex":0}}},{"name":"cube","from":[16.672161,6.2677,4.59308],"to":[17.60132,12.77182,5.5222397],"rotation":{"angle":0.0,"axis":"x","origin":[8.0,-2.0947404,8.0]},"faces":{"down":{"uv":[15.375,2.25,15.25,2.375],"rotation":0,"texture":"#1","tintindex":0},"east":{"uv":[9.875,6.125,10.0,6.8125],"rotation":0,"texture":"#1","tintindex":0},"north":{"uv":[9.875,5.25,10.0,5.9375],"rotation":0,"texture":"#1","tintindex":0},"south":{"uv":[9.875,7.0,10.0,7.6875],"rotation":0,"texture":"#1","tintindex":0},"up":{"uv":[15.375,2.125,15.25,2.0],"rotation":0,"texture":"#1","tintindex":0},"west":{"uv":[9.875,7.875,10.0,8.5625],"rotation":0,"texture":"#1","tintindex":0}}},{"name":"cube","from":[16.672161,6.2677,10.47776],"to":[17.60132,12.77182,11.40692],"rotation":{"angle":0.0,"axis":"x","origin":[8.0,-2.0947404,8.0]},"faces":{"down":{"uv":[2.875,15.25,2.75,15.375],"rotation":0,"texture":"#1","tintindex":0},"east":{"uv":[9.875,8.75,10.0,9.4375],"rotation":0,"texture":"#1","tintindex":0},"north":{"uv":[8.625,9.875,8.75,10.5625],"rotation":0,"texture":"#1","tintindex":0},"south":{"uv":[9.875,9.625,10.0,10.3125],"rotation":0,"texture":"#1","tintindex":0},"up":{"uv":[15.375,2.625,15.25,2.5],"rotation":0,"texture":"#1","tintindex":0},"west":{"uv":[10.0,0.0,10.125,0.6875],"rotation":0,"texture":"#1","tintindex":0}}},{"name":"cube","from":[16.672161,5.02882,11.40692],