{"textures":{"0":"modelengine:entity/unheard_bell","1":"modelengine:entity/unheard_bell1"},"elements":[{"name":"cube","from":[15.43328,2.5510597,4.407248],"to":[16.672161,18.656502,11.592752],"rotation":{"angle":0.0,"axis":"x","origin":[8.0,-2.0947404,8.0]},"faces":{"down":{"uv":[9.625,0.0,9.5,0.75],"rotation":0,"texture":"#1","tintindex":0},"east":{"uv":[3.5,3.5,4.25,5.125],"rotation":0,"texture":"#1","tintindex":0},"north":{"uv":[2.5,6.25,2.625,7.875],"rotation":0,"texture":"#1","tintindex":0},"south":{"uv":[2.75,6.25,2.875,7.875],"rotation":0,"texture":"#1","tintindex":0},"up":{"uv":[9.5,9.5,9.375,8.75],"rotation":0,"texture":"#1","tintindex":0},"west":{"uv":[4.375,0.0,5.125,1.625],"rotation":0,"texture":"#1","tintindex":0}}},{"name":"cube","from":[13.884681,1.6219006,4.9027996],"to":[16.362442,4.7191,11.0972],"rotation":{"angle":0.0,"axis":"x","origin":[8.0,-1.4753003,8.0]},"faces":{"down":{"uv":[4.75,8.0,4.5,8.625],"rotation":0,"texture":"#1","tintindex":0},"east":{"uv":[6.375,5.5,7.0,5.8125],"rotation":0,"texture":"#1","tintindex":0},"north":{"uv":[1.75,11.375,2.0,11.6875],"rotation":0,"texture":"#1","tintindex":0},"south":{"uv":[2.125,11.375,2.375,11.6875],"rotation":0,"texture":"#1","tintindex":0},"up":{"uv":[4.375,8.625,4.125,8.0],"rotation":0,"texture":"#1","tintindex":0},"west":{"uv":[6.375,6.0,7.0,6.3125],"rotation":0,"texture":"#1","tintindex":0}}},{"name":"cube","from":[12.955521,-0.23641968,5.3983517],"to":[14.194401,2.8607798,10.601648],"rotation":{"angle":0.0,"axis":"x","origin":[8.0,-1.4753003,8.0]},"faces":{"down":{"uv":[11.75,12.75,11.625,13.25],"rotation":0,"texture":"#1","tintindex":0},"east":{"uv":[5.25,8.0,5.75,8.3125],"rotation":0,"texture":"#1","tintindex":0},"north":{"uv":[13.875,10.5,14.0,10.8125],"rotation":0,"texture":"#1","tintindex":0},"south":{"uv":[10.625,13.875,10.75,14.1875],"rotation":0,"texture":"#1","tintindex":0},"up":{"uv":[12.875,11.875,12.75,11.375],"rotation":0,"texture":"#1","tintindex":0},"west":{"uv":[8.0,6.5,8.5,6.8125],"rotation":0,"texture":"#1","tintindex":0}}},{"name":"cube","from":[12.955521,-3.0239,5.3983517],"to":[14.194401,-0.23641968,10.601648],"rotation":{"angle":45.0,"axis":"z","origin":[12.955521,-0.23641968,8.0]},"faces":{"down":{"uv":[12.5,12.75,12.375,13.25],"rotation":0,"texture":"#1","tintindex":0},"east":{"uv":[7.125,8.0,7.625,8.3125],"rotation":0,"texture":"#1","tintindex":0},"north":{"uv":[10.875,13.875,11.0,14.1875],"rotation":0,"texture":"#1","tintindex":0},"south":{"uv":[11.5,13.875,11.625,14.1875],"rotation":0,"texture":"#1","tintindex":0},"up":{"uv":[12.875,12.5,12.75,12.0],"rotation":0,"texture":"#1","tintindex":0},"west":{"uv":[7.75,8.0,8.25,8.3125],"rotation":0,"texture":"#1","tintindex":0}}},{"name":"cube","from":[16.672161,4.099661,6.4514],"to":[17.60132,5.338541,9.5486],"rotation":{"angle":0.0,"axis":"x","origin":[8.0,-2.0947404,8.0]},"faces":{"down":{"uv":[14.0,13.5,13.875,13.8125],"rotation":0,"texture":"#1","tintindex":0},"east":{"uv":[12.875,13.875,13.1875,14.0],"rotation":0,"texture":"#1","tintindex":0},"north":{"uv":[8.625,15.25,8.75,15.375],"rotation":0,"texture":"#1","tintindex":0},"south":{"uv":[15.25,8.625,15.375,8.75],"rotation":0,"texture":"#1","tintindex":0},"up":{"uv":[11.875,14.1875,11.75,13.875],"rotation":0,"texture":"#1","tintindex":0},"west":{"uv":[13.875,13.25,14.1875,13.375],"rotation":0,"texture":"#1","tintindex":0}}},{"name":"cube","from":[16.672161,2.8607798,7.38056],"to":[17.2916,4.099661,8.61944],"rotation":{"angle":0.0,"axis":"x","origin":[8.0,-2.0947404,8.0]},"faces":{"down":{"uv":[12.4375,15.5,12.375,15.625],"rotation":0,"texture":"#1","tintindex":0},"east":{"uv":[15.25,8.875,15.375,9.0],"rotation":0,"texture":"#1","tintindex":0},"north":{"uv":[11.125,15.5,11.1875,15.625],"rotation":0,"texture":"#1","tintindex":0},"south":{"uv":[11.375,15.5,11.4375,15.625],"rotation":0,"texture":"#1","tintindex":0},"up":{"uv":[15.5625,12.375,15.5,12.25],"rotation":0,"texture":"#1","tintindex":0},"west":{"uv":[15.25,9.125,15.375,9.25],"rotation":0,"texture":"#1","tintindex":0}}},{"name":"cube","from":[13.946625,-1.2275238,8.92916],"to":[15.743,2.2413406,10.168039],"rotation":{"angle":0.0,"axis":"x","origin":[8.0,-1.4753003,8.0]},"faces":{"down":{"uv":[15.0625,0.5,14.875,0.625],"rotation":0,"texture":"#1","tintindex":0},"east":{"uv":[13.5,11.5,13.625,11.875],"rotation":0,"texture":"#1","tintindex":0},"north":{"uv":[12.375,12.25,12.5625,12.625],"rotation":0,"texture":"#1","tintindex":0},"south":{"uv":[12.5,1.5,12.6875,1.875],"rotation":0,"texture":"#1","tintindex":0},"up":{"uv":[15.0625,0.375,14.875,0.25],"rotation":0,"texture":"#1","tintindex":0},"west":{"uv":[13.5,12.0,13.625,12.375],"rotation":0,"texture":"#1","tintindex":0}}},{"name":"cube","from":[13.946625,-1.2275238,5.8319597],"to":[15.743,2.2413406,7.07084],"rotation":{"angle":0.0,"axis":"x","origin":[8.0,-1.4753003,8.0]},"faces":{"down":{"uv":[1.5625,14.875,1.375,15.0],"rotation":0,"texture":"#1","tintindex":0},"east":{"uv":[1.0,13.625,1.125,14.0],"rotation":0,"texture":"#1","tintindex":0},"north":{"uv":[12.5,2.0,12.6875,2.375],"rotation":0,"texture":"#1","tintindex":0},"south":{"uv":[3.75,12.5,3.9375,12.875],"rotation":0,"texture":"#1","tintindex":0},"up":{"uv":[1.1875,15.0,1.0,14.875],"rotation":0,"texture":"#1","tintindex":0},"west":{"uv":[1.25,13.625,1.375,14.0],"rotation":0,"texture":"#1","tintindex":0}}},{"name":"cube","from":[16.672161,5.64826,9.85832],"to":[17.911041,16.79818,10.65176],"rotation":{"angle":0.0,"axis":"x","origin":[8.0,-2.0947404,8.0]},"faces":{"down":{"uv":[13.5,15.5,13.375,15.5625],"rotation":0,"texture":"#1","tintindex":0},"east":{"uv":[4.125,12.5,4.1875,13.625],"rotation":0,"texture":"#1","tintindex":0},"north":{"uv":[7.375,8.5,7.5,9.625],"rotation":0,"texture":"#1","tintindex":0},"south":{"uv":[7.625,8.5,7.75,9.625],"rotation":0,"texture":"#1","tintindex":0},"up":{"uv":[13.25,15.5625,13.125,15.5],"rotation":0,"texture":"#1","tintindex":0},"west":{"uv":[5.75,12.5,5.8125,13.625],"rotation":0,"texture":"#1","tintindex":0}}},{"name":"cube","from":[16.672161,5.64826,5.34824],"to":[17.911041,16.79818,6.14168],"rotation":{"angle":0.0,"axis":"x","origin":[8.0,-2.0947404,8.0]},"faces":{"down":{"uv":[14.375,15.5,14.25,15.5625],"rotation":0,"texture":"#1","tintindex":0},"east":{"uv":[6.0,12.5,6.0625,13.625],"rotation":0,"texture":"#1","tintindex":0},"north":{"uv":[7.875,8.5,8.0,9.625],"rotation":0,"texture":"#1","tintindex":0},"south":{"uv":[8.125,8.5,8.25,9.625],"rotation":0,"texture":"#1","tintindex":0},"up":{"uv":[14.125,15.5625,14.0,15.5],"rotation":0,"texture":"#1","tintindex":0},"west":{"uv":[12.5,6.0,12.5625,7.125],"rotation":0,"texture":"#1","tintindex":0}}},{"name":"cube","from":[16.672161,6.2677,4.59308],"to":[17.60132,12.77182,5.5222397],"rotation":{"angle":0.0,"axis":"x","origin":[8.0,-2.0947404,8.0]},"faces":{"down":{"uv":[15.375,10.375,15.25,10.5],"rotation":0,"texture":"#1","tintindex":0},"east":{"uv":[10.375,1.75,10.5,2.4375],"rotation":0,"texture":"#1","tintindex":0},"north":{"uv":[10.375,0.875,10.5,1.5625],"rotation":0,"texture":"#1","tintindex":0},"south":{"uv":[10.375,2.625,10.5,3.3125],"rotation":0,"texture":"#1","tintindex":0},"up":{"uv":[15.375,10.25,15.25,10.125],"rotation":0,"texture":"#1","tintindex":0},"west":{"uv":[10.375,3.5,10.5,4.1875],"rotation":0,"texture":"#1","tintindex":0}}},{"name":"cube","from":[16.672161,6.2677,10.47776],"to":[17.60132,12.77182,11.40692],"rotation":{"angle":0.0,"axis":"x","origin":[8.0,-2.0947404,8.0]},"faces":{"down":{"uv":[11.5,15.25,11.375,15.375],"rotation":0,"texture":"#1","tintindex":0},"east":{"uv":[10.375,5.25,10.5,5.9375],"rotation":0,"texture":"#1","tintindex":0},"north":{"uv":[10.375,4.375,10.5,5.0625],"rotation":0,"texture":"#1","tintindex":0},"south":{"uv":[10.375,6.125,10.5,6.8125],"rotation":0,"texture":"#1","tintindex":0},"up":{"uv":[11.25,15.375,11.125,15.25],"rotation":0,"texture":"#1","tintindex":0},"west":{"uv":[10.375,7.0,10.5,7.6875],"rotation":0,"texture":"#1","tintindex":0}}},{"name":"cube",