{"textures":{"0":"modelengine:entity/unheard_bell","1":"modelengine:entity/unheard_bell1"},"elements":[{"name":"cube","from":[15.43328,3.124649,4.407248],"to":[16.672161,19.230091,11.592752],"rotation":{"angle":0.0,"axis":"x","origin":[8.0,-1.8308706,8.0]},"faces":{"down":{"uv":[8.75,6.375,8.625,7.125],"rotation":0,"texture":"#1","tintindex":0},"east":{"uv":[0.0,0.0,0.75,1.625],"rotation":0,"texture":"#1","tintindex":0},"north":{"uv":[6.125,0.0,6.25,1.625],"rotation":0,"texture":"#1","tintindex":0},"south":{"uv":[6.125,1.75,6.25,3.375],"rotation":0,"texture":"#1","tintindex":0},"up":{"uv":[8.75,5.0,8.625,4.25],"rotation":0,"texture":"#1","tintindex":0},"west":{"uv":[0.875,0.0,1.625,1.625],"rotation":0,"texture":"#1","tintindex":0}}},{"name":"cube","from":[13.884681,2.19549,4.9027996],"to":[16.362442,5.2926893,11.0972],"rotation":{"angle":0.0,"axis":"x","origin":[8.0,-0.901711,8.0]},"faces":{"down":{"uv":[3.25,6.75,3.0,7.375],"rotation":0,"texture":"#1","tintindex":0},"east":{"uv":[3.0,6.25,3.625,6.5625],"rotation":0,"texture":"#1","tintindex":0},"north":{"uv":[9.125,10.5,9.375,10.8125],"rotation":0,"texture":"#1","tintindex":0},"south":{"uv":[9.5,10.5,9.75,10.8125],"rotation":0,"texture":"#1","tintindex":0},"up":{"uv":[6.625,7.125,6.375,6.5],"rotation":0,"texture":"#1","tintindex":0},"west":{"uv":[3.75,6.25,4.375,6.5625],"rotation":0,"texture":"#1","tintindex":0}}},{"name":"cube","from":[12.955521,0.33716965,5.3983517],"to":[14.194401,3.434369,10.601648],"rotation":{"angle":0.0,"axis":"x","origin":[8.0,-0.901711,8.0]},"faces":{"down":{"uv":[5.375,12.625,5.25,13.125],"rotation":0,"texture":"#1","tintindex":0},"east":{"uv":[3.375,6.75,3.875,7.0625],"rotation":0,"texture":"#1","tintindex":0},"north":{"uv":[5.125,13.75,5.25,14.0625],"rotation":0,"texture":"#1","tintindex":0},"south":{"uv":[5.375,13.75,5.5,14.0625],"rotation":0,"texture":"#1","tintindex":0},"up":{"uv":[12.75,5.25,12.625,4.75],"rotation":0,"texture":"#1","tintindex":0},"west":{"uv":[4.0,6.75,4.5,7.0625],"rotation":0,"texture":"#1","tintindex":0}}},{"name":"cube","from":[12.955521,-2.4503107,5.3983517],"to":[14.194401,0.33716965,10.601648],"rotation":{"angle":45.0,"axis":"z","origin":[12.955521,0.33716965,8.0]},"faces":{"down":{"uv":[5.625,12.625,5.5,13.125],"rotation":0,"texture":"#1","tintindex":0},"east":{"uv":[4.625,6.75,5.125,7.0625],"rotation":0,"texture":"#1","tintindex":0},"north":{"uv":[5.625,13.75,5.75,14.0625],"rotation":0,"texture":"#1","tintindex":0},"south":{"uv":[13.75,5.75,13.875,6.0625],"rotation":0,"texture":"#1","tintindex":0},"up":{"uv":[12.75,5.875,12.625,5.375],"rotation":0,"texture":"#1","tintindex":0},"west":{"uv":[6.75,6.5,7.25,6.8125],"rotation":0,"texture":"#1","tintindex":0}}},{"name":"cube","from":[16.672161,4.67325,6.4514],"to":[17.60132,5.9121304,9.5486],"rotation":{"angle":0.0,"axis":"x","origin":[8.0,-1.5211511,8.0]},"faces":{"down":{"uv":[4.375,13.75,4.25,14.0625],"rotation":0,"texture":"#1","tintindex":0},"east":{"uv":[13.75,0.5,14.0625,0.625],"rotation":0,"texture":"#1","tintindex":0},"north":{"uv":[8.625,5.125,8.75,5.25],"rotation":0,"texture":"#1","tintindex":0},"south":{"uv":[14.0,3.25,14.125,3.375],"rotation":0,"texture":"#1","tintindex":0},"up":{"uv":[4.125,14.0625,4.0,13.75],"rotation":0,"texture":"#1","tintindex":0},"west":{"uv":[13.75,3.5,14.0625,3.625],"rotation":0,"texture":"#1","tintindex":0}}},{"name":"cube","from":[16.672161,3.434369,7.38056],"to":[17.2916,4.67325,8.61944],"rotation":{"angle":0.0,"axis":"x","origin":[8.0,-1.5211511,8.0]},"faces":{"down":{"uv":[13.8125,15.375,13.75,15.5],"rotation":0,"texture":"#1","tintindex":0},"east":{"uv":[2.75,15.0,2.875,15.125],"rotation":0,"texture":"#1","tintindex":0},"north":{"uv":[15.375,13.0,15.4375,13.125],"rotation":0,"texture":"#1","tintindex":0},"south":{"uv":[15.375,13.25,15.4375,13.375],"rotation":0,"texture":"#1","tintindex":0},"up":{"uv":[15.4375,13.625,15.375,13.5],"rotation":0,"texture":"#1","tintindex":0},"west":{"uv":[4.25,15.0,4.375,15.125],"rotation":0,"texture":"#1","tintindex":0}}},{"name":"cube","from":[13.946625,-0.6539345,8.92916],"to":[15.743,2.81493,10.168039],"rotation":{"angle":0.0,"axis":"x","origin":[8.0,-0.901711,8.0]},"faces":{"down":{"uv":[10.3125,14.375,10.125,14.5],"rotation":0,"texture":"#1","tintindex":0},"east":{"uv":[8.75,12.875,8.875,13.25],"rotation":0,"texture":"#1","tintindex":0},"north":{"uv":[11.625,10.75,11.8125,11.125],"rotation":0,"texture":"#1","tintindex":0},"south":{"uv":[11.625,11.25,11.8125,11.625],"rotation":0,"texture":"#1","tintindex":0},"up":{"uv":[14.5625,10.125,14.375,10.0],"rotation":0,"texture":"#1","tintindex":0},"west":{"uv":[12.875,8.75,13.0,9.125],"rotation":0,"texture":"#1","tintindex":0}}},{"name":"cube","from":[13.946625,-0.6539345,5.8319597],"to":[15.743,2.81493,7.07084],"rotation":{"angle":0.0,"axis":"x","origin":[8.0,-0.901711,8.0]},"faces":{"down":{"uv":[11.5625,14.375,11.375,14.5],"rotation":0,"texture":"#1","tintindex":0},"east":{"uv":[10.125,12.875,10.25,13.25],"rotation":0,"texture":"#1","tintindex":0},"north":{"uv":[3.0,11.75,3.1875,12.125],"rotation":0,"texture":"#1","tintindex":0},"south":{"uv":[3.375,11.75,3.5625,12.125],"rotation":0,"texture":"#1","tintindex":0},"up":{"uv":[10.6875,14.5,10.5,14.375],"rotation":0,"texture":"#1","tintindex":0},"west":{"uv":[10.375,12.875,10.5,13.25],"rotation":0,"texture":"#1","tintindex":0}}},{"name":"cube","from":[16.672161,6.2218494,9.85832],"to":[17.911041,17.371769,10.65176],"rotation":{"angle":0.0,"axis":"x","origin":[8.0,-2.4503107,8.0]},"faces":{"down":{"uv":[12.75,15.375,12.625,15.4375],"rotation":0,"texture":"#1","tintindex":0},"east":{"uv":[11.625,1.375,11.6875,2.5],"rotation":0,"texture":"#1","tintindex":0},"north":{"uv":[8.5,0.0,8.625,1.125],"rotation":0,"texture":"#1","tintindex":0},"south":{"uv":[1.125,8.5,1.25,9.625],"rotation":0,"texture":"#1","tintindex":0},"up":{"uv":[15.5,12.5625,15.375,12.5],"rotation":0,"texture":"#1","tintindex":0},"west":{"uv":[11.625,2.625,11.6875,3.75],"rotation":0,"texture":"#1","tintindex":0}}},{"name":"cube","from":[16.672161,6.2218494,5.34824],"to":[17.911041,17.99121,6.14168],"rotation":{"angle":0.0,"axis":"x","origin":[8.0,-1.8308706,8.0]},"faces":{"down":{"uv":[13.0,15.375,12.875,15.4375],"rotation":0,"texture":"#1","tintindex":0},"east":{"uv":[7.75,11.375,7.8125,12.5625],"rotation":0,"texture":"#1","tintindex":0},"north":{"uv":[8.125,1.25,8.25,2.4375],"rotation":0,"texture":"#1","tintindex":0},"south":{"uv":[8.125,3.75,8.25,4.9375],"rotation":0,"texture":"#1","tintindex":0},"up":{"uv":[15.5,12.8125,15.375,12.75],"rotation":0,"texture":"#1","tintindex":0},"west":{"uv":[8.0,11.375,8.0625,12.5625],"rotation":0,"texture":"#1","tintindex":0}}},{"name":"cube","from":[16.672161,6.8412895,4.59308],"to":[17.60132,13.345409,5.5222397],"rotation":{"angle":0.0,"axis":"x","origin":[8.0,-1.8308706,8.0]},"faces":{"down":{"uv":[15.125,7.625,15.0,7.75],"rotation":0,"texture":"#1","tintindex":0},"east":{"uv":[3.375,9.625,3.5,10.3125],"rotation":0,"texture":"#1","tintindex":0},"north":{"uv":[3.125,9.625,3.25,10.3125],"rotation":0,"texture":"#1","tintindex":0},"south":{"uv":[9.625,3.5,9.75,4.1875],"rotation":0,"texture":"#1","tintindex":0},"up":{"uv":[7.5,15.125,7.375,15.0],"rotation":0,"texture":"#1","tintindex":0},"west":{"uv":[3.625,9.625,3.75,10.3125],"rotation":0,"texture":"#1","tintindex":0}}},{"name":"cube","from":[16.672161,6.8412895,10.47776],"to":[17.60132,13.345409,11.40692],"rotation":{"angle":0.0,"axis":"x","origin":[8.0,-1.8308706,8.0]},"faces":{"down":{"uv":[15.125,7.875,15.0,8.0],"rotation":0,"texture":"#1","tintindex":0},"east":{"uv":[4.125,9.625,4.25,10.3125],"rotation":0,"texture":"#1","tintindex":0},"north":{"uv":[3.875,9.625,4.0,10.3125],"rotation":0,"texture":"#1","tintindex":0},"south":{"uv":[4.375,9.625,4.5,10.3125],"rotation":0,"texture":"#1","tintindex":0},"up":{"uv":[8.0,15.125,7.875,15.0],"rotation":0,"texture":"#1","tintindex":0},"west":{"uv":[9.625,4.375,9.75,5.0625],"rotation":0,"texture":"#1","tintindex":0}}},{"name":"cube",