{"textures":{"0":"modelengine:entity/unheard_bell","1":"modelengine:entity/unheard_bell1"},"elements":[{"name":"cube","from":[15.43328,2.5510597,4.407248],"to":[16.672161,18.656502,11.592752],"rotation":{"angle":0.0,"axis":"x","origin":[8.0,-2.0947404,8.0]},"faces":{"down":{"uv":[3.75,8.75,3.625,9.5],"rotation":0,"texture":"#1","tintindex":0},"east":{"uv":[0.0,1.75,0.75,3.375],"rotation":0,"texture":"#1","tintindex":0},"north":{"uv":[6.125,3.5,6.25,5.125],"rotation":0,"texture":"#1","tintindex":0},"south":{"uv":[6.125,5.25,6.25,6.875],"rotation":0,"texture":"#1","tintindex":0},"up":{"uv":[3.5,9.5,3.375,8.75],"rotation":0,"texture":"#1","tintindex":0},"west":{"uv":[1.75,0.0,2.5,1.625],"rotation":0,"texture":"#1","tintindex":0}}},{"name":"cube","from":[13.884681,1.6219006,4.9027996],"to":[16.362442,4.7191,11.0972],"rotation":{"angle":0.0,"axis":"x","origin":[8.0,-1.4753003,8.0]},"faces":{"down":{"uv":[7.0,7.0,6.75,7.625],"rotation":0,"texture":"#1","tintindex":0},"east":{"uv":[4.5,6.25,5.125,6.5625],"rotation":0,"texture":"#1","tintindex":0},"north":{"uv":[9.875,10.5,10.125,10.8125],"rotation":0,"texture":"#1","tintindex":0},"south":{"uv":[10.625,0.75,10.875,1.0625],"rotation":0,"texture":"#1","tintindex":0},"up":{"uv":[6.25,7.625,6.0,7.0],"rotation":0,"texture":"#1","tintindex":0},"west":{"uv":[6.375,0.0,7.0,0.3125],"rotation":0,"texture":"#1","tintindex":0}}},{"name":"cube","from":[12.955521,-0.23641968,5.3983517],"to":[14.194401,2.8607798,10.601648],"rotation":{"angle":0.0,"axis":"x","origin":[8.0,-1.4753003,8.0]},"faces":{"down":{"uv":[6.875,12.625,6.75,13.125],"rotation":0,"texture":"#1","tintindex":0},"east":{"uv":[7.125,0.0,7.625,0.3125],"rotation":0,"texture":"#1","tintindex":0},"north":{"uv":[5.875,13.75,6.0,14.0625],"rotation":0,"texture":"#1","tintindex":0},"south":{"uv":[6.125,13.75,6.25,14.0625],"rotation":0,"texture":"#1","tintindex":0},"up":{"uv":[6.625,13.125,6.5,12.625],"rotation":0,"texture":"#1","tintindex":0},"west":{"uv":[7.125,0.5,7.625,0.8125],"rotation":0,"texture":"#1","tintindex":0}}},{"name":"cube","from":[12.955521,-3.0239,5.3983517],"to":[14.194401,-0.23641968,10.601648],"rotation":{"angle":45.0,"axis":"z","origin":[12.955521,-0.23641968,8.0]},"faces":{"down":{"uv":[7.375,12.625,7.25,13.125],"rotation":0,"texture":"#1","tintindex":0},"east":{"uv":[7.125,1.0,7.625,1.3125],"rotation":0,"texture":"#1","tintindex":0},"north":{"uv":[13.75,6.25,13.875,6.5625],"rotation":0,"texture":"#1","tintindex":0},"south":{"uv":[6.375,13.75,6.5,14.0625],"rotation":0,"texture":"#1","tintindex":0},"up":{"uv":[7.125,13.125,7.0,12.625],"rotation":0,"texture":"#1","tintindex":0},"west":{"uv":[7.125,1.5,7.625,1.8125],"rotation":0,"texture":"#1","tintindex":0}}},{"name":"cube","from":[16.672161,4.099661,6.4514],"to":[17.60132,5.338541,9.5486],"rotation":{"angle":0.0,"axis":"x","origin":[8.0,-2.0947404,8.0]},"faces":{"down":{"uv":[7.5,13.75,7.375,14.0625],"rotation":0,"texture":"#1","tintindex":0},"east":{"uv":[13.75,3.75,14.0625,3.875],"rotation":0,"texture":"#1","tintindex":0},"north":{"uv":[8.125,15.0,8.25,15.125],"rotation":0,"texture":"#1","tintindex":0},"south":{"uv":[15.0,8.125,15.125,8.25],"rotation":0,"texture":"#1","tintindex":0},"up":{"uv":[7.25,14.0625,7.125,13.75],"rotation":0,"texture":"#1","tintindex":0},"west":{"uv":[6.625,13.75,6.9375,13.875],"rotation":0,"texture":"#1","tintindex":0}}},{"name":"cube","from":[16.672161,2.8607798,7.38056],"to":[17.2916,4.099661,8.61944],"rotation":{"angle":0.0,"axis":"x","origin":[8.0,-2.0947404,8.0]},"faces":{"down":{"uv":[14.8125,15.375,14.75,15.5],"rotation":0,"texture":"#1","tintindex":0},"east":{"uv":[8.375,15.0,8.5,15.125],"rotation":0,"texture":"#1","tintindex":0},"north":{"uv":[15.375,14.25,15.4375,14.375],"rotation":0,"texture":"#1","tintindex":0},"south":{"uv":[14.5,15.375,14.5625,15.5],"rotation":0,"texture":"#1","tintindex":0},"up":{"uv":[15.4375,14.625,15.375,14.5],"rotation":0,"texture":"#1","tintindex":0},"west":{"uv":[15.0,8.375,15.125,8.5],"rotation":0,"texture":"#1","tintindex":0}}},{"name":"cube","from":[13.946625,-1.2275238,8.92916],"to":[15.743,2.2413406,10.168039],"rotation":{"angle":0.0,"axis":"x","origin":[8.0,-1.4753003,8.0]},"faces":{"down":{"uv":[14.5625,13.5,14.375,13.625],"rotation":0,"texture":"#1","tintindex":0},"east":{"uv":[11.875,12.875,12.0,13.25],"rotation":0,"texture":"#1","tintindex":0},"north":{"uv":[11.75,6.375,11.9375,6.75],"rotation":0,"texture":"#1","tintindex":0},"south":{"uv":[11.75,6.875,11.9375,7.25],"rotation":0,"texture":"#1","tintindex":0},"up":{"uv":[14.5625,13.375,14.375,13.25],"rotation":0,"texture":"#1","tintindex":0},"west":{"uv":[12.125,12.875,12.25,13.25],"rotation":0,"texture":"#1","tintindex":0}}},{"name":"cube","from":[13.946625,-1.2275238,5.8319597],"to":[15.743,2.2413406,7.07084],"rotation":{"angle":0.0,"axis":"x","origin":[8.0,-1.4753003,8.0]},"faces":{"down":{"uv":[14.5625,14.0,14.375,14.125],"rotation":0,"texture":"#1","tintindex":0},"east":{"uv":[12.875,12.625,13.0,13.0],"rotation":0,"texture":"#1","tintindex":0},"north":{"uv":[11.75,7.375,11.9375,7.75],"rotation":0,"texture":"#1","tintindex":0},"south":{"uv":[11.75,7.875,11.9375,8.25],"rotation":0,"texture":"#1","tintindex":0},"up":{"uv":[14.5625,13.875,14.375,13.75],"rotation":0,"texture":"#1","tintindex":0},"west":{"uv":[13.0,0.0,13.125,0.375],"rotation":0,"texture":"#1","tintindex":0}}},{"name":"cube","from":[16.672161,5.64826,9.85832],"to":[17.911041,17.417622,10.65176],"rotation":{"angle":0.0,"axis":"x","origin":[8.0,-2.0947404,8.0]},"faces":{"down":{"uv":[15.5,15.0,15.375,15.0625],"rotation":0,"texture":"#1","tintindex":0},"east":{"uv":[8.25,11.375,8.3125,12.5625],"rotation":0,"texture":"#1","tintindex":0},"north":{"uv":[2.875,8.25,3.0,9.4375],"rotation":0,"texture":"#1","tintindex":0},"south":{"uv":[3.125,8.25,3.25,9.4375],"rotation":0,"texture":"#1","tintindex":0},"up":{"uv":[15.125,15.4375,15.0,15.375],"rotation":0,"texture":"#1","tintindex":0},"west":{"uv":[11.375,9.25,11.4375,10.4375],"rotation":0,"texture":"#1","tintindex":0}}},{"name":"cube","from":[16.672161,5.64826,5.34824],"to":[17.911041,17.417622,6.14168],"rotation":{"angle":0.0,"axis":"x","origin":[8.0,-2.0947404,8.0]},"faces":{"down":{"uv":[0.125,15.5,0.0,15.5625],"rotation":0,"texture":"#1","tintindex":0},"east":{"uv":[11.375,10.625,11.4375,11.8125],"rotation":0,"texture":"#1","tintindex":0},"north":{"uv":[8.375,1.25,8.5,2.4375],"rotation":0,"texture":"#1","tintindex":0},"south":{"uv":[8.375,2.625,8.5,3.8125],"rotation":0,"texture":"#1","tintindex":0},"up":{"uv":[15.375,15.4375,15.25,15.375],"rotation":0,"texture":"#1","tintindex":0},"west":{"uv":[0.25,11.5,0.3125,12.6875],"rotation":0,"texture":"#1","tintindex":0}}},{"name":"cube","from":[16.672161,6.2677,4.59308],"to":[17.60132,12.77182,5.5222397],"rotation":{"angle":0.0,"axis":"x","origin":[8.0,-2.0947404,8.0]},"faces":{"down":{"uv":[15.125,8.625,15.0,8.75],"rotation":0,"texture":"#1","tintindex":0},"east":{"uv":[9.625,5.25,9.75,5.9375],"rotation":0,"texture":"#1","tintindex":0},"north":{"uv":[4.625,9.625,4.75,10.3125],"rotation":0,"texture":"#1","tintindex":0},"south":{"uv":[6.125,9.625,6.25,10.3125],"rotation":0,"texture":"#1","tintindex":0},"up":{"uv":[8.75,15.125,8.625,15.0],"rotation":0,"texture":"#1","tintindex":0},"west":{"uv":[9.625,6.125,9.75,6.8125],"rotation":0,"texture":"#1","tintindex":0}}},{"name":"cube","from":[16.672161,6.2677,10.47776],"to":[17.60132,12.77182,11.40692],"rotation":{"angle":0.0,"axis":"x","origin":[8.0,-2.0947404,8.0]},"faces":{"down":{"uv":[15.125,9.125,15.0,9.25],"rotation":0,"texture":"#1","tintindex":0},"east":{"uv":[9.625,7.0,9.75,7.6875],"rotation":0,"texture":"#1","tintindex":0},"north":{"uv":[6.375,9.625,6.5,10.3125],"rotation":0,"texture":"#1","tintindex":0},"south":{"uv":[9.625,7.875,9.75,8.5625],"rotation":0,"texture":"#1","tintindex":0},"up":{"uv":[15.125,9.0,15.0,8.875],"rotation":0,"texture":"#1","tintindex":0},"west":{"uv":[9.625,8.75,9.75,9.4375],"rotation":0,"texture":"#1","tintindex":0}}},{"name":"cube",