{"textures":{"0":"modelengine:entity/unheard_bell","1":"modelengine:entity/unheard_bell1"},"elements":[{"name":"cube","from":[15.43328,2.5510597,4.407248],"to":[16.672161,18.656502,11.592752],"rotation":{"angle":0.0,"axis":"x","origin":[8.0,-2.0947404,8.0]},"faces":{"down":{"uv":[9.5,4.375,9.375,5.125],"rotation":0,"texture":"#1","tintindex":0},"east":{"uv":[3.5,1.75,4.25,3.375],"rotation":0,"texture":"#1","tintindex":0},"north":{"uv":[2.0,6.25,2.125,7.875],"rotation":0,"texture":"#1","tintindex":0},"south":{"uv":[2.25,6.25,2.375,7.875],"rotation":0,"texture":"#1","tintindex":0},"up":{"uv":[9.5,4.25,9.375,3.5],"rotation":0,"texture":"#1","tintindex":0},"west":{"uv":[2.625,3.5,3.375,5.125],"rotation":0,"texture":"#1","tintindex":0}}},{"name":"cube","from":[13.884681,1.6219006,4.9027996],"to":[16.362442,4.7191,11.0972],"rotation":{"angle":0.0,"axis":"x","origin":[8.0,-1.4753003,8.0]},"faces":{"down":{"uv":[0.25,8.0,0.0,8.625],"rotation":0,"texture":"#1","tintindex":0},"east":{"uv":[6.375,4.5,7.0,4.8125],"rotation":0,"texture":"#1","tintindex":0},"north":{"uv":[3.0,11.25,3.25,11.5625],"rotation":0,"texture":"#1","tintindex":0},"south":{"uv":[3.375,11.25,3.625,11.5625],"rotation":0,"texture":"#1","tintindex":0},"up":{"uv":[8.125,3.625,7.875,3.0],"rotation":0,"texture":"#1","tintindex":0},"west":{"uv":[6.375,5.0,7.0,5.3125],"rotation":0,"texture":"#1","tintindex":0}}},{"name":"cube","from":[12.955521,-0.23641968,5.3983517],"to":[14.194401,2.8607798,10.601648],"rotation":{"angle":0.0,"axis":"x","origin":[8.0,-1.4753003,8.0]},"faces":{"down":{"uv":[12.875,10.75,12.75,11.25],"rotation":0,"texture":"#1","tintindex":0},"east":{"uv":[0.375,8.0,0.875,8.3125],"rotation":0,"texture":"#1","tintindex":0},"north":{"uv":[8.625,13.875,8.75,14.1875],"rotation":0,"texture":"#1","tintindex":0},"south":{"uv":[8.875,13.875,9.0,14.1875],"rotation":0,"texture":"#1","tintindex":0},"up":{"uv":[10.75,13.25,10.625,12.75],"rotation":0,"texture":"#1","tintindex":0},"west":{"uv":[1.0,8.0,1.5,8.3125],"rotation":0,"texture":"#1","tintindex":0}}},{"name":"cube","from":[12.955521,-3.0239,5.3983517],"to":[14.194401,-0.23641968,10.601648],"rotation":{"angle":45.0,"axis":"z","origin":[12.955521,-0.23641968,8.0]},"faces":{"down":{"uv":[11.25,12.75,11.125,13.25],"rotation":0,"texture":"#1","tintindex":0},"east":{"uv":[1.625,8.0,2.125,8.3125],"rotation":0,"texture":"#1","tintindex":0},"north":{"uv":[9.125,13.875,9.25,14.1875],"rotation":0,"texture":"#1","tintindex":0},"south":{"uv":[9.375,13.875,9.5,14.1875],"rotation":0,"texture":"#1","tintindex":0},"up":{"uv":[11.0,13.25,10.875,12.75],"rotation":0,"texture":"#1","tintindex":0},"west":{"uv":[2.25,8.0,2.75,8.3125],"rotation":0,"texture":"#1","tintindex":0}}},{"name":"cube","from":[16.672161,4.099661,6.4514],"to":[17.60132,5.338541,9.5486],"rotation":{"angle":0.0,"axis":"x","origin":[8.0,-2.0947404,8.0]},"faces":{"down":{"uv":[10.5,13.875,10.375,14.1875],"rotation":0,"texture":"#1","tintindex":0},"east":{"uv":[13.875,9.0,14.1875,9.125],"rotation":0,"texture":"#1","tintindex":0},"north":{"uv":[5.5,15.25,5.625,15.375],"rotation":0,"texture":"#1","tintindex":0},"south":{"uv":[15.25,5.625,15.375,5.75],"rotation":0,"texture":"#1","tintindex":0},"up":{"uv":[10.25,14.1875,10.125,13.875],"rotation":0,"texture":"#1","tintindex":0},"west":{"uv":[9.625,13.875,9.9375,14.0],"rotation":0,"texture":"#1","tintindex":0}}},{"name":"cube","from":[16.672161,2.8607798,7.38056],"to":[17.2916,4.099661,8.61944],"rotation":{"angle":0.0,"axis":"x","origin":[8.0,-2.0947404,8.0]},"faces":{"down":{"uv":[15.5625,8.375,15.5,8.5],"rotation":0,"texture":"#1","tintindex":0},"east":{"uv":[5.75,15.25,5.875,15.375],"rotation":0,"texture":"#1","tintindex":0},"north":{"uv":[8.0,15.5,8.0625,15.625],"rotation":0,"texture":"#1","tintindex":0},"south":{"uv":[15.5,8.125,15.5625,8.25],"rotation":0,"texture":"#1","tintindex":0},"up":{"uv":[8.3125,15.625,8.25,15.5],"rotation":0,"texture":"#1","tintindex":0},"west":{"uv":[15.25,5.875,15.375,6.0],"rotation":0,"texture":"#1","tintindex":0}}},{"name":"cube","from":[13.946625,-1.2275238,8.92916],"to":[15.743,2.2413406,10.168039],"rotation":{"angle":0.0,"axis":"x","origin":[8.0,-1.4753003,8.0]},"faces":{"down":{"uv":[14.9375,12.625,14.75,12.75],"rotation":0,"texture":"#1","tintindex":0},"east":{"uv":[13.375,12.75,13.5,13.125],"rotation":0,"texture":"#1","tintindex":0},"north":{"uv":[2.125,12.375,2.3125,12.75],"rotation":0,"texture":"#1","tintindex":0},"south":{"uv":[12.375,3.25,12.5625,3.625],"rotation":0,"texture":"#1","tintindex":0},"up":{"uv":[14.9375,12.125,14.75,12.0],"rotation":0,"texture":"#1","tintindex":0},"west":{"uv":[12.875,13.375,13.0,13.75],"rotation":0,"texture":"#1","tintindex":0}}},{"name":"cube","from":[13.946625,-1.2275238,5.8319597],"to":[15.743,2.2413406,7.07084],"rotation":{"angle":0.0,"axis":"x","origin":[8.0,-1.4753003,8.0]},"faces":{"down":{"uv":[14.9375,13.125,14.75,13.25],"rotation":0,"texture":"#1","tintindex":0},"east":{"uv":[13.125,13.375,13.25,13.75],"rotation":0,"texture":"#1","tintindex":0},"north":{"uv":[12.375,3.75,12.5625,4.125],"rotation":0,"texture":"#1","tintindex":0},"south":{"uv":[12.375,4.25,12.5625,4.625],"rotation":0,"texture":"#1","tintindex":0},"up":{"uv":[14.9375,13.0,14.75,12.875],"rotation":0,"texture":"#1","tintindex":0},"west":{"uv":[13.375,13.25,13.5,13.625],"rotation":0,"texture":"#1","tintindex":0}}},{"name":"cube","from":[16.672161,5.64826,9.85832],"to":[17.911041,16.79818,10.65176],"rotation":{"angle":0.0,"axis":"x","origin":[8.0,-2.0947404,8.0]},"faces":{"down":{"uv":[15.625,8.625,15.5,8.6875],"rotation":0,"texture":"#1","tintindex":0},"east":{"uv":[3.5,12.25,3.5625,13.375],"rotation":0,"texture":"#1","tintindex":0},"north":{"uv":[5.875,8.5,6.0,9.625],"rotation":0,"texture":"#1","tintindex":0},"south":{"uv":[6.625,8.5,6.75,9.625],"rotation":0,"texture":"#1","tintindex":0},"up":{"uv":[8.625,15.5625,8.5,15.5],"rotation":0,"texture":"#1","tintindex":0},"west":{"uv":[12.375,4.75,12.4375,5.875],"rotation":0,"texture":"#1","tintindex":0}}},{"name":"cube","from":[16.672161,5.64826,5.34824],"to":[17.911041,16.79818,6.14168],"rotation":{"angle":0.0,"axis":"x","origin":[8.0,-2.0947404,8.0]},"faces":{"down":{"uv":[15.625,9.125,15.5,9.1875],"rotation":0,"texture":"#1","tintindex":0},"east":{"uv":[5.0,12.375,5.0625,13.5],"rotation":0,"texture":"#1","tintindex":0},"north":{"uv":[6.875,8.5,7.0,9.625],"rotation":0,"texture":"#1","tintindex":0},"south":{"uv":[7.125,8.5,7.25,9.625],"rotation":0,"texture":"#1","tintindex":0},"up":{"uv":[15.625,8.9375,15.5,8.875],"rotation":0,"texture":"#1","tintindex":0},"west":{"uv":[12.375,8.5,12.4375,9.625],"rotation":0,"texture":"#1","tintindex":0}}},{"name":"cube","from":[16.672161,6.2677,4.59308],"to":[17.60132,12.77182,5.5222397],"rotation":{"angle":0.0,"axis":"x","origin":[8.0,-2.0947404,8.0]},"faces":{"down":{"uv":[6.375,15.25,6.25,15.375],"rotation":0,"texture":"#1","tintindex":0},"east":{"uv":[10.125,3.5,10.25,4.1875],"rotation":0,"texture":"#1","tintindex":0},"north":{"uv":[10.125,2.625,10.25,3.3125],"rotation":0,"texture":"#1","tintindex":0},"south":{"uv":[10.125,4.375,10.25,5.0625],"rotation":0,"texture":"#1","tintindex":0},"up":{"uv":[6.125,15.375,6.0,15.25],"rotation":0,"texture":"#1","tintindex":0},"west":{"uv":[10.125,5.25,10.25,5.9375],"rotation":0,"texture":"#1","tintindex":0}}},{"name":"cube","from":[16.672161,6.2677,10.47776],"to":[17.60132,12.77182,11.40692],"rotation":{"angle":0.0,"axis":"x","origin":[8.0,-2.0947404,8.0]},"faces":{"down":{"uv":[15.375,6.5,15.25,6.625],"rotation":0,"texture":"#1","tintindex":0},"east":{"uv":[10.125,7.0,10.25,7.6875],"rotation":0,"texture":"#1","tintindex":0},"north":{"uv":[10.125,6.125,10.25,6.8125],"rotation":0,"texture":"#1","tintindex":0},"south":{"uv":[10.125,7.875,10.25,8.5625],"rotation":0,"texture":"#1","tintindex":0},"up":{"uv":[6.625,15.375,6.5,15.25],"rotation":0,"texture":"#1","tintindex":0},"west":{"uv":[10.125,8.75,10.25,9.4375],"rotation":0,"texture":"#1","tintindex":0}}},{"name":"cube",