{"textures":{"0":"modelengine:entity/unheard_bell","1":"modelengine:entity/unheard_bell1"},"elements":[{"name":"cube","from":[15.43328,2.5510597,4.407248],"to":[16.672161,18.656502,11.592752],"rotation":{"angle":0.0,"axis":"x","origin":[8.0,-2.0947404,8.0]},"faces":{"down":{"uv":[9.0,8.625,8.875,9.375],"rotation":0,"texture":"#1","tintindex":0},"east":{"uv":[2.625,0.0,3.375,1.625],"rotation":0,"texture":"#1","tintindex":0},"north":{"uv":[0.5,6.25,0.625,7.875],"rotation":0,"texture":"#1","tintindex":0},"south":{"uv":[0.75,6.25,0.875,7.875],"rotation":0,"texture":"#1","tintindex":0},"up":{"uv":[9.0,8.5,8.875,7.75],"rotation":0,"texture":"#1","tintindex":0},"west":{"uv":[2.625,1.75,3.375,3.375],"rotation":0,"texture":"#1","tintindex":0}}},{"name":"cube","from":[13.884681,1.6219006,4.9027996],"to":[16.362442,4.7191,11.0972],"rotation":{"angle":0.0,"axis":"x","origin":[8.0,-1.4753003,8.0]},"faces":{"down":{"uv":[4.75,7.25,4.5,7.875],"rotation":0,"texture":"#1","tintindex":0},"east":{"uv":[6.375,1.5,7.0,1.8125],"rotation":0,"texture":"#1","tintindex":0},"north":{"uv":[10.625,8.5,10.875,8.8125],"rotation":0,"texture":"#1","tintindex":0},"south":{"uv":[10.625,9.0,10.875,9.3125],"rotation":0,"texture":"#1","tintindex":0},"up":{"uv":[4.375,7.875,4.125,7.25],"rotation":0,"texture":"#1","tintindex":0},"west":{"uv":[6.375,2.0,7.0,2.3125],"rotation":0,"texture":"#1","tintindex":0}}},{"name":"cube","from":[12.955521,-0.23641968,5.3983517],"to":[14.194401,2.8607798,10.601648],"rotation":{"angle":0.0,"axis":"x","origin":[8.0,-1.4753003,8.0]},"faces":{"down":{"uv":[12.875,6.0,12.75,6.5],"rotation":0,"texture":"#1","tintindex":0},"east":{"uv":[4.875,7.25,5.375,7.5625],"rotation":0,"texture":"#1","tintindex":0},"north":{"uv":[13.375,13.75,13.5,14.0625],"rotation":0,"texture":"#1","tintindex":0},"south":{"uv":[13.625,13.75,13.75,14.0625],"rotation":0,"texture":"#1","tintindex":0},"up":{"uv":[12.875,4.125,12.75,3.625],"rotation":0,"texture":"#1","tintindex":0},"west":{"uv":[7.375,6.5,7.875,6.8125],"rotation":0,"texture":"#1","tintindex":0}}},{"name":"cube","from":[12.955521,-3.0239,5.3983517],"to":[14.194401,-0.23641968,10.601648],"rotation":{"angle":45.0,"axis":"z","origin":[12.955521,-0.23641968,8.0]},"faces":{"down":{"uv":[7.875,12.75,7.75,13.25],"rotation":0,"texture":"#1","tintindex":0},"east":{"uv":[7.5,2.0,8.0,2.3125],"rotation":0,"texture":"#1","tintindex":0},"north":{"uv":[0.25,13.875,0.375,14.1875],"rotation":0,"texture":"#1","tintindex":0},"south":{"uv":[0.5,13.875,0.625,14.1875],"rotation":0,"texture":"#1","tintindex":0},"up":{"uv":[12.875,7.125,12.75,6.625],"rotation":0,"texture":"#1","tintindex":0},"west":{"uv":[7.5,2.5,8.0,2.8125],"rotation":0,"texture":"#1","tintindex":0}}},{"name":"cube","from":[16.672161,4.099661,6.4514],"to":[17.60132,5.338541,9.5486],"rotation":{"angle":0.0,"axis":"x","origin":[8.0,-2.0947404,8.0]},"faces":{"down":{"uv":[1.875,13.875,1.75,14.1875],"rotation":0,"texture":"#1","tintindex":0},"east":{"uv":[13.75,10.25,14.0625,10.375],"rotation":0,"texture":"#1","tintindex":0},"north":{"uv":[15.125,9.375,15.25,9.5],"rotation":0,"texture":"#1","tintindex":0},"south":{"uv":[9.625,15.125,9.75,15.25],"rotation":0,"texture":"#1","tintindex":0},"up":{"uv":[0.875,14.1875,0.75,13.875],"rotation":0,"texture":"#1","tintindex":0},"west":{"uv":[13.875,1.5,14.1875,1.625],"rotation":0,"texture":"#1","tintindex":0}}},{"name":"cube","from":[16.672161,2.8607798,7.38056],"to":[17.2916,4.099661,8.61944],"rotation":{"angle":0.0,"axis":"x","origin":[8.0,-2.0947404,8.0]},"faces":{"down":{"uv":[15.5625,3.5,15.5,3.625],"rotation":0,"texture":"#1","tintindex":0},"east":{"uv":[15.125,9.625,15.25,9.75],"rotation":0,"texture":"#1","tintindex":0},"north":{"uv":[3.25,15.5,3.3125,15.625],"rotation":0,"texture":"#1","tintindex":0},"south":{"uv":[15.5,3.25,15.5625,3.375],"rotation":0,"texture":"#1","tintindex":0},"up":{"uv":[3.5625,15.625,3.5,15.5],"rotation":0,"texture":"#1","tintindex":0},"west":{"uv":[9.875,15.125,10.0,15.25],"rotation":0,"texture":"#1","tintindex":0}}},{"name":"cube","from":[13.946625,-1.2275238,8.92916],"to":[15.743,2.2413406,10.168039],"rotation":{"angle":0.0,"axis":"x","origin":[8.0,-1.4753003,8.0]},"faces":{"down":{"uv":[14.8125,0.75,14.625,0.875],"rotation":0,"texture":"#1","tintindex":0},"east":{"uv":[13.25,3.0,13.375,3.375],"rotation":0,"texture":"#1","tintindex":0},"north":{"uv":[3.75,12.0,3.9375,12.375],"rotation":0,"texture":"#1","tintindex":0},"south":{"uv":[12.0,4.0,12.1875,4.375],"rotation":0,"texture":"#1","tintindex":0},"up":{"uv":[14.5625,14.625,14.375,14.5],"rotation":0,"texture":"#1","tintindex":0},"west":{"uv":[13.25,3.5,13.375,3.875],"rotation":0,"texture":"#1","tintindex":0}}},{"name":"cube","from":[13.946625,-1.2275238,5.8319597],"to":[15.743,2.2413406,7.07084],"rotation":{"angle":0.0,"axis":"x","origin":[8.0,-1.4753003,8.0]},"faces":{"down":{"uv":[14.8125,1.25,14.625,1.375],"rotation":0,"texture":"#1","tintindex":0},"east":{"uv":[13.25,4.25,13.375,4.625],"rotation":0,"texture":"#1","tintindex":0},"north":{"uv":[4.125,12.0,4.3125,12.375],"rotation":0,"texture":"#1","tintindex":0},"south":{"uv":[12.0,4.5,12.1875,4.875],"rotation":0,"texture":"#1","tintindex":0},"up":{"uv":[14.8125,1.125,14.625,1.0],"rotation":0,"texture":"#1","tintindex":0},"west":{"uv":[4.375,13.25,4.5,13.625],"rotation":0,"texture":"#1","tintindex":0}}},{"name":"cube","from":[16.672161,5.64826,9.85832],"to":[17.911041,17.417622,10.65176],"rotation":{"angle":0.0,"axis":"x","origin":[8.0,-2.0947404,8.0]},"faces":{"down":{"uv":[15.625,3.75,15.5,3.8125],"rotation":0,"texture":"#1","tintindex":0},"east":{"uv":[8.5,11.5,8.5625,12.6875],"rotation":0,"texture":"#1","tintindex":0},"north":{"uv":[0.625,8.5,0.75,9.6875],"rotation":0,"texture":"#1","tintindex":0},"south":{"uv":[0.875,8.5,1.0,9.6875],"rotation":0,"texture":"#1","tintindex":0},"up":{"uv":[3.875,15.5625,3.75,15.5],"rotation":0,"texture":"#1","tintindex":0},"west":{"uv":[11.625,0.0,11.6875,1.1875],"rotation":0,"texture":"#1","tintindex":0}}},{"name":"cube","from":[16.672161,5.64826,5.34824],"to":[17.911041,16.79818,6.14168],"rotation":{"angle":0.0,"axis":"x","origin":[8.0,-2.0947404,8.0]},"faces":{"down":{"uv":[15.625,4.0,15.5,4.0625],"rotation":0,"texture":"#1","tintindex":0},"east":{"uv":[0.0,12.0,0.0625,13.125],"rotation":0,"texture":"#1","tintindex":0},"north":{"uv":[1.375,8.5,1.5,9.625],"rotation":0,"texture":"#1","tintindex":0},"south":{"uv":[1.625,8.5,1.75,9.625],"rotation":0,"texture":"#1","tintindex":0},"up":{"uv":[4.125,15.5625,4.0,15.5],"rotation":0,"texture":"#1","tintindex":0},"west":{"uv":[2.75,12.0,2.8125,13.125],"rotation":0,"texture":"#1","tintindex":0}}},{"name":"cube","from":[16.672161,6.2677,4.59308],"to":[17.60132,12.77182,5.5222397],"rotation":{"angle":0.0,"axis":"x","origin":[8.0,-2.0947404,8.0]},"faces":{"down":{"uv":[10.25,15.125,10.125,15.25],"rotation":0,"texture":"#1","tintindex":0},"east":{"uv":[5.375,9.75,5.5,10.4375],"rotation":0,"texture":"#1","tintindex":0},"north":{"uv":[5.125,9.75,5.25,10.4375],"rotation":0,"texture":"#1","tintindex":0},"south":{"uv":[5.625,9.75,5.75,10.4375],"rotation":0,"texture":"#1","tintindex":0},"up":{"uv":[15.25,10.0,15.125,9.875],"rotation":0,"texture":"#1","tintindex":0},"west":{"uv":[5.875,9.75,6.0,10.4375],"rotation":0,"texture":"#1","tintindex":0}}},{"name":"cube","from":[16.672161,6.2677,10.47776],"to":[17.60132,12.77182,11.40692],"rotation":{"angle":0.0,"axis":"x","origin":[8.0,-2.0947404,8.0]},"faces":{"down":{"uv":[10.75,15.125,10.625,15.25],"rotation":0,"texture":"#1","tintindex":0},"east":{"uv":[6.875,9.75,7.0,10.4375],"rotation":0,"texture":"#1","tintindex":0},"north":{"uv":[6.625,9.75,6.75,10.4375],"rotation":0,"texture":"#1","tintindex":0},"south":{"uv":[7.125,9.75,7.25,10.4375],"rotation":0,"texture":"#1","tintindex":0},"up":{"uv":[10.5,15.25,10.375,15.125],"rotation":0,"texture":"#1","tintindex":0},"west":{"uv":[7.375,9.75,7.5,10.4375],"rotation":0,"texture":"#1","tintindex":0}}},{"name":"cube","from":[16.672161,5.02882,11.40692],