{"textures":{"0":"modelengine:entity/gaburoon"},"elements":[{"from":[5.485714,4.5642858,8.264286],"to":[10.514286,4.5642858,15.164286],"rotation":{"angle":0.0,"axis":"y","origin":[8.0,5.142857,8.0]},"faces":{"east":{"uv":[0.0,0.0,0.75,0.0],"rotation":0,"texture":"#0","tintindex":0},"south":{"uv":[0.0,0.0,0.5625,0.0],"rotation":0,"texture":"#0","tintindex":0},"north":{"uv":[0.0,0.0,0.5625,0.0],"rotation":0,"texture":"#0","tintindex":0},"west":{"uv":[0.0,0.0,0.75,0.0],"rotation":0,"texture":"#0","tintindex":0},"up":{"uv":[10.8125,0.75,10.25,0.0],"rotation":0,"texture":"#0","tintindex":0},"down":{"uv":[10.8125,4.4375,10.25,5.1875],"rotation":0,"texture":"#0","tintindex":0}}},{"from":[6.5714283,7.619842,15.442425],"to":[9.428572,8.191271,16.013855],"rotation":{"angle":0.0,"axis":"y","origin":[8.0,-28.665874,8.928139]},"faces":{"east":{"uv":[7.625,12.9375,7.6875,13.0],"rotation":0,"texture":"#0","tintindex":0},"south":{"uv":[11.125,10.875,11.4375,10.9375],"rotation":0,"texture":"#0","tintindex":0},"north":{"uv":[11.125,8.4375,11.4375,8.5],"rotation":0,"texture":"#0","tintindex":0},"west":{"uv":[7.6875,12.9375,7.75,13.0],"rotation":0,"texture":"#0","tintindex":0},"up":{"uv":[11.6875,4.6875,11.375,4.625],"rotation":0,"texture":"#0","tintindex":0},"down":{"uv":[0.3125,11.4375,0.0,11.5],"rotation":0,"texture":"#0","tintindex":0}}},{"from":[6.5714283,6.476985,7.442425],"to":[7.142857,7.619842,8.013853],"rotation":{"angle":0.0,"axis":"y","origin":[8.0,-28.665874,8.928139]},"faces":{"east":{"uv":[1.0625,9.6875,1.125,9.8125],"rotation":0,"texture":"#0","tintindex":0},"south":{"uv":[10.25,3.5625,10.3125,3.6875],"rotation":0,"texture":"#0","tintindex":0},"north":{"uv":[2.0,5.25,2.0625,5.375],"rotation":0,"texture":"#0","tintindex":0},"west":{"uv":[9.3125,10.875,9.375,11.0],"rotation":0,"texture":"#0","tintindex":0},"up":{"uv":[10.8125,12.9375,10.75,12.875],"rotation":0,"texture":"#0","tintindex":0},"down":{"uv":[12.3125,12.875,12.25,12.9375],"rotation":0,"texture":"#0","tintindex":0}}},{"from":[8.857143,6.476985,15.442425],"to":[9.428572,7.619842,16.013855],"rotation":{"angle":0.0,"axis":"y","origin":[8.0,-28.665874,8.928139]},"faces":{"east":{"uv":[12.5625,1.5625,12.625,1.6875],"rotation":0,"texture":"#0","tintindex":0},"south":{"uv":[5.75,12.5625,5.8125,12.6875],"rotation":0,"texture":"#0","tintindex":0},"north":{"uv":[2.8125,12.5,2.875,12.625],"rotation":0,"texture":"#0","tintindex":0},"west":{"uv":[1.125,12.625,1.1875,12.75],"rotation":0,"texture":"#0","tintindex":0},"up":{"uv":[3.625,13.0,3.5625,12.9375],"rotation":0,"texture":"#0","tintindex":0},"down":{"uv":[5.8125,12.9375,5.75,13.0],"rotation":0,"texture":"#0","tintindex":0}}},{"from":[4.3714285,2.4357138,7.1214285],"to":[11.6285715,6.707143,8.307143],"rotation":{"angle":0.0,"axis":"y","origin":[8.0,5.142857,8.0]},"faces":{"east":{"uv":[1.625,9.8125,1.75,10.25],"rotation":0,"texture":"#0","tintindex":0},"south":{"uv":[10.625,5.1875,11.4375,5.625],"rotation":0,"texture":"#0","tintindex":0},"north":{"uv":[8.0625,3.6875,8.875,4.125],"rotation":0,"texture":"#0","tintindex":0},"west":{"uv":[7.0,11.125,7.125,11.5625],"rotation":0,"texture":"#0","tintindex":0},"up":{"uv":[8.875,4.25,8.0625,4.125],"rotation":0,"texture":"#0","tintindex":0},"down":{"uv":[9.75,3.1875,8.9375,3.3125],"rotation":0,"texture":"#0","tintindex":0}}},{"from":[6.5714283,7.619842,7.442425],"to":[9.428572,8.191271,8.013853],"rotation":{"angle":0.0,"axis":"y","origin":[8.0,-28.665874,8.928139]},"faces":{"east":{"uv":[8.875,12.875,8.9375,12.9375],"rotation":0,"texture":"#0","tintindex":0},"south":{"uv":[2.125,10.6875,2.4375,10.75],"rotation":0,"texture":"#0","tintindex":0},"north":{"uv":[7.75,10.0625,8.0625,10.125],"rotation":0,"texture":"#0","tintindex":0},"west":{"uv":[9.25,12.875,9.3125,12.9375],"rotation":0,"texture":"#0","tintindex":0},"up":{"uv":[3.5625,10.8125,3.25,10.75],"rotation":0,"texture":"#0","tintindex":0},"down":{"uv":[1.625,11.0625,1.3125,11.125],"rotation":0,"texture":"#0","tintindex":0}}},{"from":[10.514286,2.4357138,8.264286],"to":[11.6285715,6.707143,15.164286],"rotation":{"angle":0.0,"axis":"y","origin":[8.0,5.142857,8.0]},"faces":{"east":{"uv":[10.6875,9.75,11.4375,10.1875],"rotation":0,"texture":"#0","tintindex":0},"south":{"uv":[1.1875,11.5625,1.3125,12.0],"rotation":0,"texture":"#0","tintindex":0},"north":{"uv":[5.4375,11.5,5.5625,11.9375],"rotation":0,"texture":"#0","tintindex":0},"west":{"uv":[2.5,10.75,3.25,11.1875],"rotation":0,"texture":"#0","tintindex":0},"up":{"uv":[6.3125,7.375,6.1875,6.625],"rotation":0,"texture":"#0","tintindex":0},"down":{"uv":[7.3125,9.0,7.1875,9.75],"rotation":0,"texture":"#0","tintindex":0}}},{"from":[4.3714285,2.4357138,15.1214285],"to":[11.6285715,6.707143,16.307144],"rotation":{"angle":0.0,"axis":"y","origin":[8.0,5.142857,8.0]},"faces":{"east":{"uv":[4.875,12.4375,5.0,12.875],"rotation":0,"texture":"#0","tintindex":0},"south":{"uv":[10.6875,1.0625,11.5,1.5],"rotation":0,"texture":"#0","tintindex":0},"north":{"uv":[10.625,5.625,11.4375,6.0625],"rotation":0,"texture":"#0","tintindex":0},"west":{"uv":[1.625,12.5,1.75,12.9375],"rotation":0,"texture":"#0","tintindex":0},"up":{"uv":[13.0,7.0,12.1875,6.875],"rotation":0,"texture":"#0","tintindex":0},"down":{"uv":[13.0625,4.6875,12.25,4.8125],"rotation":0,"texture":"#0","tintindex":0}}},{"from":[4.3714285,2.4357138,8.264286],"to":[5.485714,6.707143,15.164286],"rotation":{"angle":0.0,"axis":"y","origin":[8.0,5.142857,8.0]},"faces":{"east":{"uv":[10.8125,0.0,11.5625,0.4375],"rotation":0,"texture":"#0","tintindex":0},"south":{"uv":[3.625,12.5625,3.75,13.0],"rotation":0,"texture":"#0","tintindex":0},"north":{"uv":[9.3125,12.5,9.4375,12.9375],"rotation":0,"texture":"#0","tintindex":0},"west":{"uv":[3.25,10.8125,4.0,11.25],"rotation":0,"texture":"#0","tintindex":0},"up":{"uv":[5.875,9.9375,5.75,9.1875],"rotation":0,"texture":"#0","tintindex":0},"down":{"uv":[7.125,12.25,7.0,13.0],"rotation":0,"texture":"#0","tintindex":0}}},{"from":[6.5714283,6.476985,15.442425],"to":[7.142857,7.619842,16.013855],"rotation":{"angle":0.0,"axis":"y","origin":[8.0,-28.665874,8.928139]},"faces":{"east":{"uv":[5.75,12.6875,5.8125,12.8125],"rotation":0,"texture":"#0","tintindex":0},"south":{"uv":[1.125,12.75,1.1875,12.875],"rotation":0,"texture":"#0","tintindex":0},"north":{"uv":[7.25,12.625,7.3125,12.75],"rotation":0,"texture":"#0","tintindex":0},"west":{"uv":[1.5625,12.75,1.625,12.875],"rotation":0,"texture":"#0","tintindex":0},"up":{"uv":[7.8125,13.0,7.75,12.9375],"rotation":0,"texture":"#0","tintindex":0},"down":{"uv":[7.875,12.9375,7.8125,13.0],"rotation":0,"texture":"#0","tintindex":0}}},{"from":[8.857143,6.476985,7.442425],"to":[9.428572,7.619842,8.013853],"rotation":{"angle":0.0,"axis":"y","origin":[8.0,-28.665874,8.928139]},"faces":{"east":{"uv":[5.5,11.9375,5.5625,12.0625],"rotation":0,"texture":"#0","tintindex":0},"south":{"uv":[12.375,8.3125,12.4375,8.4375],"rotation":0,"texture":"#0","tintindex":0},"north":{"uv":[2.0625,11.5,2.125,11.625],"rotation":0,"texture":"#0","tintindex":0},"west":{"uv":[11.3125,12.4375,11.375,12.5625],"rotation":0,"texture":"#0","tintindex":0},"up":{"uv":[1.1875,13.0,1.125,12.9375],"rotation":0,"texture":"#0","tintindex":0},"down":{"uv":[3.0,12.9375,2.9375,13.0],"rotation":0,"texture":"#0","tintindex":0}}}],"display":{"head":{"translation":[0.0,-6.4,0.0],"scale":[4.0,4.0,4.0]}}}