{"textures":{"0":"modelengine:entity/gaburoon"},"elements":[{"name":"chest_1","from":[11.75,11.3,5.48],"to":[13.79,11.72,7.13],"rotation":{"angle":22.5,"axis":"x","origin":[12.77,12.140001,6.9049997]},"faces":{"down":{"uv":[5.75,12.8125,5.5625,13.0],"rotation":0,"texture":"#0","tintindex":0},"east":{"uv":[12.0625,2.1875,12.25,2.25],"rotation":0,"texture":"#0","tintindex":0},"north":{"uv":[11.9375,10.5625,12.125,10.625],"rotation":0,"texture":"#0","tintindex":0},"south":{"uv":[12.0625,3.9375,12.25,4.0],"rotation":0,"texture":"#0","tintindex":0},"up":{"uv":[13.0,5.5625,12.8125,5.375],"rotation":0,"texture":"#0","tintindex":0},"west":{"uv":[12.25,7.875,12.4375,7.9375],"rotation":0,"texture":"#0","tintindex":0}}},{"name":"chest_2","from":[12.2,12.95,5.7799997],"to":[13.34,13.670001,6.83],"rotation":{"angle":22.5,"axis":"x","origin":[12.77,12.140001,6.9049997]},"faces":{"down":{"uv":[1.75,12.9375,1.625,13.0625],"rotation":0,"texture":"#0","tintindex":0},"east":{"uv":[1.625,10.25,1.75,10.3125],"rotation":0,"texture":"#0","tintindex":0},"north":{"uv":[4.0625,9.125,4.1875,9.1875],"rotation":0,"texture":"#0","tintindex":0},"south":{"uv":[10.875,8.0625,11.0,8.125],"rotation":0,"texture":"#0","tintindex":0},"up":{"uv":[1.625,13.0625,1.5,12.9375],"rotation":0,"texture":"#0","tintindex":0},"west":{"uv":[11.8125,4.9375,11.9375,5.0],"rotation":0,"texture":"#0","tintindex":0}}},{"name":"chest_3","from":[12.05,11.6900015,5.63],"to":[13.49,12.53,6.98],"rotation":{"angle":22.5,"axis":"x","origin":[12.77,12.140001,6.9049997]},"faces":{"down":{"uv":[13.0625,5.6875,12.9375,5.8125],"rotation":0,"texture":"#0","tintindex":0},"east":{"uv":[5.375,12.75,5.5,12.8125],"rotation":0,"texture":"#0","tintindex":0},"north":{"uv":[12.625,6.8125,12.75,6.875],"rotation":0,"texture":"#0","tintindex":0},"south":{"uv":[12.75,6.8125,12.875,6.875],"rotation":0,"texture":"#0","tintindex":0},"up":{"uv":[5.375,13.0625,5.25,12.9375],"rotation":0,"texture":"#0","tintindex":0},"west":{"uv":[12.8125,2.0,12.9375,2.0625],"rotation":0,"texture":"#0","tintindex":0}}},{"name":"chest_4","from":[12.2,10.609999,5.7799997],"to":[13.34,11.33,6.83],"rotation":{"angle":22.5,"axis":"x","origin":[12.77,12.140001,6.9049997]},"faces":{"down":{"uv":[5.25,12.9375,5.125,13.0625],"rotation":0,"texture":"#0","tintindex":0},"east":{"uv":[12.25,3.375,12.375,3.4375],"rotation":0,"texture":"#0","tintindex":0},"north":{"uv":[1.1875,12.0,1.3125,12.0625],"rotation":0,"texture":"#0","tintindex":0},"south":{"uv":[12.25,3.9375,12.375,4.0],"rotation":0,"texture":"#0","tintindex":0},"up":{"uv":[5.125,13.0625,5.0,12.9375],"rotation":0,"texture":"#0","tintindex":0},"west":{"uv":[12.625,5.4375,12.75,5.5],"rotation":0,"texture":"#0","tintindex":0}}},{"name":"chest_5","from":[11.75,12.5,5.48],"to":[13.79,12.920001,7.13],"rotation":{"angle":22.5,"axis":"x","origin":[12.77,12.140001,6.9049997]},"faces":{"down":{"uv":[5.5625,12.8125,5.375,13.0],"rotation":0,"texture":"#0","tintindex":0},"east":{"uv":[7.3125,11.5625,7.5,11.625],"rotation":0,"texture":"#0","tintindex":0},"north":{"uv":[11.4375,8.4375,11.625,8.5],"rotation":0,"texture":"#0","tintindex":0},"south":{"uv":[11.625,7.0,11.8125,7.0625],"rotation":0,"texture":"#0","tintindex":0},"up":{"uv":[13.0,5.375,12.8125,5.1875],"rotation":0,"texture":"#0","tintindex":0},"west":{"uv":[11.75,2.9375,11.9375,3.0],"rotation":0,"texture":"#0","tintindex":0}}},{"name":"chest_6","from":[8.75,6.8,11.075001],"to":[16.85,12.650001,19.925],"rotation":{"angle":0.0,"axis":"x","origin":[12.8,10.925,15.8]},"faces":{"down":{"uv":[8.5625,6.5625,7.6875,7.5],"rotation":0,"texture":"#0","tintindex":0},"east":{"uv":[9.0,7.5,9.9375,8.125],"rotation":0,"texture":"#0","tintindex":0},"north":{"uv":[9.1875,5.5625,10.0625,6.1875],"rotation":0,"texture":"#0","tintindex":0},"south":{"uv":[9.375,6.1875,10.25,6.8125],"rotation":0,"texture":"#0","tintindex":0},"up":{"uv":[8.5625,6.5625,7.6875,5.625],"rotation":0,"texture":"#0","tintindex":0},"west":{"uv":[9.0,8.125,9.9375,8.75],"rotation":0,"texture":"#0","tintindex":0}}},{"name":"chest_7","from":[9.950001,5.6,9.275],"to":[15.650001,14.45,11.075001],"rotation":{"angle":0.0,"axis":"x","origin":[12.8,10.925,15.8]},"faces":{"down":{"uv":[12.8125,5.5,12.1875,5.6875],"rotation":0,"texture":"#0","tintindex":0},"east":{"uv":[6.125,12.0,6.3125,12.9375],"rotation":0,"texture":"#0","tintindex":0},"north":{"uv":[6.5625,9.0,7.1875,9.9375],"rotation":0,"texture":"#0","tintindex":0},"south":{"uv":[9.0,8.75,9.625,9.6875],"rotation":0,"texture":"#0","tintindex":0},"up":{"uv":[11.4375,5.1875,10.8125,5.0],"rotation":0,"texture":"#0","tintindex":0},"west":{"uv":[1.1875,12.0625,1.375,13.0],"rotation":0,"texture":"#0","tintindex":0}}},{"name":"chest_8","from":[8.15,6.2,7.625],"to":[17.45,17.675,10.475],"rotation":{"angle":-22.5,"axis":"x","origin":[13.1,13.325,8.375]},"faces":{"down":{"uv":[11.8125,4.6875,10.8125,5.0],"rotation":0,"texture":"#0","tintindex":0},"east":{"uv":[6.8125,9.9375,7.125,11.125],"rotation":0,"texture":"#0","tintindex":0},"north":{"uv":[4.1875,6.625,5.1875,7.8125],"rotation":0,"texture":"#0","tintindex":0},"south":{"uv":[5.1875,6.625,6.1875,7.8125],"rotation":0,"texture":"#0","tintindex":0},"up":{"uv":[11.8125,0.75,10.8125,0.4375],"rotation":0,"texture":"#0","tintindex":0},"west":{"uv":[0.0,10.25,0.3125,11.4375],"rotation":0,"texture":"#0","tintindex":0}}},{"name":"chest_9","from":[9.35,7.4,8.075],"to":[16.25,13.25,9.275],"rotation":{"angle":0.0,"axis":"x","origin":[12.8,10.925,15.8]},"faces":{"down":{"uv":[11.875,10.9375,11.125,11.0625],"rotation":0,"texture":"#0","tintindex":0},"east":{"uv":[0.9375,10.0625,1.0625,10.6875],"rotation":0,"texture":"#0","tintindex":0},"north":{"uv":[9.9375,1.125,10.6875,1.75],"rotation":0,"texture":"#0","tintindex":0},"south":{"uv":[5.5625,9.9375,6.3125,10.5625],"rotation":0,"texture":"#0","tintindex":0},"up":{"uv":[10.6875,1.875,9.9375,1.75],"rotation":0,"texture":"#0","tintindex":0},"west":{"uv":[0.8125,10.875,0.9375,11.5],"rotation":0,"texture":"#0","tintindex":0}}},{"name":"chest_10","from":[11.15,13.895,6.575],"to":[14.45,17.3,7.175],"rotation":{"angle":-45.0,"axis":"z","origin":[12.8,15.575001,5.975]},"faces":{"down":{"uv":[10.625,5.1875,10.25,5.25],"rotation":0,"texture":"#0","tintindex":0},"east":{"uv":[1.0625,9.3125,1.125,9.6875],"rotation":0,"texture":"#0","tintindex":0},"north":{"uv":[12.1875,0.75,12.5625,1.125],"rotation":0,"texture":"#0","tintindex":0},"south":{"uv":[12.1875,1.3125,12.5625,1.6875],"rotation":0,"texture":"#0","tintindex":0},"up":{"uv":[2.4375,4.25,2.0625,4.1875],"rotation":0,"texture":"#0","tintindex":0},"west":{"uv":[7.3125,9.375,7.375,9.75],"rotation":0,"texture":"#0","tintindex":0}}},{"name":"chest_11","from":[15.650001,5.6,8.075],"to":[19.25,13.85,9.275],"rotation":{"angle":22.5,"axis":"x","origin":[12.8,8.525,10.475]},"faces":{"down":{"uv":[11.75,4.5,11.375,4.625],"rotation":0,"texture":"#0","tintindex":0},"east":{"uv":[1.0,12.25,1.125,13.125],"rotation":0,"texture":"#0","tintindex":0},"north":{"uv":[0.9375,10.6875,1.3125,11.5625],"rotation":0,"texture":"#0","tintindex":0},"south":{"uv":[7.125,10.6875,7.5,11.5625],"rotation":0,"texture":"#0","tintindex":0},"up":{"uv":[10.25,3.6875,9.875,3.5625],"rotation":0,"texture":"#0","tintindex":0},"west":{"uv":[4.0,12.25,4.125,13.125],"rotation":0,"texture":"#0","tintindex":0}}},{"name":"chest_12","from":[6.35,5.6,8.075],"to":[9.950001,13.85,9.275],"rotation":{"angle":22.5,"axis":"x","origin":[12.8,8.525,10.475]},"faces":{"down":{"uv":[12.9375,7.5,12.5625,7.625],"rotation":0,"texture":"#0","tintindex":0},"east":{"uv":[4.125,12.25,4.25,13.125],"rotation":0,"texture":"#0","tintindex":0},"north":{"uv":[10.6875,8.875,11.0625,9.75],"rotation":0,"texture":"#0","tintindex":0},"south":{"uv":[2.125,10.75,2.5,11.625],"rotation":0,"texture":"#0","tintindex":0},"up":{"uv":[11.875,9.5,11.5,9.375],"rotation":0,"texture":"#0","tintindex":0},"west":{"uv":[4.25,12.25,4.375,13.125],"rotation":0,"texture":"#0","tintindex":0}}},{"name":"chest_13","from":[6.35,11.0,11.075001],