{"textures":{"0":"mineinabyss:characters/gaburoon"},"elements":[{"from":[6.707143,-6.1642866,6.65],"to":[7.964286,3.885714,9.007143],"rotation":{"angle":0.0,"axis":"y","origin":[14.466072,-1.1035719,6.5714283]},"faces":{"east":{"uv":[4.5,11.125,4.75,12.25],"rotation":0,"texture":"#0","tintindex":0},"south":{"uv":[8.9375,12.0,9.0625,13.125],"rotation":0,"texture":"#0","tintindex":0},"north":{"uv":[6.875,11.8125,7.0,12.9375],"rotation":0,"texture":"#0","tintindex":0},"west":{"uv":[4.75,11.125,5.0,12.25],"rotation":0,"texture":"#0","tintindex":0},"up":{"uv":[6.875,12.875,6.75,12.625],"rotation":0,"texture":"#0","tintindex":0},"down":{"uv":[2.25,12.75,2.125,13.0],"rotation":0,"texture":"#0","tintindex":0}}},{"from":[5.45,-8.678572,7.278571],"to":[6.707143,-6.1642866,8.3785715],"rotation":{"angle":45.0,"axis":"z","origin":[5.45,-6.1642866,7.8285713]},"faces":{"east":{"uv":[12.8125,7.0,12.9375,7.25],"rotation":0,"texture":"#0","tintindex":0},"south":{"uv":[12.8125,7.25,12.9375,7.5],"rotation":0,"texture":"#0","tintindex":0},"north":{"uv":[4.75,12.8125,4.875,13.0625],"rotation":0,"texture":"#0","tintindex":0},"west":{"uv":[8.4375,12.8125,8.5625,13.0625],"rotation":0,"texture":"#0","tintindex":0},"up":{"uv":[6.5,13.0625,6.375,12.9375],"rotation":0,"texture":"#0","tintindex":0},"down":{"uv":[7.0,12.9375,6.875,13.0625],"rotation":0,"texture":"#0","tintindex":0}}},{"from":[5.45,-6.1642866,7.278571],"to":[6.707143,3.2571425,8.3785715],"rotation":{"angle":0.0,"axis":"y","origin":[14.466072,-1.1035719,6.5714283]},"faces":{"east":{"uv":[11.0625,12.1875,11.1875,13.1875],"rotation":0,"texture":"#0","tintindex":0},"south":{"uv":[11.1875,12.1875,11.3125,13.1875],"rotation":0,"texture":"#0","tintindex":0},"north":{"uv":[10.9375,12.1875,11.0625,13.1875],"rotation":0,"texture":"#0","tintindex":0},"west":{"uv":[0.875,12.25,1.0,13.25],"rotation":0,"texture":"#0","tintindex":0},"up":{"uv":[6.25,13.0625,6.125,12.9375],"rotation":0,"texture":"#0","tintindex":0},"down":{"uv":[6.375,12.9375,6.25,13.0625],"rotation":0,"texture":"#0","tintindex":0}}},{"from":[7.178571,-8.678572,6.65],"to":[8.435715,-6.1642866,9.007143],"rotation":{"angle":0.0,"axis":"y","origin":[14.466072,1.1821427,6.5714283]},"faces":{"east":{"uv":[8.4375,12.5625,8.6875,12.8125],"rotation":0,"texture":"#0","tintindex":0},"south":{"uv":[12.8125,10.375,12.9375,10.625],"rotation":0,"texture":"#0","tintindex":0},"north":{"uv":[12.8125,10.125,12.9375,10.375],"rotation":0,"texture":"#0","tintindex":0},"west":{"uv":[11.875,12.5625,12.125,12.8125],"rotation":0,"texture":"#0","tintindex":0},"up":{"uv":[12.0,13.0625,11.875,12.8125],"rotation":0,"texture":"#0","tintindex":0},"down":{"uv":[12.125,12.8125,12.0,13.0625],"rotation":0,"texture":"#0","tintindex":0}}},{"from":[5.45,1.371428,7.278571],"to":[8.592857,3.2571425,8.3785715],"rotation":{"angle":45.0,"axis":"z","origin":[5.45,3.2571425,7.8285713]},"faces":{"east":{"uv":[11.4375,12.875,11.5625,13.0625],"rotation":0,"texture":"#0","tintindex":0},"south":{"uv":[11.0625,9.5625,11.4375,9.75],"rotation":0,"texture":"#0","tintindex":0},"north":{"uv":[10.6875,10.1875,11.0625,10.375],"rotation":0,"texture":"#0","tintindex":0},"west":{"uv":[11.5625,12.875,11.6875,13.0625],"rotation":0,"texture":"#0","tintindex":0},"up":{"uv":[13.0625,6.6875,12.6875,6.5625],"rotation":0,"texture":"#0","tintindex":0},"down":{"uv":[13.0625,6.6875,12.6875,6.8125],"rotation":0,"texture":"#0","tintindex":0}}}],"display":{"head":{"translation":[0.0,-6.4,0.0],"scale":[4.0,4.0,4.0]}}}