{"textures":{"0":"modelengine:entity/gaburoon"},"elements":[{"from":[18.928572,8.514286,8.342857],"to":[19.542858,8.685715,8.571428],"rotation":{"angle":45.0,"axis":"z","origin":[19.192858,9.028571,8.457143]},"faces":{"east":{"uv":[8.875,12.8125,8.9375,12.875],"rotation":0,"texture":"#0","tintindex":0},"south":{"uv":[9.25,12.8125,9.3125,12.875],"rotation":0,"texture":"#0","tintindex":0},"north":{"uv":[5.75,12.8125,5.8125,12.875],"rotation":0,"texture":"#0","tintindex":0},"west":{"uv":[10.75,12.8125,10.8125,12.875],"rotation":0,"texture":"#0","tintindex":0},"up":{"uv":[12.3125,12.875,12.25,12.8125],"rotation":0,"texture":"#0","tintindex":0},"down":{"uv":[1.1875,12.875,1.125,12.9375],"rotation":0,"texture":"#0","tintindex":0}}},{"from":[18.828571,7.857143,8.342857],"to":[19.428572,8.485714,8.571428],"rotation":{"angle":45.0,"axis":"z","origin":[19.07143,8.285714,8.285714]},"faces":{"east":{"uv":[4.0,11.0625,4.0625,11.125],"rotation":0,"texture":"#0","tintindex":0},"south":{"uv":[11.4375,1.0,11.5,1.0625],"rotation":0,"texture":"#0","tintindex":0},"north":{"uv":[10.75,4.375,10.8125,4.4375],"rotation":0,"texture":"#0","tintindex":0},"west":{"uv":[11.4375,10.125,11.5,10.1875],"rotation":0,"texture":"#0","tintindex":0},"up":{"uv":[11.5,10.9375,11.4375,10.875],"rotation":0,"texture":"#0","tintindex":0},"down":{"uv":[0.9375,11.5,0.875,11.5625],"rotation":0,"texture":"#0","tintindex":0}}},{"from":[9.428572,12.0,8.114285],"to":[15.714286,13.142858,9.257143],"rotation":{"angle":0.0,"axis":"y","origin":[12.571428,12.571428,8.685715]},"faces":{"east":{"uv":[9.75,3.1875,9.875,3.3125],"rotation":0,"texture":"#0","tintindex":0},"south":{"uv":[12.4375,10.625,13.125,10.75],"rotation":0,"texture":"#0","tintindex":0},"north":{"uv":[12.375,2.0625,13.0625,2.1875],"rotation":0,"texture":"#0","tintindex":0},"west":{"uv":[11.875,2.5,12.0,2.625],"rotation":0,"texture":"#0","tintindex":0},"up":{"uv":[13.125,10.875,12.4375,10.75],"rotation":0,"texture":"#0","tintindex":0},"down":{"uv":[13.125,10.875,12.4375,11.0],"rotation":0,"texture":"#0","tintindex":0}}},{"from":[15.714286,4.5714283,8.685715],"to":[20.628572,5.714286,10.4],"rotation":{"angle":45.0,"axis":"z","origin":[15.714286,4.5714283,8.685715]},"faces":{"east":{"uv":[12.875,9.125,13.0625,9.25],"rotation":0,"texture":"#0","tintindex":0},"south":{"uv":[12.5,0.25,13.0625,0.375],"rotation":0,"texture":"#0","tintindex":0},"north":{"uv":[12.5,0.125,13.0625,0.25],"rotation":0,"texture":"#0","tintindex":0},"west":{"uv":[12.875,9.25,13.0625,9.375],"rotation":0,"texture":"#0","tintindex":0},"up":{"uv":[4.9375,12.4375,4.375,12.25],"rotation":0,"texture":"#0","tintindex":0},"down":{"uv":[12.8125,4.5,12.25,4.6875],"rotation":0,"texture":"#0","tintindex":0}}},{"from":[15.714286,12.0,8.685715],"to":[20.628572,13.142858,9.828571],"rotation":{"angle":-45.0,"axis":"z","origin":[15.714286,13.142858,8.685715]},"faces":{"east":{"uv":[12.875,12.875,13.0,13.0],"rotation":0,"texture":"#0","tintindex":0},"south":{"uv":[12.4375,12.0,13.0,12.125],"rotation":0,"texture":"#0","tintindex":0},"north":{"uv":[12.4375,11.875,13.0,12.0],"rotation":0,"texture":"#0","tintindex":0},"west":{"uv":[1.375,12.9375,1.5,13.0625],"rotation":0,"texture":"#0","tintindex":0},"up":{"uv":[13.0,12.25,12.4375,12.125],"rotation":0,"texture":"#0","tintindex":0},"down":{"uv":[13.0,12.25,12.4375,12.375],"rotation":0,"texture":"#0","tintindex":0}}},{"from":[19.1,8.485714,8.342857],"to":[19.285715,9.285714,8.571428],"rotation":{"angle":0.0,"axis":"y","origin":[19.192858,9.028571,8.457143]},"faces":{"east":{"uv":[11.8125,9.5,11.875,9.5625],"rotation":0,"texture":"#0","tintindex":0},"south":{"uv":[11.875,10.0625,11.9375,10.125],"rotation":0,"texture":"#0","tintindex":0},"north":{"uv":[11.6875,4.625,11.75,4.6875],"rotation":0,"texture":"#0","tintindex":0},"west":{"uv":[11.9375,2.9375,12.0,3.0],"rotation":0,"texture":"#0","tintindex":0},"up":{"uv":[5.5,12.0,5.4375,11.9375],"rotation":0,"texture":"#0","tintindex":0},"down":{"uv":[12.1875,6.5625,12.125,6.625],"rotation":0,"texture":"#0","tintindex":0}}},{"from":[19.242857,9.2,8.342857],"to":[19.428572,9.942858,8.571428],"rotation":{"angle":45.0,"axis":"z","origin":[19.192858,9.028571,8.457143]},"faces":{"east":{"uv":[12.125,10.5625,12.1875,10.625],"rotation":0,"texture":"#0","tintindex":0},"south":{"uv":[12.25,9.3125,12.3125,9.375],"rotation":0,"texture":"#0","tintindex":0},"north":{"uv":[10.5625,12.125,10.625,12.1875],"rotation":0,"texture":"#0","tintindex":0},"west":{"uv":[12.375,6.25,12.4375,6.3125],"rotation":0,"texture":"#0","tintindex":0},"up":{"uv":[6.625,12.625,6.5625,12.5625],"rotation":0,"texture":"#0","tintindex":0},"down":{"uv":[11.375,12.5625,11.3125,12.625],"rotation":0,"texture":"#0","tintindex":0}}},{"from":[9.428572,4.5714283,8.114285],"to":[15.714286,5.714286,10.971429],"rotation":{"angle":0.0,"axis":"y","origin":[12.571428,12.571428,8.685715]},"faces":{"east":{"uv":[11.0625,3.4375,11.375,3.5625],"rotation":0,"texture":"#0","tintindex":0},"south":{"uv":[12.4375,11.125,13.125,11.25],"rotation":0,"texture":"#0","tintindex":0},"north":{"uv":[12.4375,11.0,13.125,11.125],"rotation":0,"texture":"#0","tintindex":0},"west":{"uv":[12.75,4.25,13.0625,4.375],"rotation":0,"texture":"#0","tintindex":0},"up":{"uv":[6.0,3.125,5.3125,2.8125],"rotation":0,"texture":"#0","tintindex":0},"down":{"uv":[12.1875,10.625,11.5,10.9375],"rotation":0,"texture":"#0","tintindex":0}}},{"from":[6.285714,7.9142857,8.0],"to":[6.5714283,9.8,8.571428],"rotation":{"angle":0.0,"axis":"y","origin":[8.0,5.142857,8.0]},"faces":{"east":{"uv":[11.625,1.6875,11.6875,1.875],"rotation":0,"texture":"#0","tintindex":0},"south":{"uv":[11.75,4.5,11.8125,4.6875],"rotation":0,"texture":"#0","tintindex":0},"north":{"uv":[11.0625,10.1875,11.125,10.375],"rotation":0,"texture":"#0","tintindex":0},"west":{"uv":[1.125,12.25,1.1875,12.4375],"rotation":0,"texture":"#0","tintindex":0},"up":{"uv":[1.5,6.0625,1.4375,6.0],"rotation":0,"texture":"#0","tintindex":0},"down":{"uv":[1.5,7.875,1.4375,7.9375],"rotation":0,"texture":"#0","tintindex":0}}},{"from":[3.142857,11.771429,8.2],"to":[4.742857,13.3714285,8.542857],"rotation":{"angle":45.0,"axis":"z","origin":[9.428572,13.142858,9.428572]},"faces":{"east":{"uv":[7.375,2.625,7.4375,2.8125],"rotation":0,"texture":"#0","tintindex":0},"south":{"uv":[4.5625,12.8125,4.75,13.0],"rotation":0,"texture":"#0","tintindex":0},"north":{"uv":[12.8125,4.375,13.0,4.5625],"rotation":0,"texture":"#0","tintindex":0},"west":{"uv":[8.875,4.0625,8.9375,4.25],"rotation":0,"texture":"#0","tintindex":0},"up":{"uv":[8.0625,3.75,7.875,3.6875],"rotation":0,"texture":"#0","tintindex":0},"down":{"uv":[7.375,9.75,7.1875,9.8125],"rotation":0,"texture":"#0","tintindex":0}}},{"from":[5.3714285,7.9142857,8.0],"to":[5.6571426,9.8,8.571428],"rotation":{"angle":0.0,"axis":"y","origin":[8.0,5.142857,8.0]},"faces":{"east":{"uv":[7.25,12.25,7.3125,12.4375],"rotation":0,"texture":"#0","tintindex":0},"south":{"uv":[12.25,7.25,12.3125,7.4375],"rotation":0,"texture":"#0","tintindex":0},"north":{"uv":[4.9375,12.25,5.0,12.4375],"rotation":0,"texture":"#0","tintindex":0},"west":{"uv":[2.8125,12.3125,2.875,12.5],"rotation":0,"texture":"#0","tintindex":0},"up":{"uv":[3.0,8.0,2.9375,7.9375],"rotation":0,"texture":"#0","tintindex":0},"down":{"uv":[10.0625,5.5,10.0,5.5625],"rotation":0,"texture":"#0","tintindex":0}}},{"from":[4.5142856,12.0,8.685715],"to":[9.428572,13.142858,9.828571],"rotation":{"angle":45.0,"axis":"z","origin":[9.428572,13.142858,8.685715]},"faces":{"east":{"uv":[12.875,12.625,13.0,12.75],"rotation":0,"texture":"#0","tintindex":0},"south":{"uv":[10.25,6.6875,10.8125,6.8125],"rotation":0,"texture":"#0","tintindex":0},"north":{"uv":[10.0,3.0625,10.5625,3.1875],"rotation":0,"texture":"#0","tintindex":0},"west":{"uv":[12.875,12.75,13.0,12.875],"rotation":0,"texture":"#0","tintindex":0},"up":{"uv":[13.0,11.875,12.4375,11.75],"rotation":0,"texture":"#0","tintindex":0},"down":{"uv":[12.4375,12.4375,11.875,12.5625],"rotation":0,"texture":"#0",