{"textures":{"0":"modelengine:entity/gaburoon"},"elements":[{"from":[8.077448,3.916275,7.0114284],"to":[9.991734,5.7734184,8.44],"rotation":{"angle":-45.0,"axis":"z","origin":[10.020306,4.830561,8.297143]},"faces":{"east":{"uv":[12.8125,1.4375,13.0,1.625],"rotation":0,"texture":"#0","tintindex":0},"south":{"uv":[12.8125,1.625,13.0,1.8125],"rotation":0,"texture":"#0","tintindex":0},"north":{"uv":[12.8125,1.25,13.0,1.4375],"rotation":0,"texture":"#0","tintindex":0},"west":{"uv":[12.8125,1.8125,13.0,2.0],"rotation":0,"texture":"#0","tintindex":0},"up":{"uv":[13.0,2.875,12.8125,2.6875],"rotation":0,"texture":"#0","tintindex":0},"down":{"uv":[3.1875,12.8125,3.0,13.0],"rotation":0,"texture":"#0","tintindex":0}}},{"from":[9.927454,5.7734184,7.44],"to":[11.5560255,7.1162753,8.868571],"rotation":{"angle":-45.0,"axis":"z","origin":[10.013168,4.830561,8.297143]},"faces":{"east":{"uv":[10.8125,7.0625,11.0,7.1875],"rotation":0,"texture":"#0","tintindex":0},"south":{"uv":[12.25,4.8125,12.4375,4.9375],"rotation":0,"texture":"#0","tintindex":0},"north":{"uv":[10.0625,6.0625,10.25,6.1875],"rotation":0,"texture":"#0","tintindex":0},"west":{"uv":[12.875,8.0,13.0625,8.125],"rotation":0,"texture":"#0","tintindex":0},"up":{"uv":[0.1875,13.0,0.0,12.8125],"rotation":0,"texture":"#0","tintindex":0},"down":{"uv":[0.375,12.8125,0.1875,13.0],"rotation":0,"texture":"#0","tintindex":0}}},{"from":[4.1714287,3.5578709,7.5257144],"to":[11.685715,5.557871,8.954286],"rotation":{"angle":0.0,"axis":"y","origin":[8.0,-12.156416,9.668571]},"faces":{"east":{"uv":[12.625,2.6875,12.8125,2.9375],"rotation":0,"texture":"#0","tintindex":0},"south":{"uv":[11.6875,4.0,12.5,4.25],"rotation":0,"texture":"#0","tintindex":0},"north":{"uv":[11.625,8.4375,12.4375,8.6875],"rotation":0,"texture":"#0","tintindex":0},"west":{"uv":[2.8125,12.625,3.0,12.875],"rotation":0,"texture":"#0","tintindex":0},"up":{"uv":[12.75,1.3125,11.9375,1.125],"rotation":0,"texture":"#0","tintindex":0},"down":{"uv":[12.75,5.6875,11.9375,5.875],"rotation":0,"texture":"#0","tintindex":0}}},{"from":[10.527454,7.1162753,7.582857],"to":[12.127455,9.244847,9.011429],"rotation":{"angle":-45.0,"axis":"z","origin":[10.013168,4.830561,8.297143]},"faces":{"east":{"uv":[6.5625,12.625,6.75,12.875],"rotation":0,"texture":"#0","tintindex":0},"south":{"uv":[12.625,7.0,12.8125,7.25],"rotation":0,"texture":"#0","tintindex":0},"north":{"uv":[12.625,3.375,12.8125,3.625],"rotation":0,"texture":"#0","tintindex":0},"west":{"uv":[12.625,8.625,12.8125,8.875],"rotation":0,"texture":"#0","tintindex":0},"up":{"uv":[13.0,3.4375,12.8125,3.25],"rotation":0,"texture":"#0","tintindex":0},"down":{"uv":[3.5625,12.8125,3.375,13.0],"rotation":0,"texture":"#0","tintindex":0}}},{"from":[6.0082664,3.916275,7.0114284],"to":[7.922552,5.7734184,8.44],"rotation":{"angle":45.0,"axis":"z","origin":[5.979695,4.830561,8.297143]},"faces":{"east":{"uv":[12.8125,0.375,13.0,0.5625],"rotation":0,"texture":"#0","tintindex":0},"south":{"uv":[0.5625,12.8125,0.75,13.0],"rotation":0,"texture":"#0","tintindex":0},"north":{"uv":[0.375,12.8125,0.5625,13.0],"rotation":0,"texture":"#0","tintindex":0},"west":{"uv":[12.8125,0.5625,13.0,0.75],"rotation":0,"texture":"#0","tintindex":0},"up":{"uv":[13.0,0.9375,12.8125,0.75],"rotation":0,"texture":"#0","tintindex":0},"down":{"uv":[13.0,0.9375,12.8125,1.125],"rotation":0,"texture":"#0","tintindex":0}}},{"from":[4.4439745,5.7734184,7.44],"to":[6.072546,7.1162753,8.868571],"rotation":{"angle":45.0,"axis":"z","origin":[5.9868317,4.830561,8.297143]},"faces":{"east":{"uv":[12.875,8.25,13.0625,8.375],"rotation":0,"texture":"#0","tintindex":0},"south":{"uv":[12.875,8.375,13.0625,8.5],"rotation":0,"texture":"#0","tintindex":0},"north":{"uv":[12.875,8.125,13.0625,8.25],"rotation":0,"texture":"#0","tintindex":0},"west":{"uv":[12.875,8.5,13.0625,8.625],"rotation":0,"texture":"#0","tintindex":0},"up":{"uv":[13.0,3.25,12.8125,3.0625],"rotation":0,"texture":"#0","tintindex":0},"down":{"uv":[3.375,12.8125,3.1875,13.0],"rotation":0,"texture":"#0","tintindex":0}}},{"from":[3.8725457,7.1162753,7.582857],"to":[5.4725456,9.244847,9.011429],"rotation":{"angle":45.0,"axis":"z","origin":[5.9868317,4.830561,8.297143]},"faces":{"east":{"uv":[11.5,12.625,11.6875,12.875],"rotation":0,"texture":"#0","tintindex":0},"south":{"uv":[11.6875,12.625,11.875,12.875],"rotation":0,"texture":"#0","tintindex":0},"north":{"uv":[11.3125,12.625,11.5,12.875],"rotation":0,"texture":"#0","tintindex":0},"west":{"uv":[12.6875,4.8125,12.875,5.0625],"rotation":0,"texture":"#0","tintindex":0},"up":{"uv":[13.0,3.625,12.8125,3.4375],"rotation":0,"texture":"#0","tintindex":0},"down":{"uv":[4.5625,12.8125,4.375,13.0],"rotation":0,"texture":"#0","tintindex":0}}}],"display":{"head":{"translation":[0.0,-6.4,0.0],"scale":[4.0,4.0,4.0]}}}