{"textures":{"0":"modelengine:entity/gaburoon"},"elements":[{"from":[8.216938,4.025218,7.2],"to":[9.931224,5.796647,8.6285715],"rotation":{"angle":-45.0,"axis":"z","origin":[10.016938,3.139504,8.2]},"faces":{"east":{"uv":[5.0,12.75,5.1875,12.9375],"rotation":0,"texture":"#0","tintindex":0},"south":{"uv":[5.1875,12.75,5.375,12.9375],"rotation":0,"texture":"#0","tintindex":0},"north":{"uv":[1.375,12.75,1.5625,12.9375],"rotation":0,"texture":"#0","tintindex":0},"west":{"uv":[12.75,5.6875,12.9375,5.875],"rotation":0,"texture":"#0","tintindex":0},"up":{"uv":[6.0625,12.9375,5.875,12.75],"rotation":0,"texture":"#0","tintindex":0},"down":{"uv":[6.5,12.75,6.3125,12.9375],"rotation":0,"texture":"#0","tintindex":0}}},{"from":[4.862042,5.1680756,7.4857144],"to":[6.0620418,6.6537895,8.914286],"rotation":{"angle":45.0,"axis":"z","origin":[5.976328,3.139504,8.2]},"faces":{"east":{"uv":[12.5,12.75,12.6875,12.9375],"rotation":0,"texture":"#0","tintindex":0},"south":{"uv":[6.75,12.875,6.875,13.0625],"rotation":0,"texture":"#0","tintindex":0},"north":{"uv":[3.0,12.625,3.125,12.8125],"rotation":0,"texture":"#0","tintindex":0},"west":{"uv":[12.6875,12.75,12.875,12.9375],"rotation":0,"texture":"#0","tintindex":0},"up":{"uv":[13.0,7.8125,12.875,7.625],"rotation":0,"texture":"#0","tintindex":0},"down":{"uv":[13.0,7.8125,12.875,8.0],"rotation":0,"texture":"#0","tintindex":0}}},{"from":[7.784696,2.005015,6.9142857],"to":[9.784697,4.0621576,8.342857],"rotation":{"angle":45.0,"axis":"z","origin":[5.9561243,3.1193008,8.2]},"faces":{"east":{"uv":[12.125,12.5625,12.3125,12.8125],"rotation":0,"texture":"#0","tintindex":0},"south":{"uv":[12.625,1.5625,12.8125,1.8125],"rotation":0,"texture":"#0","tintindex":0},"north":{"uv":[6.625,10.875,6.8125,11.125],"rotation":0,"texture":"#0","tintindex":0},"west":{"uv":[12.625,1.8125,12.8125,2.0625],"rotation":0,"texture":"#0","tintindex":0},"up":{"uv":[7.4375,12.9375,7.25,12.75],"rotation":0,"texture":"#0","tintindex":0},"down":{"uv":[7.625,12.75,7.4375,12.9375],"rotation":0,"texture":"#0","tintindex":0}}},{"from":[3.5109181,5.0382423,7.428571],"to":[12.4823475,7.3810997,8.857143],"rotation":{"angle":0.0,"axis":"y","origin":[7.996633,-15.276043,9.571428]},"faces":{"east":{"uv":[9.75,7.1875,9.9375,7.4375],"rotation":0,"texture":"#0","tintindex":0},"south":{"uv":[11.375,6.0625,12.375,6.3125],"rotation":0,"texture":"#0","tintindex":0},"north":{"uv":[11.375,4.25,12.375,4.5],"rotation":0,"texture":"#0","tintindex":0},"west":{"uv":[6.125,10.5625,6.3125,10.8125],"rotation":0,"texture":"#0","tintindex":0},"up":{"uv":[12.4375,8.125,11.4375,7.9375],"rotation":0,"texture":"#0","tintindex":0},"down":{"uv":[12.625,8.6875,11.625,8.875],"rotation":0,"texture":"#0","tintindex":0}}},{"from":[6.0620418,4.025218,7.2],"to":[7.7763276,5.796647,8.6285715],"rotation":{"angle":45.0,"axis":"z","origin":[5.976328,3.139504,8.2]},"faces":{"east":{"uv":[7.8125,12.75,8.0,12.9375],"rotation":0,"texture":"#0","tintindex":0},"south":{"uv":[8.6875,12.75,8.875,12.9375],"rotation":0,"texture":"#0","tintindex":0},"north":{"uv":[7.625,12.75,7.8125,12.9375],"rotation":0,"texture":"#0","tintindex":0},"west":{"uv":[9.0625,12.75,9.25,12.9375],"rotation":0,"texture":"#0","tintindex":0},"up":{"uv":[10.75,12.9375,10.5625,12.75],"rotation":0,"texture":"#0","tintindex":0},"down":{"uv":[12.5,12.75,12.3125,12.9375],"rotation":0,"texture":"#0","tintindex":0}}},{"from":[9.931224,5.1680756,7.4857144],"to":[11.131224,6.6537895,8.914286],"rotation":{"angle":-45.0,"axis":"z","origin":[10.016938,3.139504,8.2]},"faces":{"east":{"uv":[9.1875,6.5,9.375,6.6875],"rotation":0,"texture":"#0","tintindex":0},"south":{"uv":[3.125,11.875,3.25,12.0625],"rotation":0,"texture":"#0","tintindex":0},"north":{"uv":[11.5,1.3125,11.625,1.5],"rotation":0,"texture":"#0","tintindex":0},"west":{"uv":[8.0625,9.1875,8.25,9.375],"rotation":0,"texture":"#0","tintindex":0},"up":{"uv":[12.4375,9.8125,12.3125,9.625],"rotation":0,"texture":"#0","tintindex":0},"down":{"uv":[12.4375,12.5625,12.3125,12.75],"rotation":0,"texture":"#0","tintindex":0}}}],"display":{"head":{"translation":[0.0,-6.4,0.0],"scale":[4.0,4.0,4.0]}}}