{"textures":{"0":"modelengine:entity/gaburoon"},"elements":[{"name":"head_top_0","from":[4.705144,5.0264792,7.46],"to":[5.965144,6.5864806,8.96],"rotation":{"angle":45.0,"axis":"z","origin":[5.875144,2.8964796,8.21]},"faces":{"down":{"uv":[13.0,7.8125,12.875,8.0],"rotation":0,"texture":"#0","tintindex":0},"east":{"uv":[12.5,12.75,12.6875,12.9375],"rotation":0,"texture":"#0","tintindex":0},"north":{"uv":[3.0,12.625,3.125,12.8125],"rotation":0,"texture":"#0","tintindex":0},"south":{"uv":[6.75,12.875,6.875,13.0625],"rotation":0,"texture":"#0","tintindex":0},"up":{"uv":[13.0,7.8125,12.875,7.625],"rotation":0,"texture":"#0","tintindex":0},"west":{"uv":[12.6875,12.75,12.875,12.9375],"rotation":0,"texture":"#0","tintindex":0}}},{"name":"head_top_1","from":[5.965144,3.8264792,7.16],"to":[7.765144,5.6864805,8.66],"rotation":{"angle":45.0,"axis":"z","origin":[5.875144,2.8964796,8.21]},"faces":{"down":{"uv":[12.5,12.75,12.3125,12.9375],"rotation":0,"texture":"#0","tintindex":0},"east":{"uv":[7.8125,12.75,8.0,12.9375],"rotation":0,"texture":"#0","tintindex":0},"north":{"uv":[7.625,12.75,7.8125,12.9375],"rotation":0,"texture":"#0","tintindex":0},"south":{"uv":[8.6875,12.75,8.875,12.9375],"rotation":0,"texture":"#0","tintindex":0},"up":{"uv":[10.75,12.9375,10.5625,12.75],"rotation":0,"texture":"#0","tintindex":0},"west":{"uv":[9.0625,12.75,9.25,12.9375],"rotation":0,"texture":"#0","tintindex":0}}},{"name":"head_top_2","from":[7.773931,1.7052664,6.86],"to":[9.873932,3.8652678,8.360001],"rotation":{"angle":45.0,"axis":"z","origin":[5.853931,2.8752668,8.21]},"faces":{"down":{"uv":[7.625,12.75,7.4375,12.9375],"rotation":0,"texture":"#0","tintindex":0},"east":{"uv":[12.125,12.5625,12.3125,12.8125],"rotation":0,"texture":"#0","tintindex":0},"north":{"uv":[6.625,10.875,6.8125,11.125],"rotation":0,"texture":"#0","tintindex":0},"south":{"uv":[12.625,1.5625,12.8125,1.8125],"rotation":0,"texture":"#0","tintindex":0},"up":{"uv":[7.4375,12.9375,7.25,12.75],"rotation":0,"texture":"#0","tintindex":0},"west":{"uv":[12.625,1.8125,12.8125,2.0625],"rotation":0,"texture":"#0","tintindex":0}}},{"name":"head_top_3","from":[8.227785,3.8264792,7.16],"to":[10.027784,5.6864805,8.66],"rotation":{"angle":-45.0,"axis":"z","origin":[10.1177845,2.8964796,8.21]},"faces":{"down":{"uv":[6.5,12.75,6.3125,12.9375],"rotation":0,"texture":"#0","tintindex":0},"east":{"uv":[5.0,12.75,5.1875,12.9375],"rotation":0,"texture":"#0","tintindex":0},"north":{"uv":[1.375,12.75,1.5625,12.9375],"rotation":0,"texture":"#0","tintindex":0},"south":{"uv":[5.1875,12.75,5.375,12.9375],"rotation":0,"texture":"#0","tintindex":0},"up":{"uv":[6.0625,12.9375,5.875,12.75],"rotation":0,"texture":"#0","tintindex":0},"west":{"uv":[12.75,5.6875,12.9375,5.875],"rotation":0,"texture":"#0","tintindex":0}}},{"name":"head_top_4","from":[10.027784,5.0264792,7.46],"to":[11.287785,6.5864806,8.96],"rotation":{"angle":-45.0,"axis":"z","origin":[10.1177845,2.8964796,8.21]},"faces":{"down":{"uv":[12.4375,12.5625,12.3125,12.75],"rotation":0,"texture":"#0","tintindex":0},"east":{"uv":[9.1875,6.5,9.375,6.6875],"rotation":0,"texture":"#0","tintindex":0},"north":{"uv":[11.5,1.3125,11.625,1.5],"rotation":0,"texture":"#0","tintindex":0},"south":{"uv":[3.125,11.875,3.25,12.0625],"rotation":0,"texture":"#0","tintindex":0},"up":{"uv":[12.4375,9.8125,12.3125,9.625],"rotation":0,"texture":"#0","tintindex":0},"west":{"uv":[8.0625,9.1875,8.25,9.375],"rotation":0,"texture":"#0","tintindex":0}}},{"name":"head_top_5","from":[3.2864642,4.890155,7.4],"to":[12.706464,7.3501563,8.9],"rotation":{"angle":0.0,"axis":"x","origin":[7.9964643,-16.439846,9.65]},"faces":{"down":{"uv":[12.625,8.6875,11.625,8.875],"rotation":0,"texture":"#0","tintindex":0},"east":{"uv":[9.75,7.1875,9.9375,7.4375],"rotation":0,"texture":"#0","tintindex":0},"north":{"uv":[11.375,4.25,12.375,4.5],"rotation":0,"texture":"#0","tintindex":0},"south":{"uv":[11.375,6.0625,12.375,6.3125],"rotation":0,"texture":"#0","tintindex":0},"up":{"uv":[12.4375,8.125,11.4375,7.9375],"rotation":0,"texture":"#0","tintindex":0},"west":{"uv":[6.125,10.5625,6.3125,10.8125],"rotation":0,"texture":"#0","tintindex":0}}}],"display":{"head":{"translation":[0.0,-6.4,0.0],"rotation":[0.0,0.0,0.0],"scale":[3.8095,3.8095,3.8095]}}}