{"textures":{"0":"modelengine:entity/gaburoon"},"elements":[{"from":[3.2857141,-0.59285736,5.5642858],"to":[8.157143,5.457143,10.435715],"rotation":{"angle":0.0,"axis":"y","origin":[11.044643,-5.8178577,6.742857]},"faces":{"east":{"uv":[10.5625,2.25,11.125,2.9375],"rotation":0,"texture":"#0","tintindex":0},"south":{"uv":[5.5625,10.5625,6.125,11.25],"rotation":0,"texture":"#0","tintindex":0},"north":{"uv":[8.75,10.5,9.3125,11.1875],"rotation":0,"texture":"#0","tintindex":0},"west":{"uv":[10.5625,10.375,11.125,11.0625],"rotation":0,"texture":"#0","tintindex":0},"up":{"uv":[11.375,4.125,10.8125,3.5625],"rotation":0,"texture":"#0","tintindex":0},"down":{"uv":[11.375,4.125,10.8125,4.6875],"rotation":0,"texture":"#0","tintindex":0}}},{"from":[4.485714,-4.250001,6.3357143],"to":[6.957143,2.9428568,9.235714],"rotation":{"angle":0.0,"axis":"y","origin":[11.044643,-5.8178577,6.742857]},"faces":{"east":{"uv":[7.375,8.0625,7.6875,8.875],"rotation":0,"texture":"#0","tintindex":0},"south":{"uv":[6.625,11.8125,6.875,12.625],"rotation":0,"texture":"#0","tintindex":0},"north":{"uv":[8.4375,11.75,8.6875,12.5625],"rotation":0,"texture":"#0","tintindex":0},"west":{"uv":[8.75,11.1875,9.0625,12.0],"rotation":0,"texture":"#0","tintindex":0},"up":{"uv":[1.4375,7.9375,1.1875,7.625],"rotation":0,"texture":"#0","tintindex":0},"down":{"uv":[9.0,9.375,8.75,9.6875],"rotation":0,"texture":"#0","tintindex":0}}}],"display":{"head":{"translation":[0.0,-6.4,0.0],"scale":[4.0,4.0,4.0]}}}