{"textures":{"0":"modelengine:entity/gaburoon"},"elements":[{"name":"left_leg_0","from":[5.975,-3.613236,6.2749996],"to":[10.025,5.161764,10.925],"rotation":{"angle":0.0,"axis":"x","origin":[9.18125,2.1992643,7.4]},"faces":{"down":{"uv":[11.9375,10.125,11.5,10.625],"rotation":0,"texture":"#0","tintindex":0},"east":{"uv":[6.3125,9.9375,6.8125,10.875],"rotation":0,"texture":"#0","tintindex":0},"north":{"uv":[10.25,8.5,10.6875,9.4375],"rotation":0,"texture":"#0","tintindex":0},"south":{"uv":[10.25,9.4375,10.6875,10.375],"rotation":0,"texture":"#0","tintindex":0},"up":{"uv":[11.9375,9.375,11.5,8.875],"rotation":0,"texture":"#0","tintindex":0},"west":{"uv":[9.9375,7.1875,10.4375,8.125],"rotation":0,"texture":"#0","tintindex":0}}},{"name":"left_leg_1","from":[6.575,-4.813236,5.675],"to":[9.425,-0.23823571,10.325001],"rotation":{"angle":45.0,"axis":"x","origin":[8.0,-1.925736,7.4]},"faces":{"down":{"uv":[12.4375,11.9375,12.125,12.4375],"rotation":0,"texture":"#0","tintindex":0},"east":{"uv":[11.4375,5.5,11.9375,6.0],"rotation":0,"texture":"#0","tintindex":0},"north":{"uv":[5.5,12.0625,5.8125,12.5625],"rotation":0,"texture":"#0","tintindex":0},"south":{"uv":[12.125,10.9375,12.4375,11.4375],"rotation":0,"texture":"#0","tintindex":0},"up":{"uv":[12.4375,11.9375,12.125,11.4375],"rotation":0,"texture":"#0","tintindex":0},"west":{"uv":[11.4375,7.4375,11.9375,7.9375],"rotation":0,"texture":"#0","tintindex":0}}}],"display":{"head":{"translation":[0.0,-6.4,0.0],"rotation":[0.0,0.0,0.0],"scale":[3.8095,3.8095,3.8095]}}}