{"textures":{"0":"mineinabyss:characters/gaburoon"},"elements":[{"from":[6.8214283,1.0357141,5.535714],"to":[9.178572,3.3142858,10.164286],"rotation":{"angle":0.0,"axis":"y","origin":[13.323215,-1.6750002,6.5714283]},"faces":{"east":{"uv":[4.1875,6.375,4.6875,6.625],"rotation":0,"texture":"#0","tintindex":0},"south":{"uv":[3.375,12.5625,3.625,12.8125],"rotation":0,"texture":"#0","tintindex":0},"north":{"uv":[3.125,12.5625,3.375,12.8125],"rotation":0,"texture":"#0","tintindex":0},"west":{"uv":[8.875,1.875,9.375,2.125],"rotation":0,"texture":"#0","tintindex":0},"up":{"uv":[9.3125,11.6875,9.0625,11.1875],"rotation":0,"texture":"#0","tintindex":0},"down":{"uv":[12.5,2.1875,12.25,2.6875],"rotation":0,"texture":"#0","tintindex":0}}},{"from":[6.1928573,0.40714216,6.0214286],"to":[9.807143,4.5714283,9.635715],"rotation":{"angle":0.0,"axis":"y","origin":[13.323215,-1.6750002,6.5714283]},"faces":{"east":{"uv":[11.9375,7.4375,12.3125,7.875],"rotation":0,"texture":"#0","tintindex":0},"south":{"uv":[11.9375,8.875,12.3125,9.3125],"rotation":0,"texture":"#0","tintindex":0},"north":{"uv":[2.0625,3.75,2.4375,4.1875],"rotation":0,"texture":"#0","tintindex":0},"west":{"uv":[1.375,12.0625,1.75,12.5],"rotation":0,"texture":"#0","tintindex":0},"up":{"uv":[12.5,0.375,12.125,0.0],"rotation":0,"texture":"#0","tintindex":0},"down":{"uv":[12.5625,0.375,12.1875,0.75],"rotation":0,"texture":"#0","tintindex":0}}},{"from":[5.8785715,4.5714283,5.707143],"to":[10.1214285,5.2,9.95],"rotation":{"angle":0.0,"axis":"y","origin":[13.323215,-1.6750002,6.5714283]},"faces":{"east":{"uv":[10.25,1.0625,10.6875,1.125],"rotation":0,"texture":"#0","tintindex":0},"south":{"uv":[10.3125,4.375,10.75,4.4375],"rotation":0,"texture":"#0","tintindex":0},"north":{"uv":[7.4375,3.6875,7.875,3.75],"rotation":0,"texture":"#0","tintindex":0},"west":{"uv":[10.4375,8.0625,10.875,8.125],"rotation":0,"texture":"#0","tintindex":0},"up":{"uv":[2.875,12.3125,2.4375,11.875],"rotation":0,"texture":"#0","tintindex":0},"down":{"uv":[12.3125,9.375,11.875,9.8125],"rotation":0,"texture":"#0","tintindex":0}}}],"display":{"head":{"translation":[0.0,-6.4,0.0],"scale":[4.0,4.0,4.0]}}}