{"textures":{"0":"modelengine:entity/gaburoon"},"elements":[{"from":[7.8428574,0.03571415,6.1928573],"to":[12.085714,6.0857143,11.064286],"rotation":{"angle":0.0,"axis":"y","origin":[8.726786,5.4964285,8.6285715]},"faces":{"east":{"uv":[10.0,10.375,10.5625,11.0625],"rotation":0,"texture":"#0","tintindex":0},"south":{"uv":[9.3125,11.0,9.75,11.6875],"rotation":0,"texture":"#0","tintindex":0},"north":{"uv":[11.0,7.4375,11.4375,8.125],"rotation":0,"texture":"#0","tintindex":0},"west":{"uv":[10.4375,7.1875,11.0,7.875],"rotation":0,"texture":"#0","tintindex":0},"up":{"uv":[11.875,10.125,11.4375,9.5625],"rotation":0,"texture":"#0","tintindex":0},"down":{"uv":[11.875,11.3125,11.4375,11.875],"rotation":0,"texture":"#0","tintindex":0}}},{"from":[8.471429,-2.3642864,6.8214283],"to":[11.457143,0.03571415,10.435715],"rotation":{"angle":0.0,"axis":"y","origin":[8.726786,5.4964285,8.6285715]},"faces":{"east":{"uv":[12.25,7.0,12.625,7.25],"rotation":0,"texture":"#0","tintindex":0},"south":{"uv":[7.75,9.8125,8.0625,10.0625],"rotation":0,"texture":"#0","tintindex":0},"north":{"uv":[5.875,7.8125,6.1875,8.0625],"rotation":0,"texture":"#0","tintindex":0},"west":{"uv":[9.0625,12.25,9.4375,12.5],"rotation":0,"texture":"#0","tintindex":0},"up":{"uv":[2.4375,10.6875,2.125,10.3125],"rotation":0,"texture":"#0","tintindex":0},"down":{"uv":[1.625,10.6875,1.3125,11.0625],"rotation":0,"texture":"#0","tintindex":0}}}],"display":{"head":{"translation":[0.0,-6.4,0.0],"scale":[4.0,4.0,4.0]}}}