{"textures":{"0":"modelengine:entity/gaburoon"},"elements":[{"name":"right_arm_0","from":[7.835,-0.36250043,6.1025],"to":[12.29,5.9900007,11.217501],"rotation":{"angle":0.0,"axis":"x","origin":[8.763125,5.371251,8.66]},"faces":{"down":{"uv":[11.875,11.3125,11.4375,11.875],"rotation":0,"texture":"#0","tintindex":0},"east":{"uv":[10.0,10.375,10.5625,11.0625],"rotation":0,"texture":"#0","tintindex":0},"north":{"uv":[11.0,7.4375,11.4375,8.125],"rotation":0,"texture":"#0","tintindex":0},"south":{"uv":[9.3125,11.0,9.75,11.6875],"rotation":0,"texture":"#0","tintindex":0},"up":{"uv":[11.875,10.125,11.4375,9.5625],"rotation":0,"texture":"#0","tintindex":0},"west":{"uv":[10.4375,7.1875,11.0,7.875],"rotation":0,"texture":"#0","tintindex":0}}},{"name":"right_arm_1","from":[8.495,-2.8825011,6.7625],"to":[11.63,-0.36250043,10.5575],"rotation":{"angle":0.0,"axis":"x","origin":[8.763125,5.371251,8.66]},"faces":{"down":{"uv":[1.625,10.6875,1.3125,11.0625],"rotation":0,"texture":"#0","tintindex":0},"east":{"uv":[12.25,7.0,12.625,7.25],"rotation":0,"texture":"#0","tintindex":0},"north":{"uv":[5.875,7.8125,6.1875,8.0625],"rotation":0,"texture":"#0","tintindex":0},"south":{"uv":[7.75,9.8125,8.0625,10.0625],"rotation":0,"texture":"#0","tintindex":0},"up":{"uv":[2.4375,10.6875,2.125,10.3125],"rotation":0,"texture":"#0","tintindex":0},"west":{"uv":[9.0625,12.25,9.4375,12.5],"rotation":0,"texture":"#0","tintindex":0}}}],"display":{"head":{"translation":[0.0,-6.4,0.0],"rotation":[0.0,0.0,0.0],"scale":[3.8095,3.8095,3.8095]}}}