{"textures":{"0":"modelengine:entity/gaburoon"},"elements":[{"name":"beam_claws_0","from":[7.071476,-0.94000053,4.7],"to":[8.928524,1.6999992,5.3599997],"rotation":{"angle":0.0,"axis":"x","origin":[8.0,5.0,8.0]},"faces":{"down":{"uv":[12.625,6.8125,12.4375,6.875],"rotation":0,"texture":"#0","tintindex":0},"east":{"uv":[11.4375,0.75,11.5,1.0],"rotation":0,"texture":"#0","tintindex":0},"north":{"uv":[12.6875,7.625,12.875,7.875],"rotation":0,"texture":"#0","tintindex":0},"south":{"uv":[12.6875,7.875,12.875,8.125],"rotation":0,"texture":"#0","tintindex":0},"up":{"uv":[12.625,5.5,12.4375,5.4375],"rotation":0,"texture":"#0","tintindex":0},"west":{"uv":[2.4375,11.625,2.5,11.875],"rotation":0,"texture":"#0","tintindex":0}}},{"name":"beam_claws_1","from":[4.7,-0.94000053,7.071476],"to":[5.3599997,1.6999992,8.928524],"rotation":{"angle":0.0,"axis":"x","origin":[8.0,5.0,8.0]},"faces":{"down":{"uv":[7.3125,12.4375,7.25,12.625],"rotation":0,"texture":"#0","tintindex":0},"east":{"uv":[12.6875,9.375,12.875,9.625],"rotation":0,"texture":"#0","tintindex":0},"north":{"uv":[12.125,6.3125,12.1875,6.5625],"rotation":0,"texture":"#0","tintindex":0},"south":{"uv":[11.3125,12.1875,11.375,12.4375],"rotation":0,"texture":"#0","tintindex":0},"up":{"uv":[1.1875,12.625,1.125,12.4375],"rotation":0,"texture":"#0","tintindex":0},"west":{"uv":[12.6875,12.5,12.875,12.75],"rotation":0,"texture":"#0","tintindex":0}}},{"name":"beam_claws_2","from":[7.071476,-0.94000053,10.639999],"to":[8.928524,1.6999992,11.3],"rotation":{"angle":0.0,"axis":"x","origin":[8.0,5.0,8.0]},"faces":{"down":{"uv":[12.8125,2.9375,12.625,3.0],"rotation":0,"texture":"#0","tintindex":0},"east":{"uv":[11.8125,11.0625,11.875,11.3125],"rotation":0,"texture":"#0","tintindex":0},"north":{"uv":[12.6875,8.875,12.875,9.125],"rotation":0,"texture":"#0","tintindex":0},"south":{"uv":[12.6875,9.125,12.875,9.375],"rotation":0,"texture":"#0","tintindex":0},"up":{"uv":[12.625,8.6875,12.4375,8.625],"rotation":0,"texture":"#0","tintindex":0},"west":{"uv":[11.875,9.8125,11.9375,10.0625],"rotation":0,"texture":"#0","tintindex":0}}},{"name":"beam_claws_3","from":[10.64,-0.94000053,7.071476],"to":[11.299999,1.6999992,8.928524],"rotation":{"angle":0.0,"axis":"x","origin":[8.0,5.0,8.0]},"faces":{"down":{"uv":[12.4375,8.125,12.375,8.3125],"rotation":0,"texture":"#0","tintindex":0},"east":{"uv":[12.6875,8.125,12.875,8.375],"rotation":0,"texture":"#0","tintindex":0},"north":{"uv":[11.375,11.625,11.4375,11.875],"rotation":0,"texture":"#0","tintindex":0},"south":{"uv":[8.6875,11.75,8.75,12.0],"rotation":0,"texture":"#0","tintindex":0},"up":{"uv":[12.4375,6.25,12.375,6.0625],"rotation":0,"texture":"#0","tintindex":0},"west":{"uv":[12.6875,8.375,12.875,8.625],"rotation":0,"texture":"#0","tintindex":0}}}],"display":{"head":{"translation":[0.0,-6.4,0.0],"rotation":[0.0,0.0,0.0],"scale":[3.8095,3.8095,3.8095]}}}