{"textures":{"0":"modelengine:entity/gaburoon"},"elements":[{"from":[7.428571,5.142857,7.428571],"to":[8.571428,5.714286,8.571428],"rotation":{"angle":0.0,"axis":"y","origin":[8.0,5.142857,8.0]},"faces":{"east":{"uv":[12.875,9.5625,13.0,9.625],"rotation":0,"texture":"#0","tintindex":0},"south":{"uv":[12.9375,2.0,13.0625,2.0625],"rotation":0,"texture":"#0","tintindex":0},"north":{"uv":[12.875,6.8125,13.0,6.875],"rotation":0,"texture":"#0","tintindex":0},"west":{"uv":[12.9375,5.8125,13.0625,5.875],"rotation":0,"texture":"#0","tintindex":0},"up":{"uv":[13.0625,7.125,12.9375,7.0],"rotation":0,"texture":"#0","tintindex":0},"down":{"uv":[13.0625,7.125,12.9375,7.25],"rotation":0,"texture":"#0","tintindex":0}}}],"display":{"head":{"translation":[0.0,-6.4,0.0],"scale":[4.0,4.0,4.0]}}}