{"textures":{"0":"modelengine:entity/gaburoon"},"elements":[{"from":[9.257143,-1.8000002,6.9585485],"to":[10.514286,5.1142855,9.041451],"rotation":{"angle":45.0,"axis":"y","origin":[8.0,1.9714284,8.0]},"faces":{"east":{"uv":[8.6875,12.0,8.9375,12.75],"rotation":0,"texture":"#0","tintindex":0},"south":{"uv":[10.0625,12.3125,10.1875,13.0625],"rotation":0,"texture":"#0","tintindex":0},"north":{"uv":[9.9375,12.3125,10.0625,13.0625],"rotation":0,"texture":"#0","tintindex":0},"west":{"uv":[0.0,12.0625,0.25,12.8125],"rotation":0,"texture":"#0","tintindex":0},"up":{"uv":[13.0,6.3125,12.875,6.0625],"rotation":0,"texture":"#0","tintindex":0},"down":{"uv":[13.0,6.3125,12.875,6.5625],"rotation":0,"texture":"#0","tintindex":0}}},{"from":[5.485714,-1.8000002,6.9585485],"to":[6.742857,5.1142855,9.041451],"rotation":{"angle":0.0,"axis":"y","origin":[8.0,1.9714284,8.0]},"faces":{"east":{"uv":[5.25,12.0,5.5,12.75],"rotation":0,"texture":"#0","tintindex":0},"south":{"uv":[9.8125,12.3125,9.9375,13.0625],"rotation":0,"texture":"#0","tintindex":0},"north":{"uv":[9.6875,12.3125,9.8125,13.0625],"rotation":0,"texture":"#0","tintindex":0},"west":{"uv":[5.875,12.0,6.125,12.75],"rotation":0,"texture":"#0","tintindex":0},"up":{"uv":[2.9375,13.125,2.8125,12.875],"rotation":0,"texture":"#0","tintindex":0},"down":{"uv":[5.0,12.875,4.875,13.125],"rotation":0,"texture":"#0","tintindex":0}}},{"from":[5.485714,-1.8000002,6.9585485],"to":[6.742857,5.1142855,9.041451],"rotation":{"angle":45.0,"axis":"y","origin":[8.0,1.9714284,8.0]},"faces":{"east":{"uv":[12.0,2.25,12.25,3.0],"rotation":0,"texture":"#0","tintindex":0},"south":{"uv":[9.5625,12.3125,9.6875,13.0625],"rotation":0,"texture":"#0","tintindex":0},"north":{"uv":[9.4375,12.3125,9.5625,13.0625],"rotation":0,"texture":"#0","tintindex":0},"west":{"uv":[5.0,12.0,5.25,12.75],"rotation":0,"texture":"#0","tintindex":0},"up":{"uv":[12.25,13.0625,12.125,12.8125],"rotation":0,"texture":"#0","tintindex":0},"down":{"uv":[2.125,12.875,2.0,13.125],"rotation":0,"texture":"#0","tintindex":0}}},{"from":[6.9585485,-1.8000002,5.485714],"to":[9.041451,5.1142855,6.742857],"rotation":{"angle":45.0,"axis":"y","origin":[8.0,1.9714284,8.0]},"faces":{"east":{"uv":[7.125,12.25,7.25,13.0],"rotation":0,"texture":"#0","tintindex":0},"south":{"uv":[11.875,10.9375,12.125,11.6875],"rotation":0,"texture":"#0","tintindex":0},"north":{"uv":[2.875,11.875,3.125,12.625],"rotation":0,"texture":"#0","tintindex":0},"west":{"uv":[2.4375,12.3125,2.5625,13.0625],"rotation":0,"texture":"#0","tintindex":0},"up":{"uv":[9.625,10.375,9.375,10.25],"rotation":0,"texture":"#0","tintindex":0},"down":{"uv":[8.3125,11.625,8.0625,11.75],"rotation":0,"texture":"#0","tintindex":0}}},{"from":[6.9585485,1.9714284,5.0142856],"to":[9.041451,5.1142855,5.485714],"rotation":{"angle":45.0,"axis":"y","origin":[8.0,1.9714284,8.0]},"faces":{"east":{"uv":[7.125,10.3125,7.1875,10.6875],"rotation":0,"texture":"#0","tintindex":0},"south":{"uv":[4.375,12.4375,4.625,12.8125],"rotation":0,"texture":"#0","tintindex":0},"north":{"uv":[12.375,3.375,12.625,3.75],"rotation":0,"texture":"#0","tintindex":0},"west":{"uv":[9.3125,10.5,9.375,10.875],"rotation":0,"texture":"#0","tintindex":0},"up":{"uv":[9.1875,5.625,8.9375,5.5625],"rotation":0,"texture":"#0","tintindex":0},"down":{"uv":[10.0,11.0,9.75,11.0625],"rotation":0,"texture":"#0","tintindex":0}}},{"from":[6.9585485,-1.8000002,5.485714],"to":[9.041451,5.1142855,6.742857],"rotation":{"angle":0.0,"axis":"y","origin":[8.0,1.9714284,8.0]},"faces":{"east":{"uv":[2.5625,12.3125,2.6875,13.0625],"rotation":0,"texture":"#0","tintindex":0},"south":{"uv":[11.625,11.875,11.875,12.625],"rotation":0,"texture":"#0","tintindex":0},"north":{"uv":[11.375,11.875,11.625,12.625],"rotation":0,"texture":"#0","tintindex":0},"west":{"uv":[2.6875,12.3125,2.8125,13.0625],"rotation":0,"texture":"#0","tintindex":0},"up":{"uv":[13.0625,3.0,12.8125,2.875],"rotation":0,"texture":"#0","tintindex":0},"down":{"uv":[13.0625,4.5625,12.8125,4.6875],"rotation":0,"texture":"#0","tintindex":0}}},{"from":[9.257143,-1.8000002,6.9585485],"to":[10.514286,5.1142855,9.041451],"rotation":{"angle":0.0,"axis":"y","origin":[8.0,1.9714284,8.0]},"faces":{"east":{"uv":[0.25,12.0625,0.5,12.8125],"rotation":0,"texture":"#0","tintindex":0},"south":{"uv":[10.3125,12.3125,10.4375,13.0625],"rotation":0,"texture":"#0","tintindex":0},"north":{"uv":[10.1875,12.3125,10.3125,13.0625],"rotation":0,"texture":"#0","tintindex":0},"west":{"uv":[0.5,12.0625,0.75,12.8125],"rotation":0,"texture":"#0","tintindex":0},"up":{"uv":[6.625,13.125,6.5,12.875],"rotation":0,"texture":"#0","tintindex":0},"down":{"uv":[6.75,12.875,6.625,13.125],"rotation":0,"texture":"#0","tintindex":0}}},{"from":[5.1714287,1.9714284,6.9585485],"to":[5.485714,5.1142855,9.041451],"rotation":{"angle":45.0,"axis":"y","origin":[8.0,1.9714284,8.0]},"faces":{"east":{"uv":[12.4375,6.0625,12.6875,6.4375],"rotation":0,"texture":"#0","tintindex":0},"south":{"uv":[6.5625,12.1875,6.625,12.5625],"rotation":0,"texture":"#0","tintindex":0},"north":{"uv":[10.5625,11.75,10.625,12.125],"rotation":0,"texture":"#0","tintindex":0},"west":{"uv":[12.4375,6.4375,12.6875,6.8125],"rotation":0,"texture":"#0","tintindex":0},"up":{"uv":[0.375,10.875,0.3125,10.625],"rotation":0,"texture":"#0","tintindex":0},"down":{"uv":[4.0625,10.8125,4.0,11.0625],"rotation":0,"texture":"#0","tintindex":0}}},{"from":[6.9585485,-1.8000002,9.257143],"to":[9.041451,5.1142855,10.514286],"rotation":{"angle":0.0,"axis":"y","origin":[8.0,1.9714284,8.0]},"faces":{"east":{"uv":[8.3125,12.3125,8.4375,13.0625],"rotation":0,"texture":"#0","tintindex":0},"south":{"uv":[11.9375,9.8125,12.1875,10.5625],"rotation":0,"texture":"#0","tintindex":0},"north":{"uv":[11.9375,4.9375,12.1875,5.6875],"rotation":0,"texture":"#0","tintindex":0},"west":{"uv":[12.3125,8.875,12.4375,9.625],"rotation":0,"texture":"#0","tintindex":0},"up":{"uv":[13.125,4.9375,12.875,4.8125],"rotation":0,"texture":"#0","tintindex":0},"down":{"uv":[13.125,4.9375,12.875,5.0625],"rotation":0,"texture":"#0","tintindex":0}}},{"from":[6.9585485,-1.8000002,9.257143],"to":[9.041451,5.1142855,10.514286],"rotation":{"angle":45.0,"axis":"y","origin":[8.0,1.9714284,8.0]},"faces":{"east":{"uv":[8.0625,12.3125,8.1875,13.0625],"rotation":0,"texture":"#0","tintindex":0},"south":{"uv":[11.9375,0.375,12.1875,1.125],"rotation":0,"texture":"#0","tintindex":0},"north":{"uv":[11.875,11.6875,12.125,12.4375],"rotation":0,"texture":"#0","tintindex":0},"west":{"uv":[8.1875,12.3125,8.3125,13.0625],"rotation":0,"texture":"#0","tintindex":0},"up":{"uv":[13.0625,5.6875,12.8125,5.5625],"rotation":0,"texture":"#0","tintindex":0},"down":{"uv":[2.0,12.875,1.75,13.0],"rotation":0,"texture":"#0","tintindex":0}}},{"from":[6.9585485,1.9714284,10.514286],"to":[9.041451,5.1142855,10.985714],"rotation":{"angle":45.0,"axis":"y","origin":[8.0,1.9714284,8.0]},"faces":{"east":{"uv":[2.0625,11.125,2.125,11.5],"rotation":0,"texture":"#0","tintindex":0},"south":{"uv":[12.4375,4.8125,12.6875,5.1875],"rotation":0,"texture":"#0","tintindex":0},"north":{"uv":[4.625,12.4375,4.875,12.8125],"rotation":0,"texture":"#0","tintindex":0},"west":{"uv":[5.0,11.125,5.0625,11.5],"rotation":0,"texture":"#0","tintindex":0},"up":{"uv":[11.625,6.6875,11.375,6.625],"rotation":0,"texture":"#0","tintindex":0},"down":{"uv":[11.8125,0.375,11.5625,0.4375],"rotation":0,"texture":"#0","tintindex":0}}},{"from":[10.514286,1.9714284,6.9585485],"to":[10.828571,5.1142855,9.041451],"rotation":{"angle":45.0,"axis":"y","origin":[8.0,1.9714284,8.0]},"faces":{"east":{"uv":[12.3125,7.25,12.5625,7.625],"rotation":0,"texture":"#0","tintindex":0},"south":{"uv":[0.3125,10.25,0.375,10.625],"rotation":0,"texture":"#0","tintindex":0},"north":{"uv":[7.125,9.9375,7.1875,10.3125],"rotation":0,"texture":"#0","tintindex":0},"west":{"uv":[12.375,1.6875,12.625,2.0625],"rotation":0,"texture":"#0","tintindex":0},"up":{"uv":[10.0625,5.5,10.0,5.25],"rotation":0,"texture":"#0","tintindex":0},"down":{"uv":[10.25,8.5,10.1875,8.75],"rotation":0,