{"textures":{"0":"modelengine:entity/gaburoon"},"elements":[{"name":"cape_0","from":[13.21132,9.393675,7.55],"to":[19.63132,18.453678,14.75],"rotation":{"angle":45.0,"axis":"z","origin":[16.421322,13.923675,8.75]},"faces":{"down":{"uv":[1.0625,9.3125,0.375,10.0625],"rotation":0,"texture":"#0","tintindex":0},"east":{"uv":[2.9375,8.0,3.6875,8.9375],"rotation":0,"texture":"#0","tintindex":0},"north":{"uv":[8.875,0.375,9.5625,1.3125],"rotation":0,"texture":"#0","tintindex":0},"south":{"uv":[7.375,8.875,8.0625,9.8125],"rotation":0,"texture":"#0","tintindex":0},"up":{"uv":[5.75,9.9375,5.0625,9.1875],"rotation":0,"texture":"#0","tintindex":0},"west":{"uv":[5.875,8.0625,6.625,9.0],"rotation":0,"texture":"#0","tintindex":0}}},{"name":"cape_1","from":[13.21132,9.393675,7.55],"to":[19.63132,18.453678,14.75],"rotation":{"angle":45.0,"axis":"z","origin":[16.421322,13.923675,8.75]},"faces":{"down":{"uv":[10.3125,3.6875,9.625,4.4375],"rotation":0,"texture":"#0","tintindex":0},"east":{"uv":[0.375,8.375,1.125,9.3125],"rotation":0,"texture":"#0","tintindex":0},"north":{"uv":[8.9375,4.625,9.625,5.5625],"rotation":0,"texture":"#0","tintindex":0},"south":{"uv":[5.875,9.0,6.5625,9.9375],"rotation":0,"texture":"#0","tintindex":0},"up":{"uv":[2.4375,10.3125,1.75,9.5625],"rotation":0,"texture":"#0","tintindex":0},"west":{"uv":[8.25,8.4375,9.0,9.375],"rotation":0,"texture":"#0","tintindex":0}}},{"name":"cape_2","from":[19.63132,13.593676,8.15],"to":[23.231323,14.853677,9.35],"rotation":{"angle":0.0,"axis":"z","origin":[16.421322,13.923675,8.75]},"faces":{"down":{"uv":[13.125,2.3125,12.75,2.4375],"rotation":0,"texture":"#0","tintindex":0},"east":{"uv":[7.25,12.9375,7.375,13.0625],"rotation":0,"texture":"#0","tintindex":0},"north":{"uv":[12.75,1.125,13.125,1.25],"rotation":0,"texture":"#0","tintindex":0},"south":{"uv":[1.75,12.75,2.125,12.875],"rotation":0,"texture":"#0","tintindex":0},"up":{"uv":[13.125,2.3125,12.75,2.1875],"rotation":0,"texture":"#0","tintindex":0},"west":{"uv":[12.9375,7.25,13.0625,7.375],"rotation":0,"texture":"#0","tintindex":0}}},{"name":"cape_3","from":[19.63132,13.593676,12.95],"to":[23.231323,14.853677,14.150001],"rotation":{"angle":0.0,"axis":"z","origin":[16.421322,13.923675,8.75]},"faces":{"down":{"uv":[13.125,3.875,12.75,4.0],"rotation":0,"texture":"#0","tintindex":0},"east":{"uv":[7.375,12.9375,7.5,13.0625],"rotation":0,"texture":"#0","tintindex":0},"north":{"uv":[12.75,2.4375,13.125,2.5625],"rotation":0,"texture":"#0","tintindex":0},"south":{"uv":[12.75,2.5625,13.125,2.6875],"rotation":0,"texture":"#0","tintindex":0},"up":{"uv":[13.125,3.875,12.75,3.75],"rotation":0,"texture":"#0","tintindex":0},"west":{"uv":[12.9375,7.375,13.0625,7.5],"rotation":0,"texture":"#0","tintindex":0}}},{"name":"cape_4","from":[22.031322,13.593676,9.35],"to":[23.231323,14.853677,12.95],"rotation":{"angle":0.0,"axis":"z","origin":[16.421322,13.923675,8.75]},"faces":{"down":{"uv":[11.9375,0.375,11.8125,0.75],"rotation":0,"texture":"#0","tintindex":0},"east":{"uv":[12.75,4.0,13.125,4.125],"rotation":0,"texture":"#0","tintindex":0},"north":{"uv":[7.5,12.9375,7.625,13.0625],"rotation":0,"texture":"#0","tintindex":0},"south":{"uv":[12.9375,7.5,13.0625,7.625],"rotation":0,"texture":"#0","tintindex":0},"up":{"uv":[10.25,0.375,10.125,0.0],"rotation":0,"texture":"#0","tintindex":0},"west":{"uv":[12.75,4.125,13.125,4.25],"rotation":0,"texture":"#0","tintindex":0}}},{"name":"cape_1","from":[1.8113198,8.793675,4.5499997],"to":[7.0313206,17.253677,17.45],"rotation":{"angle":-45.0,"axis":"z","origin":[3.82132,13.923675,8.75]},"faces":{"down":{"uv":[4.75,7.8125,4.1875,9.1875],"rotation":0,"texture":"#0","tintindex":0},"east":{"uv":[1.4375,6.0625,2.8125,6.9375],"rotation":0,"texture":"#0","tintindex":0},"north":{"uv":[1.0625,9.8125,1.625,10.6875],"rotation":0,"texture":"#0","tintindex":0},"south":{"uv":[7.1875,9.8125,7.75,10.6875],"rotation":0,"texture":"#0","tintindex":0},"up":{"uv":[8.25,8.875,7.6875,7.5],"rotation":0,"texture":"#0","tintindex":0},"west":{"uv":[6.3125,5.625,7.6875,6.5],"rotation":0,"texture":"#0","tintindex":0}}},{"name":"cape_2","from":[23.986736,-5.31326,5.1499996],"to":[23.986736,5.48674,19.310001],"rotation":{"angle":0.0,"axis":"x","origin":[21.916737,12.056741,6.35]},"faces":{"down":{"uv":[0.0,0.0,0.0,1.5],"rotation":0,"texture":"#0","tintindex":0},"east":{"uv":[2.0625,4.25,3.5625,5.375],"rotation":0,"texture":"#0","tintindex":0},"north":{"uv":[0.0,0.0,0.0,1.125],"rotation":0,"texture":"#0","tintindex":0},"south":{"uv":[0.0,0.0,0.0,1.125],"rotation":0,"texture":"#0","tintindex":0},"up":{"uv":[0.0,1.5,0.0,0.0],"rotation":0,"texture":"#0","tintindex":0},"west":{"uv":[3.5625,4.25,5.0625,5.375],"rotation":0,"texture":"#0","tintindex":0}}},{"name":"cape_3","from":[-3.7332664,-9.513261,19.25],"to":[23.986736,5.48674,19.310001],"rotation":{"angle":0.0,"axis":"x","origin":[21.916737,12.056741,6.35]},"faces":{"down":{"uv":[14.625,3.0,11.75,3.0625],"rotation":0,"texture":"#0","tintindex":0},"east":{"uv":[5.8125,12.0625,5.875,13.625],"rotation":0,"texture":"#0","tintindex":0},"north":{"uv":[2.4375,0.0,5.3125,1.5625],"rotation":0,"texture":"#0","tintindex":0},"south":{"uv":[2.4375,1.5625,5.3125,3.125],"rotation":0,"texture":"#0","tintindex":0},"up":{"uv":[14.3125,6.0625,11.4375,6.0],"rotation":0,"texture":"#0","tintindex":0},"west":{"uv":[2.375,12.1875,2.4375,13.75],"rotation":0,"texture":"#0","tintindex":0}}},{"name":"cape_4","from":[21.43132,5.0736747,5.1499996],"to":[21.43132,11.793675,19.25],"rotation":{"angle":22.5,"axis":"z","origin":[21.671322,11.703677,8.75]},"faces":{"down":{"uv":[0.0,0.0,0.0,1.5],"rotation":0,"texture":"#0","tintindex":0},"east":{"uv":[0.0,6.9375,1.5,7.625],"rotation":0,"texture":"#0","tintindex":0},"north":{"uv":[0.0,0.0,0.0,0.6875],"rotation":0,"texture":"#0","tintindex":0},"south":{"uv":[0.0,0.0,0.0,0.6875],"rotation":0,"texture":"#0","tintindex":0},"up":{"uv":[0.0,1.5,0.0,0.0],"rotation":0,"texture":"#0","tintindex":0},"west":{"uv":[1.5,7.25,3.0,7.9375],"rotation":0,"texture":"#0","tintindex":0}}},{"name":"cape_5","from":[17.231321,5.0736747,19.25],"to":[21.43132,11.793675,19.25],"rotation":{"angle":22.5,"axis":"z","origin":[21.671322,11.703677,8.75]},"faces":{"down":{"uv":[0.4375,0.0,0.0,0.0],"rotation":0,"texture":"#0","tintindex":0},"east":{"uv":[0.0,0.0,0.0,0.6875],"rotation":0,"texture":"#0","tintindex":0},"north":{"uv":[8.3125,11.0625,8.75,11.75],"rotation":0,"texture":"#0","tintindex":0},"south":{"uv":[11.0625,8.875,11.5,9.5625],"rotation":0,"texture":"#0","tintindex":0},"up":{"uv":[0.4375,0.0,0.0,0.0],"rotation":0,"texture":"#0","tintindex":0},"west":{"uv":[0.0,0.0,0.0,0.6875],"rotation":0,"texture":"#0","tintindex":0}}},{"name":"cape_6","from":[-1.1886802,5.0736747,19.25],"to":[3.0113199,11.793675,19.25],"rotation":{"angle":-22.5,"axis":"z","origin":[-1.42868,11.703677,8.75]},"faces":{"down":{"uv":[0.4375,0.0,0.0,0.0],"rotation":0,"texture":"#0","tintindex":0},"east":{"uv":[0.0,0.0,0.0,0.6875],"rotation":0,"texture":"#0","tintindex":0},"north":{"uv":[9.75,11.0625,10.1875,11.75],"rotation":0,"texture":"#0","tintindex":0},"south":{"uv":[10.1875,11.0625,10.625,11.75],"rotation":0,"texture":"#0","tintindex":0},"up":{"uv":[0.4375,0.0,0.0,0.0],"rotation":0,"texture":"#0","tintindex":0},"west":{"uv":[0.0,0.0,0.0,0.6875],"rotation":0,"texture":"#0","tintindex":0}}},{"name":"cape_7","from":[-3.7440944,-5.31326,5.1499996],"to":[-3.7440944,5.48674,19.310001],"rotation":{"angle":0.0,"axis":"x","origin":[-1.6740942,12.056741,6.35]},"faces":{"down":{"uv":[0.0,0.0,0.0,1.5],"rotation":0,"texture":"#0","tintindex":0},"east":{"uv":[4.5,3.125,6.0,4.25],"rotation":0,"texture":"#0","tintindex":0},"north":{"uv":[0.0,0.0,0.0,1.125],"rotation":0,"texture":"#0","tintindex":0},"south":{"uv":[0.0,0.0,0.0,1.125],"rotation":0,"texture":"#0","tintindex":0},"up":{"uv":[0.0,1.5,0.0,0.0],"rotation":0,"texture":"#0","tintindex":0},"west":{"uv":[0.0,4.875,1.5,6.0],"rotation":0,"texture":"#0","tintindex":0}}},{"name":"cape_8","from":[-1.1886802,5.0736747,5.1499996],