{"textures":{"0":"mineinabyss:characters/gaburoon"},"elements":[{"from":[-0.17969513,7.613024,7.285714],"to":[2.506019,15.098739,14.714286],"rotation":{"angle":-45.0,"axis":"z","origin":[4.0203047,13.641596,9.0]},"faces":{"east":{"uv":[8.5625,6.6875,9.375,7.5],"rotation":0,"texture":"#0","tintindex":0},"south":{"uv":[3.5625,11.25,3.875,12.0625],"rotation":0,"texture":"#0","tintindex":0},"north":{"uv":[3.25,11.25,3.5625,12.0625],"rotation":0,"texture":"#0","tintindex":0},"west":{"uv":[1.75,8.75,2.5625,9.5625],"rotation":0,"texture":"#0","tintindex":0},"up":{"uv":[5.875,12.0625,5.5625,11.25],"rotation":0,"texture":"#0","tintindex":0},"down":{"uv":[11.6875,3.4375,11.375,4.25],"rotation":0,"texture":"#0","tintindex":0}}},{"from":[-1.0368385,-11.2411175,23.202236],"to":[21.07745,-4.9554033,23.202236],"rotation":{"angle":0.0,"axis":"y","origin":[10.020306,-15.2411175,20.916523]},"faces":{"east":{"uv":[0.0,0.0,0.0,0.6875],"rotation":0,"texture":"#0","tintindex":0},"south":{"uv":[5.0625,4.9375,7.5,5.625],"rotation":0,"texture":"#0","tintindex":0},"north":{"uv":[5.0625,4.25,7.5,4.9375],"rotation":0,"texture":"#0","tintindex":0},"west":{"uv":[0.0,0.0,0.0,0.6875],"rotation":0,"texture":"#0","tintindex":0},"up":{"uv":[2.4375,0.0,0.0,0.0],"rotation":0,"texture":"#0","tintindex":0},"down":{"uv":[2.4375,0.0,0.0,0.0],"rotation":0,"texture":"#0","tintindex":0}}},{"from":[4.677448,19.543182,9.336146],"to":[15.363163,23.243183,16.236147],"rotation":{"angle":22.5,"axis":"x","origin":[10.020306,17.343182,3.2790036]},"faces":{"east":{"uv":[1.3125,11.125,2.0625,11.5],"rotation":0,"texture":"#0","tintindex":0},"south":{"uv":[9.9375,8.125,11.125,8.5],"rotation":0,"texture":"#0","tintindex":0},"north":{"uv":[9.875,3.1875,11.0625,3.5625],"rotation":0,"texture":"#0","tintindex":0},"west":{"uv":[11.125,2.25,11.875,2.625],"rotation":0,"texture":"#0","tintindex":0},"up":{"uv":[8.875,1.125,7.6875,0.375],"rotation":0,"texture":"#0","tintindex":0},"down":{"uv":[8.875,1.125,7.6875,1.875],"rotation":0,"texture":"#0","tintindex":0}}},{"from":[-3.1848516,-4.6792965,5.285714],"to":[-3.1848516,5.6064186,18.77143],"rotation":{"angle":0.0,"axis":"y","origin":[-1.2134228,11.863562,6.428571]},"faces":{"east":{"uv":[4.5,3.125,6.0,4.25],"rotation":0,"texture":"#0","tintindex":0},"south":{"uv":[0.0,0.0,0.0,1.125],"rotation":0,"texture":"#0","tintindex":0},"north":{"uv":[0.0,0.0,0.0,1.125],"rotation":0,"texture":"#0","tintindex":0},"west":{"uv":[0.0,4.875,1.5,6.0],"rotation":0,"texture":"#0","tintindex":0},"up":{"uv":[0.0,1.5,0.0,0.0],"rotation":0,"texture":"#0","tintindex":0},"down":{"uv":[0.0,0.0,0.0,1.5],"rotation":0,"texture":"#0","tintindex":0}}},{"from":[12.963162,7.613024,16.428572],"to":[16.50602,13.955881,19.428572],"rotation":{"angle":45.0,"axis":"z","origin":[16.020306,13.641596,8.714286]},"faces":{"east":{"uv":[1.75,11.5,2.0625,12.1875],"rotation":0,"texture":"#0","tintindex":0},"south":{"uv":[11.125,10.1875,11.5,10.875],"rotation":0,"texture":"#0","tintindex":0},"north":{"uv":[6.625,11.125,7.0,11.8125],"rotation":0,"texture":"#0","tintindex":0},"west":{"uv":[6.3125,11.5,6.625,12.1875],"rotation":0,"texture":"#0","tintindex":0},"up":{"uv":[9.75,7.5,9.375,7.1875],"rotation":0,"texture":"#0","tintindex":0},"down":{"uv":[10.0,5.25,9.625,5.5625],"rotation":0,"texture":"#0","tintindex":0}}},{"from":[19.07745,15.041595,8.142858],"to":[22.50602,16.241596,9.285714],"rotation":{"angle":45.0,"axis":"z","origin":[16.020306,13.641596,8.714286]},"faces":{"east":{"uv":[7.25,12.9375,7.375,13.0625],"rotation":0,"texture":"#0","tintindex":0},"south":{"uv":[1.75,12.75,2.125,12.875],"rotation":0,"texture":"#0","tintindex":0},"north":{"uv":[12.75,1.125,13.125,1.25],"rotation":0,"texture":"#0","tintindex":0},"west":{"uv":[12.9375,7.25,13.0625,7.375],"rotation":0,"texture":"#0","tintindex":0},"up":{"uv":[13.125,2.3125,12.75,2.1875],"rotation":0,"texture":"#0","tintindex":0},"down":{"uv":[13.125,2.3125,12.75,2.4375],"rotation":0,"texture":"#0","tintindex":0}}},{"from":[-0.7511244,5.213024,5.285714],"to":[-0.7511244,11.613024,18.714287],"rotation":{"angle":-22.5,"axis":"z","origin":[-0.9796953,11.52731,8.714286]},"faces":{"east":{"uv":[6.1875,7.375,7.6875,8.0625],"rotation":0,"texture":"#0","tintindex":0},"south":{"uv":[0.0,0.0,0.0,0.6875],"rotation":0,"texture":"#0","tintindex":0},"north":{"uv":[0.0,0.0,0.0,0.6875],"rotation":0,"texture":"#0","tintindex":0},"west":{"uv":[7.4375,2.625,8.9375,3.3125],"rotation":0,"texture":"#0","tintindex":0},"up":{"uv":[0.0,1.5,0.0,0.0],"rotation":0,"texture":"#0","tintindex":0},"down":{"uv":[0.0,0.0,0.0,1.5],"rotation":0,"texture":"#0","tintindex":0}}},{"from":[-1.0368385,-6.308798,17.54226],"to":[21.07745,10.662631,20.970829],"rotation":{"angle":-22.5,"axis":"x","origin":[10.020306,-0.02308464,18.685116]},"faces":{"east":{"uv":[3.6875,8.0,4.0625,9.875],"rotation":0,"texture":"#0","tintindex":0},"south":{"uv":[0.0,1.875,2.4375,3.75],"rotation":0,"texture":"#0","tintindex":0},"north":{"uv":[0.0,0.0,2.4375,1.875],"rotation":0,"texture":"#0","tintindex":0},"west":{"uv":[0.0,8.375,0.375,10.25],"rotation":0,"texture":"#0","tintindex":0},"up":{"uv":[9.875,3.6875,7.4375,3.3125],"rotation":0,"texture":"#0","tintindex":0},"down":{"uv":[10.125,0.0,7.6875,0.375],"rotation":0,"texture":"#0","tintindex":0}}},{"from":[-3.1745396,-8.6792965,18.714287],"to":[23.225462,5.6064186,18.77143],"rotation":{"angle":0.0,"axis":"y","origin":[21.254032,11.863562,6.428571]},"faces":{"east":{"uv":[5.8125,12.0625,5.875,13.625],"rotation":0,"texture":"#0","tintindex":0},"south":{"uv":[2.4375,1.5625,5.3125,3.125],"rotation":0,"texture":"#0","tintindex":0},"north":{"uv":[2.4375,0.0,5.3125,1.5625],"rotation":0,"texture":"#0","tintindex":0},"west":{"uv":[2.375,12.1875,2.4375,13.75],"rotation":0,"texture":"#0","tintindex":0},"up":{"uv":[14.3125,6.0625,11.4375,6.0],"rotation":0,"texture":"#0","tintindex":0},"down":{"uv":[14.625,3.0,11.75,3.0625],"rotation":0,"texture":"#0","tintindex":0}}},{"from":[0.96316147,9.32731,7.5714283],"to":[7.077448,17.955883,14.428572],"rotation":{"angle":-45.0,"axis":"z","origin":[4.0203047,13.641596,8.714286]},"faces":{"east":{"uv":[6.625,8.0625,7.375,9.0],"rotation":0,"texture":"#0","tintindex":0},"south":{"uv":[8.9375,3.6875,9.625,4.625],"rotation":0,"texture":"#0","tintindex":0},"north":{"uv":[2.5625,8.9375,3.25,9.875],"rotation":0,"texture":"#0","tintindex":0},"west":{"uv":[8.25,7.5,9.0,8.4375],"rotation":0,"texture":"#0","tintindex":0},"up":{"uv":[8.75,10.125,8.0625,9.375],"rotation":0,"texture":"#0","tintindex":0},"down":{"uv":[10.25,0.375,9.5625,1.125],"rotation":0,"texture":"#0","tintindex":0}}},{"from":[3.5345907,7.613024,16.428572],"to":[7.077448,13.955881,19.428572],"rotation":{"angle":-45.0,"axis":"z","origin":[4.0203047,13.641596,8.714286]},"faces":{"east":{"uv":[0.875,11.5625,1.1875,12.25],"rotation":0,"texture":"#0","tintindex":0},"south":{"uv":[2.875,11.1875,3.25,11.875],"rotation":0,"texture":"#0","tintindex":0},"north":{"uv":[2.5,11.1875,2.875,11.875],"rotation":0,"texture":"#0","tintindex":0},"west":{"uv":[7.0,11.5625,7.3125,12.25],"rotation":0,"texture":"#0","tintindex":0},"up":{"uv":[12.375,8.4375,12.0,8.125],"rotation":0,"texture":"#0","tintindex":0},"down":{"uv":[12.625,2.6875,12.25,3.0],"rotation":0,"texture":"#0","tintindex":0}}},{"from":[3.5345907,4.70868,22.733997],"to":[16.50602,10.994395,22.733997],"rotation":{"angle":-22.5,"axis":"x","origin":[13.448877,10.994395,22.733997]},"faces":{"east":{"uv":[0.0,0.0,0.0,0.6875],"rotation":0,"texture":"#0","tintindex":0},"south":{"uv":[7.5,4.9375,8.9375,5.625],"rotation":0,"texture":"#0","tintindex":0},"north":{"uv":[7.5,4.25,8.9375,4.9375],"rotation":0,"texture":"#0","tintindex":0},"west":{"uv":[0.0,0.0,0.0,0.6875],"rotation":0,"texture":"#0","tintindex":0},"up":{"uv":[1.4375,0.0,0.0,0.0],"rotation":0,"texture":"#0","tintindex":0},"down":{"uv":[1.4375,0.0,0.0,0.0],"rotation":0,"texture":"#0","tintindex":0}}},{"from":[-0.7511244,5.213024,18.714287],"to":[3.248876,11.613024,18.714287],"rotation":{"angle":-22.5,