{"textures":{"0":"modelengine:entity/gaburoon"},"elements":[{"name":"claw_2_0","from":[5.3225,1.0399995,7.2425003],"to":[8.6225,3.0200002,8.3975],"rotation":{"angle":45.0,"axis":"z","origin":[5.3225,3.0200002,7.8199997]},"faces":{"down":{"uv":[13.0625,6.6875,12.6875,6.8125],"rotation":0,"texture":"#0","tintindex":0},"east":{"uv":[11.4375,12.875,11.5625,13.0625],"rotation":0,"texture":"#0","tintindex":0},"north":{"uv":[10.6875,10.1875,11.0625,10.375],"rotation":0,"texture":"#0","tintindex":0},"south":{"uv":[11.0625,9.5625,11.4375,9.75],"rotation":0,"texture":"#0","tintindex":0},"up":{"uv":[13.0625,6.6875,12.6875,6.5625],"rotation":0,"texture":"#0","tintindex":0},"west":{"uv":[11.5625,12.875,11.6875,13.0625],"rotation":0,"texture":"#0","tintindex":0}}},{"name":"claw_2_1","from":[6.6425,-6.8725004,6.5824995],"to":[7.9625,3.6799994,9.0575],"rotation":{"angle":0.0,"axis":"x","origin":[14.789374,-1.5587502,6.5]},"faces":{"down":{"uv":[2.25,12.75,2.125,13.0],"rotation":0,"texture":"#0","tintindex":0},"east":{"uv":[4.5,11.125,4.75,12.25],"rotation":0,"texture":"#0","tintindex":0},"north":{"uv":[6.875,11.8125,7.0,12.9375],"rotation":0,"texture":"#0","tintindex":0},"south":{"uv":[8.9375,12.0,9.0625,13.125],"rotation":0,"texture":"#0","tintindex":0},"up":{"uv":[6.875,12.875,6.75,12.625],"rotation":0,"texture":"#0","tintindex":0},"west":{"uv":[4.75,11.125,5.0,12.25],"rotation":0,"texture":"#0","tintindex":0}}},{"name":"claw_2_2","from":[5.3225,-6.8725004,7.2425003],"to":[6.6425,3.0200002,8.3975],"rotation":{"angle":0.0,"axis":"x","origin":[14.789374,-1.5587502,6.5]},"faces":{"down":{"uv":[6.375,12.9375,6.25,13.0625],"rotation":0,"texture":"#0","tintindex":0},"east":{"uv":[11.0625,12.1875,11.1875,13.1875],"rotation":0,"texture":"#0","tintindex":0},"north":{"uv":[10.9375,12.1875,11.0625,13.1875],"rotation":0,"texture":"#0","tintindex":0},"south":{"uv":[11.1875,12.1875,11.3125,13.1875],"rotation":0,"texture":"#0","tintindex":0},"up":{"uv":[6.25,13.0625,6.125,12.9375],"rotation":0,"texture":"#0","tintindex":0},"west":{"uv":[0.875,12.25,1.0,13.25],"rotation":0,"texture":"#0","tintindex":0}}},{"name":"claw_2_3","from":[5.3225,-9.512501,7.2425003],"to":[6.6425,-6.8725004,8.3975],"rotation":{"angle":45.0,"axis":"z","origin":[5.3225,-6.8725004,7.8199997]},"faces":{"down":{"uv":[7.0,12.9375,6.875,13.0625],"rotation":0,"texture":"#0","tintindex":0},"east":{"uv":[12.8125,7.0,12.9375,7.25],"rotation":0,"texture":"#0","tintindex":0},"north":{"uv":[4.75,12.8125,4.875,13.0625],"rotation":0,"texture":"#0","tintindex":0},"south":{"uv":[12.8125,7.25,12.9375,7.5],"rotation":0,"texture":"#0","tintindex":0},"up":{"uv":[6.5,13.0625,6.375,12.9375],"rotation":0,"texture":"#0","tintindex":0},"west":{"uv":[8.4375,12.8125,8.5625,13.0625],"rotation":0,"texture":"#0","tintindex":0}}},{"name":"claw_2_4","from":[7.1375,-9.512501,6.5824995],"to":[8.4575,-6.8725004,9.0575],"rotation":{"angle":0.0,"axis":"x","origin":[14.789374,0.84124994,6.5]},"faces":{"down":{"uv":[12.125,12.8125,12.0,13.0625],"rotation":0,"texture":"#0","tintindex":0},"east":{"uv":[8.4375,12.5625,8.6875,12.8125],"rotation":0,"texture":"#0","tintindex":0},"north":{"uv":[12.8125,10.125,12.9375,10.375],"rotation":0,"texture":"#0","tintindex":0},"south":{"uv":[12.8125,10.375,12.9375,10.625],"rotation":0,"texture":"#0","tintindex":0},"up":{"uv":[12.0,13.0625,11.875,12.8125],"rotation":0,"texture":"#0","tintindex":0},"west":{"uv":[11.875,12.5625,12.125,12.8125],"rotation":0,"texture":"#0","tintindex":0}}}],"display":{"head":{"translation":[0.0,-6.4,0.0],"rotation":[0.0,0.0,0.0],"scale":[3.8095,3.8095,3.8095]}}}