{"textures":{"0":"modelengine:entity/gaburoon"},"elements":[{"name":"hip_1","from":[8.0,2.321335,4.0060754],"to":[13.25,5.771335,11.6560755],"rotation":{"angle":22.5,"axis":"z","origin":[8.0,2.321335,5.1310754]},"faces":{"down":{"uv":[0.9375,10.0625,0.375,10.875],"rotation":0,"texture":"#0","tintindex":0},"east":{"uv":[10.8125,6.6875,11.625,7.0625],"rotation":0,"texture":"#0","tintindex":0},"north":{"uv":[9.4375,2.25,10.0,2.625],"rotation":0,"texture":"#0","tintindex":0},"south":{"uv":[11.5625,0.0,12.125,0.375],"rotation":0,"texture":"#0","tintindex":0},"up":{"uv":[10.5625,3.0625,10.0,2.25],"rotation":0,"texture":"#0","tintindex":0},"west":{"uv":[10.875,1.875,11.6875,2.25],"rotation":0,"texture":"#0","tintindex":0}}},{"name":"hip_2","from":[5.1499996,2.321335,1.5310752],"to":[10.85,8.321335,2.7310753],"rotation":{"angle":45.0,"axis":"x","origin":[8.0,4.721335,4.2310753]},"faces":{"down":{"uv":[13.0625,11.375,12.4375,11.5],"rotation":0,"texture":"#0","tintindex":0},"east":{"uv":[10.4375,12.3125,10.5625,12.9375],"rotation":0,"texture":"#0","tintindex":0},"north":{"uv":[10.25,6.0625,10.875,6.6875],"rotation":0,"texture":"#0","tintindex":0},"south":{"uv":[9.375,10.375,10.0,11.0],"rotation":0,"texture":"#0","tintindex":0},"up":{"uv":[13.0625,11.375,12.4375,11.25],"rotation":0,"texture":"#0","tintindex":0},"west":{"uv":[3.875,12.375,4.0,13.0],"rotation":0,"texture":"#0","tintindex":0}}},{"name":"hip_0","from":[2.7499998,2.321335,4.0060754],"to":[8.0,5.771335,11.6560755],"rotation":{"angle":-22.5,"axis":"z","origin":[8.0,2.321335,5.1310754]},"faces":{"down":{"uv":[8.3125,10.125,7.75,10.9375],"rotation":0,"texture":"#0","tintindex":0},"east":{"uv":[7.5,10.9375,8.3125,11.3125],"rotation":0,"texture":"#0","tintindex":0},"north":{"uv":[11.625,1.3125,12.1875,1.6875],"rotation":0,"texture":"#0","tintindex":0},"south":{"uv":[11.625,6.625,12.1875,7.0],"rotation":0,"texture":"#0","tintindex":0},"up":{"uv":[10.625,6.0625,10.0625,5.25],"rotation":0,"texture":"#0","tintindex":0},"west":{"uv":[11.0,7.0625,11.8125,7.4375],"rotation":0,"texture":"#0","tintindex":0}}}],"display":{"head":{"translation":[0.0,-6.4,0.0],"rotation":[0.0,0.0,0.0],"scale":[3.8095,3.8095,3.8095]}}}