{"textures":{"0":"modelengine:entity/gaburoon"},"elements":[{"from":[5.6642857,-0.05000019,5.192857],"to":[9.435715,4.9142857,9.435715],"rotation":{"angle":0.0,"axis":"y","origin":[6.3910713,8.096429,7.3142858]},"faces":{"east":{"uv":[0.4375,11.5,0.875,12.0625],"rotation":0,"texture":"#0","tintindex":0},"south":{"uv":[11.5,0.75,11.9375,1.3125],"rotation":0,"texture":"#0","tintindex":0},"north":{"uv":[0.0,11.5,0.4375,12.0625],"rotation":0,"texture":"#0","tintindex":0},"west":{"uv":[1.3125,11.5,1.75,12.0625],"rotation":0,"texture":"#0","tintindex":0},"up":{"uv":[12.25,4.9375,11.8125,4.5],"rotation":0,"texture":"#0","tintindex":0},"down":{"uv":[12.25,7.0,11.8125,7.4375],"rotation":0,"texture":"#0","tintindex":0}}}],"display":{"head":{"translation":[0.0,-6.4,0.0],"scale":[4.0,4.0,4.0]}}}