{"textures":{"0":"modelengine:entity/gaburoon"},"elements":[{"name":"right_foreleg_0","from":[5.675,-1.9750004,5.075],"to":[10.325001,5.6,10.925],"rotation":{"angle":0.0,"axis":"x","origin":[6.51875,7.4375,6.8]},"faces":{"down":{"uv":[5.5625,10.875,5.0625,11.5],"rotation":0,"texture":"#0","tintindex":0},"east":{"uv":[9.625,4.4375,10.25,5.25],"rotation":0,"texture":"#0","tintindex":0},"north":{"uv":[1.625,10.3125,2.125,11.125],"rotation":0,"texture":"#0","tintindex":0},"south":{"uv":[10.3125,3.5625,10.8125,4.375],"rotation":0,"texture":"#0","tintindex":0},"up":{"uv":[0.8125,11.5,0.3125,10.875],"rotation":0,"texture":"#0","tintindex":0},"west":{"uv":[9.625,8.75,10.25,9.5625],"rotation":0,"texture":"#0","tintindex":0}}},{"name":"right_foreleg_1","from":[9.005,-1.2550006,6.2749996],"to":[11.105,3.9199996,9.725],"rotation":{"angle":22.5,"axis":"z","origin":[11.525001,1.8124998,8.0]},"faces":{"down":{"uv":[12.6875,8.25,12.4375,8.625],"rotation":0,"texture":"#0","tintindex":0},"east":{"uv":[7.6875,11.625,8.0625,12.1875],"rotation":0,"texture":"#0","tintindex":0},"north":{"uv":[2.0,12.1875,2.25,12.75],"rotation":0,"texture":"#0","tintindex":0},"south":{"uv":[12.1875,4.9375,12.4375,5.5],"rotation":0,"texture":"#0","tintindex":0},"up":{"uv":[12.6875,8.25,12.4375,7.875],"rotation":0,"texture":"#0","tintindex":0},"west":{"uv":[10.625,11.625,11.0,12.1875],"rotation":0,"texture":"#0","tintindex":0}}},{"name":"right_foreleg_2","from":[6.2749996,-1.3750005,3.8749998],"to":[9.725,3.7999997,6.125],"rotation":{"angle":22.5,"axis":"x","origin":[8.0,0.91249967,4.1]},"faces":{"down":{"uv":[12.75,3.75,12.375,4.0],"rotation":0,"texture":"#0","tintindex":0},"east":{"uv":[9.375,9.6875,9.625,10.25],"rotation":0,"texture":"#0","tintindex":0},"north":{"uv":[2.0625,11.625,2.4375,12.1875],"rotation":0,"texture":"#0","tintindex":0},"south":{"uv":[7.3125,11.625,7.6875,12.1875],"rotation":0,"texture":"#0","tintindex":0},"up":{"uv":[12.6875,7.875,12.3125,7.625],"rotation":0,"texture":"#0","tintindex":0},"west":{"uv":[1.75,12.1875,2.0,12.75],"rotation":0,"texture":"#0","tintindex":0}}},{"name":"right_foreleg_3","from":[6.2749996,-2.7250004,9.575001],"to":[9.725,2.4499998,11.825],"rotation":{"angle":-22.5,"axis":"x","origin":[8.0,0.91249967,8.3]},"faces":{"down":{"uv":[12.8125,5.1875,12.4375,5.4375],"rotation":0,"texture":"#0","tintindex":0},"east":{"uv":[6.3125,12.1875,6.5625,12.75],"rotation":0,"texture":"#0","tintindex":0},"north":{"uv":[11.0,11.625,11.375,12.1875],"rotation":0,"texture":"#0","tintindex":0},"south":{"uv":[11.6875,1.6875,12.0625,2.25],"rotation":0,"texture":"#0","tintindex":0},"up":{"uv":[12.75,4.5,12.375,4.25],"rotation":0,"texture":"#0","tintindex":0},"west":{"uv":[12.1875,6.3125,12.4375,6.875],"rotation":0,"texture":"#0","tintindex":0}}}],"display":{"head":{"translation":[0.0,-6.4,0.0],"rotation":[0.0,0.0,0.0],"scale":[3.8095,3.8095,3.8095]}}}