{"textures":{"0":"modelengine:entity/gaburoon"},"elements":[{"name":"right_leg_0","from":[5.975,-3.613236,6.2749996],"to":[10.025,5.161764,10.925],"rotation":{"angle":0.0,"axis":"x","origin":[6.81875,2.1992643,7.4]},"faces":{"down":{"uv":[6.3125,11.5,5.875,12.0],"rotation":0,"texture":"#0","tintindex":0},"east":{"uv":[3.5625,9.875,4.0625,10.8125],"rotation":0,"texture":"#0","tintindex":0},"north":{"uv":[3.25,8.9375,3.6875,9.875],"rotation":0,"texture":"#0","tintindex":0},"south":{"uv":[8.3125,10.125,8.75,11.0625],"rotation":0,"texture":"#0","tintindex":0},"up":{"uv":[5.4375,12.0,5.0,11.5],"rotation":0,"texture":"#0","tintindex":0},"west":{"uv":[5.0625,9.9375,5.5625,10.875],"rotation":0,"texture":"#0","tintindex":0}}},{"name":"right_leg_1","from":[6.575,-4.813236,5.675],"to":[9.425,-0.23823571,10.325001],"rotation":{"angle":45.0,"axis":"x","origin":[8.0,-1.925736,7.4]},"faces":{"down":{"uv":[12.375,3.4375,12.0625,3.9375],"rotation":0,"texture":"#0","tintindex":0},"east":{"uv":[1.5,4.875,2.0,5.375],"rotation":0,"texture":"#0","tintindex":0},"north":{"uv":[12.0625,1.6875,12.375,2.1875],"rotation":0,"texture":"#0","tintindex":0},"south":{"uv":[3.125,12.0625,3.4375,12.5625],"rotation":0,"texture":"#0","tintindex":0},"up":{"uv":[3.75,12.5625,3.4375,12.0625],"rotation":0,"texture":"#0","tintindex":0},"west":{"uv":[11.4375,5.0,11.9375,5.5],"rotation":0,"texture":"#0","tintindex":0}}}],"display":{"head":{"translation":[0.0,-6.4,0.0],"rotation":[0.0,0.0,0.0],"scale":[3.8095,3.8095,3.8095]}}}