{"textures":{"0":"mineinabyss:characters/gaburoon"},"elements":[{"from":[7.142857,8.360344,6.6209044],"to":[8.857143,10.646059,7.192333],"rotation":{"angle":0.0,"axis":"y","origin":[8.0,12.0,8.0]},"faces":{"east":{"uv":[1.4375,7.625,1.5,7.875],"rotation":0,"texture":"#0","tintindex":0},"south":{"uv":[12.6875,6.3125,12.875,6.5625],"rotation":0,"texture":"#0","tintindex":0},"north":{"uv":[12.6875,6.0625,12.875,6.3125],"rotation":0,"texture":"#0","tintindex":0},"west":{"uv":[9.375,1.875,9.4375,2.125],"rotation":0,"texture":"#0","tintindex":0},"up":{"uv":[9.9375,7.5,9.75,7.4375],"rotation":0,"texture":"#0","tintindex":0},"down":{"uv":[6.3125,10.8125,6.125,10.875],"rotation":0,"texture":"#0","tintindex":0}}},{"from":[7.714286,4.9317727,6.6209044],"to":[8.285714,8.360344,7.192333],"rotation":{"angle":0.0,"axis":"y","origin":[8.0,12.0,8.0]},"faces":{"east":{"uv":[1.125,8.375,1.1875,8.75],"rotation":0,"texture":"#0","tintindex":0},"south":{"uv":[8.875,3.6875,8.9375,4.0625],"rotation":0,"texture":"#0","tintindex":0},"north":{"uv":[2.0,4.875,2.0625,5.25],"rotation":0,"texture":"#0","tintindex":0},"west":{"uv":[7.3125,9.0,7.375,9.375],"rotation":0,"texture":"#0","tintindex":0},"up":{"uv":[7.9375,13.0,7.875,12.9375],"rotation":0,"texture":"#0","tintindex":0},"down":{"uv":[8.0,12.9375,7.9375,13.0],"rotation":0,"texture":"#0","tintindex":0}}},{"from":[7.714286,10.646059,6.6209044],"to":[8.285714,11.788916,7.192333],"rotation":{"angle":0.0,"axis":"y","origin":[8.0,12.0,8.0]},"faces":{"east":{"uv":[6.0625,12.75,6.125,12.875],"rotation":0,"texture":"#0","tintindex":0},"south":{"uv":[6.5,12.75,6.5625,12.875],"rotation":0,"texture":"#0","tintindex":0},"north":{"uv":[12.75,4.375,12.8125,4.5],"rotation":0,"texture":"#0","tintindex":0},"west":{"uv":[8.0,12.75,8.0625,12.875],"rotation":0,"texture":"#0","tintindex":0},"up":{"uv":[8.75,13.0,8.6875,12.9375],"rotation":0,"texture":"#0","tintindex":0},"down":{"uv":[13.0,8.6875,12.9375,8.75],"rotation":0,"texture":"#0","tintindex":0}}},{"from":[6.5714283,11.788916,6.6209044],"to":[9.428572,12.360344,7.192333],"rotation":{"angle":0.0,"axis":"y","origin":[8.0,12.0,8.0]},"faces":{"east":{"uv":[8.0,12.9375,8.0625,13.0],"rotation":0,"texture":"#0","tintindex":0},"south":{"uv":[9.4375,11.6875,9.75,11.75],"rotation":0,"texture":"#0","tintindex":0},"north":{"uv":[11.5,9.5,11.8125,9.5625],"rotation":0,"texture":"#0","tintindex":0},"west":{"uv":[12.9375,8.625,13.0,8.6875],"rotation":0,"texture":"#0","tintindex":0},"up":{"uv":[12.25,7.9375,11.9375,7.875],"rotation":0,"texture":"#0","tintindex":0},"down":{"uv":[12.25,9.3125,11.9375,9.375],"rotation":0,"texture":"#0","tintindex":0}}}],"display":{"head":{"translation":[0.0,-6.4,0.0],"scale":[4.0,4.0,4.0]}}}