{"textures":{"2":"mineinabyss:mobs/corpse_weeper/wings_flying"},"elements":[{"from":[-13.371485,10.856869,6.5456686],"to":[-0.87763214,11.659155,7.3479543],"rotation":{"angle":0.0,"axis":"y","origin":[-0.9277353,-0.57142925,2.2857141]},"faces":{"east":{"uv":[13.875,1.5,13.75,1.625],"rotation":180,"texture":"#2","tintindex":0},"south":{"uv":[13.5,1.625,13.625,3.625],"rotation":270,"texture":"#2","tintindex":0},"north":{"uv":[13.75,1.625,13.875,3.625],"rotation":90,"texture":"#2","tintindex":0},"west":{"uv":[13.75,1.625,13.625,1.5],"rotation":0,"texture":"#2","tintindex":0},"up":{"uv":[13.625,1.625,13.75,3.625],"rotation":270,"texture":"#2","tintindex":0},"down":{"uv":[13.875,1.625,14.0,3.625],"rotation":270,"texture":"#2","tintindex":0}}},{"from":[-16.0,11.163395,6.557097],"to":[-0.8594265,11.258023,15.64144],"rotation":{"angle":0.0,"axis":"y","origin":[-0.9277353,-0.57142925,2.2857141]},"faces":{"east":{"uv":[13.375,0.0,12.75,0.125],"rotation":180,"texture":"#2","tintindex":0},"south":{"uv":[12.0,0.125,12.125,2.625],"rotation":270,"texture":"#2","tintindex":0},"north":{"uv":[12.75,0.125,12.875,2.625],"rotation":90,"texture":"#2","tintindex":0},"west":{"uv":[12.75,0.125,12.125,0.0],"rotation":0,"texture":"#2","tintindex":0},"up":{"uv":[12.1875,0.15625,13.3125,2.65625],"rotation":270,"texture":"#2","tintindex":0},"down":{"uv":[13.3125,0.15625,12.1875,2.65625],"rotation":270,"texture":"#2","tintindex":0}}}],"display":{"head":{"translation":[-0.8604889,-6.4,0.0],"scale":[4.0,4.0,4.0]}}}