{"textures":{"2":"mineinabyss:mobs/corpse_weeper/wings_flying"},"elements":[{"from":[16.859426,11.163395,5.985668],"to":[32.0,11.258023,15.070012],"rotation":{"angle":0.0,"axis":"y","origin":[-1.3579798,-0.57142925,1.7142854]},"faces":{"east":{"uv":[12.125,0.125,12.75,0.0],"rotation":0,"texture":"#2","tintindex":0},"south":{"uv":[12.0,2.625,12.125,0.125],"rotation":270,"texture":"#2","tintindex":0},"north":{"uv":[12.75,2.625,12.875,0.125],"rotation":90,"texture":"#2","tintindex":0},"west":{"uv":[12.75,0.0,13.375,0.125],"rotation":180,"texture":"#2","tintindex":0},"up":{"uv":[12.1875,2.65625,13.3125,0.15625],"rotation":270,"texture":"#2","tintindex":0},"down":{"uv":[13.3125,2.65625,12.1875,0.15625],"rotation":270,"texture":"#2","tintindex":0}}},{"from":[16.877632,10.856869,5.97424],"to":[29.371485,11.659155,6.7765255],"rotation":{"angle":0.0,"axis":"y","origin":[-1.3579798,-0.57142925,1.7142854]},"faces":{"east":{"uv":[13.625,1.625,13.75,1.5],"rotation":0,"texture":"#2","tintindex":0},"south":{"uv":[13.5,3.625,13.625,1.625],"rotation":270,"texture":"#2","tintindex":0},"north":{"uv":[13.75,3.625,13.875,1.625],"rotation":90,"texture":"#2","tintindex":0},"west":{"uv":[13.75,1.5,13.875,1.625],"rotation":180,"texture":"#2","tintindex":0},"up":{"uv":[13.625,3.625,13.75,1.625],"rotation":270,"texture":"#2","tintindex":0},"down":{"uv":[13.875,3.625,14.0,1.625],"rotation":270,"texture":"#2","tintindex":0}}}],"display":{"head":{"translation":[0.8604889,-6.4,0.0],"scale":[4.0,4.0,4.0]}}}