{"textures":{"0":"mineinabyss:mobs/onitsuchi"},"elements":[{"from":[4.2886033,7.7647223,7.250464],"to":[6.8216867,8.186903,7.6726446],"rotation":{"angle":-22.5,"axis":"z","origin":[7.428571,8.0,7.428571]},"faces":{"east":{"uv":[7.75,6.75,7.9375,6.9375],"rotation":0,"texture":"#0","tintindex":0},"south":{"uv":[6.25,4.25,7.34375,4.4375],"rotation":0,"texture":"#0","tintindex":0},"north":{"uv":[4.0,6.25,5.09375,6.4375],"rotation":0,"texture":"#0","tintindex":0},"west":{"uv":[7.0,7.75,7.1875,7.9375],"rotation":0,"texture":"#0","tintindex":0},"up":{"uv":[7.34375,4.6875,6.25,4.5],"rotation":0,"texture":"#0","tintindex":0},"down":{"uv":[7.34375,4.75,6.25,4.9375],"rotation":0,"texture":"#0","tintindex":0}}},{"from":[4.2886033,8.046176,7.6726446],"to":[7.3845944,8.101148,10.0650015],"rotation":{"angle":-22.5,"axis":"z","origin":[7.428571,8.0,7.428571]},"faces":{"east":{"uv":[8.0,7.75,9.03125,7.78125],"rotation":0,"texture":"#0","tintindex":0},"south":{"uv":[5.75,7.5,7.09375,7.53125],"rotation":0,"texture":"#0","tintindex":0},"north":{"uv":[7.5,5.0,8.84375,5.03125],"rotation":0,"texture":"#0","tintindex":0},"west":{"uv":[8.0,8.0,9.03125,8.03125],"rotation":0,"texture":"#0","tintindex":0},"up":{"uv":[5.59375,1.03125,4.25,0.0],"rotation":0,"texture":"#0","tintindex":0},"down":{"uv":[5.59375,2.75,4.25,3.78125],"rotation":0,"texture":"#0","tintindex":0}}},{"from":[6.8216867,7.6239953,7.109737],"to":[7.3845944,8.32763,7.8133717],"rotation":{"angle":-22.5,"axis":"z","origin":[7.428571,8.0,7.428571]},"faces":{"east":{"uv":[2.5,6.75,2.8125,7.0625],"rotation":0,"texture":"#0","tintindex":0},"south":{"uv":[7.0,5.75,7.25,6.0625],"rotation":0,"texture":"#0","tintindex":0},"north":{"uv":[5.75,7.0,6.0,7.3125],"rotation":0,"texture":"#0","tintindex":0},"west":{"uv":[3.0,6.75,3.3125,7.0625],"rotation":0,"texture":"#0","tintindex":0},"up":{"uv":[6.25,7.3125,6.0,7.0],"rotation":0,"texture":"#0","tintindex":0},"down":{"uv":[6.5,7.0,6.25,7.3125],"rotation":0,"texture":"#0","tintindex":0}}}],"display":{"head":{"translation":[0.0,-6.4,0.0],"scale":[4.0,4.0,4.0]}}}