{"textures":{"2":"mineinabyss:mobs/onitsuchi/wings_fly"},"elements":[{"from":[4.2886033,7.7647223,7.250464],"to":[6.8216867,8.186903,7.6726446],"rotation":{"angle":-22.5,"axis":"z","origin":[7.428571,8.0,7.428571]},"faces":{"east":{"uv":[5.875,0.6875,5.9375,0.75],"rotation":0,"texture":"#2","tintindex":0},"south":{"uv":[6.5625,0.6875,7.125,0.75],"rotation":0,"texture":"#2","tintindex":0},"north":{"uv":[5.9375,0.6875,6.5,0.75],"rotation":0,"texture":"#2","tintindex":0},"west":{"uv":[6.5,0.6875,6.5625,0.75],"rotation":0,"texture":"#2","tintindex":0},"up":{"uv":[6.5,0.6875,5.9375,0.625],"rotation":0,"texture":"#2","tintindex":0},"down":{"uv":[7.0625,0.625,6.5,0.6875],"rotation":0,"texture":"#2","tintindex":0}}},{"from":[4.2886033,8.046176,7.6726446],"to":[7.3845944,8.101148,10.0650015],"rotation":{"angle":-22.5,"axis":"z","origin":[7.428571,8.0,7.428571]},"faces":{"east":{"uv":[4.0,1.8125,4.5,1.875],"rotation":0,"texture":"#2","tintindex":0},"south":{"uv":[5.6875,1.8125,6.375,1.875],"rotation":0,"texture":"#2","tintindex":0},"north":{"uv":[4.5,1.8125,5.1875,1.875],"rotation":0,"texture":"#2","tintindex":0},"west":{"uv":[5.1875,1.8125,5.6875,1.875],"rotation":0,"texture":"#2","tintindex":0},"up":{"uv":[5.1875,1.8125,4.5,1.3125],"rotation":0,"texture":"#2","tintindex":0},"down":{"uv":[5.875,1.3125,5.1875,1.8125],"rotation":0,"texture":"#2","tintindex":0}}},{"from":[6.8216867,7.6239953,7.109737],"to":[7.3845944,8.32763,7.8133717],"rotation":{"angle":-22.5,"axis":"z","origin":[7.428571,8.0,7.428571]},"faces":{"east":{"uv":[4.0,0.125,4.125,0.25],"rotation":0,"texture":"#2","tintindex":0},"south":{"uv":[4.375,0.125,4.5,0.25],"rotation":0,"texture":"#2","tintindex":0},"north":{"uv":[4.125,0.125,4.25,0.25],"rotation":0,"texture":"#2","tintindex":0},"west":{"uv":[4.25,0.125,4.375,0.25],"rotation":0,"texture":"#2","tintindex":0},"up":{"uv":[4.25,0.125,4.125,0.0],"rotation":0,"texture":"#2","tintindex":0},"down":{"uv":[4.375,0.0,4.25,0.125],"rotation":0,"texture":"#2","tintindex":0}}}],"display":{"head":{"translation":[0.0,-6.4,0.0],"scale":[4.0,4.0,4.0]}}}