{"textures":{"0":"mineinabyss:mobs/onitsuchi"},"elements":[{"from":[11.100515,8.633825,7.61995],"to":[13.915052,9.0560055,8.04213],"rotation":{"angle":0.0,"axis":"y","origin":[2.8571424,6.857143,3.4285712]},"faces":{"east":{"uv":[0.25,8.0,0.4375,8.1875],"rotation":0,"texture":"#0","tintindex":0},"south":{"uv":[5.75,2.75,6.96875,2.9375],"rotation":0,"texture":"#0","tintindex":0},"north":{"uv":[1.75,5.75,2.96875,5.9375],"rotation":0,"texture":"#0","tintindex":0},"west":{"uv":[0.75,8.0,0.9375,8.1875],"rotation":0,"texture":"#0","tintindex":0},"up":{"uv":[4.21875,5.9375,3.0,5.75],"rotation":0,"texture":"#0","tintindex":0},"down":{"uv":[6.96875,3.0,5.75,3.1875],"rotation":0,"texture":"#0","tintindex":0}}},{"from":[11.100515,8.915279,8.04213],"to":[13.915052,8.970251,10.997395],"rotation":{"angle":0.0,"axis":"y","origin":[2.8571424,6.857143,3.4285712]},"faces":{"east":{"uv":[7.5,7.25,8.78125,7.28125],"rotation":0,"texture":"#0","tintindex":0},"south":{"uv":[7.75,5.75,8.96875,5.78125],"rotation":0,"texture":"#0","tintindex":0},"north":{"uv":[7.75,5.5,8.96875,5.53125],"rotation":0,"texture":"#0","tintindex":0},"west":{"uv":[7.75,0.0,9.03125,0.03125],"rotation":0,"texture":"#0","tintindex":0},"up":{"uv":[4.71875,2.53125,3.5,1.25],"rotation":0,"texture":"#0","tintindex":0},"down":{"uv":[1.21875,4.25,0.0,5.53125],"rotation":0,"texture":"#0","tintindex":0}}}],"display":{"head":{"translation":[0.0,-6.4,0.0],"scale":[4.0,4.0,4.0]}}}