{"textures":{"0":"mineinabyss:mobs/onitsuchi"},"elements":[{"from":[1.8792324,8.633825,7.048521],"to":[4.69377,9.0560055,7.4707017],"rotation":{"angle":0.0,"axis":"y","origin":[3.4285712,6.857143,2.8571424]},"faces":{"east":{"uv":[7.75,6.0,7.9375,6.1875],"rotation":0,"texture":"#0","tintindex":0},"south":{"uv":[5.5,2.5,6.71875,2.6875],"rotation":0,"texture":"#0","tintindex":0},"north":{"uv":[5.5,2.25,6.71875,2.4375],"rotation":0,"texture":"#0","tintindex":0},"west":{"uv":[6.75,7.75,6.9375,7.9375],"rotation":0,"texture":"#0","tintindex":0},"up":{"uv":[6.96875,0.1875,5.75,0.0],"rotation":0,"texture":"#0","tintindex":0},"down":{"uv":[6.96875,0.25,5.75,0.4375],"rotation":0,"texture":"#0","tintindex":0}}},{"from":[1.8792324,8.915279,7.4707017],"to":[4.69377,8.970251,10.425966],"rotation":{"angle":0.0,"axis":"y","origin":[3.4285712,6.857143,2.8571424]},"faces":{"east":{"uv":[7.5,7.0,8.78125,7.03125],"rotation":0,"texture":"#0","tintindex":0},"south":{"uv":[5.5,7.75,6.71875,7.78125],"rotation":0,"texture":"#0","tintindex":0},"north":{"uv":[7.75,5.25,8.96875,5.28125],"rotation":0,"texture":"#0","tintindex":0},"west":{"uv":[7.25,7.5,8.53125,7.53125],"rotation":0,"texture":"#0","tintindex":0},"up":{"uv":[2.96875,4.28125,1.75,3.0],"rotation":0,"texture":"#0","tintindex":0},"down":{"uv":[4.21875,3.0,3.0,4.28125],"rotation":0,"texture":"#0","tintindex":0}}}],"display":{"head":{"translation":[0.0,-6.4,0.0],"scale":[4.0,4.0,4.0]}}}