{"textures":{"0":"mineinabyss:mobs/onitsuchi"},"elements":[{"from":[-0.934556,8.628168,7.3348775],"to":[1.879981,9.050348,7.757058],"rotation":{"angle":0.0,"axis":"y","origin":[3.4285712,6.857143,2.8571424]},"faces":{"east":{"uv":[7.25,7.75,7.4375,7.9375],"rotation":0,"texture":"#0","tintindex":0},"south":{"uv":[5.75,0.5,6.96875,0.6875],"rotation":0,"texture":"#0","tintindex":0},"north":{"uv":[0.5,5.75,1.71875,5.9375],"rotation":0,"texture":"#0","tintindex":0},"west":{"uv":[7.5,7.75,7.6875,7.9375],"rotation":0,"texture":"#0","tintindex":0},"up":{"uv":[6.96875,0.9375,5.75,0.75],"rotation":0,"texture":"#0","tintindex":0},"down":{"uv":[6.96875,1.0,5.75,1.1875],"rotation":0,"texture":"#0","tintindex":0}}},{"from":[-1.7843246,8.9076185,7.7641897],"to":[1.8745737,8.96259,10.297274],"rotation":{"angle":0.0,"axis":"y","origin":[3.4285712,6.857143,2.8571424]},"faces":{"east":{"uv":[8.0,4.5,9.09375,4.53125],"rotation":0,"texture":"#0","tintindex":0},"south":{"uv":[7.5,2.75,9.09375,2.78125],"rotation":0,"texture":"#0","tintindex":0},"north":{"uv":[7.5,2.5,9.09375,2.53125],"rotation":0,"texture":"#0","tintindex":0},"west":{"uv":[8.0,4.75,9.09375,4.78125],"rotation":0,"texture":"#0","tintindex":0},"up":{"uv":[1.59375,2.84375,0.0,1.75],"rotation":0,"texture":"#0","tintindex":0},"down":{"uv":[3.34375,1.75,1.75,2.84375],"rotation":0,"texture":"#0","tintindex":0}}}],"display":{"head":{"translation":[0.0,-6.4,0.0],"scale":[4.0,4.0,4.0]}}}