{"textures":{"0":"mineinabyss:mobs/onitsuchi"},"elements":[{"from":[13.914305,8.628168,7.9063063],"to":[16.728842,9.050348,8.328486],"rotation":{"angle":0.0,"axis":"y","origin":[2.8571424,6.857143,3.4285712]},"faces":{"east":{"uv":[1.0,8.0,1.1875,8.1875],"rotation":0,"texture":"#0","tintindex":0},"south":{"uv":[5.75,3.5,6.96875,3.6875],"rotation":0,"texture":"#0","tintindex":0},"north":{"uv":[5.75,3.25,6.96875,3.4375],"rotation":0,"texture":"#0","tintindex":0},"west":{"uv":[8.0,1.0,8.1875,1.1875],"rotation":0,"texture":"#0","tintindex":0},"up":{"uv":[6.96875,3.9375,5.75,3.75],"rotation":0,"texture":"#0","tintindex":0},"down":{"uv":[6.96875,4.0,5.75,4.1875],"rotation":0,"texture":"#0","tintindex":0}}},{"from":[13.919712,8.9076185,8.335618],"to":[17.57861,8.96259,10.868702],"rotation":{"angle":0.0,"axis":"y","origin":[2.8571424,6.857143,3.4285712]},"faces":{"east":{"uv":[5.5,8.0,6.59375,8.03125],"rotation":0,"texture":"#0","tintindex":0},"south":{"uv":[7.5,3.0,9.09375,3.03125],"rotation":0,"texture":"#0","tintindex":0},"north":{"uv":[3.0,7.5,4.59375,7.53125],"rotation":0,"texture":"#0","tintindex":0},"west":{"uv":[8.0,6.0,9.09375,6.03125],"rotation":0,"texture":"#0","tintindex":0},"up":{"uv":[4.09375,1.09375,2.5,0.0],"rotation":0,"texture":"#0","tintindex":0},"down":{"uv":[1.59375,3.0,0.0,4.09375],"rotation":0,"texture":"#0","tintindex":0}}}],"display":{"head":{"translation":[0.0,-6.4,0.0],"scale":[4.0,4.0,4.0]}}}