{"textures":{"3":"mineinabyss:entity/mobs/cyatoria/wing1"},"elements":[{"from":[1.0859427,-4.1763144,23.069052],"to":[2.289371,-4.069172,28.150196],"rotation":{"angle":-22.5,"axis":"x","origin":[9.114285,-3.7834177,1.8362598]},"faces":{"east":{"uv":[1.53125,2.125,2.125,2.15625],"rotation":0,"texture":"#3","tintindex":0},"south":{"uv":[2.84375,2.125,2.96875,2.15625],"rotation":0,"texture":"#3","tintindex":0},"north":{"uv":[2.125,2.125,2.25,2.15625],"rotation":0,"texture":"#3","tintindex":0},"west":{"uv":[2.25,2.125,2.84375,2.15625],"rotation":0,"texture":"#3","tintindex":0},"up":{"uv":[2.25,2.125,2.125,1.53125],"rotation":0,"texture":"#3","tintindex":0},"down":{"uv":[2.25,1.53125,2.125,2.125],"rotation":0,"texture":"#3","tintindex":0}}}],"display":{"head":{"translation":[0.0,-6.4,0.0],"scale":[4.0,4.0,4.0]}}}
