{"textures":{"3":"minecraft:creatures/cyatoria/wing1"},"elements":[{"from":[1.0859427,2.0345597,6.7465057],"to":[2.289371,2.1417027,11.827648],"rotation":{"angle":0.0,"axis":"y","origin":[1.1428566,1.1428566,1.1428566]},"faces":{"east":{"uv":[0.0,2.78125,0.59375,2.8125],"rotation":0,"texture":"#3","tintindex":0},"south":{"uv":[1.3125,2.78125,1.4375,2.8125],"rotation":0,"texture":"#3","tintindex":0},"north":{"uv":[0.59375,2.78125,0.71875,2.8125],"rotation":0,"texture":"#3","tintindex":0},"west":{"uv":[0.71875,2.78125,1.3125,2.8125],"rotation":0,"texture":"#3","tintindex":0},"up":{"uv":[0.71875,2.78125,0.59375,2.1875],"rotation":0,"texture":"#3","tintindex":0},"down":{"uv":[0.71875,2.20325,0.59375,2.797],"rotation":0,"texture":"#3","tintindex":0}}}],"display":{"head":{"translation":[0.0,-6.4,0.0],"scale":[4.0,4.0,4.0]}}}