{"textures":{"0":"minecraft:creatures/cyatoria/rear","1":"minecraft:creatures/cyatoria/head","2":"minecraft:creatures/cyatoria/body","3":"minecraft:creatures/cyatoria/wing1"},"elements":[{"name":"cube","from":[5.894,6.7363997,-0.42400026],"to":[6.8768,7.8596,0.6991997],"rotation":{"angle":45.0,"axis":"z","origin":[6.83,7.415,0.3949995]},"faces":{"down":{"uv":[0.3125,0.0,0.21875,0.125],"rotation":0,"texture":"#3","tintindex":0},"east":{"uv":[0.0,0.125,0.125,0.25],"rotation":0,"texture":"#3","tintindex":0},"north":{"uv":[0.125,0.125,0.21875,0.25],"rotation":0,"texture":"#3","tintindex":0},"south":{"uv":[0.34375,0.125,0.4375,0.25],"rotation":0,"texture":"#3","tintindex":0},"up":{"uv":[0.21875,0.125,0.125,0.0],"rotation":0,"texture":"#3","tintindex":0},"west":{"uv":[0.21875,0.125,0.34375,0.25],"rotation":0,"texture":"#3","tintindex":0}}},{"name":"cube","from":[2.9456,7.298,-0.0027999878],"to":[7.0172,7.4105,5.894],"rotation":{"angle":45.0,"axis":"z","origin":[6.83,7.415,0.3949995]},"faces":{"down":{"uv":[1.09375,1.5,0.65625,2.15625],"rotation":0,"texture":"#3","tintindex":0},"east":{"uv":[0.0,2.15625,0.65625,2.1875],"rotation":0,"texture":"#3","tintindex":0},"north":{"uv":[0.65625,2.15625,1.09375,2.1875],"rotation":0,"texture":"#3","tintindex":0},"south":{"uv":[1.75,2.15625,2.1875,2.1875],"rotation":0,"texture":"#3","tintindex":0},"up":{"uv":[1.09375,2.15625,0.65625,1.5],"rotation":0,"texture":"#3","tintindex":0},"west":{"uv":[1.09375,2.15625,1.75,2.1875],"rotation":0,"texture":"#3","tintindex":0}}},{"name":"cube","from":[2.9456,6.8768,-0.2836001],"to":[6.0344,7.7191997,0.5587995],"rotation":{"angle":45.0,"axis":"z","origin":[6.83,7.415,0.3949995]},"faces":{"down":{"uv":[3.125,0.1875,2.78125,0.28125],"rotation":0,"texture":"#3","tintindex":0},"east":{"uv":[2.34375,0.28125,2.4375,0.375],"rotation":0,"texture":"#3","tintindex":0},"north":{"uv":[2.4375,0.28125,2.78125,0.375],"rotation":0,"texture":"#3","tintindex":0},"south":{"uv":[2.875,0.28125,3.21875,0.375],"rotation":0,"texture":"#3","tintindex":0},"up":{"uv":[2.78125,0.28125,2.4375,0.1875],"rotation":0,"texture":"#3","tintindex":0},"west":{"uv":[2.78125,0.28125,2.875,0.375],"rotation":0,"texture":"#3","tintindex":0}}}],"display":{"head":{"translation":[0.0,-6.4,0.0],"rotation":[0.0,0.0,0.0],"scale":[3.8095,3.8095,3.8095]}}}