{"textures":{"0":"minecraft:creatures/cyatoria/rear","1":"minecraft:creatures/cyatoria/head","2":"minecraft:creatures/cyatoria/body","3":"minecraft:creatures/cyatoria/wing1"},"elements":[{"name":"cube","from":[9.123199,6.7363997,-0.42400026],"to":[10.106001,7.8596,0.6991997],"rotation":{"angle":-45.0,"axis":"z","origin":[9.17,7.415,0.3949995]},"faces":{"down":{"uv":[0.21875,0.0,0.3125,0.125],"rotation":0,"texture":"#3","tintindex":0},"east":{"uv":[0.34375,0.125,0.21875,0.25],"rotation":0,"texture":"#3","tintindex":0},"north":{"uv":[0.21875,0.125,0.125,0.25],"rotation":0,"texture":"#3","tintindex":0},"south":{"uv":[0.4375,0.125,0.34375,0.25],"rotation":0,"texture":"#3","tintindex":0},"up":{"uv":[0.125,0.125,0.21875,0.0],"rotation":0,"texture":"#3","tintindex":0},"west":{"uv":[0.125,0.125,0.0,0.25],"rotation":0,"texture":"#3","tintindex":0}}},{"name":"cube","from":[8.9828005,7.298,-0.0027999878],"to":[13.0544,7.4105,5.894],"rotation":{"angle":-45.0,"axis":"z","origin":[9.17,7.415,0.3949995]},"faces":{"down":{"uv":[0.65625,1.5,1.09375,2.15625],"rotation":0,"texture":"#3","tintindex":0},"east":{"uv":[1.75,2.15625,1.09375,2.1875],"rotation":0,"texture":"#3","tintindex":0},"north":{"uv":[1.09375,2.15625,0.65625,2.1875],"rotation":0,"texture":"#3","tintindex":0},"south":{"uv":[2.1875,2.15625,1.75,2.1875],"rotation":0,"texture":"#3","tintindex":0},"up":{"uv":[0.65625,2.15625,1.09375,1.5],"rotation":0,"texture":"#3","tintindex":0},"west":{"uv":[0.65625,2.15625,0.0,2.1875],"rotation":0,"texture":"#3","tintindex":0}}},{"name":"cube","from":[9.9656,6.8768,-0.2836001],"to":[13.0544,7.7191997,0.5587995],"rotation":{"angle":-45.0,"axis":"z","origin":[9.17,7.415,0.3949995]},"faces":{"down":{"uv":[2.78125,0.1875,3.125,0.28125],"rotation":0,"texture":"#3","tintindex":0},"east":{"uv":[2.875,0.28125,2.78125,0.375],"rotation":0,"texture":"#3","tintindex":0},"north":{"uv":[2.78125,0.28125,2.4375,0.375],"rotation":0,"texture":"#3","tintindex":0},"south":{"uv":[3.21875,0.28125,2.875,0.375],"rotation":0,"texture":"#3","tintindex":0},"up":{"uv":[2.4375,0.28125,2.78125,0.1875],"rotation":0,"texture":"#3","tintindex":0},"west":{"uv":[2.4375,0.28125,2.34375,0.375],"rotation":0,"texture":"#3","tintindex":0}}}],"display":{"head":{"translation":[0.0,-6.4,0.0],"rotation":[0.0,0.0,0.0],"scale":[3.8095,3.8095,3.8095]}}}