{"textures":{"3":"mineinabyss:entity/mobs/cyatoria/wing1"},"elements":[{"from":[5.9942856,6.7965713,-0.022857666],"to":[6.9302855,7.866286,1.0468569],"rotation":{"angle":45.0,"axis":"z","origin":[6.885714,7.4428573,0.75714254]},"faces":{"east":{"uv":[0.0,0.125,0.125,0.25],"rotation":0,"texture":"#3","tintindex":0},"south":{"uv":[0.34375,0.125,0.4375,0.25],"rotation":0,"texture":"#3","tintindex":0},"north":{"uv":[0.125,0.125,0.21875,0.25],"rotation":0,"texture":"#3","tintindex":0},"west":{"uv":[0.21875,0.125,0.34375,0.25],"rotation":0,"texture":"#3","tintindex":0},"up":{"uv":[0.21875,0.125,0.125,0.0],"rotation":0,"texture":"#3","tintindex":0},"down":{"uv":[0.3125,0.0,0.21875,0.125],"rotation":0,"texture":"#3","tintindex":0}}},{"from":[3.1862855,7.3314285,0.3782854],"to":[7.064,7.4385715,5.9942856],"rotation":{"angle":45.0,"axis":"z","origin":[6.885714,7.4428573,0.75714254]},"faces":{"east":{"uv":[0.0,2.15625,0.65625,2.1875],"rotation":0,"texture":"#3","tintindex":0},"south":{"uv":[1.75,2.15625,2.1875,2.1875],"rotation":0,"texture":"#3","tintindex":0},"north":{"uv":[0.65625,2.15625,1.09375,2.1875],"rotation":0,"texture":"#3","tintindex":0},"west":{"uv":[1.09375,2.15625,1.75,2.1875],"rotation":0,"texture":"#3","tintindex":0},"up":{"uv":[1.09375,2.15625,0.65625,1.5],"rotation":0,"texture":"#3","tintindex":0},"down":{"uv":[1.09375,1.5,0.65625,2.15625],"rotation":0,"texture":"#3","tintindex":0}}},{"from":[3.1862855,6.9302855,0.11085701],"to":[6.128,7.7325716,0.9131422],"rotation":{"angle":45.0,"axis":"z","origin":[6.885714,7.4428573,0.75714254]},"faces":{"east":{"uv":[2.34375,0.28125,2.4375,0.375],"rotation":0,"texture":"#3","tintindex":0},"south":{"uv":[2.875,0.28125,3.21875,0.375],"rotation":0,"texture":"#3","tintindex":0},"north":{"uv":[2.4375,0.28125,2.78125,0.375],"rotation":0,"texture":"#3","tintindex":0},"west":{"uv":[2.78125,0.28125,2.875,0.375],"rotation":0,"texture":"#3","tintindex":0},"up":{"uv":[2.78125,0.28125,2.4375,0.1875],"rotation":0,"texture":"#3","tintindex":0},"down":{"uv":[3.125,0.1875,2.78125,0.28125],"rotation":0,"texture":"#3","tintindex":0}}}],"display":{"head":{"translation":[0.0,-6.4,0.0],"scale":[4.0,4.0,4.0]}}}
