{"textures":{"0":"minecraft:creatures/cyatoria/rear","1":"minecraft:creatures/cyatoria/head","2":"minecraft:creatures/cyatoria/body","3":"minecraft:creatures/cyatoria/wing1"},"elements":[{"name":"cube","from":[13.0544,7.298,0.27799988],"to":[18.3896,7.4105,6.7363997],"rotation":{"angle":-45.0,"axis":"z","origin":[9.17,7.415,0.3949995]},"faces":{"down":{"uv":[0.71875,0.75,1.3125,1.46875],"rotation":0,"texture":"#3","tintindex":0},"east":{"uv":[2.03125,1.46875,1.3125,1.5],"rotation":0,"texture":"#3","tintindex":0},"north":{"uv":[1.3125,1.46875,0.71875,1.5],"rotation":0,"texture":"#3","tintindex":0},"south":{"uv":[2.625,1.46875,2.03125,1.5],"rotation":0,"texture":"#3","tintindex":0},"up":{"uv":[0.71875,1.46875,1.3125,0.75],"rotation":0,"texture":"#3","tintindex":0},"west":{"uv":[0.71875,1.46875,0.0,1.5],"rotation":0,"texture":"#3","tintindex":0}}},{"name":"cube","from":[13.0544,6.8768,-0.2836001],"to":[18.3896,7.7191997,0.5587995],"rotation":{"angle":-45.0,"axis":"z","origin":[9.17,7.415,0.3949995]},"faces":{"down":{"uv":[3.03125,0.0,3.625,0.09375],"rotation":0,"texture":"#3","tintindex":0},"east":{"uv":[3.125,0.09375,3.03125,0.1875],"rotation":0,"texture":"#3","tintindex":0},"north":{"uv":[3.03125,0.09375,2.4375,0.1875],"rotation":0,"texture":"#3","tintindex":0},"south":{"uv":[3.71875,0.09375,3.125,0.1875],"rotation":0,"texture":"#3","tintindex":0},"up":{"uv":[2.4375,0.09375,3.03125,0.0],"rotation":0,"texture":"#3","tintindex":0},"west":{"uv":[2.4375,0.09375,2.34375,0.1875],"rotation":0,"texture":"#3","tintindex":0}}}],"display":{"head":{"translation":[0.0,-6.4,0.0],"rotation":[0.0,0.0,0.0],"scale":[3.8095,3.8095,3.8095]}}}