{"textures":{"0":"minecraft:creatures/cyatoria/rear","1":"minecraft:creatures/cyatoria/head","2":"minecraft:creatures/cyatoria/body","3":"minecraft:creatures/cyatoria/wing1"},"elements":[{"name":"cube","from":[18.3896,7.298,-0.14320064],"to":[25.830803,7.4105,6.3152],"rotation":{"angle":-45.0,"axis":"z","origin":[9.17,7.415,0.3949995]},"faces":{"down":{"uv":[0.7345,0.0,1.547,0.71875],"rotation":0,"texture":"#3","tintindex":0},"east":{"uv":[2.25,0.71875,1.53125,0.75],"rotation":0,"texture":"#3","tintindex":0},"north":{"uv":[1.53125,0.71875,0.71875,0.75],"rotation":0,"texture":"#3","tintindex":0},"south":{"uv":[3.0625,0.71875,2.25,0.75],"rotation":0,"texture":"#3","tintindex":0},"up":{"uv":[0.71875,0.71875,1.53125,0.0],"rotation":0,"texture":"#3","tintindex":0},"west":{"uv":[0.71875,0.71875,0.0,0.75],"rotation":0,"texture":"#3","tintindex":0}}},{"name":"cube","from":[18.3896,6.8768,-0.2836001],"to":[21.759201,7.7191997,0.5587995],"rotation":{"angle":-45.0,"axis":"z","origin":[9.17,7.415,0.3949995]},"faces":{"down":{"uv":[1.3125,2.1875,1.6875,2.28125],"rotation":0,"texture":"#3","tintindex":0},"east":{"uv":[1.40625,2.28125,1.3125,2.375],"rotation":0,"texture":"#3","tintindex":0},"north":{"uv":[1.3125,2.28125,0.9375,2.375],"rotation":0,"texture":"#3","tintindex":0},"south":{"uv":[1.78125,2.28125,1.40625,2.375],"rotation":0,"texture":"#3","tintindex":0},"up":{"uv":[0.9375,2.28125,1.3125,2.1875],"rotation":0,"texture":"#3","tintindex":0},"west":{"uv":[0.9375,2.28125,0.84375,2.375],"rotation":0,"texture":"#3","tintindex":0}}}],"display":{"head":{"translation":[0.0,-6.4,0.0],"rotation":[0.0,0.0,0.0],"scale":[3.8095,3.8095,3.8095]}}}