{"textures":{"0":"modelengine:entity/edusan"},"elements":[{"name":"center fin d cube","from":[7.491968,13.259124,12.456275],"to":[8.508032,13.767154,19.568722],"rotation":{"angle":22.5,"axis":"x","origin":[8.0,13.513137,16.012499]},"faces":{"down":{"uv":[12.0,5.875,11.875,6.375],"rotation":0,"texture":"#0","tintindex":0},"east":{"uv":[5.75,12.875,6.25,13.0],"rotation":0,"texture":"#0","tintindex":0},"north":{"uv":[14.25,13.75,14.375,13.875],"rotation":0,"texture":"#0","tintindex":0},"south":{"uv":[14.25,14.0,14.375,14.125],"rotation":0,"texture":"#0","tintindex":0},"up":{"uv":[5.75,12.375,5.625,11.875],"rotation":0,"texture":"#0","tintindex":0},"west":{"uv":[12.875,6.75,13.375,6.875],"rotation":0,"texture":"#0","tintindex":0}}},{"name":"center fin d cube","from":[7.491968,11.810242,10.032127],"to":[8.508032,12.318273,14.096385],"rotation":{"angle":22.5,"axis":"x","origin":[8.0,12.064255,12.064258]},"faces":{"down":{"uv":[8.625,12.75,8.5,13.0],"rotation":0,"texture":"#0","tintindex":0},"east":{"uv":[12.75,13.625,13.0,13.75],"rotation":0,"texture":"#0","tintindex":0},"north":{"uv":[13.125,14.25,13.25,14.375],"rotation":0,"texture":"#0","tintindex":0},"south":{"uv":[14.25,13.25,14.375,13.375],"rotation":0,"texture":"#0","tintindex":0},"up":{"uv":[8.375,13.0,8.25,12.75],"rotation":0,"texture":"#0","tintindex":0},"west":{"uv":[13.125,13.625,13.375,13.75],"rotation":0,"texture":"#0","tintindex":0}}},{"name":"center fin d cube","from":[7.491968,9.7781105,8.0],"to":[8.508032,10.286145,14.096385],"rotation":{"angle":45.0,"axis":"x","origin":[8.0,10.032127,10.032127]},"faces":{"down":{"uv":[10.5,12.125,10.375,12.5],"rotation":0,"texture":"#0","tintindex":0},"east":{"uv":[2.75,13.0,3.125,13.125],"rotation":0,"texture":"#0","tintindex":0},"north":{"uv":[12.875,14.25,13.0,14.375],"rotation":0,"texture":"#0","tintindex":0},"south":{"uv":[14.25,13.0,14.375,13.125],"rotation":0,"texture":"#0","tintindex":0},"up":{"uv":[9.125,12.5,9.0,12.125],"rotation":0,"texture":"#0","tintindex":0},"west":{"uv":[13.0,2.875,13.375,3.0],"rotation":0,"texture":"#0","tintindex":0}}},{"name":"center fin d cube","from":[6.4759035,8.762049,7.491968],"to":[7.491968,9.270079,11.556224],"rotation":{"angle":22.5,"axis":"x","origin":[6.9839363,9.016066,9.524097]},"faces":{"down":{"uv":[7.5,12.75,7.375,13.0],"rotation":0,"texture":"#0","tintindex":0},"east":{"uv":[11.625,13.625,11.875,13.75],"rotation":0,"texture":"#0","tintindex":0},"north":{"uv":[11.875,14.25,12.0,14.375],"rotation":0,"texture":"#0","tintindex":0},"south":{"uv":[14.25,12.0,14.375,12.125],"rotation":0,"texture":"#0","tintindex":0},"up":{"uv":[7.25,13.0,7.125,12.75],"rotation":0,"texture":"#0","tintindex":0},"west":{"uv":[12.0,13.625,12.25,13.75],"rotation":0,"texture":"#0","tintindex":0}}},{"name":"center fin d cube","from":[6.4759035,6.729921,5.459841],"to":[7.491968,7.2379518,10.032127],"rotation":{"angle":45.0,"axis":"x","origin":[6.9839363,6.983934,7.491968]},"faces":{"down":{"uv":[9.125,12.625,9.0,13.0],"rotation":0,"texture":"#0","tintindex":0},"east":{"uv":[12.25,13.375,12.625,13.5],"rotation":0,"texture":"#0","tintindex":0},"north":{"uv":[12.125,14.25,12.25,14.375],"rotation":0,"texture":"#0","tintindex":0},"south":{"uv":[14.25,12.25,14.375,12.375],"rotation":0,"texture":"#0","tintindex":0},"up":{"uv":[8.125,13.0,8.0,12.625],"rotation":0,"texture":"#0","tintindex":0},"west":{"uv":[12.75,13.375,13.125,13.5],"rotation":0,"texture":"#0","tintindex":0}}},{"name":"center fin d cube","from":[7.491968,5.713855,3.9357438],"to":[8.508032,6.2218857,8.508033],"rotation":{"angle":45.0,"axis":"x","origin":[8.0,5.9678726,5.9678726]},"faces":{"down":{"uv":[12.75,9.5,12.625,9.875],"rotation":0,"texture":"#0","tintindex":0},"east":{"uv":[13.25,13.375,13.625,13.5],"rotation":0,"texture":"#0","tintindex":0},"north":{"uv":[12.375,14.25,12.5,14.375],"rotation":0,"texture":"#0","tintindex":0},"south":{"uv":[14.25,12.5,14.375,12.625],"rotation":0,"texture":"#0","tintindex":0},"up":{"uv":[12.75,9.375,12.625,9.0],"rotation":0,"texture":"#0","tintindex":0},"west":{"uv":[13.5,0.25,13.875,0.375],"rotation":0,"texture":"#0","tintindex":0}}},{"name":"center fin d cube","from":[9.524096,13.259124,12.456275],"to":[10.540159,13.767154,19.568722],"rotation":{"angle":22.5,"axis":"x","origin":[10.032127,13.513137,16.012499]},"faces":{"down":{"uv":[12.0,6.5,11.875,7.0],"rotation":0,"texture":"#0","tintindex":0},"east":{"uv":[12.875,7.0,13.375,7.125],"rotation":0,"texture":"#0","tintindex":0},"north":{"uv":[14.25,14.25,14.375,14.375],"rotation":0,"texture":"#0","tintindex":0},"south":{"uv":[0.0,14.375,0.125,14.5],"rotation":0,"texture":"#0","tintindex":0},"up":{"uv":[6.375,12.375,6.25,11.875],"rotation":0,"texture":"#0","tintindex":0},"west":{"uv":[12.875,7.25,13.375,7.375],"rotation":0,"texture":"#0","tintindex":0}}},{"name":"center fin d cube","from":[9.524096,9.7781105,8.0],"to":[10.540159,10.286145,14.096385],"rotation":{"angle":45.0,"axis":"x","origin":[10.032127,10.032127,10.032127]},"faces":{"down":{"uv":[12.375,8.625,12.25,9.0],"rotation":0,"texture":"#0","tintindex":0},"east":{"uv":[13.0,4.375,13.375,4.5],"rotation":0,"texture":"#0","tintindex":0},"north":{"uv":[14.375,1.0,14.5,1.125],"rotation":0,"texture":"#0","tintindex":0},"south":{"uv":[1.25,14.375,1.375,14.5],"rotation":0,"texture":"#0","tintindex":0},"up":{"uv":[8.625,12.625,8.5,12.25],"rotation":0,"texture":"#0","tintindex":0},"west":{"uv":[13.0,4.625,13.375,4.75],"rotation":0,"texture":"#0","tintindex":0}}},{"name":"center fin d cube","from":[10.540159,8.762049,7.491968],"to":[11.556224,9.270079,11.556224],"rotation":{"angle":22.5,"axis":"x","origin":[11.048193,9.016066,9.524097]},"faces":{"down":{"uv":[12.875,11.75,12.75,12.0],"rotation":0,"texture":"#0","tintindex":0},"east":{"uv":[0.375,13.75,0.625,13.875],"rotation":0,"texture":"#0","tintindex":0},"north":{"uv":[14.375,1.25,14.5,1.375],"rotation":0,"texture":"#0","tintindex":0},"south":{"uv":[1.5,14.375,1.625,14.5],"rotation":0,"texture":"#0","tintindex":0},"up":{"uv":[12.875,11.625,12.75,11.375],"rotation":0,"texture":"#0","tintindex":0},"west":{"uv":[13.75,0.5,14.0,0.625],"rotation":0,"texture":"#0","tintindex":0}}},{"name":"center fin d cube","from":[10.540159,6.729921,5.459841],"to":[11.556224,7.2379518,10.032127],"rotation":{"angle":45.0,"axis":"x","origin":[11.048193,6.983934,7.491968]},"faces":{"down":{"uv":[11.5,12.625,11.375,13.0],"rotation":0,"texture":"#0","tintindex":0},"east":{"uv":[13.5,4.375,13.875,4.5],"rotation":0,"texture":"#0","tintindex":0},"north":{"uv":[2.25,14.375,2.375,14.5],"rotation":0,"texture":"#0","tintindex":0},"south":{"uv":[14.375,2.25,14.5,2.375],"rotation":0,"texture":"#0","tintindex":0},"up":{"uv":[12.75,11.25,12.625,10.875],"rotation":0,"texture":"#0","tintindex":0},"west":{"uv":[13.5,4.625,13.875,4.75],"rotation":0,"texture":"#0","tintindex":0}}},{"name":"center fin d cube","from":[9.524096,5.713855,3.9357438],"to":[10.540159,6.2218857,8.508033],"rotation":{"angle":45.0,"axis":"x","origin":[10.032127,5.9678726,5.9678726]},"faces":{"down":{"uv":[1.375,12.75,1.25,13.125],"rotation":0,"texture":"#0","tintindex":0},"east":{"uv":[13.5,5.125,13.875,5.25],"rotation":0,"texture":"#0","tintindex":0},"north":{"uv":[2.5,14.375,2.625,14.5],"rotation":0,"texture":"#0","tintindex":0},"south":{"uv":[14.375,2.5,14.5,2.625],"rotation":0,"texture":"#0","tintindex":0},"up":{"uv":[0.375,13.125,0.25,12.75],"rotation":0,"texture":"#0","tintindex":0},"west":{"uv":[13.5,5.375,13.875,5.5],"rotation":0,"texture":"#0","tintindex":0}}},{"name":"center fin d cube","from":[9.524096,7.745982,5.9678726],"to":[10.540159,8.254018,10.032127],"rotation":{"angle":22.5,"axis":"x","origin":[10.032127,8.0,8.0]},"faces":{"down":{"uv":[12.875,12.5,12.75,12.75],"rotation":0,"texture":"#0","tintindex":0},"east":{"uv":[0.75,13.75,1.0,13.875],"rotation":0,"texture":"#0","tintindex":0},"north":{"uv":[2.0,14.375,2.125,14.5],"rotation":0,"texture":"#0","tintindex":0},"south":{"uv":[14.375,2.0,14.5,2.125],"rotation":0,"texture":"#0",