{"textures":{"0":"mineinabyss:mobs/edusan"},"elements":[{"from":[12.354561,-1.8266773,6.316274],"to":[13.322241,-1.3428373,10.186995],"rotation":{"angle":22.5,"axis":"x","origin":[12.8384,-1.5847569,8.251635]},"faces":{"east":{"uv":[13.75,1.0,14.0,1.125],"rotation":0,"texture":"#0","tintindex":0},"south":{"uv":[3.5,14.375,3.625,14.5],"rotation":0,"texture":"#0","tintindex":0},"north":{"uv":[14.375,3.25,14.5,3.375],"rotation":0,"texture":"#0","tintindex":0},"west":{"uv":[1.125,13.75,1.375,13.875],"rotation":0,"texture":"#0","tintindex":0},"up":{"uv":[0.125,13.125,0.0,12.875],"rotation":0,"texture":"#0","tintindex":0},"down":{"uv":[1.125,12.875,1.0,13.125],"rotation":0,"texture":"#0","tintindex":0}}},{"from":[7.03232,3.9794035,12.1223545],"to":[8.0,4.4632435,16.960754],"rotation":{"angle":22.5,"axis":"x","origin":[7.51616,4.221324,14.057714]},"faces":{"east":{"uv":[13.125,12.75,13.5,12.875],"rotation":0,"texture":"#0","tintindex":0},"south":{"uv":[14.25,11.5,14.375,11.625],"rotation":0,"texture":"#0","tintindex":0},"north":{"uv":[11.375,14.25,11.5,14.375],"rotation":0,"texture":"#0","tintindex":0},"west":{"uv":[13.0,13.125,13.375,13.25],"rotation":0,"texture":"#0","tintindex":0},"up":{"uv":[7.875,12.75,7.75,12.375],"rotation":0,"texture":"#0","tintindex":0},"down":{"uv":[9.625,12.375,9.5,12.75],"rotation":0,"texture":"#0","tintindex":0}}},{"from":[10.90304,2.0440435,10.186995],"to":[11.87072,2.5278835,15.993074],"rotation":{"angle":45.0,"axis":"x","origin":[11.38688,2.2859635,12.1223545]},"faces":{"east":{"uv":[13.0,3.875,13.375,4.0],"rotation":0,"texture":"#0","tintindex":0},"south":{"uv":[1.0,14.375,1.125,14.5],"rotation":0,"texture":"#0","tintindex":0},"north":{"uv":[14.375,0.75,14.5,0.875],"rotation":0,"texture":"#0","tintindex":0},"west":{"uv":[13.0,4.125,13.375,4.25],"rotation":0,"texture":"#0","tintindex":0},"up":{"uv":[12.375,8.5,12.25,8.125],"rotation":0,"texture":"#0","tintindex":0},"down":{"uv":[8.375,12.25,8.25,12.625],"rotation":0,"texture":"#0","tintindex":0}}},{"from":[5.5808,0.108683586,8.251635],"to":[6.54848,0.5925236,12.6061945],"rotation":{"angle":45.0,"axis":"x","origin":[6.06464,0.35060358,10.186995]},"faces":{"east":{"uv":[11.25,13.375,11.625,13.5],"rotation":0,"texture":"#0","tintindex":0},"south":{"uv":[14.25,11.0,14.375,11.125],"rotation":0,"texture":"#0","tintindex":0},"north":{"uv":[10.875,14.25,11.0,14.375],"rotation":0,"texture":"#0","tintindex":0},"west":{"uv":[11.75,13.375,12.125,13.5],"rotation":0,"texture":"#0","tintindex":0},"up":{"uv":[12.75,7.125,12.625,6.75],"rotation":0,"texture":"#0","tintindex":0},"down":{"uv":[12.75,7.25,12.625,7.625],"rotation":0,"texture":"#0","tintindex":0}}},{"from":[12.354561,2.0440435,10.186995],"to":[13.322241,2.5278835,13.573874],"rotation":{"angle":22.5,"axis":"x","origin":[12.8384,2.2859635,12.1223545]},"faces":{"east":{"uv":[13.75,7.875,14.0,8.0],"rotation":0,"texture":"#0","tintindex":0},"south":{"uv":[0.75,14.375,0.875,14.5],"rotation":0,"texture":"#0","tintindex":0},"north":{"uv":[14.375,0.5,14.5,0.625],"rotation":0,"texture":"#0","tintindex":0},"west":{"uv":[13.75,8.125,14.0,8.25],"rotation":0,"texture":"#0","tintindex":0},"up":{"uv":[7.75,13.125,7.625,12.875],"rotation":0,"texture":"#0","tintindex":0},"down":{"uv":[13.0,9.0,12.875,9.25],"rotation":0,"texture":"#0","tintindex":0}}},{"from":[12.354561,0.108683586,8.251635],"to":[13.322241,0.5925236,12.6061945],"rotation":{"angle":45.0,"axis":"x","origin":[12.8384,0.35060358,10.186995]},"faces":{"east":{"uv":[13.5,3.875,13.875,4.0],"rotation":0,"texture":"#0","tintindex":0},"south":{"uv":[1.75,14.375,1.875,14.5],"rotation":0,"texture":"#0","tintindex":0},"north":{"uv":[14.375,1.5,14.5,1.625],"rotation":0,"texture":"#0","tintindex":0},"west":{"uv":[13.5,4.125,13.875,4.25],"rotation":0,"texture":"#0","tintindex":0},"up":{"uv":[10.5,13.0,10.375,12.625],"rotation":0,"texture":"#0","tintindex":0},"down":{"uv":[10.75,12.625,10.625,13.0],"rotation":0,"texture":"#0","tintindex":0}}},{"from":[10.90304,3.9794035,12.1223545],"to":[11.87072,4.4632435,16.960754],"rotation":{"angle":22.5,"axis":"x","origin":[11.38688,4.221324,14.057714]},"faces":{"east":{"uv":[13.25,0.5,13.625,0.625],"rotation":0,"texture":"#0","tintindex":0},"south":{"uv":[0.25,14.375,0.375,14.5],"rotation":0,"texture":"#0","tintindex":0},"north":{"uv":[14.375,0.0,14.5,0.125],"rotation":0,"texture":"#0","tintindex":0},"west":{"uv":[13.25,1.125,13.625,1.25],"rotation":0,"texture":"#0","tintindex":0},"up":{"uv":[10.25,12.75,10.125,12.375],"rotation":0,"texture":"#0","tintindex":0},"down":{"uv":[12.5,10.875,12.375,11.25],"rotation":0,"texture":"#0","tintindex":0}}},{"from":[12.354561,-3.7620363,4.380914],"to":[13.322241,-3.2781963,7.283954],"rotation":{"angle":45.0,"axis":"x","origin":[12.8384,-3.5201168,6.316274]},"faces":{"east":{"uv":[14.0,4.5,14.25,4.625],"rotation":0,"texture":"#0","tintindex":0},"south":{"uv":[14.375,3.0,14.5,3.125],"rotation":0,"texture":"#0","tintindex":0},"north":{"uv":[14.375,2.75,14.5,2.875],"rotation":0,"texture":"#0","tintindex":0},"west":{"uv":[5.0,14.0,5.25,14.125],"rotation":0,"texture":"#0","tintindex":0},"up":{"uv":[3.875,13.25,3.75,13.0],"rotation":0,"texture":"#0","tintindex":0},"down":{"uv":[4.5,13.0,4.375,13.25],"rotation":0,"texture":"#0","tintindex":0}}},{"from":[5.5808,-1.8266773,6.316274],"to":[6.54848,-1.3428373,10.186995],"rotation":{"angle":22.5,"axis":"x","origin":[6.06464,-1.5847569,8.251635]},"faces":{"east":{"uv":[13.625,9.0,13.875,9.125],"rotation":0,"texture":"#0","tintindex":0},"south":{"uv":[14.25,10.75,14.375,10.875],"rotation":0,"texture":"#0","tintindex":0},"north":{"uv":[14.25,10.5,14.375,10.625],"rotation":0,"texture":"#0","tintindex":0},"west":{"uv":[11.25,13.625,11.5,13.75],"rotation":0,"texture":"#0","tintindex":0},"up":{"uv":[6.75,13.0,6.625,12.75],"rotation":0,"texture":"#0","tintindex":0},"down":{"uv":[7.0,12.75,6.875,13.0],"rotation":0,"texture":"#0","tintindex":0}}},{"from":[5.5808,2.0440435,10.186995],"to":[6.54848,2.5278835,13.573874],"rotation":{"angle":22.5,"axis":"x","origin":[6.06464,2.2859635,12.1223545]},"faces":{"east":{"uv":[13.75,1.25,14.0,1.375],"rotation":0,"texture":"#0","tintindex":0},"south":{"uv":[14.25,11.25,14.375,11.375],"rotation":0,"texture":"#0","tintindex":0},"north":{"uv":[11.125,14.25,11.25,14.375],"rotation":0,"texture":"#0","tintindex":0},"west":{"uv":[13.75,1.5,14.0,1.625],"rotation":0,"texture":"#0","tintindex":0},"up":{"uv":[4.25,13.125,4.125,12.875],"rotation":0,"texture":"#0","tintindex":0},"down":{"uv":[5.625,12.875,5.5,13.125],"rotation":0,"texture":"#0","tintindex":0}}},{"from":[5.5808,-3.7620363,4.380914],"to":[6.54848,-3.2781963,7.283954],"rotation":{"angle":45.0,"axis":"x","origin":[6.06464,-3.5201168,6.316274]},"faces":{"east":{"uv":[14.0,4.0,14.25,4.125],"rotation":0,"texture":"#0","tintindex":0},"south":{"uv":[14.25,10.25,14.375,10.375],"rotation":0,"texture":"#0","tintindex":0},"north":{"uv":[14.25,10.0,14.375,10.125],"rotation":0,"texture":"#0","tintindex":0},"west":{"uv":[14.0,4.25,14.25,4.375],"rotation":0,"texture":"#0","tintindex":0},"up":{"uv":[13.125,1.375,13.0,1.125],"rotation":0,"texture":"#0","tintindex":0},"down":{"uv":[13.125,2.0,13.0,2.25],"rotation":0,"texture":"#0","tintindex":0}}},{"from":[7.03232,2.0440435,10.186995],"to":[8.0,2.5278835,15.993074],"rotation":{"angle":45.0,"axis":"x","origin":[7.51616,2.2859635,12.1223545]},"faces":{"east":{"uv":[13.0,2.375,13.375,2.5],"rotation":0,"texture":"#0","tintindex":0},"south":{"uv":[14.25,11.75,14.375,11.875],"rotation":0,"texture":"#0","tintindex":0},"north":{"uv":[11.625,14.25,11.75,14.375],"rotation":0,"texture":"#0","tintindex":0},"west":{"uv":[13.0,2.625,13.375,2.75],"rotation":0,"texture":"#0","tintindex":0},"up":{"uv":[12.25,8.0,12.125,7.625],"rotation":0,"texture":"#0","tintindex":0},"down":{"uv":[8.125,12.125,8.0,12.5],"rotation":0,"texture":"#0","tintindex":0}}},{"from":[9.93536,3.0117235,10.670835],"to":[10.90304,3.4955635,14.541555],"rotation":{"angle":22.5,"axis":"x",