{"textures":{"0":"mineinabyss:mobs/edusan"},"elements":[{"from":[7.51616,11.6288,9.93536],"to":[8.48384,12.11264,13.80608],"rotation":{"angle":22.5,"axis":"x","origin":[8.0,11.87072,11.87072]},"faces":{"east":{"uv":[12.75,13.625,13.0,13.75],"rotation":0,"texture":"#0","tintindex":0},"south":{"uv":[14.25,13.25,14.375,13.375],"rotation":0,"texture":"#0","tintindex":0},"north":{"uv":[13.125,14.25,13.25,14.375],"rotation":0,"texture":"#0","tintindex":0},"west":{"uv":[13.125,13.625,13.375,13.75],"rotation":0,"texture":"#0","tintindex":0},"up":{"uv":[8.375,13.0,8.25,12.75],"rotation":0,"texture":"#0","tintindex":0},"down":{"uv":[8.625,12.75,8.5,13.0],"rotation":0,"texture":"#0","tintindex":0}}},{"from":[7.51616,5.8227196,4.12928],"to":[8.48384,6.30656,8.48384],"rotation":{"angle":45.0,"axis":"x","origin":[8.0,6.06464,6.06464]},"faces":{"east":{"uv":[13.25,13.375,13.625,13.5],"rotation":0,"texture":"#0","tintindex":0},"south":{"uv":[14.25,12.5,14.375,12.625],"rotation":0,"texture":"#0","tintindex":0},"north":{"uv":[12.375,14.25,12.5,14.375],"rotation":0,"texture":"#0","tintindex":0},"west":{"uv":[13.5,0.25,13.875,0.375],"rotation":0,"texture":"#0","tintindex":0},"up":{"uv":[12.75,9.375,12.625,9.0],"rotation":0,"texture":"#0","tintindex":0},"down":{"uv":[12.75,9.5,12.625,9.875],"rotation":0,"texture":"#0","tintindex":0}}},{"from":[10.4192,6.7904,5.5808],"to":[11.38688,7.27424,9.93536],"rotation":{"angle":45.0,"axis":"x","origin":[10.90304,7.03232,7.51616]},"faces":{"east":{"uv":[13.5,4.375,13.875,4.5],"rotation":0,"texture":"#0","tintindex":0},"south":{"uv":[14.375,2.25,14.5,2.375],"rotation":0,"texture":"#0","tintindex":0},"north":{"uv":[2.25,14.375,2.375,14.5],"rotation":0,"texture":"#0","tintindex":0},"west":{"uv":[13.5,4.625,13.875,4.75],"rotation":0,"texture":"#0","tintindex":0},"up":{"uv":[12.75,11.25,12.625,10.875],"rotation":0,"texture":"#0","tintindex":0},"down":{"uv":[11.5,12.625,11.375,13.0],"rotation":0,"texture":"#0","tintindex":0}}},{"from":[9.45152,7.75808,6.06464],"to":[10.4192,8.24192,9.93536],"rotation":{"angle":22.5,"axis":"x","origin":[9.93536,8.0,8.0]},"faces":{"east":{"uv":[0.75,13.75,1.0,13.875],"rotation":0,"texture":"#0","tintindex":0},"south":{"uv":[14.375,2.0,14.5,2.125],"rotation":0,"texture":"#0","tintindex":0},"north":{"uv":[2.0,14.375,2.125,14.5],"rotation":0,"texture":"#0","tintindex":0},"west":{"uv":[13.75,0.75,14.0,0.875],"rotation":0,"texture":"#0","tintindex":0},"up":{"uv":[12.875,12.375,12.75,12.125],"rotation":0,"texture":"#0","tintindex":0},"down":{"uv":[12.875,12.5,12.75,12.75],"rotation":0,"texture":"#0","tintindex":0}}},{"from":[10.4192,8.72576,7.51616],"to":[11.38688,9.2096,11.38688],"rotation":{"angle":22.5,"axis":"x","origin":[10.90304,8.96768,9.45152]},"faces":{"east":{"uv":[0.375,13.75,0.625,13.875],"rotation":0,"texture":"#0","tintindex":0},"south":{"uv":[1.5,14.375,1.625,14.5],"rotation":0,"texture":"#0","tintindex":0},"north":{"uv":[14.375,1.25,14.5,1.375],"rotation":0,"texture":"#0","tintindex":0},"west":{"uv":[13.75,0.5,14.0,0.625],"rotation":0,"texture":"#0","tintindex":0},"up":{"uv":[12.875,11.625,12.75,11.375],"rotation":0,"texture":"#0","tintindex":0},"down":{"uv":[12.875,11.75,12.75,12.0],"rotation":0,"texture":"#0","tintindex":0}}},{"from":[6.54848,8.72576,7.51616],"to":[7.51616,9.2096,11.38688],"rotation":{"angle":22.5,"axis":"x","origin":[7.03232,8.96768,9.45152]},"faces":{"east":{"uv":[11.625,13.625,11.875,13.75],"rotation":0,"texture":"#0","tintindex":0},"south":{"uv":[14.25,12.0,14.375,12.125],"rotation":0,"texture":"#0","tintindex":0},"north":{"uv":[11.875,14.25,12.0,14.375],"rotation":0,"texture":"#0","tintindex":0},"west":{"uv":[12.0,13.625,12.25,13.75],"rotation":0,"texture":"#0","tintindex":0},"up":{"uv":[7.25,13.0,7.125,12.75],"rotation":0,"texture":"#0","tintindex":0},"down":{"uv":[7.5,12.75,7.375,13.0],"rotation":0,"texture":"#0","tintindex":0}}},{"from":[9.45152,9.69344,8.0],"to":[10.4192,10.17728,13.80608],"rotation":{"angle":45.0,"axis":"x","origin":[9.93536,9.93536,9.93536]},"faces":{"east":{"uv":[13.0,4.375,13.375,4.5],"rotation":0,"texture":"#0","tintindex":0},"south":{"uv":[1.25,14.375,1.375,14.5],"rotation":0,"texture":"#0","tintindex":0},"north":{"uv":[14.375,1.0,14.5,1.125],"rotation":0,"texture":"#0","tintindex":0},"west":{"uv":[13.0,4.625,13.375,4.75],"rotation":0,"texture":"#0","tintindex":0},"up":{"uv":[8.625,12.625,8.5,12.25],"rotation":0,"texture":"#0","tintindex":0},"down":{"uv":[12.375,8.625,12.25,9.0],"rotation":0,"texture":"#0","tintindex":0}}},{"from":[7.51616,9.69344,8.0],"to":[8.48384,10.17728,13.80608],"rotation":{"angle":45.0,"axis":"x","origin":[8.0,9.93536,9.93536]},"faces":{"east":{"uv":[2.75,13.0,3.125,13.125],"rotation":0,"texture":"#0","tintindex":0},"south":{"uv":[14.25,13.0,14.375,13.125],"rotation":0,"texture":"#0","tintindex":0},"north":{"uv":[12.875,14.25,13.0,14.375],"rotation":0,"texture":"#0","tintindex":0},"west":{"uv":[13.0,2.875,13.375,3.0],"rotation":0,"texture":"#0","tintindex":0},"up":{"uv":[9.125,12.5,9.0,12.125],"rotation":0,"texture":"#0","tintindex":0},"down":{"uv":[10.5,12.125,10.375,12.5],"rotation":0,"texture":"#0","tintindex":0}}},{"from":[7.51616,13.008688,12.24407],"to":[8.48384,13.492528,19.01783],"rotation":{"angle":22.5,"axis":"x","origin":[8.0,13.2506075,15.63095]},"faces":{"east":{"uv":[5.75,12.875,6.25,13.0],"rotation":0,"texture":"#0","tintindex":0},"south":{"uv":[14.25,14.0,14.375,14.125],"rotation":0,"texture":"#0","tintindex":0},"north":{"uv":[14.25,13.75,14.375,13.875],"rotation":0,"texture":"#0","tintindex":0},"west":{"uv":[12.875,6.75,13.375,6.875],"rotation":0,"texture":"#0","tintindex":0},"up":{"uv":[5.75,12.375,5.625,11.875],"rotation":0,"texture":"#0","tintindex":0},"down":{"uv":[12.0,5.875,11.875,6.375],"rotation":0,"texture":"#0","tintindex":0}}},{"from":[6.54848,6.7904,5.5808],"to":[7.51616,7.27424,9.93536],"rotation":{"angle":45.0,"axis":"x","origin":[7.03232,7.03232,7.51616]},"faces":{"east":{"uv":[12.25,13.375,12.625,13.5],"rotation":0,"texture":"#0","tintindex":0},"south":{"uv":[14.25,12.25,14.375,12.375],"rotation":0,"texture":"#0","tintindex":0},"north":{"uv":[12.125,14.25,12.25,14.375],"rotation":0,"texture":"#0","tintindex":0},"west":{"uv":[12.75,13.375,13.125,13.5],"rotation":0,"texture":"#0","tintindex":0},"up":{"uv":[8.125,13.0,8.0,12.625],"rotation":0,"texture":"#0","tintindex":0},"down":{"uv":[9.125,12.625,9.0,13.0],"rotation":0,"texture":"#0","tintindex":0}}},{"from":[9.45152,13.008688,12.24407],"to":[10.4192,13.492528,19.01783],"rotation":{"angle":22.5,"axis":"x","origin":[9.93536,13.2506075,15.63095]},"faces":{"east":{"uv":[12.875,7.0,13.375,7.125],"rotation":0,"texture":"#0","tintindex":0},"south":{"uv":[0.0,14.375,0.125,14.5],"rotation":0,"texture":"#0","tintindex":0},"north":{"uv":[14.25,14.25,14.375,14.375],"rotation":0,"texture":"#0","tintindex":0},"west":{"uv":[12.875,7.25,13.375,7.375],"rotation":0,"texture":"#0","tintindex":0},"up":{"uv":[6.375,12.375,6.25,11.875],"rotation":0,"texture":"#0","tintindex":0},"down":{"uv":[12.0,6.5,11.875,7.0],"rotation":0,"texture":"#0","tintindex":0}}},{"from":[7.51616,7.75808,6.06464],"to":[8.48384,8.24192,9.93536],"rotation":{"angle":22.5,"axis":"x","origin":[8.0,8.0,8.0]},"faces":{"east":{"uv":[12.375,13.625,12.625,13.75],"rotation":0,"texture":"#0","tintindex":0},"south":{"uv":[14.25,12.75,14.375,12.875],"rotation":0,"texture":"#0","tintindex":0},"north":{"uv":[12.625,14.25,12.75,14.375],"rotation":0,"texture":"#0","tintindex":0},"west":{"uv":[13.625,12.625,13.875,12.75],"rotation":0,"texture":"#0","tintindex":0},"up":{"uv":[12.875,8.0,12.75,7.75],"rotation":0,"texture":"#0","tintindex":0},"down":{"uv":[12.875,8.125,12.75,8.375],"rotation":0,"texture":"#0","tintindex":0}}},{"from":[9.45152,5.8227196,4.12928],"to":[10.4192,6.30656,8.48384],"rotation":{"angle":45.0,"axis":"x","origin":[9.93536,6.06464,6.06464]},"faces":{"east":{"uv":[13.5,5.125,13.875,5.25],"rotation":0,"texture":"#0","tintindex":0},"south":{"uv":[14.375,2.5,14.5,2.625],"rotation":0,