{"textures":{"0":"modelengine:entity/edusan"},"elements":[{"from":[8.96768,7.4874935,7.6829004],"to":[9.45152,7.9713335,11.06978],"rotation":{"angle":-22.5,"axis":"x","origin":[8.0,7.51616,8.0]},"faces":{"east":{"uv":[13.75,2.5,14.0,2.625],"rotation":0,"texture":"#0","tintindex":0},"south":{"uv":[14.375,7.25,14.5,7.375],"rotation":0,"texture":"#0","tintindex":0},"north":{"uv":[7.125,14.375,7.25,14.5],"rotation":0,"texture":"#0","tintindex":0},"west":{"uv":[2.75,13.75,3.0,13.875],"rotation":0,"texture":"#0","tintindex":0},"up":{"uv":[13.875,3.0,13.75,2.75],"rotation":0,"texture":"#0","tintindex":0},"down":{"uv":[13.875,3.125,13.75,3.375],"rotation":0,"texture":"#0","tintindex":0}}},{"from":[6.54848,7.4874935,7.6829004],"to":[7.03232,7.9713335,11.06978],"rotation":{"angle":-22.5,"axis":"x","origin":[8.0,7.51616,8.0]},"faces":{"east":{"uv":[13.75,6.375,14.0,6.5],"rotation":0,"texture":"#0","tintindex":0},"south":{"uv":[14.375,7.5,14.5,7.625],"rotation":0,"texture":"#0","tintindex":0},"north":{"uv":[7.375,14.375,7.5,14.5],"rotation":0,"texture":"#0","tintindex":0},"west":{"uv":[13.75,6.625,14.0,6.75],"rotation":0,"texture":"#0","tintindex":0},"up":{"uv":[3.625,14.0,3.5,13.75],"rotation":0,"texture":"#0","tintindex":0},"down":{"uv":[4.125,13.75,4.0,14.0],"rotation":0,"texture":"#0","tintindex":0}}},{"from":[7.03232,8.579829,13.896112],"to":[7.03232,9.063669,17.282993],"rotation":{"angle":-22.5,"axis":"x","origin":[8.0,7.51616,8.0]},"faces":{"east":{"uv":[13.75,6.875,14.0,7.0],"rotation":0,"texture":"#0","tintindex":0},"south":{"uv":[10.625,11.875,10.625,12.0],"rotation":0,"texture":"#0","tintindex":0},"north":{"uv":[11.875,8.125,11.875,8.25],"rotation":0,"texture":"#0","tintindex":0},"west":{"uv":[13.75,7.125,14.0,7.25],"rotation":0,"texture":"#0","tintindex":0},"up":{"uv":[10.0,12.75,10.0,12.5],"rotation":0,"texture":"#0","tintindex":0},"down":{"uv":[3.0,12.625,3.0,12.875],"rotation":0,"texture":"#0","tintindex":0}}},{"from":[8.96768,6.2229714,10.784855],"to":[8.96768,6.7068114,14.171736],"rotation":{"angle":-45.0,"axis":"x","origin":[8.0,7.51616,8.0]},"faces":{"east":{"uv":[13.75,3.5,14.0,3.625],"rotation":0,"texture":"#0","tintindex":0},"south":{"uv":[9.0,11.375,9.0,11.5],"rotation":0,"texture":"#0","tintindex":0},"north":{"uv":[10.375,11.25,10.375,11.375],"rotation":0,"texture":"#0","tintindex":0},"west":{"uv":[13.75,5.625,14.0,5.75],"rotation":0,"texture":"#0","tintindex":0},"up":{"uv":[8.625,12.125,8.625,11.875],"rotation":0,"texture":"#0","tintindex":0},"down":{"uv":[4.375,12.0,4.375,12.25],"rotation":0,"texture":"#0","tintindex":0}}},{"from":[7.03232,6.2229714,10.784855],"to":[7.03232,6.7068114,14.171736],"rotation":{"angle":-45.0,"axis":"x","origin":[8.0,7.51616,8.0]},"faces":{"east":{"uv":[13.75,7.375,14.0,7.5],"rotation":0,"texture":"#0","tintindex":0},"south":{"uv":[12.375,7.875,12.375,8.0],"rotation":0,"texture":"#0","tintindex":0},"north":{"uv":[12.375,5.625,12.375,5.75],"rotation":0,"texture":"#0","tintindex":0},"west":{"uv":[13.75,7.625,14.0,7.75],"rotation":0,"texture":"#0","tintindex":0},"up":{"uv":[8.625,13.375,8.625,13.125],"rotation":0,"texture":"#0","tintindex":0},"down":{"uv":[5.625,13.25,5.625,13.5],"rotation":0,"texture":"#0","tintindex":0}}},{"from":[8.96768,8.579829,13.896112],"to":[8.96768,9.063669,17.282993],"rotation":{"angle":-22.5,"axis":"x","origin":[8.0,7.51616,8.0]},"faces":{"east":{"uv":[13.75,5.875,14.0,6.0],"rotation":0,"texture":"#0","tintindex":0},"south":{"uv":[3.875,11.75,3.875,11.875],"rotation":0,"texture":"#0","tintindex":0},"north":{"uv":[5.625,11.625,5.625,11.75],"rotation":0,"texture":"#0","tintindex":0},"west":{"uv":[13.75,6.125,14.0,6.25],"rotation":0,"texture":"#0","tintindex":0},"up":{"uv":[6.125,12.25,6.125,12.0],"rotation":0,"texture":"#0","tintindex":0},"down":{"uv":[11.375,12.25,11.375,12.5],"rotation":0,"texture":"#0","tintindex":0}}}],"display":{"head":{"translation":[0.0,-6.4,0.0],"scale":[4.0,4.0,4.0]}}}