{"textures":{"0":"modelengine:entity/edusan"},"elements":[{"name":"cube","from":[9.016064,7.461862,7.6670456],"to":[9.524096,7.9698973,11.223269],"rotation":{"angle":-22.5,"axis":"x","origin":[8.0,7.491965,8.0]},"faces":{"down":{"uv":[13.875,3.125,13.75,3.375],"rotation":0,"texture":"#0","tintindex":0},"east":{"uv":[13.75,2.5,14.0,2.625],"rotation":0,"texture":"#0","tintindex":0},"north":{"uv":[7.125,14.375,7.25,14.5],"rotation":0,"texture":"#0","tintindex":0},"south":{"uv":[14.375,7.25,14.5,7.375],"rotation":0,"texture":"#0","tintindex":0},"up":{"uv":[13.875,3.0,13.75,2.75],"rotation":0,"texture":"#0","tintindex":0},"west":{"uv":[2.75,13.75,3.0,13.875],"rotation":0,"texture":"#0","tintindex":0}}},{"name":"cube","from":[6.4759035,7.461862,7.6670456],"to":[6.9839363,7.9698973,11.223269],"rotation":{"angle":-22.5,"axis":"x","origin":[8.0,7.491965,8.0]},"faces":{"down":{"uv":[4.125,13.75,4.0,14.0],"rotation":0,"texture":"#0","tintindex":0},"east":{"uv":[13.75,6.375,14.0,6.5],"rotation":0,"texture":"#0","tintindex":0},"north":{"uv":[7.375,14.375,7.5,14.5],"rotation":0,"texture":"#0","tintindex":0},"south":{"uv":[14.375,7.5,14.5,7.625],"rotation":0,"texture":"#0","tintindex":0},"up":{"uv":[3.625,14.0,3.5,13.75],"rotation":0,"texture":"#0","tintindex":0},"west":{"uv":[13.75,6.625,14.0,6.75],"rotation":0,"texture":"#0","tintindex":0}}},{"name":"cube","from":[9.016064,6.1341186,10.924099],"to":[9.016064,6.6421447,14.480323],"rotation":{"angle":-45.0,"axis":"x","origin":[8.0,7.491965,8.0]},"faces":{"down":{"uv":[4.375,12.0,4.375,12.25],"rotation":0,"texture":"#0","tintindex":0},"east":{"uv":[13.75,3.5,14.0,3.625],"rotation":0,"texture":"#0","tintindex":0},"north":{"uv":[10.375,11.25,10.375,11.375],"rotation":0,"texture":"#0","tintindex":0},"south":{"uv":[9.0,11.375,9.0,11.5],"rotation":0,"texture":"#0","tintindex":0},"up":{"uv":[8.625,12.125,8.625,11.875],"rotation":0,"texture":"#0","tintindex":0},"west":{"uv":[13.75,5.625,14.0,5.75],"rotation":0,"texture":"#0","tintindex":0}}},{"name":"cube","from":[6.9839363,6.1341186,10.924099],"to":[6.9839363,6.6421447,14.480323],"rotation":{"angle":-45.0,"axis":"x","origin":[8.0,7.491965,8.0]},"faces":{"down":{"uv":[5.625,13.25,5.625,13.5],"rotation":0,"texture":"#0","tintindex":0},"east":{"uv":[13.75,7.375,14.0,7.5],"rotation":0,"texture":"#0","tintindex":0},"north":{"uv":[12.375,5.625,12.375,5.75],"rotation":0,"texture":"#0","tintindex":0},"south":{"uv":[12.375,7.875,12.375,8.0],"rotation":0,"texture":"#0","tintindex":0},"up":{"uv":[8.625,13.375,8.625,13.125],"rotation":0,"texture":"#0","tintindex":0},"west":{"uv":[13.75,7.625,14.0,7.75],"rotation":0,"texture":"#0","tintindex":0}}},{"name":"cube","from":[9.016064,8.608816,14.190917],"to":[9.016064,9.116852,17.747143],"rotation":{"angle":-22.5,"axis":"x","origin":[8.0,7.491965,8.0]},"faces":{"down":{"uv":[11.375,12.25,11.375,12.5],"rotation":0,"texture":"#0","tintindex":0},"east":{"uv":[13.75,5.875,14.0,6.0],"rotation":0,"texture":"#0","tintindex":0},"north":{"uv":[5.625,11.625,5.625,11.75],"rotation":0,"texture":"#0","tintindex":0},"south":{"uv":[3.875,11.75,3.875,11.875],"rotation":0,"texture":"#0","tintindex":0},"up":{"uv":[6.125,12.25,6.125,12.0],"rotation":0,"texture":"#0","tintindex":0},"west":{"uv":[13.75,6.125,14.0,6.25],"rotation":0,"texture":"#0","tintindex":0}}},{"name":"cube","from":[6.9839363,8.608816,14.190917],"to":[6.9839363,9.116852,17.747143],"rotation":{"angle":-22.5,"axis":"x","origin":[8.0,7.491965,8.0]},"faces":{"down":{"uv":[3.0,12.625,3.0,12.875],"rotation":0,"texture":"#0","tintindex":0},"east":{"uv":[13.75,6.875,14.0,7.0],"rotation":0,"texture":"#0","tintindex":0},"north":{"uv":[11.875,8.125,11.875,8.25],"rotation":0,"texture":"#0","tintindex":0},"south":{"uv":[10.625,11.875,10.625,12.0],"rotation":0,"texture":"#0","tintindex":0},"up":{"uv":[10.0,12.75,10.0,12.5],"rotation":0,"texture":"#0","tintindex":0},"west":{"uv":[13.75,7.125,14.0,7.25],"rotation":0,"texture":"#0","tintindex":0}}}],"display":{"head":{"translation":[0.0,-6.4,0.0],"rotation":[0.0,0.0,0.0],"scale":[3.8095,3.8095,3.8095]}}}