{"textures":{"0":"modelengine:entity/edusan"},"elements":[{"name":"left fin b cube","from":[6.9839363,7.0261993,3.1571598],"to":[9.016064,9.058327,12.301736],"rotation":{"angle":22.5,"axis":"x","origin":[8.508032,2.7079268,5.1892877]},"faces":{"down":{"uv":[10.25,1.5,10.125,2.125],"rotation":0,"texture":"#0","tintindex":0},"east":{"uv":[10.0,4.0,10.625,4.125],"rotation":0,"texture":"#0","tintindex":0},"north":{"uv":[8.875,5.125,9.0,5.25],"rotation":0,"texture":"#0","tintindex":0},"south":{"uv":[10.875,5.0,11.0,5.125],"rotation":0,"texture":"#0","tintindex":0},"up":{"uv":[10.25,1.375,10.125,0.75],"rotation":0,"texture":"#0","tintindex":0},"west":{"uv":[10.0,6.625,10.625,6.75],"rotation":0,"texture":"#0","tintindex":0}}},{"name":"left fin b cube","from":[6.9839363,4.431013,13.705547],"to":[8.508032,5.95511,18.785866],"rotation":{"angle":0.0,"axis":"x","origin":[7.745984,5.193062,16.245705]},"faces":{"down":{"uv":[1.125,11.875,1.0,12.25],"rotation":0,"texture":"#0","tintindex":0},"east":{"uv":[11.75,11.5,12.125,11.625],"rotation":0,"texture":"#0","tintindex":0},"north":{"uv":[13.5,1.625,13.625,1.75],"rotation":0,"texture":"#0","tintindex":0},"south":{"uv":[13.5,2.25,13.625,2.375],"rotation":0,"texture":"#0","tintindex":0},"up":{"uv":[0.125,12.25,0.0,11.875],"rotation":0,"texture":"#0","tintindex":0},"west":{"uv":[11.75,11.75,12.125,11.875],"rotation":0,"texture":"#0","tintindex":0}}},{"name":"left fin b cube","from":[7.4919677,2.4116483,17.7751],"to":[8.508032,3.4277098,23.871487],"rotation":{"angle":22.5,"axis":"x","origin":[8.0,2.9196792,23.871487]},"faces":{"down":{"uv":[1.375,12.25,1.25,12.625],"rotation":0,"texture":"#0","tintindex":0},"east":{"uv":[1.75,12.25,2.125,12.375],"rotation":0,"texture":"#0","tintindex":0},"north":{"uv":[14.0,12.5,14.125,12.625],"rotation":0,"texture":"#0","tintindex":0},"south":{"uv":[14.0,12.75,14.125,12.875],"rotation":0,"texture":"#0","tintindex":0},"up":{"uv":[0.375,12.625,0.25,12.25],"rotation":0,"texture":"#0","tintindex":0},"west":{"uv":[2.25,12.25,2.625,12.375],"rotation":0,"texture":"#0","tintindex":0}}},{"name":"left fin b cube","from":[7.4919677,2.4116483,23.871487],"to":[8.508032,3.4277098,32.0],"rotation":{"angle":22.5,"axis":"x","origin":[8.0,2.9196792,23.871487]},"faces":{"down":{"uv":[11.75,5.375,11.625,5.875],"rotation":0,"texture":"#0","tintindex":0},"east":{"uv":[11.625,4.875,12.125,5.0],"rotation":0,"texture":"#0","tintindex":0},"north":{"uv":[4.0,14.125,4.125,14.25],"rotation":0,"texture":"#0","tintindex":0},"south":{"uv":[4.25,14.125,4.375,14.25],"rotation":0,"texture":"#0","tintindex":0},"up":{"uv":[5.25,12.125,5.125,11.625],"rotation":0,"texture":"#0","tintindex":0},"west":{"uv":[11.625,5.125,12.125,5.25],"rotation":0,"texture":"#0","tintindex":0}}},{"name":"left fin b cube","from":[8.0,6.4759035,17.26707],"to":[8.508032,11.556224,19.299198],"rotation":{"angle":45.0,"axis":"x","origin":[8.0,6.983934,17.7751]},"faces":{"down":{"uv":[14.125,13.25,14.0,13.375],"rotation":0,"texture":"#0","tintindex":0},"east":{"uv":[11.25,10.75,11.375,11.125],"rotation":0,"texture":"#0","tintindex":0},"north":{"uv":[0.25,13.25,0.375,13.625],"rotation":0,"texture":"#0","tintindex":0},"south":{"uv":[0.5,13.25,0.625,13.625],"rotation":0,"texture":"#0","tintindex":0},"up":{"uv":[14.125,13.125,14.0,13.0],"rotation":0,"texture":"#0","tintindex":0},"west":{"uv":[11.0,11.25,11.125,11.625],"rotation":0,"texture":"#0","tintindex":0}}}],"display":{"head":{"translation":[0.0,-6.4,9.025958],"rotation":[0.0,0.0,0.0],"scale":[3.8095,3.8095,3.8095]}}}