{"textures":{"0":"modelengine:entity/edusan"},"elements":[{"name":"left fin ab cube","from":[8.095632,6.092517,6.983934],"to":[8.603663,7.1085787,13.080321],"rotation":{"angle":22.5,"axis":"x","origin":[8.603663,6.600548,11.048193]},"faces":{"down":{"uv":[3.375,13.0,3.25,13.375],"rotation":0,"texture":"#0","tintindex":0},"east":{"uv":[12.25,0.625,12.625,0.75],"rotation":0,"texture":"#0","tintindex":0},"north":{"uv":[13.375,14.25,13.5,14.375],"rotation":0,"texture":"#0","tintindex":0},"south":{"uv":[13.625,14.25,13.75,14.375],"rotation":0,"texture":"#0","tintindex":0},"up":{"uv":[13.125,3.5,13.0,3.125],"rotation":0,"texture":"#0","tintindex":0},"west":{"uv":[12.25,1.25,12.625,1.375],"rotation":0,"texture":"#0","tintindex":0}}},{"name":"left fin ab cube","from":[8.095632,6.092517,13.080321],"to":[8.603663,7.1085787,19.176704],"rotation":{"angle":22.5,"axis":"x","origin":[8.603663,6.600548,11.048193]},"faces":{"down":{"uv":[8.875,13.0,8.75,13.375],"rotation":0,"texture":"#0","tintindex":0},"east":{"uv":[12.25,11.75,12.625,11.875],"rotation":0,"texture":"#0","tintindex":0},"north":{"uv":[14.375,4.0,14.5,4.125],"rotation":0,"texture":"#0","tintindex":0},"south":{"uv":[4.25,14.375,4.375,14.5],"rotation":0,"texture":"#0","tintindex":0},"up":{"uv":[13.125,8.625,13.0,8.25],"rotation":0,"texture":"#0","tintindex":0},"west":{"uv":[12.25,12.0,12.625,12.125],"rotation":0,"texture":"#0","tintindex":0}}},{"name":"left fin ab cube","from":[8.095632,5.584486,19.176704],"to":[8.603663,7.1085787,22.70885],"rotation":{"angle":22.5,"axis":"x","origin":[8.603663,6.600548,11.048193]},"faces":{"down":{"uv":[13.875,2.125,13.75,2.375],"rotation":0,"texture":"#0","tintindex":0},"east":{"uv":[2.75,12.375,3.0,12.5],"rotation":0,"texture":"#0","tintindex":0},"north":{"uv":[10.625,14.125,10.75,14.25],"rotation":0,"texture":"#0","tintindex":0},"south":{"uv":[14.125,13.5,14.25,13.625],"rotation":0,"texture":"#0","tintindex":0},"up":{"uv":[13.875,2.0,13.75,1.75],"rotation":0,"texture":"#0","tintindex":0},"west":{"uv":[12.375,2.75,12.625,2.875],"rotation":0,"texture":"#0","tintindex":0}}},{"name":"left fin ab cube","from":[7.5875998,5.076451,21.208832],"to":[8.095632,6.600548,26.265072],"rotation":{"angle":22.5,"axis":"x","origin":[8.603663,6.600548,11.048193]},"faces":{"down":{"uv":[0.125,13.25,0.0,13.625],"rotation":0,"texture":"#0","tintindex":0},"east":{"uv":[11.75,3.625,12.125,3.75],"rotation":0,"texture":"#0","tintindex":0},"north":{"uv":[14.0,14.125,14.125,14.25],"rotation":0,"texture":"#0","tintindex":0},"south":{"uv":[14.25,1.75,14.375,1.875],"rotation":0,"texture":"#0","tintindex":0},"up":{"uv":[8.5,13.5,8.375,13.125],"rotation":0,"texture":"#0","tintindex":0},"west":{"uv":[11.75,9.625,12.125,9.75],"rotation":0,"texture":"#0","tintindex":0}}}],"display":{"head":{"translation":[0.0,-6.4,0.0],"rotation":[0.0,0.0,0.0],"scale":[3.8095,3.8095,3.8095]}}}