{"textures":{"0":"mineinabyss:mobs/edusan"},"elements":[{"from":[6.736736,9.159682,5.751863],"to":[9.155936,23.674883,11.074103],"rotation":{"angle":0.0,"axis":"y","origin":[8.914016,26.336002,9.622583]},"faces":{"east":{"uv":[2.75,7.125,3.125,8.125],"rotation":0,"texture":"#0","tintindex":0},"south":{"uv":[0.875,9.25,1.125,10.25],"rotation":0,"texture":"#0","tintindex":0},"north":{"uv":[9.25,0.75,9.5,1.75],"rotation":0,"texture":"#0","tintindex":0},"west":{"uv":[1.625,7.25,2.0,8.25],"rotation":0,"texture":"#0","tintindex":0},"up":{"uv":[11.0,7.375,10.75,7.0],"rotation":0,"texture":"#0","tintindex":0},"down":{"uv":[11.0,7.5,10.75,7.875],"rotation":0,"texture":"#0","tintindex":0}}},{"from":[7.704416,1.1942139,11.909649],"to":[7.704416,3.6134129,13.845009],"rotation":{"angle":-45.0,"axis":"x","origin":[7.946336,4.8230133,10.458129]},"faces":{"east":{"uv":[1.5,12.5,1.625,12.75],"rotation":0,"texture":"#0","tintindex":0},"south":{"uv":[6.0,14.375,6.0,14.625],"rotation":0,"texture":"#0","tintindex":0},"north":{"uv":[13.875,14.25,13.875,14.5],"rotation":0,"texture":"#0","tintindex":0},"west":{"uv":[1.75,12.5,1.875,12.75],"rotation":0,"texture":"#0","tintindex":0},"up":{"uv":[6.375,12.625,6.375,12.5],"rotation":0,"texture":"#0","tintindex":0},"down":{"uv":[5.5,12.625,5.5,12.75],"rotation":0,"texture":"#0","tintindex":0}}},{"from":[7.704416,8.935653,10.941969],"to":[7.704416,11.354854,12.877329],"rotation":{"angle":-45.0,"axis":"x","origin":[7.946336,12.564453,9.490449]},"faces":{"east":{"uv":[2.5,12.5,2.625,12.75],"rotation":0,"texture":"#0","tintindex":0},"south":{"uv":[14.125,14.375,14.125,14.625],"rotation":0,"texture":"#0","tintindex":0},"north":{"uv":[14.0,14.375,14.0,14.625],"rotation":0,"texture":"#0","tintindex":0},"west":{"uv":[12.5,3.0,12.625,3.25],"rotation":0,"texture":"#0","tintindex":0},"up":{"uv":[7.875,13.0,7.875,12.875],"rotation":0,"texture":"#0","tintindex":0},"down":{"uv":[11.25,12.875,11.25,13.0],"rotation":0,"texture":"#0","tintindex":0}}},{"from":[7.704416,5.064933,11.425809],"to":[7.704416,7.4841337,13.845009],"rotation":{"angle":-45.0,"axis":"x","origin":[7.946336,8.693734,9.974289]},"faces":{"east":{"uv":[12.0,0.25,12.25,0.5],"rotation":0,"texture":"#0","tintindex":0},"south":{"uv":[5.0,13.625,5.0,13.875],"rotation":0,"texture":"#0","tintindex":0},"north":{"uv":[8.875,13.5,8.875,13.75],"rotation":0,"texture":"#0","tintindex":0},"west":{"uv":[2.75,12.0,3.0,12.25],"rotation":0,"texture":"#0","tintindex":0},"up":{"uv":[6.125,13.875,6.125,13.625],"rotation":0,"texture":"#0","tintindex":0},"down":{"uv":[8.5,13.625,8.5,13.875],"rotation":0,"texture":"#0","tintindex":0}}},{"from":[7.704416,-16.0,7.6872234],"to":[8.188256,-3.9039974,12.041783],"rotation":{"angle":-45.0,"axis":"x","origin":[7.946336,0.692482,9.622583]},"faces":{"east":{"uv":[2.75,8.25,3.125,9.125],"rotation":0,"texture":"#0","tintindex":0},"south":{"uv":[3.875,12.0,4.0,12.875],"rotation":0,"texture":"#0","tintindex":0},"north":{"uv":[3.625,12.0,3.75,12.875],"rotation":0,"texture":"#0","tintindex":0},"west":{"uv":[3.25,8.25,3.625,9.125],"rotation":0,"texture":"#0","tintindex":0},"up":{"uv":[9.875,14.0,9.75,13.625],"rotation":0,"texture":"#0","tintindex":0},"down":{"uv":[10.125,13.625,10.0,14.0],"rotation":0,"texture":"#0","tintindex":0}}},{"from":[7.704416,-1.224987,12.877329],"to":[8.188256,3.1295738,13.36117],"rotation":{"angle":-45.0,"axis":"x","origin":[7.946336,0.9522934,11.909649]},"faces":{"east":{"uv":[13.5,11.125,13.625,11.5],"rotation":0,"texture":"#0","tintindex":0},"south":{"uv":[13.5,11.625,13.625,12.0],"rotation":0,"texture":"#0","tintindex":0},"north":{"uv":[13.5,10.625,13.625,11.0],"rotation":0,"texture":"#0","tintindex":0},"west":{"uv":[13.5,12.125,13.625,12.5],"rotation":0,"texture":"#0","tintindex":0},"up":{"uv":[8.25,14.5,8.125,14.375],"rotation":0,"texture":"#0","tintindex":0},"down":{"uv":[14.5,8.25,14.375,8.375],"rotation":0,"texture":"#0","tintindex":0}}},{"from":[7.704416,10.387174,10.458129],"to":[8.188256,14.741734,10.941969],"rotation":{"angle":-45.0,"axis":"x","origin":[7.946336,12.564453,9.490449]},"faces":{"east":{"uv":[1.75,13.625,1.875,14.0],"rotation":0,"texture":"#0","tintindex":0},"south":{"uv":[2.0,13.625,2.125,14.0],"rotation":0,"texture":"#0","tintindex":0},"north":{"uv":[1.5,13.625,1.625,14.0],"rotation":0,"texture":"#0","tintindex":0},"west":{"uv":[2.25,13.625,2.375,14.0],"rotation":0,"texture":"#0","tintindex":0},"up":{"uv":[14.5,8.625,14.375,8.5],"rotation":0,"texture":"#0","tintindex":0},"down":{"uv":[8.875,14.375,8.75,14.5],"rotation":0,"texture":"#0","tintindex":0}}},{"from":[7.704416,-1.9213982,18.004192],"to":[7.704416,0.013961792,20.907232],"rotation":{"angle":22.5,"axis":"x","origin":[7.825376,-1.4375572,18.004192]},"faces":{"east":{"uv":[12.25,9.125,12.5,9.25],"rotation":0,"texture":"#0","tintindex":0},"south":{"uv":[5.375,13.0,5.375,13.125],"rotation":0,"texture":"#0","tintindex":0},"north":{"uv":[4.0,13.0,4.0,13.125],"rotation":0,"texture":"#0","tintindex":0},"west":{"uv":[12.25,9.375,12.5,9.5],"rotation":0,"texture":"#0","tintindex":0},"up":{"uv":[2.75,14.75,2.75,14.5],"rotation":0,"texture":"#0","tintindex":0},"down":{"uv":[2.875,14.5,2.875,14.75],"rotation":0,"texture":"#0","tintindex":0}}},{"from":[7.704416,-5.308277,19.455711],"to":[8.188256,-4.824436,23.810272],"rotation":{"angle":22.5,"axis":"x","origin":[7.825376,-4.340597,22.842592]},"faces":{"east":{"uv":[13.625,8.5,14.0,8.625],"rotation":0,"texture":"#0","tintindex":0},"south":{"uv":[9.25,14.375,9.375,14.5],"rotation":0,"texture":"#0","tintindex":0},"north":{"uv":[14.375,9.0,14.5,9.125],"rotation":0,"texture":"#0","tintindex":0},"west":{"uv":[13.625,8.75,14.0,8.875],"rotation":0,"texture":"#0","tintindex":0},"up":{"uv":[6.0,14.0,5.875,13.625],"rotation":0,"texture":"#0","tintindex":0},"down":{"uv":[8.375,13.625,8.25,14.0],"rotation":0,"texture":"#0","tintindex":0}}},{"from":[7.704416,6.5164537,10.941969],"to":[8.188256,10.871014,11.425809],"rotation":{"angle":-45.0,"axis":"x","origin":[7.946336,8.693734,9.974289]},"faces":{"east":{"uv":[5.125,13.5,5.25,13.875],"rotation":0,"texture":"#0","tintindex":0},"south":{"uv":[6.25,13.5,6.375,13.875],"rotation":0,"texture":"#0","tintindex":0},"north":{"uv":[3.25,13.5,3.375,13.875],"rotation":0,"texture":"#0","tintindex":0},"west":{"uv":[13.5,6.625,13.625,7.0],"rotation":0,"texture":"#0","tintindex":0},"up":{"uv":[7.75,14.5,7.625,14.375],"rotation":0,"texture":"#0","tintindex":0},"down":{"uv":[14.5,7.75,14.375,7.875],"rotation":0,"texture":"#0","tintindex":0}}},{"from":[7.704416,2.6457329,11.425809],"to":[8.188256,7.0002937,11.909649],"rotation":{"angle":-45.0,"axis":"x","origin":[7.946336,4.8230133,10.458129]},"faces":{"east":{"uv":[8.625,13.5,8.75,13.875],"rotation":0,"texture":"#0","tintindex":0},"south":{"uv":[13.5,9.25,13.625,9.625],"rotation":0,"texture":"#0","tintindex":0},"north":{"uv":[13.5,7.125,13.625,7.5],"rotation":0,"texture":"#0","tintindex":0},"west":{"uv":[13.5,9.75,13.625,10.125],"rotation":0,"texture":"#0","tintindex":0},"up":{"uv":[8.0,14.5,7.875,14.375],"rotation":0,"texture":"#0","tintindex":0},"down":{"uv":[14.5,8.0,14.375,8.125],"rotation":0,"texture":"#0","tintindex":0}}},{"from":[7.704416,-4.824436,22.842592],"to":[7.704416,-3.372919,26.229473],"rotation":{"angle":22.5,"axis":"x","origin":[7.825376,-4.340597,22.842592]},"faces":{"east":{"uv":[12.375,4.25,12.625,4.375],"rotation":0,"texture":"#0","tintindex":0},"south":{"uv":[4.5,13.375,4.5,13.5],"rotation":0,"texture":"#0","tintindex":0},"north":{"uv":[13.25,8.5,13.25,8.625],"rotation":0,"texture":"#0","tintindex":0},"west":{"uv":[4.375,12.375,4.625,12.5],"rotation":0,"texture":"#0","tintindex":0},"up":{"uv":[3.0,14.75,3.0,14.5],"rotation":0,"texture":"#0","tintindex":0},"down":{"uv":[3.125,14.5,3.125,14.75],"rotation":0,"texture":"#0","tintindex":0}}},{"from":[7.704416,-2.676508,13.36117],"to":[7.704416,-0.25730705,15.29653],"rotation":{"angle":-45.0,"axis":"x","origin":[7.946336,0.9522934,11.909649]},