{"textures":{"2":"mineinabyss:entity/mobs/corpse_weeper/wings_flying"},"elements":[{"from":[1.6336913,10.484468,6.282811],"to":[5.53088,11.263908,7.2570972],"rotation":{"angle":-22.5,"axis":"z","origin":[-1.1428576,8.0,8.0]},"faces":{"east":{"uv":[14.75,0.125,14.625,0.0],"rotation":90,"texture":"#2","tintindex":0},"south":{"uv":[14.875,0.125,15.0,0.75],"rotation":90,"texture":"#2","tintindex":0},"north":{"uv":[14.625,0.125,14.75,0.75],"rotation":270,"texture":"#2","tintindex":0},"west":{"uv":[14.875,0.0,14.75,0.125],"rotation":90,"texture":"#2","tintindex":0},"up":{"uv":[14.75,0.125,14.875,0.75],"rotation":90,"texture":"#2","tintindex":0},"down":{"uv":[14.5,0.125,14.625,0.75],"rotation":90,"texture":"#2","tintindex":0}}},{"from":[-2.675624,10.484468,6.282811],"to":[1.6336913,11.263908,7.2570972],"rotation":{"angle":-22.5,"axis":"z","origin":[-1.1428576,8.0,8.0]},"faces":{"east":{"uv":[14.25,1.125,14.125,1.0],"rotation":90,"texture":"#2","tintindex":0},"south":{"uv":[14.375,1.125,14.5,1.875],"rotation":90,"texture":"#2","tintindex":0},"north":{"uv":[14.125,1.125,14.25,1.875],"rotation":270,"texture":"#2","tintindex":0},"west":{"uv":[14.375,1.0,14.25,1.125],"rotation":90,"texture":"#2","tintindex":0},"up":{"uv":[14.25,1.125,14.375,1.875],"rotation":90,"texture":"#2","tintindex":0},"down":{"uv":[14.0,1.125,14.125,1.875],"rotation":90,"texture":"#2","tintindex":0}}},{"from":[1.6336913,10.779566,7.0510397],"to":[5.53088,10.874194,10.246606],"rotation":{"angle":-22.5,"axis":"z","origin":[-1.1428576,8.0,8.0]},"faces":{"east":{"uv":[14.5,2.375,14.375,2.0],"rotation":90,"texture":"#2","tintindex":0},"south":{"uv":[14.875,2.375,15.0,3.0],"rotation":90,"texture":"#2","tintindex":0},"north":{"uv":[14.375,2.375,14.5,3.0],"rotation":270,"texture":"#2","tintindex":0},"west":{"uv":[14.625,2.0,14.5,2.375],"rotation":90,"texture":"#2","tintindex":0},"up":{"uv":[14.5,2.375,14.875,3.0],"rotation":90,"texture":"#2","tintindex":0},"down":{"uv":[14.875,2.375,14.5,3.0],"rotation":90,"texture":"#2","tintindex":0}}},{"from":[-2.6532116,10.779566,6.4720683],"to":[1.6336913,10.874194,10.246606],"rotation":{"angle":-22.5,"axis":"z","origin":[-1.1428576,8.0,8.0]},"faces":{"east":{"uv":[14.0,0.375,13.875,0.0],"rotation":90,"texture":"#2","tintindex":0},"south":{"uv":[14.375,0.375,14.5,1.0],"rotation":90,"texture":"#2","tintindex":0},"north":{"uv":[13.875,0.375,14.0,1.0],"rotation":270,"texture":"#2","tintindex":0},"west":{"uv":[14.125,0.0,14.0,0.375],"rotation":90,"texture":"#2","tintindex":0},"up":{"uv":[14.05,0.375,14.425,1.0],"rotation":90,"texture":"#2","tintindex":0},"down":{"uv":[14.46875,0.375,14.09375,1.0],"rotation":90,"texture":"#2","tintindex":0}}}],"display":{"head":{"translation":[0.0,-6.4,0.0],"scale":[4.0,4.0,4.0]}}}
