{"textures":{"2":"mineinabyss:mobs/corpse_weeper/wings_flying"},"elements":[{"from":[-13.371487,6.8095655,7.8210287],"to":[-0.877635,7.6118627,8.623314],"rotation":{"angle":45.0,"axis":"z","origin":[2.0383883,12.485098,9.549645]},"faces":{"east":{"uv":[1.875,1.5,1.75,1.625],"rotation":180,"texture":"#2","tintindex":0},"south":{"uv":[1.5,1.625,1.625,3.625],"rotation":270,"texture":"#2","tintindex":0},"north":{"uv":[1.75,1.625,1.875,3.625],"rotation":90,"texture":"#2","tintindex":0},"west":{"uv":[1.75,1.625,1.625,1.5],"rotation":0,"texture":"#2","tintindex":0},"up":{"uv":[1.625,1.625,1.75,3.625],"rotation":270,"texture":"#2","tintindex":0},"down":{"uv":[1.875,1.625,2.0,3.625],"rotation":270,"texture":"#2","tintindex":0}}},{"from":[-16.0,7.1160913,7.832457],"to":[-0.8594284,7.21072,16.916801],"rotation":{"angle":45.0,"axis":"z","origin":[2.0383883,12.485098,9.549645]},"faces":{"east":{"uv":[1.375,0.0,0.75,0.125],"rotation":180,"texture":"#2","tintindex":0},"south":{"uv":[0.0,0.125,0.125,2.625],"rotation":270,"texture":"#2","tintindex":0},"north":{"uv":[0.75,0.125,0.875,2.625],"rotation":90,"texture":"#2","tintindex":0},"west":{"uv":[0.75,0.125,0.125,0.0],"rotation":0,"texture":"#2","tintindex":0},"up":{"uv":[0.1875,0.15625,1.3125,2.65625],"rotation":270,"texture":"#2","tintindex":0},"down":{"uv":[1.3125,0.15625,0.1875,2.65625],"rotation":270,"texture":"#2","tintindex":0}}}],"display":{"head":{"translation":[-2.5169373,-6.4,0.0],"scale":[4.0,4.0,4.0]}}}