{"textures":{"0":"mineinabyss:mobs/okibo"},"elements":[{"from":[4.183851,3.13657,2.171318],"to":[11.784901,8.526845,4.5559554],"faces":{"east":{"uv":[2.625,7.5,2.9375,8.1875],"tintindex":0,"rotation":0,"texture":"#0"},"south":{"uv":[7.125,1.25,8.0625,1.9375],"tintindex":0,"rotation":0,"texture":"#0"},"north":{"uv":[4.0,7.0,4.9375,7.6875],"tintindex":0,"rotation":0,"texture":"#0"},"west":{"uv":[8.375,8.625,8.6875,9.3125],"tintindex":0,"rotation":0,"texture":"#0"},"up":{"uv":[0.9375,8.8125,0.0,8.5],"tintindex":0,"rotation":0,"texture":"#0"},"down":{"uv":[1.9375,8.5,1.0,8.8125],"tintindex":0,"rotation":0,"texture":"#0"}},"rotation":{"origin":[7.9843755,5.8317075,3.3636365],"angle":-45.0,"axis":"x"}},{"from":[3.2463498,9.974915,-1.4544744],"to":[12.7849,17.12884,6.4943247],"faces":{"east":{"uv":[6.75,5.25,7.75,6.125],"tintindex":0,"rotation":0,"texture":"#0"},"south":{"uv":[6.75,0.0,7.9375,0.875],"tintindex":0,"rotation":0,"texture":"#0"},"north":{"uv":[6.5,6.625,7.6875,7.5],"tintindex":0,"rotation":0,"texture":"#0"},"west":{"uv":[0.0,7.0,1.0,7.875],"tintindex":0,"rotation":0,"texture":"#0"},"up":{"uv":[7.0625,2.375,5.875,1.375],"tintindex":0,"rotation":0,"texture":"#0"},"down":{"uv":[1.1875,6.0,0.0,7.0],"tintindex":0,"rotation":0,"texture":"#0"}},"rotation":{"origin":[7.8156247,21.311188,18.810253],"angle":-22.5,"axis":"x"}},{"from":[3.2463498,10.437187,1.4718876],"to":[12.7849,10.437187,3.5706878],"faces":{"up":{"uv":[9.5625,7.875,8.375,7.625],"tintindex":0,"rotation":0,"texture":"#0"},"down":{"uv":[9.5625,7.875,8.375,8.125],"tintindex":0,"rotation":0,"texture":"#0"}}},{"from":[3.2463498,7.9749136,-1.4544744],"to":[12.7849,9.978838,6.4943247],"faces":{"east":{"uv":[2.625,8.5,3.625,8.75],"tintindex":0,"rotation":0,"texture":"#0"},"south":{"uv":[8.375,8.375,9.5625,8.625],"tintindex":0,"rotation":0,"texture":"#0"},"north":{"uv":[8.375,8.125,9.5625,8.375],"tintindex":0,"rotation":0,"texture":"#0"},"west":{"uv":[8.5,4.0,9.5,4.25],"tintindex":0,"rotation":0,"texture":"#0"},"up":{"uv":[5.1875,7.0,4.0,6.0],"tintindex":0,"rotation":0,"texture":"#0"},"down":{"uv":[6.4375,6.625,5.25,7.625],"tintindex":0,"rotation":0,"texture":"#0"}},"rotation":{"origin":[7.8156247,21.311188,18.810253],"angle":-22.5,"axis":"x"}}]}