{"textures":{"0":"modelengine:entity/bounding_lance"},"elements":[{"name":"cube","from":[7.534598,0.08761406,8.148902],"to":[7.684598,1.1376143,8.2989025],"rotation":{"angle":22.5,"axis":"x","origin":[7.609598,0.6876142,8.223902]},"faces":{"down":{"uv":[3.3333302,5.0,3.5833302,6.75],"rotation":0,"texture":"#0","tintindex":0},"east":{"uv":[3.3333302,5.0,3.5833302,6.75],"rotation":0,"texture":"#0","tintindex":0},"north":{"uv":[3.3333302,5.0,3.5833302,6.75],"rotation":0,"texture":"#0","tintindex":0},"south":{"uv":[3.3333302,5.0,3.5833302,6.75],"rotation":0,"texture":"#0","tintindex":0},"up":{"uv":[3.3333302,5.0,3.5833302,6.75],"rotation":0,"texture":"#0","tintindex":0},"west":{"uv":[3.3333302,5.0,3.5833302,6.75],"rotation":0,"texture":"#0","tintindex":0}}},{"name":"cube","from":[7.534598,2.1876142,8.148902],"to":[7.684598,3.2376142,8.2989025],"rotation":{"angle":22.5,"axis":"x","origin":[7.609598,2.7876143,8.223902]},"faces":{"down":{"uv":[3.3333302,5.0,3.5833302,6.75],"rotation":0,"texture":"#0","tintindex":0},"east":{"uv":[3.3333302,5.0,3.5833302,6.75],"rotation":0,"texture":"#0","tintindex":0},"north":{"uv":[3.3333302,5.0,3.5833302,6.75],"rotation":0,"texture":"#0","tintindex":0},"south":{"uv":[3.3333302,5.0,3.5833302,6.75],"rotation":0,"texture":"#0","tintindex":0},"up":{"uv":[3.3333302,5.0,3.5833302,6.75],"rotation":0,"texture":"#0","tintindex":0},"west":{"uv":[3.3333302,5.0,3.5833302,6.75],"rotation":0,"texture":"#0","tintindex":0}}},{"name":"cube","from":[7.7585,1.1502862,8.315402],"to":[7.9084997,2.2002864,8.465403],"rotation":{"angle":-22.5,"axis":"z","origin":[7.8335,1.7502862,8.390402]},"faces":{"down":{"uv":[3.3333302,5.0,3.5833302,6.75],"rotation":0,"texture":"#0","tintindex":0},"east":{"uv":[3.3333302,5.0,3.5833302,6.75],"rotation":0,"texture":"#0","tintindex":0},"north":{"uv":[3.3333302,5.0,3.5833302,6.75],"rotation":0,"texture":"#0","tintindex":0},"south":{"uv":[3.3333302,5.0,3.5833302,6.75],"rotation":0,"texture":"#0","tintindex":0},"up":{"uv":[3.3333302,5.0,3.5833302,6.75],"rotation":0,"texture":"#0","tintindex":0},"west":{"uv":[3.3333302,5.0,3.5833302,6.75],"rotation":0,"texture":"#0","tintindex":0}}},{"name":"cube","from":[7.7585,3.2502863,8.315402],"to":[7.9084997,4.3002863,8.465403],"rotation":{"angle":-22.5,"axis":"z","origin":[7.8335,3.8502862,8.390402]},"faces":{"down":{"uv":[3.3333302,5.0,3.5833302,6.75],"rotation":0,"texture":"#0","tintindex":0},"east":{"uv":[3.3333302,5.0,3.5833302,6.75],"rotation":0,"texture":"#0","tintindex":0},"north":{"uv":[3.3333302,5.0,3.5833302,6.75],"rotation":0,"texture":"#0","tintindex":0},"south":{"uv":[3.3333302,5.0,3.5833302,6.75],"rotation":0,"texture":"#0","tintindex":0},"up":{"uv":[3.3333302,5.0,3.5833302,6.75],"rotation":0,"texture":"#0","tintindex":0},"west":{"uv":[3.3333302,5.0,3.5833302,6.75],"rotation":0,"texture":"#0","tintindex":0}}},{"name":"cube","from":[7.925,2.2129583,8.0915],"to":[8.075,3.2629583,8.2415],"rotation":{"angle":-22.5,"axis":"x","origin":[8.0,2.8129582,8.1665]},"faces":{"down":{"uv":[3.3333302,5.0,3.5833302,6.75],"rotation":0,"texture":"#0","tintindex":0},"east":{"uv":[3.3333302,5.0,3.5833302,6.75],"rotation":0,"texture":"#0","tintindex":0},"north":{"uv":[3.3333302,5.0,3.5833302,6.75],"rotation":0,"texture":"#0","tintindex":0},"south":{"uv":[3.3333302,5.0,3.5833302,6.75],"rotation":0,"texture":"#0","tintindex":0},"up":{"uv":[3.3333302,5.0,3.5833302,6.75],"rotation":0,"texture":"#0","tintindex":0},"west":{"uv":[3.3333302,5.0,3.5833302,6.75],"rotation":0,"texture":"#0","tintindex":0}}},{"name":"cube","from":[7.925,4.3129582,8.0915],"to":[8.075,5.3629584,8.2415],"rotation":{"angle":-22.5,"axis":"x","origin":[8.0,4.912958,8.1665]},"faces":{"down":{"uv":[3.3333302,5.0,3.5833302,6.75],"rotation":0,"texture":"#0","tintindex":0},"east":{"uv":[3.3333302,5.0,3.5833302,6.75],"rotation":0,"texture":"#0","tintindex":0},"north":{"uv":[3.3333302,5.0,3.5833302,6.75],"rotation":0,"texture":"#0","tintindex":0},"south":{"uv":[3.3333302,5.0,3.5833302,6.75],"rotation":0,"texture":"#0","tintindex":0},"up":{"uv":[3.3333302,5.0,3.5833302,6.75],"rotation":0,"texture":"#0","tintindex":0},"west":{"uv":[3.3333302,5.0,3.5833302,6.75],"rotation":0,"texture":"#0","tintindex":0}}},{"name":"cube","from":[7.701098,3.275624,7.925],"to":[7.851098,4.3256245,8.075],"rotation":{"angle":22.5,"axis":"z","origin":[7.7760983,3.8756247,8.0]},"faces":{"down":{"uv":[3.3333302,5.0,3.5833302,6.75],"rotation":0,"texture":"#0","tintindex":0},"east":{"uv":[3.3333302,5.0,3.5833302,6.75],"rotation":0,"texture":"#0","tintindex":0},"north":{"uv":[3.3333302,5.0,3.5833302,6.75],"rotation":0,"texture":"#0","tintindex":0},"south":{"uv":[3.3333302,5.0,3.5833302,6.75],"rotation":0,"texture":"#0","tintindex":0},"up":{"uv":[3.3333302,5.0,3.5833302,6.75],"rotation":0,"texture":"#0","tintindex":0},"west":{"uv":[3.3333302,5.0,3.5833302,6.75],"rotation":0,"texture":"#0","tintindex":0}}},{"name":"cube","from":[7.701098,5.3756247,7.925],"to":[7.851098,6.425625,8.075],"rotation":{"angle":22.5,"axis":"z","origin":[7.7760983,5.975625,8.0]},"faces":{"down":{"uv":[3.3333302,5.0,3.5833302,6.75],"rotation":0,"texture":"#0","tintindex":0},"east":{"uv":[3.3333302,5.0,3.5833302,6.75],"rotation":0,"texture":"#0","tintindex":0},"north":{"uv":[3.3333302,5.0,3.5833302,6.75],"rotation":0,"texture":"#0","tintindex":0},"south":{"uv":[3.3333302,5.0,3.5833302,6.75],"rotation":0,"texture":"#0","tintindex":0},"up":{"uv":[3.3333302,5.0,3.5833302,6.75],"rotation":0,"texture":"#0","tintindex":0},"west":{"uv":[3.3333302,5.0,3.5833302,6.75],"rotation":0,"texture":"#0","tintindex":0}}},{"name":"cube","from":[7.534598,-3.812386,8.148902],"to":[7.684598,-3.062386,8.2989025],"rotation":{"angle":22.5,"axis":"x","origin":[7.609598,-3.5123858,8.223902]},"faces":{"down":{"uv":[3.3333302,5.0,3.5833302,6.25],"rotation":0,"texture":"#0","tintindex":0},"east":{"uv":[3.3333302,5.0,3.5833302,6.25],"rotation":0,"texture":"#0","tintindex":0},"north":{"uv":[3.3333302,5.0,3.5833302,6.25],"rotation":0,"texture":"#0","tintindex":0},"south":{"uv":[3.3333302,5.0,3.5833302,6.25],"rotation":0,"texture":"#0","tintindex":0},"up":{"uv":[3.3333302,5.0,3.5833302,6.25],"rotation":0,"texture":"#0","tintindex":0},"west":{"uv":[3.3333302,5.0,3.5833302,6.25],"rotation":0,"texture":"#0","tintindex":0}}},{"name":"cube","from":[7.534598,-2.0123858,8.148902],"to":[7.684598,-0.96238613,8.2989025],"rotation":{"angle":22.5,"axis":"x","origin":[7.609598,-1.412386,8.223902]},"faces":{"down":{"uv":[3.3333302,5.0,3.5833302,6.75],"rotation":0,"texture":"#0","tintindex":0},"east":{"uv":[3.3333302,5.0,3.5833302,6.75],"rotation":0,"texture":"#0","tintindex":0},"north":{"uv":[3.3333302,5.0,3.5833302,6.75],"rotation":0,"texture":"#0","tintindex":0},"south":{"uv":[3.3333302,5.0,3.5833302,6.75],"rotation":0,"texture":"#0","tintindex":0},"up":{"uv":[3.3333302,5.0,3.5833302,6.75],"rotation":0,"texture":"#0","tintindex":0},"west":{"uv":[3.3333302,5.0,3.5833302,6.75],"rotation":0,"texture":"#0","tintindex":0}}},{"name":"cube","from":[7.7585,-3.049714,8.315402],"to":[7.9084997,-1.9997139,8.465403],"rotation":{"angle":-22.5,"axis":"z","origin":[7.8335,-2.4497137,8.390402]},"faces":{"down":{"uv":[3.3333302,5.0,3.5833302,6.75],"rotation":0,"texture":"#0","tintindex":0},"east":{"uv":[3.3333302,5.0,3.5833302,6.75],"rotation":0,"texture":"#0","tintindex":0},"north":{"uv":[3.3333302,5.0,3.5833302,6.75],"rotation":0,"texture":"#0","tintindex":0},"south":{"uv":[3.3333302,5.0,3.5833302,6.75],"rotation":0,"texture":"#0","tintindex":0},"up":{"uv":[3.3333302,5.0,3.5833302,6.75],"rotation":0,"texture":"#0","tintindex":0},"west":{"uv":[3.3333302,5.0,3.5833302,6.75],"rotation":0,"texture":"#0","tintindex":0}}},{"name":"cube","from":[7.7585,-0.9497137,8.315402],"to":[7.9084997,0.100286245,8.465403],"rotation":{"angle":-22.5,"axis":"z","origin":[7.8335,-0.3497138,8.390402]},"faces":{"down":{"uv":[3.3333302,5.0,3.5833302,6.75],"rotation":0,"texture":"#0","tintindex":0},"east":{"uv":[3.3333302,5.0,3.5833302,6.75],"rotation":0,