{"textures":{"0":"modelengine:entity/edusan"},"elements":[{"name":"right fin b cube","from":[6.9839363,6.5181684,3.1571598],"to":[9.016064,8.550296,12.301736],"rotation":{"angle":22.5,"axis":"x","origin":[7.491968,2.1998959,5.1892877]},"faces":{"down":{"uv":[10.25,5.25,10.125,5.875],"rotation":0,"texture":"#0","tintindex":0},"east":{"uv":[10.125,3.25,10.75,3.375],"rotation":0,"texture":"#0","tintindex":0},"north":{"uv":[8.75,12.75,8.875,12.875],"rotation":0,"texture":"#0","tintindex":0},"south":{"uv":[12.75,8.75,12.875,8.875],"rotation":0,"texture":"#0","tintindex":0},"up":{"uv":[5.0,10.75,4.875,10.125],"rotation":0,"texture":"#0","tintindex":0},"west":{"uv":[10.125,5.0,10.75,5.125],"rotation":0,"texture":"#0","tintindex":0}}},{"name":"right fin b cube","from":[7.491968,3.9229827,13.705547],"to":[9.016064,5.4470797,18.785866],"rotation":{"angle":0.0,"axis":"x","origin":[8.254016,4.685031,16.245705]},"faces":{"down":{"uv":[5.5,11.875,5.375,12.25],"rotation":0,"texture":"#0","tintindex":0},"east":{"uv":[11.875,4.25,12.25,4.375],"rotation":0,"texture":"#0","tintindex":0},"north":{"uv":[13.5,2.75,13.625,2.875],"rotation":0,"texture":"#0","tintindex":0},"south":{"uv":[3.0,13.5,3.125,13.625],"rotation":0,"texture":"#0","tintindex":0},"up":{"uv":[4.625,12.25,4.5,11.875],"rotation":0,"texture":"#0","tintindex":0},"west":{"uv":[11.875,4.5,12.25,4.625],"rotation":0,"texture":"#0","tintindex":0}}},{"name":"right fin b cube","from":[7.491968,1.9036176,17.7751],"to":[8.508032,2.9196792,23.871487],"rotation":{"angle":22.5,"axis":"x","origin":[8.0,2.4116483,23.871487]},"faces":{"down":{"uv":[6.625,12.25,6.5,12.625],"rotation":0,"texture":"#0","tintindex":0},"east":{"uv":[12.25,4.75,12.625,4.875],"rotation":0,"texture":"#0","tintindex":0},"north":{"uv":[14.125,0.5,14.25,0.625],"rotation":0,"texture":"#0","tintindex":0},"south":{"uv":[14.125,0.75,14.25,0.875],"rotation":0,"texture":"#0","tintindex":0},"up":{"uv":[5.125,12.625,5.0,12.25],"rotation":0,"texture":"#0","tintindex":0},"west":{"uv":[12.25,5.0,12.625,5.125],"rotation":0,"texture":"#0","tintindex":0}}},{"name":"right fin b cube","from":[7.491968,1.9036176,23.871487],"to":[8.508032,2.9196792,32.0],"rotation":{"angle":22.5,"axis":"x","origin":[8.0,2.4116483,23.871487]},"faces":{"down":{"uv":[5.0,11.625,4.875,12.125],"rotation":0,"texture":"#0","tintindex":0},"east":{"uv":[11.625,0.0,12.125,0.125],"rotation":0,"texture":"#0","tintindex":0},"north":{"uv":[14.125,3.5,14.25,3.625],"rotation":0,"texture":"#0","tintindex":0},"south":{"uv":[3.75,14.125,3.875,14.25],"rotation":0,"texture":"#0","tintindex":0},"up":{"uv":[11.75,4.75,11.625,4.25],"rotation":0,"texture":"#0","tintindex":0},"west":{"uv":[11.625,4.0,12.125,4.125],"rotation":0,"texture":"#0","tintindex":0}}},{"name":"right fin b cube","from":[7.491968,5.9678726,17.26707],"to":[8.0,11.048193,19.299198],"rotation":{"angle":45.0,"axis":"x","origin":[8.0,6.4759035,17.7751]},"faces":{"down":{"uv":[14.25,1.25,14.125,1.375],"rotation":0,"texture":"#0","tintindex":0},"east":{"uv":[11.25,11.25,11.375,11.625],"rotation":0,"texture":"#0","tintindex":0},"north":{"uv":[0.75,13.25,0.875,13.625],"rotation":0,"texture":"#0","tintindex":0},"south":{"uv":[1.0,13.25,1.125,13.625],"rotation":0,"texture":"#0","tintindex":0},"up":{"uv":[14.25,1.125,14.125,1.0],"rotation":0,"texture":"#0","tintindex":0},"west":{"uv":[11.375,2.25,11.5,2.625],"rotation":0,"texture":"#0","tintindex":0}}}],"display":{"head":{"translation":[0.0,-6.4,9.025958],"rotation":[0.0,0.0,0.0],"scale":[3.8095,3.8095,3.8095]}}}