{"textures":{"0":"modelengine:entity/edusan"},"elements":[{"name":"right front d cube","from":[8.029533,7.8054414,6.9839363],"to":[11.077724,8.313472,9.016064],"rotation":{"angle":-45.0,"axis":"y","origin":[9.045597,7.297406,8.0]},"faces":{"down":{"uv":[12.5,10.125,12.25,10.25],"rotation":0,"texture":"#0","tintindex":0},"east":{"uv":[1.75,14.125,1.875,14.25],"rotation":0,"texture":"#0","tintindex":0},"north":{"uv":[14.0,9.5,14.25,9.625],"rotation":0,"texture":"#0","tintindex":0},"south":{"uv":[14.0,9.75,14.25,9.875],"rotation":0,"texture":"#0","tintindex":0},"up":{"uv":[12.5,10.0,12.25,9.875],"rotation":0,"texture":"#0","tintindex":0},"west":{"uv":[2.0,14.125,2.125,14.25],"rotation":0,"texture":"#0","tintindex":0}}},{"name":"right front d cube","from":[8.029533,7.8054414,6.4759045],"to":[13.109854,8.313472,6.9839363],"rotation":{"angle":-45.0,"axis":"y","origin":[9.045597,7.297406,8.0]},"faces":{"down":{"uv":[13.625,8.25,13.25,8.375],"rotation":0,"texture":"#0","tintindex":0},"east":{"uv":[10.25,14.375,10.375,14.5],"rotation":0,"texture":"#0","tintindex":0},"north":{"uv":[13.25,6.375,13.625,6.5],"rotation":0,"texture":"#0","tintindex":0},"south":{"uv":[13.25,7.75,13.625,7.875],"rotation":0,"texture":"#0","tintindex":0},"up":{"uv":[13.625,8.125,13.25,8.0],"rotation":0,"texture":"#0","tintindex":0},"west":{"uv":[10.5,14.375,10.625,14.5],"rotation":0,"texture":"#0","tintindex":0}}}],"display":{"head":{"translation":[0.0,-6.4,0.0],"rotation":[0.0,0.0,0.0],"scale":[3.8095,3.8095,3.8095]}}}