{"textures":{"0":"modelengine:entity/edusan"},"elements":[{"from":[7.51616,2.1939197,24.25856],"to":[8.48384,3.1615996,32.0],"rotation":{"angle":22.5,"axis":"x","origin":[8.0,2.6777596,24.25856]},"faces":{"east":{"uv":[11.625,0.0,12.125,0.125],"rotation":0,"texture":"#0","tintindex":0},"south":{"uv":[3.75,14.125,3.875,14.25],"rotation":0,"texture":"#0","tintindex":0},"north":{"uv":[14.125,3.5,14.25,3.625],"rotation":0,"texture":"#0","tintindex":0},"west":{"uv":[11.625,4.0,12.125,4.125],"rotation":0,"texture":"#0","tintindex":0},"up":{"uv":[11.75,4.75,11.625,4.25],"rotation":0,"texture":"#0","tintindex":0},"down":{"uv":[5.0,11.625,4.875,12.125],"rotation":0,"texture":"#0","tintindex":0}}},{"from":[7.51616,6.06464,17.96864],"to":[8.0,10.90304,19.904],"rotation":{"angle":45.0,"axis":"x","origin":[8.0,6.54848,18.45248]},"faces":{"east":{"uv":[11.25,11.25,11.375,11.625],"rotation":0,"texture":"#0","tintindex":0},"south":{"uv":[1.0,13.25,1.125,13.625],"rotation":0,"texture":"#0","tintindex":0},"north":{"uv":[0.75,13.25,0.875,13.625],"rotation":0,"texture":"#0","tintindex":0},"west":{"uv":[11.375,2.25,11.5,2.625],"rotation":0,"texture":"#0","tintindex":0},"up":{"uv":[14.25,1.125,14.125,1.0],"rotation":0,"texture":"#0","tintindex":0},"down":{"uv":[14.25,1.25,14.125,1.375],"rotation":0,"texture":"#0","tintindex":0}}},{"from":[7.51616,4.117128,14.576711],"to":[8.96768,5.5686483,19.415112],"rotation":{"angle":0.0,"axis":"y","origin":[8.24192,4.842888,16.99591]},"faces":{"east":{"uv":[11.875,4.25,12.25,4.375],"rotation":0,"texture":"#0","tintindex":0},"south":{"uv":[3.0,13.5,3.125,13.625],"rotation":0,"texture":"#0","tintindex":0},"north":{"uv":[13.5,2.75,13.625,2.875],"rotation":0,"texture":"#0","tintindex":0},"west":{"uv":[11.875,4.5,12.25,4.625],"rotation":0,"texture":"#0","tintindex":0},"up":{"uv":[4.625,12.25,4.5,11.875],"rotation":0,"texture":"#0","tintindex":0},"down":{"uv":[5.5,11.875,5.375,12.25],"rotation":0,"texture":"#0","tintindex":0}}},{"from":[7.03232,6.5887327,4.530629],"to":[8.96768,8.524093,13.23975],"rotation":{"angle":22.5,"axis":"x","origin":[7.51616,2.4760928,6.4659896]},"faces":{"east":{"uv":[10.125,3.25,10.75,3.375],"rotation":0,"texture":"#0","tintindex":0},"south":{"uv":[12.75,8.75,12.875,8.875],"rotation":0,"texture":"#0","tintindex":0},"north":{"uv":[8.75,12.75,8.875,12.875],"rotation":0,"texture":"#0","tintindex":0},"west":{"uv":[10.125,5.0,10.75,5.125],"rotation":0,"texture":"#0","tintindex":0},"up":{"uv":[5.0,10.75,4.875,10.125],"rotation":0,"texture":"#0","tintindex":0},"down":{"uv":[10.25,5.25,10.125,5.875],"rotation":0,"texture":"#0","tintindex":0}}},{"from":[7.51616,2.1939197,18.45248],"to":[8.48384,3.1615996,24.25856],"rotation":{"angle":22.5,"axis":"x","origin":[8.0,2.6777596,24.25856]},"faces":{"east":{"uv":[12.25,4.75,12.625,4.875],"rotation":0,"texture":"#0","tintindex":0},"south":{"uv":[14.125,0.75,14.25,0.875],"rotation":0,"texture":"#0","tintindex":0},"north":{"uv":[14.125,0.5,14.25,0.625],"rotation":0,"texture":"#0","tintindex":0},"west":{"uv":[12.25,5.0,12.625,5.125],"rotation":0,"texture":"#0","tintindex":0},"up":{"uv":[5.125,12.625,5.0,12.25],"rotation":0,"texture":"#0","tintindex":0},"down":{"uv":[6.625,12.25,6.5,12.625],"rotation":0,"texture":"#0","tintindex":0}}}],"display":{"head":{"translation":[0.0,-6.4,4.6387253],"scale":[4.0,4.0,4.0]}}}