{"textures":{"0":"mineinabyss:entity/mobs/edusan"},"elements":[{"from":[8.168292,3.3370876,19.847029],"to":[9.135972,4.3047676,25.65311],"rotation":{"angle":0.0,"axis":"y","origin":[8.168292,2.1274877,23.717749]},"faces":{"east":{"uv":[3.125,12.25,3.5,12.375],"rotation":0,"texture":"#0","tintindex":0},"south":{"uv":[14.125,0.0,14.25,0.125],"rotation":0,"texture":"#0","tintindex":0},"north":{"uv":[14.0,13.875,14.125,14.0],"rotation":0,"texture":"#0","tintindex":0},"west":{"uv":[12.25,3.5,12.625,3.625],"rotation":0,"texture":"#0","tintindex":0},"up":{"uv":[12.375,4.125,12.25,3.75],"rotation":0,"texture":"#0","tintindex":0},"down":{"uv":[4.875,12.25,4.75,12.625],"rotation":0,"texture":"#0","tintindex":0}}},{"from":[7.684452,7.7319007,14.150459],"to":[9.135972,9.183421,18.988861],"rotation":{"angle":22.5,"axis":"x","origin":[7.684452,3.1354203,7.3766994]},"faces":{"east":{"uv":[11.875,1.0,12.25,1.125],"rotation":0,"texture":"#0","tintindex":0},"south":{"uv":[2.75,13.5,2.875,13.625],"rotation":0,"texture":"#0","tintindex":0},"north":{"uv":[13.5,2.5,13.625,2.625],"rotation":0,"texture":"#0","tintindex":0},"west":{"uv":[11.875,2.25,12.25,2.375],"rotation":0,"texture":"#0","tintindex":0},"up":{"uv":[12.0,2.875,11.875,2.5],"rotation":0,"texture":"#0","tintindex":0},"down":{"uv":[12.0,3.0,11.875,3.375],"rotation":0,"texture":"#0","tintindex":0}}},{"from":[7.200612,7.2480607,5.4413395],"to":[9.135972,9.183421,14.150459],"rotation":{"angle":22.5,"axis":"x","origin":[7.684452,3.1354203,7.3766994]},"faces":{"east":{"uv":[2.125,10.125,2.75,10.25],"rotation":0,"texture":"#0","tintindex":0},"south":{"uv":[12.75,8.5,12.875,8.625],"rotation":0,"texture":"#0","tintindex":0},"north":{"uv":[12.75,0.0,12.875,0.125],"rotation":0,"texture":"#0","tintindex":0},"west":{"uv":[10.125,2.25,10.75,2.375],"rotation":0,"texture":"#0","tintindex":0},"up":{"uv":[10.25,3.125,10.125,2.5],"rotation":0,"texture":"#0","tintindex":0},"down":{"uv":[10.25,4.25,10.125,4.875],"rotation":0,"texture":"#0","tintindex":0}}},{"from":[8.168292,3.3370876,25.65311],"to":[9.135972,4.3047676,31.45919],"rotation":{"angle":0.0,"axis":"y","origin":[8.168292,2.1274877,23.717749]},"faces":{"east":{"uv":[12.25,12.25,12.625,12.375],"rotation":0,"texture":"#0","tintindex":0},"south":{"uv":[14.125,2.375,14.25,2.5],"rotation":0,"texture":"#0","tintindex":0},"north":{"uv":[2.25,14.125,2.375,14.25],"rotation":0,"texture":"#0","tintindex":0},"west":{"uv":[12.375,0.25,12.75,0.375],"rotation":0,"texture":"#0","tintindex":0},"up":{"uv":[9.375,12.625,9.25,12.25],"rotation":0,"texture":"#0","tintindex":0},"down":{"uv":[0.125,12.375,0.0,12.75],"rotation":0,"texture":"#0","tintindex":0}}}],"display":{"head":{"translation":[0.0,-6.4,0.0],"scale":[4.0,4.0,4.0]}}}
