{"textures":{"0":"modelengine:entity/tamaugachi"},"elements":[{"from":[11.777169,11.826582,17.62923],"to":[12.420027,22.755154,18.786373],"rotation":{"angle":45.0,"axis":"x","origin":[3.2914548,14.214286,15.714286]},"faces":{"east":{"uv":[13.09375,13.34375,13.15625,13.9375],"rotation":0,"texture":"#0","tintindex":0},"south":{"uv":[0.5,11.25,0.53125,11.84375],"rotation":0,"texture":"#0","tintindex":0},"north":{"uv":[6.28125,11.21875,6.3125,11.8125],"rotation":0,"texture":"#0","tintindex":0},"west":{"uv":[6.53125,13.40625,6.59375,14.0],"rotation":0,"texture":"#0","tintindex":0},"up":{"uv":[14.15625,15.375,14.125,15.3125],"rotation":0,"texture":"#0","tintindex":0},"down":{"uv":[14.40625,15.3125,14.375,15.375],"rotation":0,"texture":"#0","tintindex":0}}},{"from":[5.5628834,20.61826,12.114878],"to":[6.2057405,31.546831,13.27202],"rotation":{"angle":22.5,"axis":"x","origin":[5.8843117,21.82991,8.776613]},"faces":{"east":{"uv":[13.4375,10.71875,13.5,11.3125],"rotation":0,"texture":"#0","tintindex":0},"south":{"uv":[2.5,14.125,2.53125,14.71875],"rotation":0,"texture":"#0","tintindex":0},"north":{"uv":[12.4375,9.96875,12.46875,10.5625],"rotation":0,"texture":"#0","tintindex":0},"west":{"uv":[13.4375,12.625,13.5,13.21875],"rotation":0,"texture":"#0","tintindex":0},"up":{"uv":[14.71875,15.375,14.6875,15.3125],"rotation":0,"texture":"#0","tintindex":0},"down":{"uv":[15.34375,14.75,15.3125,14.8125],"rotation":0,"texture":"#0","tintindex":0}}},{"from":[11.262883,8.9600115,5.9897895],"to":[12.934313,10.888583,16.789791],"rotation":{"angle":-22.5,"axis":"x","origin":[3.2914548,9.714286,13.785715]},"faces":{"east":{"uv":[12.5625,4.625,13.15625,4.71875],"rotation":0,"texture":"#0","tintindex":0},"south":{"uv":[14.125,11.09375,14.21875,11.1875],"rotation":0,"texture":"#0","tintindex":0},"north":{"uv":[14.09375,5.78125,14.1875,5.875],"rotation":0,"texture":"#0","tintindex":0},"west":{"uv":[12.5625,4.75,13.15625,4.84375],"rotation":0,"texture":"#0","tintindex":0},"up":{"uv":[12.28125,10.71875,12.1875,10.125],"rotation":0,"texture":"#0","tintindex":0},"down":{"uv":[12.40625,4.1875,12.3125,4.78125],"rotation":0,"texture":"#0","tintindex":0}}},{"from":[5.0485973,11.577349,4.340724],"to":[6.720026,22.37735,6.2692957],"rotation":{"angle":45.0,"axis":"x","origin":[5.4985976,12.284817,5.30501]},"faces":{"east":{"uv":[12.3125,10.0,12.40625,10.59375],"rotation":0,"texture":"#0","tintindex":0},"south":{"uv":[12.625,2.8125,12.71875,3.40625],"rotation":0,"texture":"#0","tintindex":0},"north":{"uv":[12.3125,7.8125,12.40625,8.40625],"rotation":0,"texture":"#0","tintindex":0},"west":{"uv":[12.625,5.6875,12.71875,6.28125],"rotation":0,"texture":"#0","tintindex":0},"up":{"uv":[14.21875,12.4375,14.125,12.34375],"rotation":0,"texture":"#0","tintindex":0},"down":{"uv":[14.28125,10.59375,14.1875,10.6875],"rotation":0,"texture":"#0","tintindex":0}}}],"display":{"head":{"translation":[0.0,-6.4,0.0],"scale":[4.0,4.0,4.0]}}}