{"textures":{"0":"modelengine:entity/orbpiercer"},"elements":[{"from":[2.9485974,14.332544,13.700591],"to":[3.5914545,24.61826,14.729162],"rotation":{"angle":45.0,"axis":"x","origin":[3.2914548,12.428572,9.714286]},"faces":{"east":{"uv":[13.71875,10.71875,13.78125,11.28125],"rotation":0,"texture":"#0","tintindex":0},"south":{"uv":[6.65625,14.71875,6.6875,15.28125],"rotation":0,"texture":"#0","tintindex":0},"north":{"uv":[6.59375,14.71875,6.625,15.28125],"rotation":0,"texture":"#0","tintindex":0},"west":{"uv":[11.03125,13.71875,11.09375,14.28125],"rotation":0,"texture":"#0","tintindex":0},"up":{"uv":[11.03125,15.40625,11.0,15.34375],"rotation":0,"texture":"#0","tintindex":0},"down":{"uv":[15.375,11.125,15.34375,11.1875],"rotation":0,"texture":"#0","tintindex":0}}},{"from":[2.4343119,7.174297,7.4183607],"to":[4.1057405,9.102868,15.646933],"rotation":{"angle":-22.5,"axis":"x","origin":[3.2914548,7.928571,7.785714]},"faces":{"east":{"uv":[13.40625,3.25,13.84375,3.34375],"rotation":0,"texture":"#0","tintindex":0},"south":{"uv":[15.15625,7.28125,15.25,7.375],"rotation":0,"texture":"#0","tintindex":0},"north":{"uv":[6.71875,15.15625,6.8125,15.25],"rotation":0,"texture":"#0","tintindex":0},"west":{"uv":[13.40625,3.375,13.84375,3.46875],"rotation":0,"texture":"#0","tintindex":0},"up":{"uv":[13.53125,4.625,13.4375,4.1875],"rotation":0,"texture":"#0","tintindex":0},"down":{"uv":[13.53125,10.0,13.4375,10.4375],"rotation":0,"texture":"#0","tintindex":0}}}],"display":{"head":{"translation":[0.0,-6.4,0.0],"scale":[4.0,4.0,4.0]}}}