{"textures":{"0":"modelengine:entity/tamaugachi"},"elements":[{"name":"cube","from":[2.1560273,7.1330137,7.389279],"to":[3.911027,9.158014,16.02928],"rotation":{"angle":-22.5,"axis":"x","origin":[3.0560274,7.925,7.775]},"faces":{"down":{"uv":[13.53125,10.0,13.4375,10.4375],"rotation":0,"texture":"#0","tintindex":0},"east":{"uv":[13.40625,3.25,13.84375,3.34375],"rotation":0,"texture":"#0","tintindex":0},"north":{"uv":[6.71875,15.15625,6.8125,15.25],"rotation":0,"texture":"#0","tintindex":0},"south":{"uv":[15.15625,7.28125,15.25,7.375],"rotation":0,"texture":"#0","tintindex":0},"up":{"uv":[13.53125,4.625,13.4375,4.1875],"rotation":0,"texture":"#0","tintindex":0},"west":{"uv":[13.40625,3.375,13.84375,3.46875],"rotation":0,"texture":"#0","tintindex":0}}},{"name":"cube","from":[2.6960273,14.649173,13.9856205],"to":[3.3710272,25.449173,15.065621],"rotation":{"angle":45.0,"axis":"x","origin":[3.0560274,12.650001,9.8]},"faces":{"down":{"uv":[15.375,11.125,15.34375,11.1875],"rotation":0,"texture":"#0","tintindex":0},"east":{"uv":[13.71875,10.71875,13.78125,11.28125],"rotation":0,"texture":"#0","tintindex":0},"north":{"uv":[6.59375,14.71875,6.625,15.28125],"rotation":0,"texture":"#0","tintindex":0},"south":{"uv":[6.65625,14.71875,6.6875,15.28125],"rotation":0,"texture":"#0","tintindex":0},"up":{"uv":[11.03125,15.40625,11.0,15.34375],"rotation":0,"texture":"#0","tintindex":0},"west":{"uv":[11.03125,13.71875,11.09375,14.28125],"rotation":0,"texture":"#0","tintindex":0}}}],"display":{"head":{"translation":[0.0,-6.4,0.0],"rotation":[0.0,0.0,0.0],"scale":[3.8095,3.8095,3.8095]}}}