{"textures":{"0":"modelengine:entity/tamaugachi"},"elements":[{"name":"cube","from":[7.1449995,6.683009,7.389279],"to":[8.9,8.70801,16.02928],"rotation":{"angle":-22.5,"axis":"x","origin":[8.0,7.475,7.775]},"faces":{"down":{"uv":[7.96875,9.5,7.875,9.9375],"rotation":0,"texture":"#0","tintindex":0},"east":{"uv":[11.28125,9.5625,11.71875,9.65625],"rotation":0,"texture":"#0","tintindex":0},"north":{"uv":[3.09375,14.21875,3.1875,14.3125],"rotation":0,"texture":"#0","tintindex":0},"south":{"uv":[7.625,15.0,7.71875,15.09375],"rotation":0,"texture":"#0","tintindex":0},"up":{"uv":[2.75,3.90625,2.65625,3.46875],"rotation":0,"texture":"#0","tintindex":0},"west":{"uv":[13.0,7.40625,13.4375,7.5],"rotation":0,"texture":"#0","tintindex":0}}},{"name":"cube","from":[7.6850004,14.199168,13.9856205],"to":[8.360001,24.999168,15.065621],"rotation":{"angle":45.0,"axis":"x","origin":[8.0,12.2,9.8]},"faces":{"down":{"uv":[15.34375,15.21875,15.3125,15.28125],"rotation":0,"texture":"#0","tintindex":0},"east":{"uv":[12.75,13.59375,12.8125,14.15625],"rotation":0,"texture":"#0","tintindex":0},"north":{"uv":[4.0625,14.4375,4.09375,15.0],"rotation":0,"texture":"#0","tintindex":0},"south":{"uv":[7.09375,14.4375,7.125,15.0],"rotation":0,"texture":"#0","tintindex":0},"up":{"uv":[15.34375,14.90625,15.3125,14.84375],"rotation":0,"texture":"#0","tintindex":0},"west":{"uv":[13.625,3.5,13.6875,4.0625],"rotation":0,"texture":"#0","tintindex":0}}}],"display":{"head":{"translation":[0.0,-6.4,0.0],"rotation":[0.0,0.0,0.0],"scale":[3.8095,3.8095,3.8095]}}}