{"textures":{"0":"modelengine:entity/orbpiercer"},"elements":[{"from":[3.780026,5.3545713,5.7165713],"to":[5.6314545,7.823143,8.802286],"rotation":{"angle":0.0,"axis":"y","origin":[14.271456,20.166,0.1622858]},"faces":{"east":{"uv":[14.21875,2.71875,14.375,2.84375],"rotation":0,"texture":"#0","tintindex":0},"south":{"uv":[14.875,5.34375,14.96875,5.46875],"rotation":0,"texture":"#0","tintindex":0},"north":{"uv":[14.875,5.1875,14.96875,5.3125],"rotation":0,"texture":"#0","tintindex":0},"west":{"uv":[4.875,14.21875,5.03125,14.34375],"rotation":0,"texture":"#0","tintindex":0},"up":{"uv":[14.90625,12.28125,14.8125,12.125],"rotation":0,"texture":"#0","tintindex":0},"down":{"uv":[14.625,14.8125,14.53125,14.96875],"rotation":0,"texture":"#0","tintindex":0}}},{"from":[8.717169,5.3545713,1.293714],"to":[10.568598,7.823143,4.3794284],"rotation":{"angle":-22.5,"axis":"y","origin":[9.642883,6.588857,2.8365712]},"faces":{"east":{"uv":[12.34375,5.8125,12.5,5.9375],"rotation":0,"texture":"#0","tintindex":0},"south":{"uv":[2.65625,14.1875,2.75,14.3125],"rotation":0,"texture":"#0","tintindex":0},"north":{"uv":[2.0,14.15625,2.09375,14.28125],"rotation":0,"texture":"#0","tintindex":0},"west":{"uv":[14.15625,4.4375,14.3125,4.5625],"rotation":0,"texture":"#0","tintindex":0},"up":{"uv":[6.25,14.96875,6.15625,14.8125],"rotation":0,"texture":"#0","tintindex":0},"down":{"uv":[7.71875,14.8125,7.625,14.96875],"rotation":0,"texture":"#0","tintindex":0}}},{"from":[5.014312,5.3545713,1.293714],"to":[6.865741,7.823143,4.3794284],"rotation":{"angle":22.5,"axis":"y","origin":[5.9400263,6.588857,2.8365712]},"faces":{"east":{"uv":[14.21875,2.40625,14.375,2.53125],"rotation":0,"texture":"#0","tintindex":0},"south":{"uv":[14.875,5.03125,14.96875,5.15625],"rotation":0,"texture":"#0","tintindex":0},"north":{"uv":[4.96875,14.875,5.0625,15.0],"rotation":0,"texture":"#0","tintindex":0},"west":{"uv":[14.21875,2.5625,14.375,2.6875],"rotation":0,"texture":"#0","tintindex":0},"up":{"uv":[14.90625,8.71875,14.8125,8.5625],"rotation":0,"texture":"#0","tintindex":0},"down":{"uv":[14.90625,11.21875,14.8125,11.375],"rotation":0,"texture":"#0","tintindex":0}}},{"from":[9.951455,5.3545713,5.7165713],"to":[11.802883,7.823143,8.802286],"rotation":{"angle":0.0,"axis":"y","origin":[14.271456,20.166,0.1622858]},"faces":{"east":{"uv":[8.65625,1.3125,8.8125,1.4375],"rotation":0,"texture":"#0","tintindex":0},"south":{"uv":[13.71875,14.09375,13.8125,14.21875],"rotation":0,"texture":"#0","tintindex":0},"north":{"uv":[11.53125,4.3125,11.625,4.4375],"rotation":0,"texture":"#0","tintindex":0},"west":{"uv":[9.0625,4.59375,9.21875,4.71875],"rotation":0,"texture":"#0","tintindex":0},"up":{"uv":[6.4375,14.28125,6.34375,14.125],"rotation":0,"texture":"#0","tintindex":0},"down":{"uv":[14.90625,6.125,14.8125,6.28125],"rotation":0,"texture":"#0","tintindex":0}}},{"from":[5.014312,5.4402857,3.8651428],"to":[10.568598,9.734571,10.0365715],"rotation":{"angle":0.0,"axis":"y","origin":[14.271456,20.251715,0.1622858]},"faces":{"east":{"uv":[1.5,5.28125,1.84375,5.53125],"rotation":0,"texture":"#0","tintindex":0},"south":{"uv":[11.84375,4.3125,12.15625,4.5625],"rotation":0,"texture":"#0","tintindex":0},"north":{"uv":[11.84375,2.625,12.15625,2.875],"rotation":0,"texture":"#0","tintindex":0},"west":{"uv":[11.8125,9.375,12.15625,9.625],"rotation":0,"texture":"#0","tintindex":0},"up":{"uv":[0.875,11.09375,0.5625,10.75],"rotation":0,"texture":"#0","tintindex":0},"down":{"uv":[3.21875,10.75,2.90625,11.09375],"rotation":0,"texture":"#0","tintindex":0}}}],"display":{"head":{"translation":[0.0,-6.4,0.0],"scale":[4.0,4.0,4.0]}}}