{"textures":{"0":"modelengine:entity/tamaugachi"},"elements":[{"from":[4.397169,2.3942852,1.8885713],"to":[11.18574,10.462857,7.9685717],"rotation":{"angle":22.5,"axis":"x","origin":[7.791455,5.928571,4.3571424]},"faces":{"east":{"uv":[6.5,9.03125,6.84375,9.46875],"rotation":0,"texture":"#0","tintindex":0},"south":{"uv":[9.03125,2.65625,9.40625,3.09375],"rotation":0,"texture":"#0","tintindex":0},"north":{"uv":[9.03125,0.625,9.40625,1.0625],"rotation":0,"texture":"#0","tintindex":0},"west":{"uv":[6.875,9.03125,7.21875,9.46875],"rotation":0,"texture":"#0","tintindex":0},"up":{"uv":[0.9375,10.71875,0.5625,10.375],"rotation":0,"texture":"#0","tintindex":0},"down":{"uv":[3.28125,10.375,2.90625,10.71875],"rotation":0,"texture":"#0","tintindex":0}}}],"display":{"head":{"translation":[0.0,-6.4,0.0],"scale":[4.0,4.0,4.0]}}}