{"textures":{"0":"mineinabyss:mobs/orbpiercer"},"elements":[{"from":[4.7921405,4.865485,1.7142854],"to":[10.79077,10.1976,8.379429],"rotation":{"angle":0.0,"axis":"y","origin":[9.077169,9.036549,10.894903]},"faces":{"east":{"uv":[10.84375,1.96875,11.21875,2.25],"rotation":0,"texture":"#0","tintindex":0},"south":{"uv":[11.21875,1.25,11.53125,1.53125],"rotation":0,"texture":"#0","tintindex":0},"north":{"uv":[11.1875,11.0,11.5,11.28125],"rotation":0,"texture":"#0","tintindex":0},"west":{"uv":[10.84375,2.28125,11.21875,2.5625],"rotation":0,"texture":"#0","tintindex":0},"up":{"uv":[10.96875,5.0625,10.65625,4.6875],"rotation":0,"texture":"#0","tintindex":0},"down":{"uv":[11.03125,8.5,10.71875,8.875],"rotation":0,"texture":"#0","tintindex":0}}},{"from":[5.4349976,4.694057,-1.6182861],"to":[7.4345407,7.360114,1.7142854],"rotation":{"angle":0.0,"axis":"y","origin":[9.077169,8.86512,10.894903]},"faces":{"east":{"uv":[13.71875,12.84375,13.90625,13.0],"rotation":0,"texture":"#0","tintindex":0},"south":{"uv":[14.875,3.21875,14.96875,3.375],"rotation":0,"texture":"#0","tintindex":0},"north":{"uv":[14.84375,14.59375,14.9375,14.75],"rotation":0,"texture":"#0","tintindex":0},"west":{"uv":[13.71875,13.03125,13.90625,13.1875],"rotation":0,"texture":"#0","tintindex":0},"up":{"uv":[1.65625,14.59375,1.5625,14.40625],"rotation":0,"texture":"#0","tintindex":0},"down":{"uv":[1.78125,14.40625,1.6875,14.59375],"rotation":0,"texture":"#0","tintindex":0}}},{"from":[8.148369,4.694057,-1.6182861],"to":[10.147912,7.360114,1.7142854],"rotation":{"angle":0.0,"axis":"y","origin":[9.077169,8.86512,10.894903]},"faces":{"east":{"uv":[13.71875,13.21875,13.90625,13.375],"rotation":0,"texture":"#0","tintindex":0},"south":{"uv":[14.875,4.84375,14.96875,5.0],"rotation":0,"texture":"#0","tintindex":0},"north":{"uv":[4.84375,14.875,4.9375,15.03125],"rotation":0,"texture":"#0","tintindex":0},"west":{"uv":[13.71875,13.40625,13.90625,13.5625],"rotation":0,"texture":"#0","tintindex":0},"up":{"uv":[1.90625,14.59375,1.8125,14.40625],"rotation":0,"texture":"#0","tintindex":0},"down":{"uv":[14.5,2.21875,14.40625,2.40625],"rotation":0,"texture":"#0","tintindex":0}}}],"display":{"head":{"translation":[0.0,-6.4,0.0],"scale":[4.0,4.0,4.0]}}}