{"textures":{"0":"modelengine:entity/tamaugachi"},"elements":[{"name":"right_r_foot_0","from":[4.6317477,4.78376,1.3999997],"to":[10.930307,10.382481,8.398399],"rotation":{"angle":0.0,"axis":"x","origin":[6.4310274,9.163376,11.039648]},"faces":{"down":{"uv":[6.90625,10.5625,6.59375,10.9375],"rotation":0,"texture":"#0","tintindex":0},"east":{"uv":[9.59375,10.78125,9.96875,11.0625],"rotation":0,"texture":"#0","tintindex":0},"north":{"uv":[11.1875,2.59375,11.5,2.875],"rotation":0,"texture":"#0","tintindex":0},"south":{"uv":[11.1875,3.40625,11.5,3.6875],"rotation":0,"texture":"#0","tintindex":0},"up":{"uv":[2.875,10.9375,2.5625,10.5625],"rotation":0,"texture":"#0","tintindex":0},"west":{"uv":[10.78125,10.28125,11.15625,10.5625],"rotation":0,"texture":"#0","tintindex":0}}},{"name":"right_r_foot_2","from":[8.155788,4.60376,-2.0992007],"to":[10.255308,7.40312,1.3999997],"rotation":{"angle":0.0,"axis":"x","origin":[6.4310274,8.983376,11.039648]},"faces":{"down":{"uv":[8.03125,10.84375,7.9375,11.03125],"rotation":0,"texture":"#0","tintindex":0},"east":{"uv":[10.75,6.625,10.9375,6.78125],"rotation":0,"texture":"#0","tintindex":0},"north":{"uv":[2.65625,14.84375,2.75,15.0],"rotation":0,"texture":"#0","tintindex":0},"south":{"uv":[2.78125,14.84375,2.875,15.0],"rotation":0,"texture":"#0","tintindex":0},"up":{"uv":[9.28125,10.6875,9.1875,10.5],"rotation":0,"texture":"#0","tintindex":0},"west":{"uv":[12.09375,8.96875,12.28125,9.125],"rotation":0,"texture":"#0","tintindex":0}}},{"name":"right_r_foot_3","from":[5.3067474,4.60376,-2.0992007],"to":[7.406268,7.40312,1.3999997],"rotation":{"angle":0.0,"axis":"x","origin":[6.4310274,8.983376,11.039648]},"faces":{"down":{"uv":[7.625,14.375,7.53125,14.5625],"rotation":0,"texture":"#0","tintindex":0},"east":{"uv":[12.25,4.8125,12.4375,4.96875],"rotation":0,"texture":"#0","tintindex":0},"north":{"uv":[5.625,14.84375,5.71875,15.0],"rotation":0,"texture":"#0","tintindex":0},"south":{"uv":[5.75,14.84375,5.84375,15.0],"rotation":0,"texture":"#0","tintindex":0},"up":{"uv":[7.5,14.5625,7.40625,14.375],"rotation":0,"texture":"#0","tintindex":0},"west":{"uv":[13.0,12.28125,13.1875,12.4375],"rotation":0,"texture":"#0","tintindex":0}}}],"display":{"head":{"translation":[0.0,-6.4,0.0],"rotation":[0.0,0.0,0.0],"scale":[3.8095,3.8095,3.8095]}}}