{"textures":{"0":"mineinabyss:mobs/orbpiercer"},"elements":[{"from":[10.149639,8.707381,9.888036],"to":[20.178211,9.735952,10.659465],"rotation":{"angle":45.0,"axis":"y","origin":[5.0067825,9.253809,10.145179]},"faces":{"east":{"uv":[9.25,4.59375,9.28125,4.65625],"rotation":0,"texture":"#0","tintindex":0},"south":{"uv":[13.46875,12.15625,14.03125,12.21875],"rotation":0,"texture":"#0","tintindex":0},"north":{"uv":[11.125,6.8125,11.6875,6.875],"rotation":0,"texture":"#0","tintindex":0},"west":{"uv":[8.5625,9.34375,8.59375,9.40625],"rotation":0,"texture":"#0","tintindex":0},"up":{"uv":[14.78125,1.53125,14.21875,1.5],"rotation":0,"texture":"#0","tintindex":0},"down":{"uv":[14.78125,2.875,14.21875,2.90625],"rotation":0,"texture":"#0","tintindex":0}}},{"from":[3.721068,7.035952,11.945179],"to":[8.863925,8.964523,13.230894],"rotation":{"angle":45.0,"axis":"y","origin":[5.6496396,4.110952,12.0737505]},"faces":{"east":{"uv":[12.28125,15.03125,12.34375,15.125],"rotation":0,"texture":"#0","tintindex":0},"south":{"uv":[13.78125,1.6875,14.0625,1.78125],"rotation":0,"texture":"#0","tintindex":0},"north":{"uv":[13.78125,1.5625,14.0625,1.65625],"rotation":0,"texture":"#0","tintindex":0},"west":{"uv":[4.8125,15.1875,4.875,15.28125],"rotation":0,"texture":"#0","tintindex":0},"up":{"uv":[5.96875,14.4375,5.6875,14.375],"rotation":0,"texture":"#0","tintindex":0},"down":{"uv":[8.09375,14.375,7.8125,14.4375],"rotation":0,"texture":"#0","tintindex":0}}},{"from":[4.2353535,5.750238,-0.14053631],"to":[5.5210676,7.678809,7.5737505],"rotation":{"angle":-22.5,"axis":"y","origin":[5.6496396,4.110952,12.0737505]},"faces":{"east":{"uv":[8.09375,3.5,8.53125,3.59375],"rotation":0,"texture":"#0","tintindex":0},"south":{"uv":[9.8125,15.1875,9.875,15.28125],"rotation":0,"texture":"#0","tintindex":0},"north":{"uv":[7.34375,15.1875,7.40625,15.28125],"rotation":0,"texture":"#0","tintindex":0},"west":{"uv":[8.09375,3.625,8.53125,3.71875],"rotation":0,"texture":"#0","tintindex":0},"up":{"uv":[7.84375,10.8125,7.78125,10.375],"rotation":0,"texture":"#0","tintindex":0},"down":{"uv":[7.59375,11.125,7.53125,11.5625],"rotation":0,"texture":"#0","tintindex":0}}},{"from":[4.7496395,6.135952,-9.654821],"to":[5.5210676,7.1645236,0.3737502],"rotation":{"angle":-22.5,"axis":"y","origin":[5.6496396,4.110952,12.0737505]},"faces":{"east":{"uv":[13.46875,12.25,14.03125,12.3125],"rotation":0,"texture":"#0","tintindex":0},"south":{"uv":[2.84375,10.96875,2.875,11.03125],"rotation":0,"texture":"#0","tintindex":0},"north":{"uv":[10.0,10.875,10.03125,10.9375],"rotation":0,"texture":"#0","tintindex":0},"west":{"uv":[13.5,9.90625,14.0625,9.96875],"rotation":0,"texture":"#0","tintindex":0},"up":{"uv":[9.1875,5.6875,9.15625,5.125],"rotation":0,"texture":"#0","tintindex":0},"down":{"uv":[12.875,13.59375,12.84375,14.15625],"rotation":0,"texture":"#0","tintindex":0}}},{"from":[5.6496396,2.1502376,9.759464],"to":[10.792497,4.0788093,11.045179],"rotation":{"angle":45.0,"axis":"y","origin":[5.6496396,4.110952,12.0737505]},"faces":{"east":{"uv":[5.6875,14.0625,5.75,14.15625],"rotation":0,"texture":"#0","tintindex":0},"south":{"uv":[13.78125,1.4375,14.0625,1.53125],"rotation":0,"texture":"#0","tintindex":0},"north":{"uv":[13.78125,1.3125,14.0625,1.40625],"rotation":0,"texture":"#0","tintindex":0},"west":{"uv":[6.0625,14.1875,6.125,14.28125],"rotation":0,"texture":"#0","tintindex":0},"up":{"uv":[5.03125,14.4375,4.75,14.375],"rotation":0,"texture":"#0","tintindex":0},"down":{"uv":[5.34375,14.375,5.0625,14.4375],"rotation":0,"texture":"#0","tintindex":0}}},{"from":[5.6496396,4.850238,11.816607],"to":[10.792497,5.878809,12.588037],"rotation":{"angle":22.5,"axis":"y","origin":[5.6496396,4.110952,12.0737505]},"faces":{"east":{"uv":[5.71875,11.09375,5.75,11.15625],"rotation":0,"texture":"#0","tintindex":0},"south":{"uv":[9.21875,14.375,9.5,14.4375],"rotation":0,"texture":"#0","tintindex":0},"north":{"uv":[8.90625,14.375,9.1875,14.4375],"rotation":0,"texture":"#0","tintindex":0},"west":{"uv":[11.125,10.0625,11.15625,10.125],"rotation":0,"texture":"#0","tintindex":0},"up":{"uv":[12.21875,6.78125,11.9375,6.75],"rotation":0,"texture":"#0","tintindex":0},"down":{"uv":[13.15625,8.125,12.875,8.15625],"rotation":0,"texture":"#0","tintindex":0}}},{"from":[-1.4382467,10.19058,-1.0261364],"to":[4.560382,15.522696,5.6390076],"rotation":{"angle":22.5,"axis":"x","origin":[-0.84373283,1.450809,-28.83665]},"faces":{"east":{"uv":[10.78125,3.84375,11.15625,4.125],"rotation":0,"texture":"#0","tintindex":0},"south":{"uv":[11.1875,0.625,11.5,0.90625],"rotation":0,"texture":"#0","tintindex":0},"north":{"uv":[11.1875,0.3125,11.5,0.59375],"rotation":0,"texture":"#0","tintindex":0},"west":{"uv":[9.1875,10.78125,9.5625,11.0625],"rotation":0,"texture":"#0","tintindex":0},"up":{"uv":[10.84375,6.40625,10.53125,6.03125],"rotation":0,"texture":"#0","tintindex":0},"down":{"uv":[2.53125,10.5625,2.21875,10.9375],"rotation":0,"texture":"#0","tintindex":0}}},{"from":[8.863925,7.4216666,12.459465],"to":[14.006783,8.450238,13.230894],"rotation":{"angle":45.0,"axis":"y","origin":[5.6496396,4.110952,12.0737505]},"faces":{"east":{"uv":[1.25,10.28125,1.28125,10.34375],"rotation":0,"texture":"#0","tintindex":0},"south":{"uv":[8.59375,14.375,8.875,14.4375],"rotation":0,"texture":"#0","tintindex":0},"north":{"uv":[8.28125,14.375,8.5625,14.4375],"rotation":0,"texture":"#0","tintindex":0},"west":{"uv":[10.0,10.78125,10.03125,10.84375],"rotation":0,"texture":"#0","tintindex":0},"up":{"uv":[11.125,0.34375,10.84375,0.3125],"rotation":0,"texture":"#0","tintindex":0},"down":{"uv":[11.125,2.59375,10.84375,2.625],"rotation":0,"texture":"#0","tintindex":0}}},{"from":[5.0067825,8.321667,9.373751],"to":[10.149639,10.250238,10.659465],"rotation":{"angle":45.0,"axis":"y","origin":[5.0067825,9.253809,10.145179]},"faces":{"east":{"uv":[12.21875,0.46875,12.28125,0.5625],"rotation":0,"texture":"#0","tintindex":0},"south":{"uv":[13.78125,1.1875,14.0625,1.28125],"rotation":0,"texture":"#0","tintindex":0},"north":{"uv":[13.78125,1.0625,14.0625,1.15625],"rotation":0,"texture":"#0","tintindex":0},"west":{"uv":[13.15625,8.625,13.21875,8.71875],"rotation":0,"texture":"#0","tintindex":0},"up":{"uv":[14.625,13.84375,14.34375,13.78125],"rotation":0,"texture":"#0","tintindex":0},"down":{"uv":[14.625,13.875,14.34375,13.9375],"rotation":0,"texture":"#0","tintindex":0}}},{"from":[-2.1047611,15.522696,-1.0261364],"to":[5.8934107,28.852982,9.638093],"rotation":{"angle":22.5,"axis":"x","origin":[-0.84373283,1.450809,-28.83665]},"faces":{"east":{"uv":[7.03125,7.5625,7.625,8.28125],"rotation":0,"texture":"#0","tintindex":0},"south":{"uv":[3.96875,8.09375,4.40625,8.8125],"rotation":0,"texture":"#0","tintindex":0},"north":{"uv":[3.125,5.59375,3.5625,6.3125],"rotation":0,"texture":"#0","tintindex":0},"west":{"uv":[7.65625,7.5625,8.25,8.28125],"rotation":0,"texture":"#0","tintindex":0},"up":{"uv":[0.4375,9.125,0.0,8.53125],"rotation":0,"texture":"#0","tintindex":0},"down":{"uv":[9.0,3.5,8.5625,4.09375],"rotation":0,"texture":"#0","tintindex":0}}},{"from":[4.363925,10.893095,9.373751],"to":[11.821068,12.821667,10.659465],"rotation":{"angle":45.0,"axis":"y","origin":[5.0067825,9.253809,10.145179]},"faces":{"east":{"uv":[13.59375,9.6875,13.65625,9.78125],"rotation":0,"texture":"#0","tintindex":0},"south":{"uv":[12.09375,5.6875,12.5,5.78125],"rotation":0,"texture":"#0","tintindex":0},"north":{"uv":[11.25,0.9375,11.65625,1.03125],"rotation":0,"texture":"#0","tintindex":0},"west":{"uv":[1.28125,14.03125,1.34375,14.125],"rotation":0,"texture":"#0","tintindex":0},"up":{"uv":[9.5,2.28125,9.09375,2.21875],"rotation":0,"texture":"#0","tintindex":0},"down":{"uv":[14.46875,12.15625,14.0625,12.21875],"rotation":0,"texture":"#0","tintindex":0}}},{"from":[2.3067822,3.1788092,-3.3548222],"to":[3.5924964,5.107381,6.930893],"rotation":{"angle":-22.5,"axis":"y","origin":[5.6496396,4.110952,12.0737505]},"faces":{"east":{"uv":[12.9375,6.90625,13.5,7.0],"rotation":0,"texture":"#0","tintindex":0},