{"textures":{"0":"mineinabyss:mobs/orbpiercer"},"elements":[{"from":[6.1094255,17.113813,13.709183],"to":[6.6379967,30.7281,14.75204],"rotation":{"angle":0.0,"axis":"y","origin":[1.2335906,17.545929,13.392775]},"faces":{"east":{"uv":[4.71875,13.09375,4.65625,13.84375],"rotation":0,"texture":"#0","tintindex":0},"south":{"uv":[7.875,12.3125,7.84375,13.0625],"rotation":0,"texture":"#0","tintindex":0},"north":{"uv":[1.40625,12.28125,1.375,13.03125],"rotation":0,"texture":"#0","tintindex":0},"west":{"uv":[4.625,13.09375,4.5625,13.84375],"rotation":0,"texture":"#0","tintindex":0},"up":{"uv":[10.03125,15.40625,10.0625,15.34375],"rotation":0,"texture":"#0","tintindex":0},"down":{"uv":[10.09375,15.34375,10.125,15.40625],"rotation":0,"texture":"#0","tintindex":0}}},{"from":[8.680854,14.172372,15.406347],"to":[9.209425,25.158087,16.449203],"rotation":{"angle":0.0,"axis":"y","origin":[1.2412806,-0.090667725,8.0]},"faces":{"east":{"uv":[5.65625,13.59375,5.59375,14.1875],"rotation":0,"texture":"#0","tintindex":0},"south":{"uv":[4.34375,14.375,4.3125,14.96875],"rotation":0,"texture":"#0","tintindex":0},"north":{"uv":[4.28125,14.375,4.25,14.96875],"rotation":0,"texture":"#0","tintindex":0},"west":{"uv":[5.5625,13.59375,5.5,14.1875],"rotation":0,"texture":"#0","tintindex":0},"up":{"uv":[9.90625,15.40625,9.9375,15.34375],"rotation":0,"texture":"#0","tintindex":0},"down":{"uv":[9.96875,15.34375,10.0,15.40625],"rotation":0,"texture":"#0","tintindex":0}}},{"from":[15.752283,13.942858,7.0347114],"to":[16.280853,32.0,7.9489975],"rotation":{"angle":0.0,"axis":"y","origin":[15.466569,2.6809683,3.3932242]},"faces":{"east":{"uv":[5.75,12.40625,5.6875,13.40625],"rotation":0,"texture":"#0","tintindex":0},"south":{"uv":[1.96875,13.59375,1.9375,14.59375],"rotation":0,"texture":"#0","tintindex":0},"north":{"uv":[13.40625,13.5625,13.375,14.5625],"rotation":0,"texture":"#0","tintindex":0},"west":{"uv":[12.4375,1.03125,12.375,2.03125],"rotation":0,"texture":"#0","tintindex":0},"up":{"uv":[15.34375,10.5,15.375,10.4375],"rotation":0,"texture":"#0","tintindex":0},"down":{"uv":[15.34375,10.53125,15.375,10.59375],"rotation":0,"texture":"#0","tintindex":0}}}],"display":{"head":{"translation":[0.0,25.962671,0.0],"scale":[4.0,4.0,4.0]}}}