{"textures":{"0":"modelengine:entity/tamaugachi"},"elements":[{"name":"cube","from":[6.0148964,16.369503,13.994642],"to":[6.5698967,30.664505,15.089643],"rotation":{"angle":0.0,"axis":"x","origin":[0.8952694,16.823227,13.662414]},"faces":{"down":{"uv":[10.09375,15.34375,10.125,15.40625],"rotation":0,"texture":"#0","tintindex":0},"east":{"uv":[4.71875,13.09375,4.65625,13.84375],"rotation":0,"texture":"#0","tintindex":0},"north":{"uv":[1.40625,12.28125,1.375,13.03125],"rotation":0,"texture":"#0","tintindex":0},"south":{"uv":[7.875,12.3125,7.84375,13.0625],"rotation":0,"texture":"#0","tintindex":0},"up":{"uv":[10.03125,15.40625,10.0625,15.34375],"rotation":0,"texture":"#0","tintindex":0},"west":{"uv":[4.625,13.09375,4.5625,13.84375],"rotation":0,"texture":"#0","tintindex":0}}},{"name":"cube","from":[16.139896,13.039997,6.9864473],"to":[16.694897,32.0,7.9464464],"rotation":{"angle":0.0,"axis":"x","origin":[15.839897,1.2150154,3.1628866]},"faces":{"down":{"uv":[15.34375,10.53125,15.375,10.59375],"rotation":0,"texture":"#0","tintindex":0},"east":{"uv":[5.75,12.40625,5.6875,13.40625],"rotation":0,"texture":"#0","tintindex":0},"north":{"uv":[13.40625,13.5625,13.375,14.5625],"rotation":0,"texture":"#0","tintindex":0},"south":{"uv":[1.96875,13.59375,1.9375,14.59375],"rotation":0,"texture":"#0","tintindex":0},"up":{"uv":[15.34375,10.5,15.375,10.4375],"rotation":0,"texture":"#0","tintindex":0},"west":{"uv":[12.4375,1.03125,12.375,2.03125],"rotation":0,"texture":"#0","tintindex":0}}},{"name":"cube","from":[8.714896,13.280987,15.776666],"to":[9.2698965,24.81599,16.871664],"rotation":{"angle":0.0,"axis":"x","origin":[0.9033444,-1.6952019,8.0]},"faces":{"down":{"uv":[9.96875,15.34375,10.0,15.40625],"rotation":0,"texture":"#0","tintindex":0},"east":{"uv":[5.65625,13.59375,5.59375,14.1875],"rotation":0,"texture":"#0","tintindex":0},"north":{"uv":[4.28125,14.375,4.25,14.96875],"rotation":0,"texture":"#0","tintindex":0},"south":{"uv":[4.34375,14.375,4.3125,14.96875],"rotation":0,"texture":"#0","tintindex":0},"up":{"uv":[9.90625,15.40625,9.9375,15.34375],"rotation":0,"texture":"#0","tintindex":0},"west":{"uv":[5.5625,13.59375,5.5,14.1875],"rotation":0,"texture":"#0","tintindex":0}}}],"display":{"head":{"translation":[0.0,29.79542,0.0],"rotation":[0.0,0.0,0.0],"scale":[3.8095,3.8095,3.8095]}}}