{"textures":{"0":"mineinabyss:entity/mobs/orbpiercer"},"elements":[{"from":[6.5464134,6.814776,6.2185593],"to":[9.117842,9.386205,21.647131],"rotation":{"angle":-45.0,"axis":"x","origin":[4.939271,10.029062,8.789988]},"faces":{"east":{"uv":[9.4375,3.59375,10.28125,3.75],"rotation":0,"texture":"#0","tintindex":0},"south":{"uv":[9.875,14.09375,10.03125,14.25],"rotation":0,"texture":"#0","tintindex":0},"north":{"uv":[6.96875,14.09375,7.125,14.25],"rotation":0,"texture":"#0","tintindex":0},"west":{"uv":[9.4375,3.78125,10.28125,3.9375],"rotation":0,"texture":"#0","tintindex":0},"up":{"uv":[8.34375,10.1875,8.1875,9.34375],"rotation":0,"texture":"#0","tintindex":0},"down":{"uv":[8.53125,9.34375,8.375,10.1875],"rotation":0,"texture":"#0","tintindex":0}}},{"from":[6.0014753,5.8331714,5.65617],"to":[7.930047,7.5046,16.456171],"rotation":{"angle":-22.5,"axis":"y","origin":[8.894333,6.6688857,9.127599]},"faces":{"east":{"uv":[10.75,3.125,11.34375,3.21875],"rotation":0,"texture":"#0","tintindex":0},"south":{"uv":[10.3125,3.84375,10.40625,3.9375],"rotation":0,"texture":"#0","tintindex":0},"north":{"uv":[4.28125,8.84375,4.375,8.9375],"rotation":0,"texture":"#0","tintindex":0},"west":{"uv":[12.46875,5.125,13.0625,5.21875],"rotation":0,"texture":"#0","tintindex":0},"up":{"uv":[3.09375,7.21875,3.0,6.625],"rotation":0,"texture":"#0","tintindex":0},"down":{"uv":[1.40625,8.6875,1.3125,9.28125],"rotation":0,"texture":"#0","tintindex":0}}},{"from":[10.132128,14.7022915,11.854148],"to":[11.803556,22.930862,13.78272],"rotation":{"angle":45.0,"axis":"x","origin":[10.946414,14.592934,12.718695]},"faces":{"east":{"uv":[13.03125,3.125,13.125,3.5625],"rotation":0,"texture":"#0","tintindex":0},"south":{"uv":[13.09375,11.8125,13.1875,12.25],"rotation":0,"texture":"#0","tintindex":0},"north":{"uv":[12.21875,0.0,12.3125,0.4375],"rotation":0,"texture":"#0","tintindex":0},"west":{"uv":[13.125,0.0,13.21875,0.4375],"rotation":0,"texture":"#0","tintindex":0},"up":{"uv":[10.28125,15.09375,10.1875,15.0],"rotation":0,"texture":"#0","tintindex":0},"down":{"uv":[12.84375,15.0,12.75,15.09375],"rotation":0,"texture":"#0","tintindex":0}}},{"from":[10.646414,21.714283,18.261866],"to":[11.28927,32.0,19.290436],"rotation":{"angle":22.5,"axis":"x","origin":[10.946414,21.664364,15.290124]},"faces":{"east":{"uv":[13.625,10.71875,13.6875,11.28125],"rotation":0,"texture":"#0","tintindex":0},"south":{"uv":[6.46875,14.53125,6.5,15.09375],"rotation":0,"texture":"#0","tintindex":0},"north":{"uv":[11.90625,14.5,11.9375,15.0625],"rotation":0,"texture":"#0","tintindex":0},"west":{"uv":[13.625,12.46875,13.6875,13.03125],"rotation":0,"texture":"#0","tintindex":0},"up":{"uv":[15.34375,15.375,15.3125,15.3125],"rotation":0,"texture":"#0","tintindex":0},"down":{"uv":[15.375,0.0,15.34375,0.0625],"rotation":0,"texture":"#0","tintindex":0}}},{"from":[-8.1718445,3.7760286,17.84219],"to":[2.7567267,4.4188857,18.999332],"rotation":{"angle":45.0,"axis":"y","origin":[1.7924409,4.097457,17.135048]},"faces":{"east":{"uv":[15.3125,13.6875,15.375,13.71875],"rotation":0,"texture":"#0","tintindex":0},"south":{"uv":[9.5625,2.59375,10.15625,2.625],"rotation":0,"texture":"#0","tintindex":0},"north":{"uv":[8.1875,1.84375,8.78125,1.875],"rotation":0,"texture":"#0","tintindex":0},"west":{"uv":[14.03125,15.3125,14.09375,15.34375],"rotation":0,"texture":"#0","tintindex":0},"up":{"uv":[5.75,6.5625,5.15625,6.5],"rotation":0,"texture":"#0","tintindex":0},"down":{"uv":[9.8125,6.625,9.21875,6.6875],"rotation":0,"texture":"#0","tintindex":0}}},{"from":[9.617843,14.433336,0.9792557],"to":[12.189271,17.004765,11.264971],"rotation":{"angle":-45.0,"axis":"x","origin":[10.946414,18.450077,12.718695]},"faces":{"east":{"uv":[11.21875,9.375,11.78125,9.53125],"rotation":0,"texture":"#0","tintindex":0},"south":{"uv":[2.125,14.125,2.28125,14.28125],"rotation":0,"texture":"#0","tintindex":0},"north":{"uv":[14.09375,14.03125,14.25,14.1875],"rotation":0,"texture":"#0","tintindex":0},"west":{"uv":[11.25,1.5625,11.8125,1.71875],"rotation":0,"texture":"#0","tintindex":0},"up":{"uv":[11.40625,2.3125,11.25,1.75],"rotation":0,"texture":"#0","tintindex":0},"down":{"uv":[11.4375,4.46875,11.28125,5.03125],"rotation":0,"texture":"#0","tintindex":0}}},{"from":[8.474985,14.899588,8.36677],"to":[11.046413,17.471016,23.795341],"rotation":{"angle":-22.5,"axis":"x","origin":[9.803556,19.5046,26.584455]},"faces":{"east":{"uv":[9.46875,8.40625,10.3125,8.5625],"rotation":0,"texture":"#0","tintindex":0},"south":{"uv":[14.09375,11.96875,14.25,12.125],"rotation":0,"texture":"#0","tintindex":0},"north":{"uv":[11.4375,14.09375,11.59375,14.25],"rotation":0,"texture":"#0","tintindex":0},"west":{"uv":[9.46875,8.59375,10.3125,8.75],"rotation":0,"texture":"#0","tintindex":0},"up":{"uv":[3.96875,10.21875,3.8125,9.375],"rotation":0,"texture":"#0","tintindex":0},"down":{"uv":[4.15625,9.375,4.0,10.21875],"rotation":0,"texture":"#0","tintindex":0}}},{"from":[12.546413,14.899588,3.5096269],"to":[15.117842,17.471016,18.938198],"rotation":{"angle":-22.5,"axis":"x","origin":[5.3035564,19.5046,29.155884]},"faces":{"east":{"uv":[9.46875,1.28125,10.3125,1.4375],"rotation":0,"texture":"#0","tintindex":0},"south":{"uv":[14.25,12.34375,14.375,12.5],"rotation":0,"texture":"#0","tintindex":0},"north":{"uv":[14.25,11.46875,14.375,11.625],"rotation":0,"texture":"#0","tintindex":0},"west":{"uv":[9.46875,1.46875,10.3125,1.625],"rotation":0,"texture":"#0","tintindex":0},"up":{"uv":[7.09375,11.8125,6.96875,10.96875],"rotation":0,"texture":"#0","tintindex":0},"down":{"uv":[7.25,10.96875,7.125,11.8125],"rotation":0,"texture":"#0","tintindex":0}}},{"from":[4.715761,3.2617426,8.227598],"to":[6.644333,4.9331713,19.0276],"rotation":{"angle":-22.5,"axis":"y","origin":[7.6086183,4.097457,11.699027]},"faces":{"east":{"uv":[12.46875,5.25,13.0625,5.34375],"rotation":0,"texture":"#0","tintindex":0},"south":{"uv":[11.90625,11.125,12.0,11.21875],"rotation":0,"texture":"#0","tintindex":0},"north":{"uv":[11.71875,0.78125,11.8125,0.875],"rotation":0,"texture":"#0","tintindex":0},"west":{"uv":[12.53125,8.625,13.125,8.71875],"rotation":0,"texture":"#0","tintindex":0},"up":{"uv":[7.46875,10.28125,7.375,9.6875],"rotation":0,"texture":"#0","tintindex":0},"down":{"uv":[12.28125,4.1875,12.1875,4.78125],"rotation":0,"texture":"#0","tintindex":0}}},{"from":[-4.314702,6.347457,15.2707615],"to":[4.0424414,6.9903145,16.427904],"rotation":{"angle":45.0,"axis":"y","origin":[3.0781555,6.6688857,14.563619]},"faces":{"east":{"uv":[15.3125,11.875,15.375,11.90625],"rotation":0,"texture":"#0","tintindex":0},"south":{"uv":[12.78125,4.0,13.25,4.03125],"rotation":0,"texture":"#0","tintindex":0},"north":{"uv":[12.65625,4.5625,13.125,4.59375],"rotation":0,"texture":"#0","tintindex":0},"west":{"uv":[15.3125,13.625,15.375,13.65625],"rotation":0,"texture":"#0","tintindex":0},"up":{"uv":[14.25,0.625,13.78125,0.5625],"rotation":0,"texture":"#0","tintindex":0},"down":{"uv":[14.25,0.65625,13.78125,0.71875],"rotation":0,"texture":"#0","tintindex":0}}}],"display":{"head":{"translation":[0.0,1.7129302,0.0],"scale":[4.0,4.0,4.0]}}}
