{"textures":{"0":"modelengine:entity/tamaugachi"},"elements":[{"from":[-2.8272371,9.013134,7.2464094],"to":[-2.298666,19.29885,8.160695],"rotation":{"angle":22.5,"axis":"x","origin":[-2.5843801,5.4655313,5.4049225]},"faces":{"east":{"uv":[4.03125,13.65625,4.09375,14.21875],"rotation":0,"texture":"#0","tintindex":0},"south":{"uv":[8.125,14.6875,8.15625,15.25],"rotation":0,"texture":"#0","tintindex":0},"north":{"uv":[14.6875,7.53125,14.71875,8.09375],"rotation":0,"texture":"#0","tintindex":0},"west":{"uv":[13.65625,11.3125,13.71875,11.875],"rotation":0,"texture":"#0","tintindex":0},"up":{"uv":[1.84375,15.40625,1.8125,15.34375],"rotation":0,"texture":"#0","tintindex":0},"down":{"uv":[1.90625,15.34375,1.875,15.40625],"rotation":0,"texture":"#0","tintindex":0}}},{"from":[4.6299057,9.108745,5.1018176],"to":[5.41562,29.680174,6.0161033],"rotation":{"angle":22.5,"axis":"x","origin":[5.1299057,9.058824,2.0729337]},"faces":{"east":{"uv":[11.25,12.09375,11.3125,13.21875],"rotation":0,"texture":"#0","tintindex":0},"south":{"uv":[11.34375,12.09375,11.40625,13.21875],"rotation":0,"texture":"#0","tintindex":0},"north":{"uv":[11.15625,12.09375,11.21875,13.21875],"rotation":0,"texture":"#0","tintindex":0},"west":{"uv":[11.4375,12.09375,11.5,13.21875],"rotation":0,"texture":"#0","tintindex":0},"up":{"uv":[6.21875,15.375,6.15625,15.3125],"rotation":0,"texture":"#0","tintindex":0},"down":{"uv":[15.375,6.28125,15.3125,6.34375],"rotation":0,"texture":"#0","tintindex":0}}},{"from":[10.16729,9.108745,5.1018176],"to":[10.953004,27.108746,6.0161033],"rotation":{"angle":22.5,"axis":"x","origin":[10.453004,9.058824,2.0729337]},"faces":{"east":{"uv":[12.40625,6.75,12.46875,7.71875],"rotation":0,"texture":"#0","tintindex":0},"south":{"uv":[12.40625,8.96875,12.46875,9.9375],"rotation":0,"texture":"#0","tintindex":0},"north":{"uv":[6.15625,12.40625,6.21875,13.375],"rotation":0,"texture":"#0","tintindex":0},"west":{"uv":[0.25,12.4375,0.3125,13.40625],"rotation":0,"texture":"#0","tintindex":0},"up":{"uv":[6.65625,15.375,6.59375,15.3125],"rotation":0,"texture":"#0","tintindex":0},"down":{"uv":[6.90625,15.3125,6.84375,15.375],"rotation":0,"texture":"#0","tintindex":0}}},{"from":[17.881577,9.013134,7.2464094],"to":[18.410147,19.355991,8.160695],"rotation":{"angle":22.5,"axis":"x","origin":[18.16729,5.4655313,5.4049225]},"faces":{"east":{"uv":[13.625,13.65625,13.6875,14.21875],"rotation":0,"texture":"#0","tintindex":0},"south":{"uv":[9.5625,14.6875,9.59375,15.25],"rotation":0,"texture":"#0","tintindex":0},"north":{"uv":[9.5,14.6875,9.53125,15.25],"rotation":0,"texture":"#0","tintindex":0},"west":{"uv":[13.6875,0.0,13.75,0.5625],"rotation":0,"texture":"#0","tintindex":0},"up":{"uv":[1.96875,15.40625,1.9375,15.34375],"rotation":0,"texture":"#0","tintindex":0},"down":{"uv":[2.03125,15.34375,2.0,15.40625],"rotation":0,"texture":"#0","tintindex":0}}}],"display":{"head":{"translation":[0.0,-6.4,0.0],"scale":[4.0,4.0,4.0]}}}