{"textures":{"0":"mineinabyss:mobs/orbpiercer"},"elements":[{"from":[-3.1171322,7.2937145,20.010532],"to":[-1.4457045,15.522285,21.939102],"rotation":{"angle":45.0,"axis":"x","origin":[-1.7314186,7.1843576,20.875078]},"faces":{"east":{"uv":[6.625,13.375,6.71875,13.8125],"rotation":0,"texture":"#0","tintindex":0},"south":{"uv":[6.75,13.375,6.84375,13.8125],"rotation":0,"texture":"#0","tintindex":0},"north":{"uv":[13.375,6.0,13.46875,6.4375],"rotation":0,"texture":"#0","tintindex":0},"west":{"uv":[6.875,13.375,6.96875,13.8125],"rotation":0,"texture":"#0","tintindex":0},"up":{"uv":[12.96875,15.1875,12.875,15.09375],"rotation":0,"texture":"#0","tintindex":0},"down":{"uv":[13.09375,15.09375,13.0,15.1875],"rotation":0,"texture":"#0","tintindex":0}}},{"from":[4.597153,12.030516,13.081564],"to":[6.268582,22.830517,15.010135],"rotation":{"angle":45.0,"axis":"x","origin":[5.618582,12.737984,14.045849]},"faces":{"east":{"uv":[12.8125,9.375,12.90625,9.96875],"rotation":0,"texture":"#0","tintindex":0},"south":{"uv":[12.8125,10.0,12.90625,10.59375],"rotation":0,"texture":"#0","tintindex":0},"north":{"uv":[12.8125,8.75,12.90625,9.34375],"rotation":0,"texture":"#0","tintindex":0},"west":{"uv":[11.65625,12.84375,11.75,13.4375],"rotation":0,"texture":"#0","tintindex":0},"up":{"uv":[15.1875,9.53125,15.09375,9.4375],"rotation":0,"texture":"#0","tintindex":0},"down":{"uv":[15.1875,9.5625,15.09375,9.65625],"rotation":0,"texture":"#0","tintindex":0}}},{"from":[6.011439,9.596188,-3.7215052],"to":[8.582868,12.167616,6.5642104],"rotation":{"angle":-45.0,"axis":"x","origin":[7.911439,13.612928,8.017935]},"faces":{"east":{"uv":[11.625,9.1875,12.1875,9.34375],"rotation":0,"texture":"#0","tintindex":0},"south":{"uv":[9.125,14.1875,9.28125,14.34375],"rotation":0,"texture":"#0","tintindex":0},"north":{"uv":[8.9375,14.1875,9.09375,14.34375],"rotation":0,"texture":"#0","tintindex":0},"west":{"uv":[11.71875,0.59375,12.28125,0.75],"rotation":0,"texture":"#0","tintindex":0},"up":{"uv":[11.875,11.21875,11.71875,10.65625],"rotation":0,"texture":"#0","tintindex":0},"down":{"uv":[11.96875,1.75,11.8125,2.3125],"rotation":0,"texture":"#0","tintindex":0}}},{"from":[4.0828676,1.9776278,1.5177984],"to":[6.654296,4.5490565,16.946371],"rotation":{"angle":-45.0,"axis":"x","origin":[3.0471535,5.191914,4.0892277]},"faces":{"east":{"uv":[10.1875,9.71875,11.03125,9.875],"rotation":0,"texture":"#0","tintindex":0},"south":{"uv":[14.3125,10.59375,14.4375,10.75],"rotation":0,"texture":"#0","tintindex":0},"north":{"uv":[10.375,14.3125,10.5,14.46875],"rotation":0,"texture":"#0","tintindex":0},"west":{"uv":[10.25,7.375,11.09375,7.53125],"rotation":0,"texture":"#0","tintindex":0},"up":{"uv":[5.6875,11.9375,5.5625,11.09375],"rotation":0,"texture":"#0","tintindex":0},"down":{"uv":[8.0625,11.09375,7.9375,11.9375],"rotation":0,"texture":"#0","tintindex":0}}},{"from":[6.525725,9.865144,7.1533875],"to":[8.197153,18.093716,9.081959],"rotation":{"angle":45.0,"axis":"x","origin":[7.911439,9.755786,8.017935]},"faces":{"east":{"uv":[8.71875,13.34375,8.8125,13.78125],"rotation":0,"texture":"#0","tintindex":0},"south":{"uv":[8.84375,13.34375,8.9375,13.78125],"rotation":0,"texture":"#0","tintindex":0},"north":{"uv":[8.59375,13.34375,8.6875,13.78125],"rotation":0,"texture":"#0","tintindex":0},"west":{"uv":[13.34375,11.40625,13.4375,11.84375],"rotation":0,"texture":"#0","tintindex":0},"up":{"uv":[8.96875,15.1875,8.875,15.09375],"rotation":0,"texture":"#0","tintindex":0},"down":{"uv":[9.46875,15.09375,9.375,15.1875],"rotation":0,"texture":"#0","tintindex":0}}},{"from":[-3.6314192,7.0247593,9.135639],"to":[-1.0599899,9.596188,19.421352],"rotation":{"angle":-45.0,"axis":"x","origin":[-1.7314186,11.0415,20.875078]},"faces":{"east":{"uv":[12.09375,5.53125,12.65625,5.65625],"rotation":0,"texture":"#0","tintindex":0},"south":{"uv":[1.1875,14.34375,1.34375,14.46875],"rotation":0,"texture":"#0","tintindex":0},"north":{"uv":[1.0,14.34375,1.15625,14.46875],"rotation":0,"texture":"#0","tintindex":0},"west":{"uv":[12.09375,8.8125,12.65625,8.9375],"rotation":0,"texture":"#0","tintindex":0},"up":{"uv":[0.46875,12.40625,0.3125,11.84375],"rotation":0,"texture":"#0","tintindex":0},"down":{"uv":[2.28125,11.84375,2.125,12.40625],"rotation":0,"texture":"#0","tintindex":0}}},{"from":[5.1114388,21.071426,20.855717],"to":[5.7542963,32.0,22.01286],"rotation":{"angle":22.5,"axis":"x","origin":[6.0042963,22.28308,17.517452]},"faces":{"east":{"uv":[1.84375,13.59375,1.90625,14.1875],"rotation":0,"texture":"#0","tintindex":0},"south":{"uv":[12.5,14.34375,12.53125,14.9375],"rotation":0,"texture":"#0","tintindex":0},"north":{"uv":[12.4375,14.34375,12.46875,14.9375],"rotation":0,"texture":"#0","tintindex":0},"west":{"uv":[13.59375,1.875,13.65625,2.46875],"rotation":0,"texture":"#0","tintindex":0},"up":{"uv":[7.9375,15.40625,7.90625,15.34375],"rotation":0,"texture":"#0","tintindex":0},"down":{"uv":[8.0,15.34375,7.96875,15.40625],"rotation":0,"texture":"#0","tintindex":0}}},{"from":[-3.464717,11.172115,22.457851],"to":[-1.6261444,25.3664,24.57928],"rotation":{"angle":22.5,"axis":"x","origin":[0.93013096,20.092129,22.557102]},"faces":{"east":{"uv":[3.0,11.125,3.125,11.90625],"rotation":0,"texture":"#0","tintindex":0},"south":{"uv":[8.90625,11.90625,9.0,12.6875],"rotation":0,"texture":"#0","tintindex":0},"north":{"uv":[8.78125,11.90625,8.875,12.6875],"rotation":0,"texture":"#0","tintindex":0},"west":{"uv":[3.15625,11.125,3.28125,11.90625],"rotation":0,"texture":"#0","tintindex":0},"up":{"uv":[7.4375,15.03125,7.34375,14.90625],"rotation":0,"texture":"#0","tintindex":0},"down":{"uv":[15.0,7.34375,14.90625,7.46875],"rotation":0,"texture":"#0","tintindex":0}}},{"from":[9.620252,21.071426,23.427143],"to":[10.263109,32.0,24.584288],"rotation":{"angle":22.5,"axis":"x","origin":[10.513109,22.28308,20.08888]},"faces":{"east":{"uv":[5.125,13.59375,5.1875,14.1875],"rotation":0,"texture":"#0","tintindex":0},"south":{"uv":[3.59375,14.375,3.625,14.96875],"rotation":0,"texture":"#0","tintindex":0},"north":{"uv":[3.53125,14.375,3.5625,14.96875],"rotation":0,"texture":"#0","tintindex":0},"west":{"uv":[5.21875,13.59375,5.28125,14.1875],"rotation":0,"texture":"#0","tintindex":0},"up":{"uv":[8.46875,15.40625,8.4375,15.34375],"rotation":0,"texture":"#0","tintindex":0},"down":{"uv":[8.53125,15.34375,8.5,15.40625],"rotation":0,"texture":"#0","tintindex":0}}},{"from":[5.6124268,-3.281002,24.083181],"to":[8.440998,13.690427,26.911753],"rotation":{"angle":45.0,"axis":"x","origin":[10.5729885,16.015003,24.77591]},"faces":{"east":{"uv":[2.5,9.21875,2.65625,10.15625],"rotation":0,"texture":"#0","tintindex":0},"south":{"uv":[2.6875,9.21875,2.84375,10.15625],"rotation":0,"texture":"#0","tintindex":0},"north":{"uv":[2.3125,9.21875,2.46875,10.15625],"rotation":0,"texture":"#0","tintindex":0},"west":{"uv":[2.875,9.21875,3.03125,10.15625],"rotation":0,"texture":"#0","tintindex":0},"up":{"uv":[5.84375,14.34375,5.6875,14.1875],"rotation":0,"texture":"#0","tintindex":0},"down":{"uv":[6.03125,14.1875,5.875,14.34375],"rotation":0,"texture":"#0","tintindex":0}}},{"from":[9.105966,12.030516,15.652992],"to":[10.777394,22.830517,17.581562],"rotation":{"angle":45.0,"axis":"x","origin":[10.898823,12.737984,16.61728]},"faces":{"east":{"uv":[2.40625,12.875,2.5,13.46875],"rotation":0,"texture":"#0","tintindex":0},"south":{"uv":[12.875,2.5,12.96875,3.09375],"rotation":0,"texture":"#0","tintindex":0},"north":{"uv":[2.28125,12.875,2.375,13.46875],"rotation":0,"texture":"#0","tintindex":0},"west":{"uv":[2.53125,12.875,2.625,13.46875],"rotation":0,"texture":"#0","tintindex":0},"up":{"uv":[10.03125,15.1875,9.9375,15.09375],"rotation":0,"texture":"#0","tintindex":0},"down":{"uv":[10.15625,15.09375,10.0625,15.1875],"rotation":0,"texture":"#0","tintindex":0}}},{"from":[5.1114388,21.071426,20.855717],"to":[5.7542963,32.0,22.01286],"rotation":{"angle":22.5,"axis":"x","origin":[6.0042963,22.28308,17.517452]},"faces":{"east":{"uv":[5.03125,13.59375,5.09375,14.1875],"rotation":0,"texture":"#0","tintindex":0},