{"textures":{"0":"mineinabyss:mobs/orbpiercer"},"elements":[{"from":[9.171696,11.428571,18.257456],"to":[10.071696,32.0,19.286028],"rotation":{"angle":22.5,"axis":"x","origin":[9.514553,-1.4784937,9.714286]},"faces":{"east":{"uv":[4.375,11.84375,4.4375,12.96875],"rotation":0,"texture":"#0","tintindex":0},"south":{"uv":[9.03125,11.90625,9.09375,13.03125],"rotation":0,"texture":"#0","tintindex":0},"north":{"uv":[4.84375,11.34375,4.90625,12.46875],"rotation":0,"texture":"#0","tintindex":0},"west":{"uv":[11.90625,9.65625,11.96875,10.78125],"rotation":0,"texture":"#0","tintindex":0},"up":{"uv":[9.9375,6.875,9.875,6.8125],"rotation":0,"texture":"#0","tintindex":0},"down":{"uv":[10.3125,8.3125,10.25,8.375],"rotation":0,"texture":"#0","tintindex":0}}},{"from":[11.05741,0.2857132,10.971742],"to":[11.957411,14.857142,12.000313],"rotation":{"angle":22.5,"axis":"x","origin":[11.400268,0.23579216,8.0]},"faces":{"east":{"uv":[2.03125,9.34375,2.09375,10.125],"rotation":0,"texture":"#0","tintindex":0},"south":{"uv":[12.375,2.0625,12.4375,2.84375],"rotation":0,"texture":"#0","tintindex":0},"north":{"uv":[3.84375,4.5625,3.90625,5.34375],"rotation":0,"texture":"#0","tintindex":0},"west":{"uv":[7.5,12.96875,7.5625,13.75],"rotation":0,"texture":"#0","tintindex":0},"up":{"uv":[12.09375,14.09375,12.03125,14.03125],"rotation":0,"texture":"#0","tintindex":0},"down":{"uv":[14.28125,9.5625,14.21875,9.625],"rotation":0,"texture":"#0","tintindex":0}}},{"from":[5.520026,-1.4285727,21.257456],"to":[6.4200263,19.142857,22.286028],"rotation":{"angle":22.5,"axis":"x","origin":[6.077169,-1.4784937,18.285715]},"faces":{"east":{"uv":[10.40625,11.90625,10.46875,13.03125],"rotation":0,"texture":"#0","tintindex":0},"south":{"uv":[10.5,11.90625,10.5625,13.03125],"rotation":0,"texture":"#0","tintindex":0},"north":{"uv":[9.8125,11.90625,9.875,13.03125],"rotation":0,"texture":"#0","tintindex":0},"west":{"uv":[10.59375,11.90625,10.65625,13.03125],"rotation":0,"texture":"#0","tintindex":0},"up":{"uv":[11.125,8.875,11.0625,8.8125],"rotation":0,"texture":"#0","tintindex":0},"down":{"uv":[13.0625,12.1875,13.0,12.25],"rotation":0,"texture":"#0","tintindex":0}}},{"from":[7.234312,0.2857132,10.971742],"to":[8.134312,14.857142,12.000313],"rotation":{"angle":22.5,"axis":"x","origin":[7.791455,0.23579216,8.0]},"faces":{"east":{"uv":[13.0,10.5625,13.0625,11.34375],"rotation":0,"texture":"#0","tintindex":0},"south":{"uv":[13.0,11.375,13.0625,12.15625],"rotation":0,"texture":"#0","tintindex":0},"north":{"uv":[4.375,13.0,4.4375,13.78125],"rotation":0,"texture":"#0","tintindex":0},"west":{"uv":[11.9375,13.0,12.0,13.78125],"rotation":0,"texture":"#0","tintindex":0},"up":{"uv":[15.125,5.71875,15.0625,5.65625],"rotation":0,"texture":"#0","tintindex":0},"down":{"uv":[14.0,15.28125,13.9375,15.34375],"rotation":0,"texture":"#0","tintindex":0}}},{"from":[12.771696,-1.4285727,21.257456],"to":[13.671697,19.142857,22.286028],"rotation":{"angle":22.5,"axis":"x","origin":[13.114553,-1.4784937,18.285715]},"faces":{"east":{"uv":[0.59375,11.9375,0.65625,13.0625],"rotation":0,"texture":"#0","tintindex":0},"south":{"uv":[0.6875,11.9375,0.75,13.0625],"rotation":0,"texture":"#0","tintindex":0},"north":{"uv":[0.5,11.9375,0.5625,13.0625],"rotation":0,"texture":"#0","tintindex":0},"west":{"uv":[0.78125,11.9375,0.84375,13.0625],"rotation":0,"texture":"#0","tintindex":0},"up":{"uv":[13.15625,14.03125,13.09375,13.96875],"rotation":0,"texture":"#0","tintindex":0},"down":{"uv":[2.1875,14.03125,2.125,14.09375],"rotation":0,"texture":"#0","tintindex":0}}}],"display":{"head":{"translation":[0.0,-2.7717423,0.0],"scale":[4.0,4.0,4.0]}}}