{"textures":{"0":"mineinabyss:entity/mobs/orbpiercer"},"elements":[{"from":[3.8013344,4.147622,-10.370621],"to":[6.3727627,6.7190504,9.62938],"rotation":{"angle":-45.0,"axis":"x","origin":[5.1299057,8.164363,11.083105]},"faces":{"east":{"uv":[11.5,8.8125,12.0625,8.96875],"rotation":0,"texture":"#0","tintindex":0},"south":{"uv":[7.15625,14.15625,7.3125,14.3125],"rotation":0,"texture":"#0","tintindex":0},"north":{"uv":[14.15625,6.96875,14.3125,7.125],"rotation":0,"texture":"#0","tintindex":0},"west":{"uv":[11.5,9.0,12.0625,9.15625],"rotation":0,"texture":"#0","tintindex":0},"up":{"uv":[3.71875,12.1875,3.5625,11.625],"rotation":0,"texture":"#0","tintindex":0},"down":{"uv":[7.6875,11.625,7.53125,12.1875],"rotation":0,"texture":"#0","tintindex":0}}},{"from":[-5.041523,0.9811163,14.177471],"to":[-3.3700953,9.209688,16.106043],"rotation":{"angle":22.5,"axis":"x","origin":[-3.5843801,5.306609,14.426969]},"faces":{"east":{"uv":[13.1875,4.5625,13.28125,5.0],"rotation":0,"texture":"#0","tintindex":0},"south":{"uv":[13.1875,10.15625,13.28125,10.59375],"rotation":0,"texture":"#0","tintindex":0},"north":{"uv":[4.0,13.1875,4.09375,13.625],"rotation":0,"texture":"#0","tintindex":0},"west":{"uv":[13.1875,10.625,13.28125,11.0625],"rotation":0,"texture":"#0","tintindex":0},"up":{"uv":[4.1875,15.15625,4.09375,15.0625],"rotation":0,"texture":"#0","tintindex":0},"down":{"uv":[4.3125,15.0625,4.21875,15.15625],"rotation":0,"texture":"#0","tintindex":0}}},{"from":[10.110147,11.42857,16.626274],"to":[11.010147,29.42857,17.654846],"rotation":{"angle":22.5,"axis":"x","origin":[10.453004,11.378649,13.654533]},"faces":{"east":{"uv":[5.875,12.40625,5.9375,13.375],"rotation":0,"texture":"#0","tintindex":0},"south":{"uv":[5.96875,12.40625,6.03125,13.375],"rotation":0,"texture":"#0","tintindex":0},"north":{"uv":[5.78125,12.40625,5.84375,13.375],"rotation":0,"texture":"#0","tintindex":0},"west":{"uv":[6.0625,12.40625,6.125,13.375],"rotation":0,"texture":"#0","tintindex":0},"up":{"uv":[15.375,5.5625,15.3125,5.5],"rotation":0,"texture":"#0","tintindex":0},"down":{"uv":[6.125,15.3125,6.0625,15.375],"rotation":0,"texture":"#0","tintindex":0}}},{"from":[19.524433,0.9811163,14.177471],"to":[21.195862,9.209688,16.106043],"rotation":{"angle":22.5,"axis":"x","origin":[19.73872,5.306609,14.426969]},"faces":{"east":{"uv":[13.25,6.0,13.34375,6.4375],"rotation":0,"texture":"#0","tintindex":0},"south":{"uv":[13.25,8.125,13.34375,8.5625],"rotation":0,"texture":"#0","tintindex":0},"north":{"uv":[13.25,1.875,13.34375,2.3125],"rotation":0,"texture":"#0","tintindex":0},"west":{"uv":[13.25,8.59375,13.34375,9.03125],"rotation":0,"texture":"#0","tintindex":0},"up":{"uv":[15.15625,7.5625,15.0625,7.46875],"rotation":0,"texture":"#0","tintindex":0},"down":{"uv":[15.15625,7.59375,15.0625,7.6875],"rotation":0,"texture":"#0","tintindex":0}}},{"from":[-2.8843803,11.33296,18.770866],"to":[-2.2415228,21.618675,19.799438],"rotation":{"angle":22.5,"axis":"x","origin":[-2.5843801,7.7853565,16.986523]},"faces":{"east":{"uv":[13.625,13.0625,13.6875,13.625],"rotation":0,"texture":"#0","tintindex":0},"south":{"uv":[8.0625,14.5625,8.09375,15.125],"rotation":0,"texture":"#0","tintindex":0},"north":{"uv":[3.46875,14.5625,3.5,15.125],"rotation":0,"texture":"#0","tintindex":0},"west":{"uv":[3.75,13.65625,3.8125,14.21875],"rotation":0,"texture":"#0","tintindex":0},"up":{"uv":[0.90625,15.40625,0.875,15.34375],"rotation":0,"texture":"#0","tintindex":0},"down":{"uv":[15.375,0.90625,15.34375,0.96875],"rotation":0,"texture":"#0","tintindex":0}}},{"from":[-0.6986656,4.6138744,9.3026085],"to":[1.8727627,7.1853027,24.73118],"rotation":{"angle":-22.5,"axis":"x","origin":[0.6299052,9.218886,27.520294]},"faces":{"east":{"uv":[10.8125,1.09375,11.65625,1.21875],"rotation":0,"texture":"#0","tintindex":0},"south":{"uv":[14.28125,11.65625,14.4375,11.78125],"rotation":0,"texture":"#0","tintindex":0},"north":{"uv":[11.3125,14.28125,11.46875,14.40625],"rotation":0,"texture":"#0","tintindex":0},"west":{"uv":[10.84375,0.15625,11.6875,0.28125],"rotation":0,"texture":"#0","tintindex":0},"up":{"uv":[6.78125,10.53125,6.625,9.6875],"rotation":0,"texture":"#0","tintindex":0},"down":{"uv":[6.96875,9.6875,6.8125,10.53125],"rotation":0,"texture":"#0","tintindex":0}}},{"from":[13.710147,4.6138744,9.3026085],"to":[16.281576,7.1853027,24.73118],"rotation":{"angle":-22.5,"axis":"x","origin":[14.953005,9.218886,27.520294]},"faces":{"east":{"uv":[10.84375,6.90625,11.6875,7.03125],"rotation":0,"texture":"#0","tintindex":0},"south":{"uv":[3.3125,14.8125,3.4375,14.9375],"rotation":0,"texture":"#0","tintindex":0},"north":{"uv":[9.3125,9.5625,9.4375,9.6875],"rotation":0,"texture":"#0","tintindex":0},"west":{"uv":[10.84375,7.0625,11.6875,7.1875],"rotation":0,"texture":"#0","tintindex":0},"up":{"uv":[10.125,11.8125,10.0,10.96875],"rotation":0,"texture":"#0","tintindex":0},"down":{"uv":[0.125,11.0,0.0,11.84375],"rotation":0,"texture":"#0","tintindex":0}}},{"from":[-4.9129524,-8.140266,13.759918],"to":[-2.3415241,2.1454477,16.331348],"rotation":{"angle":22.5,"axis":"x","origin":[-3.5843801,5.306609,14.426969]},"faces":{"east":{"uv":[11.65625,2.53125,11.8125,3.09375],"rotation":0,"texture":"#0","tintindex":0},"south":{"uv":[11.65625,4.3125,11.8125,4.875],"rotation":0,"texture":"#0","tintindex":0},"north":{"uv":[11.625,11.5,11.78125,12.0625],"rotation":0,"texture":"#0","tintindex":0},"west":{"uv":[11.6875,0.90625,11.84375,1.46875],"rotation":0,"texture":"#0","tintindex":0},"up":{"uv":[14.3125,7.6875,14.15625,7.53125],"rotation":0,"texture":"#0","tintindex":0},"down":{"uv":[14.3125,7.71875,14.15625,7.875],"rotation":0,"texture":"#0","tintindex":0}}},{"from":[-3.3986654,6.274994,13.791188],"to":[-1.7272377,8.203566,22.01976],"rotation":{"angle":-45.0,"axis":"x","origin":[-2.5843801,7.7853565,16.986523]},"faces":{"east":{"uv":[13.0,7.53125,13.4375,7.625],"rotation":0,"texture":"#0","tintindex":0},"south":{"uv":[15.0625,6.375,15.15625,6.46875],"rotation":0,"texture":"#0","tintindex":0},"north":{"uv":[4.84375,15.0625,4.9375,15.15625],"rotation":0,"texture":"#0","tintindex":0},"west":{"uv":[13.0,7.65625,13.4375,7.75],"rotation":0,"texture":"#0","tintindex":0},"up":{"uv":[13.28125,11.53125,13.1875,11.09375],"rotation":0,"texture":"#0","tintindex":0},"down":{"uv":[13.28125,12.625,13.1875,13.0625],"rotation":0,"texture":"#0","tintindex":0}}},{"from":[16.924433,5.8436813,-0.55530167],"to":[19.495861,8.41511,14.87327],"rotation":{"angle":-45.0,"axis":"x","origin":[18.16729,7.7853565,16.986523]},"faces":{"east":{"uv":[9.5625,0.0,10.40625,0.15625],"rotation":0,"texture":"#0","tintindex":0},"south":{"uv":[14.15625,4.0625,14.3125,4.21875],"rotation":0,"texture":"#0","tintindex":0},"north":{"uv":[3.21875,14.15625,3.375,14.3125],"rotation":0,"texture":"#0","tintindex":0},"west":{"uv":[9.5625,2.21875,10.40625,2.375],"rotation":0,"texture":"#0","tintindex":0},"up":{"uv":[9.09375,10.46875,8.9375,9.625],"rotation":0,"texture":"#0","tintindex":0},"down":{"uv":[9.28125,9.625,9.125,10.46875],"rotation":0,"texture":"#0","tintindex":0}}},{"from":[20.681576,7.8982286,15.939369],"to":[21.324432,18.8268,16.967941],"rotation":{"angle":0.0,"axis":"y","origin":[19.73872,5.306609,14.426969]},"faces":{"east":{"uv":[13.5,9.28125,13.5625,9.875],"rotation":0,"texture":"#0","tintindex":0},"south":{"uv":[0.3125,14.21875,0.34375,14.8125],"rotation":0,"texture":"#0","tintindex":0},"north":{"uv":[0.25,14.21875,0.28125,14.8125],"rotation":0,"texture":"#0","tintindex":0},"west":{"uv":[1.09375,13.53125,1.15625,14.125],"rotation":0,"texture":"#0","tintindex":0},"up":{"uv":[1.09375,15.40625,1.0625,15.34375],"rotation":0,"texture":"#0","tintindex":0},"down":{"uv":[1.15625,15.34375,1.125,15.40625],"rotation":0,"texture":"#0","tintindex":0}}},{"from":[9.595861,4.4165773,10.218557],"to":[11.26729,12.645149,12.147129],"rotation":{"angle":45.0,"axis":"x","origin":[10.453004,4.3072205,11.083105]},"faces":{"east":{"uv":[13.21875,12.03125,13.3125,12.46875],"rotation":0,"texture":"#0","tintindex":0},