{"textures":{"0":"modelengine:entity/tamaugachi"},"elements":[{"name":"cube","from":[9.140281,10.040002,18.83033],"to":[10.265281,32.0,19.790329],"rotation":{"angle":22.5,"axis":"x","origin":[9.590281,-3.5124173,9.8]},"faces":{"down":{"uv":[4.65625,15.3125,4.59375,15.375],"rotation":0,"texture":"#0","tintindex":0},"east":{"uv":[12.0,9.65625,12.0625,10.78125],"rotation":0,"texture":"#0","tintindex":0},"north":{"uv":[12.0,7.34375,12.0625,8.46875],"rotation":0,"texture":"#0","tintindex":0},"south":{"uv":[12.03125,1.0625,12.09375,2.1875],"rotation":0,"texture":"#0","tintindex":0},"up":{"uv":[15.375,4.59375,15.3125,4.53125],"rotation":0,"texture":"#0","tintindex":0},"west":{"uv":[3.75,12.03125,3.8125,13.15625],"rotation":0,"texture":"#0","tintindex":0}}},{"name":"cube","from":[5.3060274,-3.460001,21.980331],"to":[6.4310274,18.32,22.94033],"rotation":{"angle":22.5,"axis":"x","origin":[5.9810276,-3.5124173,18.8]},"faces":{"down":{"uv":[15.375,4.84375,15.3125,4.90625],"rotation":0,"texture":"#0","tintindex":0},"east":{"uv":[3.9375,12.03125,4.0,13.15625],"rotation":0,"texture":"#0","tintindex":0},"north":{"uv":[3.84375,12.03125,3.90625,13.15625],"rotation":0,"texture":"#0","tintindex":0},"south":{"uv":[4.03125,12.03125,4.09375,13.15625],"rotation":0,"texture":"#0","tintindex":0},"up":{"uv":[4.875,15.375,4.8125,15.3125],"rotation":0,"texture":"#0","tintindex":0},"west":{"uv":[12.03125,11.125,12.09375,12.25],"rotation":0,"texture":"#0","tintindex":0}}},{"name":"cube","from":[12.920281,-3.460001,21.980331],"to":[14.045281,18.2,22.94033],"rotation":{"angle":22.5,"axis":"x","origin":[13.370281,-3.5124173,18.8]},"faces":{"down":{"uv":[15.375,5.03125,15.3125,5.09375],"rotation":0,"texture":"#0","tintindex":0},"east":{"uv":[10.78125,12.0625,10.84375,13.1875],"rotation":0,"texture":"#0","tintindex":0},"north":{"uv":[10.6875,12.0625,10.75,13.1875],"rotation":0,"texture":"#0","tintindex":0},"south":{"uv":[10.875,12.0625,10.9375,13.1875],"rotation":0,"texture":"#0","tintindex":0},"up":{"uv":[15.375,5.0,15.3125,4.9375],"rotation":0,"texture":"#0","tintindex":0},"west":{"uv":[10.96875,12.0625,11.03125,13.1875],"rotation":0,"texture":"#0","tintindex":0}}},{"name":"cube","from":[11.120281,-1.6600008,11.180326],"to":[12.245281,13.76,12.140328],"rotation":{"angle":22.5,"axis":"x","origin":[11.570281,-1.7124171,8.0]},"faces":{"down":{"uv":[15.375,5.21875,15.3125,5.28125],"rotation":0,"texture":"#0","tintindex":0},"east":{"uv":[0.8125,13.09375,0.875,13.875],"rotation":0,"texture":"#0","tintindex":0},"north":{"uv":[0.71875,13.09375,0.78125,13.875],"rotation":0,"texture":"#0","tintindex":0},"south":{"uv":[0.90625,13.09375,0.96875,13.875],"rotation":0,"texture":"#0","tintindex":0},"up":{"uv":[15.375,5.1875,15.3125,5.125],"rotation":0,"texture":"#0","tintindex":0},"west":{"uv":[1.0,13.09375,1.0625,13.875],"rotation":0,"texture":"#0","tintindex":0}}},{"name":"cube","from":[7.1060276,-1.6600008,11.180326],"to":[8.231028,13.700001,12.140328],"rotation":{"angle":22.5,"axis":"x","origin":[7.781028,-1.7124171,8.0]},"faces":{"down":{"uv":[15.375,5.3125,15.3125,5.375],"rotation":0,"texture":"#0","tintindex":0},"east":{"uv":[2.90625,13.09375,2.96875,13.875],"rotation":0,"texture":"#0","tintindex":0},"north":{"uv":[2.8125,13.09375,2.875,13.875],"rotation":0,"texture":"#0","tintindex":0},"south":{"uv":[3.0,13.09375,3.0625,13.875],"rotation":0,"texture":"#0","tintindex":0},"up":{"uv":[5.34375,15.375,5.28125,15.3125],"rotation":0,"texture":"#0","tintindex":0},"west":{"uv":[3.09375,13.09375,3.15625,13.875],"rotation":0,"texture":"#0","tintindex":0}}}],"display":{"head":{"translation":[0.0,2.9796891,0.0],"rotation":[0.0,0.0,0.0],"scale":[3.8095,3.8095,3.8095]}}}