{"textures":{"0":"modelengine:entity/tamaugachi"},"elements":[{"name":"tail_spines_0","from":[3.887011,0.476511,1.1936891],"to":[6.5870113,3.1765108,17.393688],"rotation":{"angle":-45.0,"axis":"x","origin":[2.799511,3.851511,3.8936887]},"faces":{"down":{"uv":[5.53125,11.09375,5.40625,11.9375],"rotation":0,"texture":"#0","tintindex":0},"east":{"uv":[10.09375,6.4375,10.9375,6.59375],"rotation":0,"texture":"#0","tintindex":0},"north":{"uv":[14.3125,9.5625,14.4375,9.71875],"rotation":0,"texture":"#0","tintindex":0},"south":{"uv":[10.21875,14.3125,10.34375,14.46875],"rotation":0,"texture":"#0","tintindex":0},"up":{"uv":[5.375,11.9375,5.25,11.09375],"rotation":0,"texture":"#0","tintindex":0},"west":{"uv":[0.375,10.1875,1.21875,10.34375],"rotation":0,"texture":"#0","tintindex":0}}},{"name":"tail_spines_1","from":[4.427011,11.03204,13.335641],"to":[6.1820107,22.37204,15.3606415],"rotation":{"angle":45.0,"axis":"x","origin":[5.499511,11.774887,14.348141]},"faces":{"down":{"uv":[15.1875,3.625,15.09375,3.71875],"rotation":0,"texture":"#0","tintindex":0},"east":{"uv":[6.375,12.78125,6.46875,13.375],"rotation":0,"texture":"#0","tintindex":0},"north":{"uv":[6.25,12.78125,6.34375,13.375],"rotation":0,"texture":"#0","tintindex":0},"south":{"uv":[6.5,12.78125,6.59375,13.375],"rotation":0,"texture":"#0","tintindex":0},"up":{"uv":[15.1875,3.59375,15.09375,3.5],"rotation":0,"texture":"#0","tintindex":0},"west":{"uv":[12.78125,12.5,12.875,13.09375],"rotation":0,"texture":"#0","tintindex":0}}},{"name":"tail_spines_2","from":[4.967011,20.524998,21.4985],"to":[5.6420107,32.0,22.713501],"rotation":{"angle":22.5,"axis":"x","origin":[5.904511,21.797234,17.993324]},"faces":{"down":{"uv":[8.0,15.34375,7.96875,15.40625],"rotation":0,"texture":"#0","tintindex":0},"east":{"uv":[1.84375,13.59375,1.90625,14.1875],"rotation":0,"texture":"#0","tintindex":0},"north":{"uv":[12.4375,14.34375,12.46875,14.9375],"rotation":0,"texture":"#0","tintindex":0},"south":{"uv":[12.5,14.34375,12.53125,14.9375],"rotation":0,"texture":"#0","tintindex":0},"up":{"uv":[7.9375,15.40625,7.90625,15.34375],"rotation":0,"texture":"#0","tintindex":0},"west":{"uv":[13.59375,1.875,13.65625,2.46875],"rotation":0,"texture":"#0","tintindex":0}}},{"name":"tail_spines_6","from":[6.087048,12.155724,26.555744],"to":[8.017549,27.059723,28.783245],"rotation":{"angle":22.5,"axis":"x","origin":[10.701637,21.521736,26.659958]},"faces":{"down":{"uv":[1.25,14.90625,1.15625,15.03125],"rotation":0,"texture":"#0","tintindex":0},"east":{"uv":[1.03125,11.125,1.15625,11.90625],"rotation":0,"texture":"#0","tintindex":0},"north":{"uv":[8.53125,11.90625,8.625,12.6875],"rotation":0,"texture":"#0","tintindex":0},"south":{"uv":[8.65625,11.90625,8.75,12.6875],"rotation":0,"texture":"#0","tintindex":0},"up":{"uv":[1.125,15.03125,1.03125,14.90625],"rotation":0,"texture":"#0","tintindex":0},"west":{"uv":[2.84375,11.125,2.96875,11.90625],"rotation":0,"texture":"#0","tintindex":0}}},{"name":"tail_spines_7","from":[5.493048,-5.0450506,24.88734],"to":[8.463049,12.774948,27.857342],"rotation":{"angle":45.0,"axis":"x","origin":[10.701637,15.215752,25.614704]},"faces":{"down":{"uv":[6.03125,14.1875,5.875,14.34375],"rotation":0,"texture":"#0","tintindex":0},"east":{"uv":[2.5,9.21875,2.65625,10.15625],"rotation":0,"texture":"#0","tintindex":0},"north":{"uv":[2.3125,9.21875,2.46875,10.15625],"rotation":0,"texture":"#0","tintindex":0},"south":{"uv":[2.6875,9.21875,2.84375,10.15625],"rotation":0,"texture":"#0","tintindex":0},"up":{"uv":[5.84375,14.34375,5.6875,14.1875],"rotation":0,"texture":"#0","tintindex":0},"west":{"uv":[2.875,9.21875,3.03125,10.15625],"rotation":0,"texture":"#0","tintindex":0}}},{"name":"tail_spines_8","from":[-4.6319513,-7.070051,21.51234],"to":[-1.661952,10.749947,24.482342],"rotation":{"angle":45.0,"axis":"x","origin":[0.57663727,13.190754,22.239704]},"faces":{"down":{"uv":[8.1875,14.1875,8.03125,14.34375],"rotation":0,"texture":"#0","tintindex":0},"east":{"uv":[3.25,9.21875,3.40625,10.15625],"rotation":0,"texture":"#0","tintindex":0},"north":{"uv":[3.0625,9.21875,3.21875,10.15625],"rotation":0,"texture":"#0","tintindex":0},"south":{"uv":[3.4375,9.21875,3.59375,10.15625],"rotation":0,"texture":"#0","tintindex":0},"up":{"uv":[8.0,14.34375,7.84375,14.1875],"rotation":0,"texture":"#0","tintindex":0},"west":{"uv":[3.625,9.21875,3.78125,10.15625],"rotation":0,"texture":"#0","tintindex":0}}},{"name":"tail_spines_9","from":[-4.0379515,10.130722,23.180744],"to":[-2.107452,25.034721,25.408245],"rotation":{"angle":22.5,"axis":"x","origin":[0.57663727,19.496735,23.284958]},"faces":{"down":{"uv":[15.0,7.34375,14.90625,7.46875],"rotation":0,"texture":"#0","tintindex":0},"east":{"uv":[3.0,11.125,3.125,11.90625],"rotation":0,"texture":"#0","tintindex":0},"north":{"uv":[8.78125,11.90625,8.875,12.6875],"rotation":0,"texture":"#0","tintindex":0},"south":{"uv":[8.90625,11.90625,9.0,12.6875],"rotation":0,"texture":"#0","tintindex":0},"up":{"uv":[7.4375,15.03125,7.34375,14.90625],"rotation":0,"texture":"#0","tintindex":0},"west":{"uv":[3.15625,11.125,3.28125,11.90625],"rotation":0,"texture":"#0","tintindex":0}}},{"name":"tail_spines_12","from":[6.452011,8.7584,7.1110573],"to":[8.207011,17.398403,9.136057],"rotation":{"angle":45.0,"axis":"x","origin":[7.907011,8.643578,8.018831]},"faces":{"down":{"uv":[9.46875,15.09375,9.375,15.1875],"rotation":0,"texture":"#0","tintindex":0},"east":{"uv":[8.71875,13.34375,8.8125,13.78125],"rotation":0,"texture":"#0","tintindex":0},"north":{"uv":[8.59375,13.34375,8.6875,13.78125],"rotation":0,"texture":"#0","tintindex":0},"south":{"uv":[8.84375,13.34375,8.9375,13.78125],"rotation":0,"texture":"#0","tintindex":0},"up":{"uv":[8.96875,15.1875,8.875,15.09375],"rotation":0,"texture":"#0","tintindex":0},"west":{"uv":[13.34375,11.40625,13.4375,11.84375],"rotation":0,"texture":"#0","tintindex":0}}},{"name":"tail_spines_13","from":[6.902011,14.778854,13.675753],"to":[7.982011,27.378857,14.800753],"rotation":{"angle":22.5,"axis":"x","origin":[8.042011,14.71489,14.238253]},"faces":{"down":{"uv":[9.8125,15.3125,9.75,15.375],"rotation":0,"texture":"#0","tintindex":0},"east":{"uv":[1.28125,13.34375,1.34375,14.0],"rotation":0,"texture":"#0","tintindex":0},"north":{"uv":[2.0,13.125,2.0625,13.78125],"rotation":0,"texture":"#0","tintindex":0},"south":{"uv":[12.03125,13.34375,12.09375,14.0],"rotation":0,"texture":"#0","tintindex":0},"up":{"uv":[15.375,9.59375,15.3125,9.53125],"rotation":0,"texture":"#0","tintindex":0},"west":{"uv":[12.53125,13.34375,12.59375,14.0],"rotation":0,"texture":"#0","tintindex":0}}},{"name":"tail_spines_13","from":[5.9120107,8.475998,-4.30758],"to":[8.612011,11.175999,6.492421],"rotation":{"angle":-45.0,"axis":"x","origin":[7.907011,12.693577,8.018831]},"faces":{"down":{"uv":[11.96875,1.75,11.8125,2.3125],"rotation":0,"texture":"#0","tintindex":0},"east":{"uv":[11.625,9.1875,12.1875,9.34375],"rotation":0,"texture":"#0","tintindex":0},"north":{"uv":[8.9375,14.1875,9.09375,14.34375],"rotation":0,"texture":"#0","tintindex":0},"south":{"uv":[9.125,14.1875,9.28125,14.34375],"rotation":0,"texture":"#0","tintindex":0},"up":{"uv":[11.875,11.21875,11.71875,10.65625],"rotation":0,"texture":"#0","tintindex":0},"west":{"uv":[11.71875,0.59375,12.28125,0.75],"rotation":0,"texture":"#0","tintindex":0}}},{"name":"tail_spines_14","from":[4.967011,20.524998,21.4985],"to":[5.6420107,32.0,22.713501],"rotation":{"angle":22.5,"axis":"x","origin":[5.904511,21.797234,17.993324]},"faces":{"down":{"uv":[8.40625,15.34375,8.375,15.40625],"rotation":0,"texture":"#0","tintindex":0},"east":{"uv":[5.03125,13.59375,5.09375,14.1875],"rotation":0,"texture":"#0","tintindex":0},"north":{"uv":[13.9375,14.34375,13.96875,14.9375],"rotation":0,"texture":"#0","tintindex":0},"south":{"uv":[14.0,14.34375,14.03125,14.9375],"rotation":0,"texture":"#0","tintindex":0},"up":{"uv":[8.34375,15.40625,8.3125,15.34375],"rotation":0,"texture":"#0","tintindex":0},"west":{"uv":[13.59375,5.0625,13.65625,5.65625],"rotation":0,"texture":"#0",