{"textures":{"0":"modelengine:entity/tamaugachi"},"elements":[{"from":[0.5415182,3.7270303,13.132677],"to":[14.941519,15.87703,24.832678],"rotation":{"angle":22.5,"axis":"x","origin":[8.641519,12.727031,19.432678]},"faces":{"east":{"uv":[3.9375,0.90625,4.84375,1.84375],"rotation":0,"texture":"#0","tintindex":0},"south":{"uv":[2.78125,2.125,3.90625,3.0625],"rotation":0,"texture":"#0","tintindex":0},"north":{"uv":[2.78125,1.15625,3.90625,2.09375],"rotation":0,"texture":"#0","tintindex":0},"west":{"uv":[3.9375,1.875,4.84375,2.8125],"rotation":0,"texture":"#0","tintindex":0},"up":{"uv":[3.90625,4.0,2.78125,3.09375],"rotation":0,"texture":"#0","tintindex":0},"down":{"uv":[1.125,3.4375,0.0,4.34375],"rotation":0,"texture":"#0","tintindex":0}}},{"from":[11.409136,9.225476,18.16201],"to":[13.209137,11.025476,28.962011],"rotation":{"angle":-45.0,"axis":"x","origin":[7.5064607,8.925476,24.16201]},"faces":{"east":{"uv":[9.375,7.46875,10.21875,7.625],"rotation":0,"texture":"#0","tintindex":0},"south":{"uv":[12.0625,14.21875,12.1875,14.375],"rotation":0,"texture":"#0","tintindex":0},"north":{"uv":[10.5,14.125,10.625,14.28125],"rotation":0,"texture":"#0","tintindex":0},"west":{"uv":[9.375,7.65625,10.21875,7.8125],"rotation":0,"texture":"#0","tintindex":0},"up":{"uv":[7.75,11.59375,7.625,10.75],"rotation":0,"texture":"#0","tintindex":0},"down":{"uv":[7.90625,10.84375,7.78125,11.6875],"rotation":0,"texture":"#0","tintindex":0}}},{"from":[6.9415183,1.9270306,-7.5673237],"to":[15.941519,16.32703,5.0326767],"rotation":{"angle":22.5,"axis":"y","origin":[12.241518,8.227031,-2.167323]},"faces":{"east":{"uv":[1.75,2.3125,2.75,3.4375],"rotation":0,"texture":"#0","tintindex":0},"south":{"uv":[4.40625,5.46875,5.125,6.59375],"rotation":0,"texture":"#0","tintindex":0},"north":{"uv":[3.65625,5.4375,4.375,6.5625],"rotation":0,"texture":"#0","tintindex":0},"west":{"uv":[2.78125,0.0,3.78125,1.125],"rotation":0,"texture":"#0","tintindex":0},"up":{"uv":[6.4375,1.0,5.71875,0.0],"rotation":0,"texture":"#0","tintindex":0},"down":{"uv":[6.4375,1.03125,5.71875,2.03125],"rotation":0,"texture":"#0","tintindex":0}}},{"from":[4.809136,7.2254763,16.16201],"to":[6.609136,9.025476,26.962011],"rotation":{"angle":-45.0,"axis":"x","origin":[7.5064607,8.925476,24.16201]},"faces":{"east":{"uv":[9.4375,0.90625,10.28125,1.0625],"rotation":0,"texture":"#0","tintindex":0},"south":{"uv":[14.25,11.28125,14.375,11.4375],"rotation":0,"texture":"#0","tintindex":0},"north":{"uv":[14.25,11.09375,14.375,11.25],"rotation":0,"texture":"#0","tintindex":0},"west":{"uv":[9.4375,2.65625,10.28125,2.8125],"rotation":0,"texture":"#0","tintindex":0},"up":{"uv":[6.78125,11.8125,6.65625,10.96875],"rotation":0,"texture":"#0","tintindex":0},"down":{"uv":[6.9375,10.96875,6.8125,11.8125],"rotation":0,"texture":"#0","tintindex":0}}},{"from":[1.7415185,13.927031,0.9826765],"to":[13.741518,20.977032,12.232677],"rotation":{"angle":0.0,"axis":"y","origin":[-3.0584822,8.527031,-5.167323]},"faces":{"east":{"uv":[7.28125,0.71875,8.15625,1.28125],"rotation":0,"texture":"#0","tintindex":0},"south":{"uv":[7.03125,6.375,7.96875,6.9375],"rotation":0,"texture":"#0","tintindex":0},"north":{"uv":[7.03125,5.78125,7.96875,6.34375],"rotation":0,"texture":"#0","tintindex":0},"west":{"uv":[7.28125,1.3125,8.15625,1.875],"rotation":0,"texture":"#0","tintindex":0},"up":{"uv":[0.9375,5.25,0.0,4.375],"rotation":0,"texture":"#0","tintindex":0},"down":{"uv":[1.90625,4.375,0.96875,5.25],"rotation":0,"texture":"#0","tintindex":0}}},{"from":[2.3415184,2.3770304,-6.667323],"to":[13.141519,8.677031,14.932676],"rotation":{"angle":-22.5,"axis":"x","origin":[8.641519,3.7270303,2.332677]},"faces":{"east":{"uv":[3.9375,2.84375,5.625,3.34375],"rotation":0,"texture":"#0","tintindex":0},"south":{"uv":[3.09375,7.96875,3.9375,8.46875],"rotation":0,"texture":"#0","tintindex":0},"north":{"uv":[2.21875,7.96875,3.0625,8.46875],"rotation":0,"texture":"#0","tintindex":0},"west":{"uv":[3.9375,3.375,5.625,3.875],"rotation":0,"texture":"#0","tintindex":0},"up":{"uv":[0.84375,1.6875,0.0,0.0],"rotation":0,"texture":"#0","tintindex":0},"down":{"uv":[1.71875,0.0,0.875,1.6875],"rotation":0,"texture":"#0","tintindex":0}}},{"from":[11.409136,7.2254763,14.962011],"to":[13.209137,9.025476,25.76201],"rotation":{"angle":-45.0,"axis":"x","origin":[7.5064607,8.925476,24.16201]},"faces":{"east":{"uv":[9.40625,5.6875,10.25,5.84375],"rotation":0,"texture":"#0","tintindex":0},"south":{"uv":[3.8125,14.25,3.9375,14.40625],"rotation":0,"texture":"#0","tintindex":0},"north":{"uv":[14.25,3.6875,14.375,3.84375],"rotation":0,"texture":"#0","tintindex":0},"west":{"uv":[9.40625,5.875,10.25,6.03125],"rotation":0,"texture":"#0","tintindex":0},"up":{"uv":[4.4375,11.8125,4.3125,10.96875],"rotation":0,"texture":"#0","tintindex":0},"down":{"uv":[11.09375,6.03125,10.96875,6.875],"rotation":0,"texture":"#0","tintindex":0}}},{"from":[2.3415184,10.32703,-7.417323],"to":[13.141519,17.37703,5.0326767],"rotation":{"angle":-22.5,"axis":"x","origin":[-3.0584822,8.527031,-5.167323]},"faces":{"east":{"uv":[7.03125,4.59375,8.0,5.15625],"rotation":0,"texture":"#0","tintindex":0},"south":{"uv":[7.28125,2.5,8.125,3.0625],"rotation":0,"texture":"#0","tintindex":0},"north":{"uv":[7.28125,1.90625,8.125,2.46875],"rotation":0,"texture":"#0","tintindex":0},"west":{"uv":[7.03125,5.1875,8.0,5.75],"rotation":0,"texture":"#0","tintindex":0},"up":{"uv":[4.78125,5.40625,3.9375,4.4375],"rotation":0,"texture":"#0","tintindex":0},"down":{"uv":[2.78125,4.5625,1.9375,5.53125],"rotation":0,"texture":"#0","tintindex":0}}},{"from":[1.7984338,9.225476,18.16201],"to":[3.598434,11.025476,28.962011],"rotation":{"angle":-45.0,"axis":"x","origin":[7.5064607,8.925476,24.16201]},"faces":{"east":{"uv":[9.09375,2.03125,9.9375,2.1875],"rotation":0,"texture":"#0","tintindex":0},"south":{"uv":[10.0625,14.09375,10.1875,14.25],"rotation":0,"texture":"#0","tintindex":0},"north":{"uv":[9.15625,8.4375,9.28125,8.59375],"rotation":0,"texture":"#0","tintindex":0},"west":{"uv":[9.21875,6.4375,10.0625,6.59375],"rotation":0,"texture":"#0","tintindex":0},"up":{"uv":[1.4375,11.3125,1.3125,10.46875],"rotation":0,"texture":"#0","tintindex":0},"down":{"uv":[3.71875,10.75,3.59375,11.59375],"rotation":0,"texture":"#0","tintindex":0}}},{"from":[4.809136,9.225476,19.362011],"to":[6.609136,11.025476,30.16201],"rotation":{"angle":-45.0,"axis":"x","origin":[7.5064607,8.925476,24.16201]},"faces":{"east":{"uv":[9.375,8.21875,10.21875,8.375],"rotation":0,"texture":"#0","tintindex":0},"south":{"uv":[14.25,3.3125,14.375,3.46875],"rotation":0,"texture":"#0","tintindex":0},"north":{"uv":[14.09375,14.21875,14.21875,14.375],"rotation":0,"texture":"#0","tintindex":0},"west":{"uv":[9.40625,5.125,10.25,5.28125],"rotation":0,"texture":"#0","tintindex":0},"up":{"uv":[2.5,11.8125,2.375,10.96875],"rotation":0,"texture":"#0","tintindex":0},"down":{"uv":[2.65625,10.96875,2.53125,11.8125],"rotation":0,"texture":"#0","tintindex":0}}},{"from":[7.7415185,2.8270307,6.832677],"to":[17.641518,15.427031,17.032677],"rotation":{"angle":22.5,"axis":"y","origin":[12.241518,8.227031,12.232677]},"faces":{"east":{"uv":[4.875,0.0,5.6875,1.0],"rotation":0,"texture":"#0","tintindex":0},"south":{"uv":[5.65625,2.0625,6.4375,3.0625],"rotation":0,"texture":"#0","tintindex":0},"north":{"uv":[2.3125,5.59375,3.09375,6.59375],"rotation":0,"texture":"#0","tintindex":0},"west":{"uv":[4.875,1.03125,5.6875,2.03125],"rotation":0,"texture":"#0","tintindex":0},"up":{"uv":[7.25,1.65625,6.46875,0.84375],"rotation":0,"texture":"#0","tintindex":0},"down":{"uv":[7.25,1.6875,6.46875,2.5],"rotation":0,"texture":"#0","tintindex":0}}},{"from":[1.7984338,7.2254763,14.962011],"to":[3.598434,9.025476,25.76201],"rotation":{"angle":-45.0,"axis":"x","origin":[7.5064607,8.925476,24.16201]},"faces":{"east":{"uv":[9.40625,5.3125,10.25,5.46875],"rotation":0,"texture":"#0","tintindex":0},"south":{"uv":[3.65625,14.25,3.78125,14.40625],"rotation":0,"texture":"#0","tintindex":0},"north":{"uv":[14.25,3.5,14.375,3.65625],"rotation":0,"texture":"#0",