{"textures":{"0":"mineinabyss:mobs/sakuranbo"},"elements":[{"from":[6.639638,7.7553573,3.3589525],"to":[7.4967804,7.7553573,5.0732384],"rotation":{"angle":22.5,"axis":"y","origin":[9.49678,12.326786,9.3589525]},"faces":{"east":{"uv":[13.5,5.5,13.125,5.625],"rotation":0,"texture":"#0","tintindex":0},"south":{"uv":[13.625,5.5,13.5,5.625],"rotation":0,"texture":"#0","tintindex":0},"north":{"uv":[13.125,5.5,13.0,5.625],"rotation":0,"texture":"#0","tintindex":0},"west":{"uv":[13.0,5.5,12.625,5.625],"rotation":0,"texture":"#0","tintindex":0},"up":{"uv":[13.0,5.5,13.125,5.125],"rotation":0,"texture":"#0","tintindex":0},"down":{"uv":[13.125,5.125,13.25,5.5],"rotation":0,"texture":"#0","tintindex":0}}},{"from":[9.142449,8.041072,3.8997526],"to":[9.999592,8.6125,5.8997526],"rotation":{"angle":22.5,"axis":"y","origin":[10.856735,12.326786,8.185467]},"faces":{"east":{"uv":[3.0,0.375,3.375,0.5],"rotation":0,"texture":"#0","tintindex":0},"south":{"uv":[3.875,0.375,4.0,0.5],"rotation":0,"texture":"#0","tintindex":0},"north":{"uv":[3.375,0.375,3.5,0.5],"rotation":0,"texture":"#0","tintindex":0},"west":{"uv":[3.5,0.375,3.875,0.5],"rotation":0,"texture":"#0","tintindex":0},"up":{"uv":[3.5,0.5,3.1875,0.0],"rotation":0,"texture":"#0","tintindex":0},"down":{"uv":[3.625,0.0,3.5,0.375],"rotation":0,"texture":"#0","tintindex":0}}},{"from":[7.544095,7.7553573,4.553998],"to":[8.4012375,8.6125,4.8397126],"rotation":{"angle":0.0,"axis":"y","origin":[3.5783806,7.7553573,5.2541127]},"faces":{"east":{"uv":[3.5,1.375,3.625,1.5],"rotation":0,"texture":"#0","tintindex":0},"south":{"uv":[3.875,1.375,4.0,1.5],"rotation":0,"texture":"#0","tintindex":0},"north":{"uv":[3.625,1.375,3.8125,1.5],"rotation":0,"texture":"#0","tintindex":0},"west":{"uv":[3.75,1.375,3.875,1.5],"rotation":0,"texture":"#0","tintindex":0},"up":{"uv":[3.8125,1.375,3.625,1.25],"rotation":0,"texture":"#0","tintindex":0},"down":{"uv":[3.875,1.25,3.75,1.375],"rotation":0,"texture":"#0","tintindex":0}}},{"from":[7.544095,7.4696426,5.125427],"to":[8.4012375,8.326786,6.8397126],"rotation":{"angle":0.0,"axis":"y","origin":[3.5783806,7.7553573,5.2541127]},"faces":{"east":{"uv":[2.625,1.25,3.0,1.375],"rotation":0,"texture":"#0","tintindex":0},"south":{"uv":[3.5,1.25,3.625,1.375],"rotation":0,"texture":"#0","tintindex":0},"north":{"uv":[3.0,1.25,3.125,1.375],"rotation":0,"texture":"#0","tintindex":0},"west":{"uv":[3.125,1.25,3.5,1.375],"rotation":0,"texture":"#0","tintindex":0},"up":{"uv":[3.125,1.25,3.0,0.875],"rotation":0,"texture":"#0","tintindex":0},"down":{"uv":[3.25,0.875,3.125,1.25],"rotation":0,"texture":"#0","tintindex":0}}},{"from":[7.258381,7.4696426,6.8397126],"to":[8.686953,8.6125,9.411141],"rotation":{"angle":22.5,"axis":"y","origin":[7.8640947,7.7553573,6.968398]},"faces":{"east":{"uv":[2.0,0.5,2.5,0.75],"rotation":0,"texture":"#0","tintindex":0},"south":{"uv":[3.25,0.5,3.5,0.75],"rotation":0,"texture":"#0","tintindex":0},"north":{"uv":[2.5,0.5,2.75,0.75],"rotation":0,"texture":"#0","tintindex":0},"west":{"uv":[2.75,0.5,3.25,0.75],"rotation":0,"texture":"#0","tintindex":0},"up":{"uv":[2.75,0.5,2.5,0.0],"rotation":0,"texture":"#0","tintindex":0},"down":{"uv":[3.0,0.0,2.75,0.5],"rotation":0,"texture":"#0","tintindex":0}}},{"from":[8.4012375,7.4696426,8.839713],"to":[9.258381,8.326786,10.553999],"rotation":{"angle":0.0,"axis":"y","origin":[3.5783806,7.7553573,5.2541127]},"faces":{"east":{"uv":[2.0,1.125,2.375,1.25],"rotation":0,"texture":"#0","tintindex":0},"south":{"uv":[2.875,1.125,3.0,1.25],"rotation":0,"texture":"#0","tintindex":0},"north":{"uv":[2.375,1.125,2.5,1.25],"rotation":0,"texture":"#0","tintindex":0},"west":{"uv":[2.5,1.125,2.875,1.25],"rotation":0,"texture":"#0","tintindex":0},"up":{"uv":[2.5,1.125,2.375,0.75],"rotation":0,"texture":"#0","tintindex":0},"down":{"uv":[2.625,0.75,2.5,1.125],"rotation":0,"texture":"#0","tintindex":0}}},{"from":[10.115523,7.7553573,9.98257],"to":[10.4012375,8.041072,11.125427],"rotation":{"angle":-22.5,"axis":"y","origin":[8.721238,7.7553573,6.39697]},"faces":{"east":{"uv":[3.25,0.75,3.5,0.875],"rotation":0,"texture":"#0","tintindex":0},"south":{"uv":[3.875,0.75,4.0,0.875],"rotation":0,"texture":"#0","tintindex":0},"north":{"uv":[3.5,0.75,3.625,0.875],"rotation":0,"texture":"#0","tintindex":0},"west":{"uv":[3.625,0.75,3.875,0.875],"rotation":0,"texture":"#0","tintindex":0},"up":{"uv":[3.625,0.75,3.5,0.5],"rotation":0,"texture":"#0","tintindex":0},"down":{"uv":[3.75,0.5,3.625,0.75],"rotation":0,"texture":"#0","tintindex":0}}},{"from":[9.544095,7.7553573,11.411141],"to":[9.829809,8.041072,11.98257],"rotation":{"angle":-22.5,"axis":"y","origin":[8.721238,7.7553573,6.39697]},"faces":{"east":{"uv":[3.5,1.625,3.625,1.75],"rotation":0,"texture":"#0","tintindex":0},"south":{"uv":[3.875,1.625,4.0,1.75],"rotation":0,"texture":"#0","tintindex":0},"north":{"uv":[3.625,1.625,3.75,1.75],"rotation":0,"texture":"#0","tintindex":0},"west":{"uv":[3.75,1.625,3.875,1.75],"rotation":0,"texture":"#0","tintindex":0},"up":{"uv":[3.75,1.625,3.625,1.5],"rotation":0,"texture":"#0","tintindex":0},"down":{"uv":[3.875,1.5,3.75,1.625],"rotation":0,"texture":"#0","tintindex":0}}},{"from":[10.686953,7.7553573,11.411141],"to":[10.972667,8.041072,11.98257],"rotation":{"angle":-22.5,"axis":"y","origin":[8.721238,7.7553573,6.39697]},"faces":{"east":{"uv":[3.125,1.5,3.25,1.625],"rotation":0,"texture":"#0","tintindex":0},"south":{"uv":[3.5,1.5,3.625,1.625],"rotation":0,"texture":"#0","tintindex":0},"north":{"uv":[3.25,1.5,3.375,1.625],"rotation":0,"texture":"#0","tintindex":0},"west":{"uv":[3.375,1.5,3.5,1.625],"rotation":0,"texture":"#0","tintindex":0},"up":{"uv":[3.375,1.5,3.25,1.375],"rotation":0,"texture":"#0","tintindex":0},"down":{"uv":[3.5,1.375,3.375,1.5],"rotation":0,"texture":"#0","tintindex":0}}},{"from":[9.258381,7.7553573,11.98257],"to":[9.829809,8.326786,12.553999],"rotation":{"angle":-22.5,"axis":"y","origin":[8.721238,7.7553573,6.39697]},"faces":{"east":{"uv":[2.0,0.375,2.125,0.5],"rotation":0,"texture":"#0","tintindex":0},"south":{"uv":[2.375,0.375,2.5,0.5],"rotation":0,"texture":"#0","tintindex":0},"north":{"uv":[2.125,0.375,2.25,0.5],"rotation":0,"texture":"#0","tintindex":0},"west":{"uv":[2.25,0.375,2.375,0.5],"rotation":0,"texture":"#0","tintindex":0},"up":{"uv":[2.25,0.375,2.125,0.25],"rotation":0,"texture":"#0","tintindex":0},"down":{"uv":[2.375,0.25,2.25,0.375],"rotation":0,"texture":"#0","tintindex":0}}},{"from":[10.686953,7.7553573,11.98257],"to":[11.258381,8.326786,12.553999],"rotation":{"angle":-22.5,"axis":"y","origin":[8.721238,7.7553573,6.39697]},"faces":{"east":{"uv":[2.0,0.125,2.125,0.25],"rotation":0,"texture":"#0","tintindex":0},"south":{"uv":[2.375,0.125,2.5,0.25],"rotation":0,"texture":"#0","tintindex":0},"north":{"uv":[2.125,0.125,2.25,0.25],"rotation":0,"texture":"#0","tintindex":0},"west":{"uv":[2.25,0.125,2.375,0.25],"rotation":0,"texture":"#0","tintindex":0},"up":{"uv":[2.25,0.125,2.125,0.0],"rotation":0,"texture":"#0","tintindex":0},"down":{"uv":[2.375,0.0,2.25,0.125],"rotation":0,"texture":"#0","tintindex":0}}},{"from":[9.544095,7.7553573,11.125427],"to":[10.972667,8.041072,11.411141],"rotation":{"angle":-22.5,"axis":"y","origin":[8.721238,7.7553573,6.39697]},"faces":{"east":{"uv":[3.25,1.0,3.375,1.125],"rotation":0,"texture":"#0","tintindex":0},"south":{"uv":[3.75,1.0,4.0,1.125],"rotation":0,"texture":"#0","tintindex":0},"north":{"uv":[3.375,1.0,3.625,1.125],"rotation":0,"texture":"#0","tintindex":0},"west":{"uv":[3.625,1.0,3.75,1.125],"rotation":0,"texture":"#0","tintindex":0},"up":{"uv":[3.625,1.0,3.375,0.875],"rotation":0,"texture":"#0","tintindex":0},"down":{"uv":[3.875,0.875,3.625,1.0],"rotation":0,"texture":"#0","tintindex":0}}},{"from":[7.829809,8.326786,6.268284],"to":[8.115523,8.6125,6.8397126],"rotation":{"angle":0.0,"axis":"y","origin":[3.5783806,7.7553573,5.2541127]},"faces":{"east":{"uv":[2.625,1.5,2.75,1.625],"rotation":0,"texture":"#0","tintindex":0},"south":{"uv":[3.0,1.5,3.125,1.625],"rotation":0,"texture":"#0","tintindex":0},