{"textures":{"0":"mineinabyss:mobs/fuwagi"},"elements":[{"from":[8.457143,6.1688685,9.283459],"to":[9.3714285,7.9974403,11.11203],"rotation":{"angle":22.5,"axis":"x","origin":[9.828571,7.1928687,10.220602]},"faces":{"east":{"uv":[2.0,9.5,3.625,11.125],"rotation":0,"texture":"#0","tintindex":0},"south":{"uv":[11.5,2.0,12.25,3.625],"rotation":0,"texture":"#0","tintindex":0},"north":{"uv":[2.0,11.5,2.75,13.125],"rotation":0,"texture":"#0","tintindex":0},"west":{"uv":[9.5,2.0,11.125,3.625],"rotation":0,"texture":"#0","tintindex":0},"up":{"uv":[3.75,13.125,3.0,11.5],"rotation":0,"texture":"#0","tintindex":0},"down":{"uv":[4.75,11.5,4.0,13.125],"rotation":0,"texture":"#0","tintindex":0}}},{"from":[8.457143,5.8214397,8.849174],"to":[9.3714285,6.278583,10.677745],"rotation":{"angle":0.0,"axis":"y","origin":[4.342857,5.8214397,4.2777443]},"faces":{"east":{"uv":[12.5,0.0,14.125,0.375],"rotation":0,"texture":"#0","tintindex":0},"south":{"uv":[12.5,12.5,13.25,12.875],"rotation":0,"texture":"#0","tintindex":0},"north":{"uv":[12.5,12.0,13.25,12.375],"rotation":0,"texture":"#0","tintindex":0},"west":{"uv":[12.5,0.5,14.125,0.875],"rotation":0,"texture":"#0","tintindex":0},"up":{"uv":[5.75,13.125,5.0,11.5],"rotation":0,"texture":"#0","tintindex":0},"down":{"uv":[0.75,12.0,0.0,13.625],"rotation":0,"texture":"#0","tintindex":0}}},{"from":[6.6285715,5.8214397,8.849174],"to":[7.542857,6.278583,10.677745],"rotation":{"angle":0.0,"axis":"y","origin":[4.342857,5.8214397,4.2777443]},"faces":{"east":{"uv":[12.5,1.0,14.125,1.375],"rotation":0,"texture":"#0","tintindex":0},"south":{"uv":[13.0,4.5,13.75,4.875],"rotation":0,"texture":"#0","tintindex":0},"north":{"uv":[13.0,4.0,13.75,4.375],"rotation":0,"texture":"#0","tintindex":0},"west":{"uv":[12.5,1.5,14.125,1.875],"rotation":0,"texture":"#0","tintindex":0},"up":{"uv":[1.75,13.625,1.0,12.0],"rotation":0,"texture":"#0","tintindex":0},"down":{"uv":[12.75,4.0,12.0,5.625],"rotation":0,"texture":"#0","tintindex":0}}},{"from":[6.6285715,6.1688685,9.283459],"to":[7.542857,7.9974403,11.11203],"rotation":{"angle":22.5,"axis":"x","origin":[8.0,7.1928687,10.220602]},"faces":{"east":{"uv":[4.0,9.5,5.625,11.125],"rotation":0,"texture":"#0","tintindex":0},"south":{"uv":[8.0,12.0,8.75,13.625],"rotation":0,"texture":"#0","tintindex":0},"north":{"uv":[12.0,6.0,12.75,7.625],"rotation":0,"texture":"#0","tintindex":0},"west":{"uv":[0.0,10.0,1.625,11.625],"rotation":0,"texture":"#0","tintindex":0},"up":{"uv":[12.75,9.625,12.0,8.0],"rotation":0,"texture":"#0","tintindex":0},"down":{"uv":[9.75,12.0,9.0,13.625],"rotation":0,"texture":"#0","tintindex":0}}},{"from":[6.6285715,5.8214397,6.7920303],"to":[7.542857,8.107155,7.706316],"rotation":{"angle":0.0,"axis":"y","origin":[4.342857,5.8214397,4.2777443]},"faces":{"east":{"uv":[9.0,10.0,9.75,12.0],"rotation":0,"texture":"#0","tintindex":0},"south":{"uv":[10.0,10.0,10.75,12.0],"rotation":0,"texture":"#0","tintindex":0},"north":{"uv":[8.0,10.0,8.75,12.0],"rotation":0,"texture":"#0","tintindex":0},"west":{"uv":[11.0,4.0,11.75,6.0],"rotation":0,"texture":"#0","tintindex":0},"up":{"uv":[13.25,2.75,12.5,2.0],"rotation":0,"texture":"#0","tintindex":0},"down":{"uv":[13.25,3.0,12.5,3.75],"rotation":0,"texture":"#0","tintindex":0}}},{"from":[8.457143,5.8214397,6.7920303],"to":[9.3714285,8.107155,7.706316],"rotation":{"angle":0.0,"axis":"y","origin":[4.342857,5.8214397,4.2777443]},"faces":{"east":{"uv":[11.0,8.0,11.75,10.0],"rotation":0,"texture":"#0","tintindex":0},"south":{"uv":[11.0,10.0,11.75,12.0],"rotation":0,"texture":"#0","tintindex":0},"north":{"uv":[11.0,6.0,11.75,8.0],"rotation":0,"texture":"#0","tintindex":0},"west":{"uv":[11.5,0.0,12.25,2.0],"rotation":0,"texture":"#0","tintindex":0},"up":{"uv":[13.25,10.75,12.5,10.0],"rotation":0,"texture":"#0","tintindex":0},"down":{"uv":[13.25,11.0,12.5,11.75],"rotation":0,"texture":"#0","tintindex":0}}},{"from":[6.857143,7.6500115,10.220602],"to":[9.142858,9.935726,14.3348875],"rotation":{"angle":-45.0,"axis":"x","origin":[8.0,9.0214405,10.220602]},"faces":{"east":{"uv":[0.0,0.0,3.625,2.0],"rotation":0,"texture":"#0","tintindex":0},"south":{"uv":[6.0,6.0,8.0,8.0],"rotation":0,"texture":"#0","tintindex":0},"north":{"uv":[6.0,4.0,8.0,6.0],"rotation":0,"texture":"#0","tintindex":0},"west":{"uv":[0.0,2.0,3.625,4.0],"rotation":0,"texture":"#0","tintindex":0},"up":{"uv":[2.0,7.625,0.0,4.0],"rotation":0,"texture":"#0","tintindex":0},"down":{"uv":[6.0,0.0,4.0,3.625],"rotation":0,"texture":"#0","tintindex":0}}},{"from":[6.857143,7.42144,4.2777443],"to":[9.142858,9.250011,6.563459],"rotation":{"angle":0.0,"axis":"y","origin":[4.342857,5.8214397,4.2777443]},"faces":{"east":{"uv":[8.0,4.0,10.0,5.625],"rotation":0,"texture":"#0","tintindex":0},"south":{"uv":[6.0,8.0,8.0,9.625],"rotation":0,"texture":"#0","tintindex":0},"north":{"uv":[0.0,8.0,2.0,9.625],"rotation":0,"texture":"#0","tintindex":0},"west":{"uv":[8.0,6.0,10.0,7.625],"rotation":0,"texture":"#0","tintindex":0},"up":{"uv":[4.0,9.5,2.0,7.5],"rotation":0,"texture":"#0","tintindex":0},"down":{"uv":[6.0,7.5,4.0,9.5],"rotation":0,"texture":"#0","tintindex":0}}},{"from":[7.7714286,7.8328686,4.049173],"to":[8.228572,8.290011,4.506316],"rotation":{"angle":0.0,"axis":"y","origin":[4.342857,5.8214397,4.2777443]},"faces":{"east":{"uv":[11.5,12.5,11.875,12.875],"rotation":0,"texture":"#0","tintindex":0},"south":{"uv":[13.0,6.5,13.375,6.875],"rotation":0,"texture":"#0","tintindex":0},"north":{"uv":[11.5,12.0,11.875,12.375],"rotation":0,"texture":"#0","tintindex":0},"west":{"uv":[7.0,13.0,7.375,13.375],"rotation":0,"texture":"#0","tintindex":0},"up":{"uv":[13.375,7.375,13.0,7.0],"rotation":0,"texture":"#0","tintindex":0},"down":{"uv":[7.875,13.0,7.5,13.375],"rotation":0,"texture":"#0","tintindex":0}}},{"from":[6.857143,7.1928687,6.563459],"to":[9.142858,9.0214405,10.220602],"rotation":{"angle":0.0,"axis":"y","origin":[4.342857,5.8214397,4.2777443]},"faces":{"east":{"uv":[6.0,0.0,9.25,1.625],"rotation":0,"texture":"#0","tintindex":0},"south":{"uv":[9.5,0.0,11.5,1.625],"rotation":0,"texture":"#0","tintindex":0},"north":{"uv":[8.0,8.0,10.0,9.625],"rotation":0,"texture":"#0","tintindex":0},"west":{"uv":[6.0,2.0,9.25,3.625],"rotation":0,"texture":"#0","tintindex":0},"up":{"uv":[4.0,7.25,2.0,4.0],"rotation":0,"texture":"#0","tintindex":0},"down":{"uv":[6.0,4.0,4.0,7.25],"rotation":0,"texture":"#0","tintindex":0}}},{"from":[8.228572,9.250011,4.2777443],"to":[9.142858,12.450012,4.734887],"rotation":{"angle":45.0,"axis":"x","origin":[8.0,9.0214405,4.734887]},"faces":{"east":{"uv":[10.0,12.0,10.375,14.75],"rotation":0,"texture":"#0","tintindex":0},"south":{"uv":[6.0,10.0,6.75,12.75],"rotation":0,"texture":"#0","tintindex":0},"north":{"uv":[10.0,4.0,10.75,6.75],"rotation":0,"texture":"#0","tintindex":0},"west":{"uv":[12.0,10.0,12.375,12.75],"rotation":0,"texture":"#0","tintindex":0},"up":{"uv":[13.75,5.375,13.0,5.0],"rotation":0,"texture":"#0","tintindex":0},"down":{"uv":[13.75,5.5,13.0,5.875],"rotation":0,"texture":"#0","tintindex":0}}},{"from":[6.857143,9.250011,4.2777443],"to":[7.7714286,12.450012,4.734887],"rotation":{"angle":45.0,"axis":"x","origin":[8.0,9.0214405,4.734887]},"faces":{"east":{"uv":[10.5,12.0,10.875,14.75],"rotation":0,"texture":"#0","tintindex":0},"south":{"uv":[10.0,7.0,10.75,9.75],"rotation":0,"texture":"#0","tintindex":0},"north":{"uv":[7.0,10.0,7.75,12.75],"rotation":0,"texture":"#0","tintindex":0},"west":{"uv":[11.0,12.0,11.375,14.75],"rotation":0,"texture":"#0","tintindex":0},"up":{"uv":[6.75,13.375,6.0,13.0],"rotation":0,"texture":"#0","tintindex":0},"down":{"uv":[13.75,6.0,13.0,6.375],"rotation":0,"texture":"#0","tintindex":0}}}],"display":{"head":{"translation":[0.0,-6.4,0.0],"scale":[4.0,4.0,4.0]}}}