{"textures":{"0":"modelengine:entity/stingerhead"},"elements":[{"from":[-3.0,3.0,7.0],"to":[5.0,11.0,9.0],"faces":{"east":{"uv":[3.53125,1.0625,3.59375,1.3125],"tintindex":0,"rotation":0,"texture":"#0"},"south":{"uv":[3.375,1.0625,3.625,1.3125],"tintindex":0,"rotation":0,"texture":"#0"},"north":{"uv":[3.375,1.0625,3.625,1.3125],"tintindex":0,"rotation":0,"texture":"#0"},"west":{"uv":[3.40625,1.0625,3.46875,1.3125],"tintindex":0,"rotation":0,"texture":"#0"},"up":{"uv":[3.375,1.09375,3.625,1.15625],"tintindex":0,"rotation":0,"texture":"#0"},"down":{"uv":[3.375,1.21875,3.625,1.28125],"tintindex":0,"rotation":0,"texture":"#0"}},"rotation":{"origin":[1.0,8.773533,3.4701843],"angle":-22.5,"axis":"z"}},{"from":[13.0,5.0,0.0],"to":[17.0,11.0,2.0],"faces":{"east":{"uv":[3.34375,1.0,3.28125,1.1875],"tintindex":0,"rotation":0,"texture":"#0"},"south":{"uv":[3.78125,1.125,3.65625,1.3125],"tintindex":0,"rotation":0,"texture":"#0"},"north":{"uv":[3.3125,1.125,3.1875,1.3125],"tintindex":0,"rotation":0,"texture":"#0"},"west":{"uv":[3.1875,1.03125,3.125,1.21875],"tintindex":0,"rotation":0,"texture":"#0"},"up":{"uv":[3.28125,1.0625,3.15625,1.125],"tintindex":0,"rotation":0,"texture":"#0"},"down":{"uv":[3.28125,1.25,3.15625,1.3125],"tintindex":0,"rotation":0,"texture":"#0"}},"rotation":{"origin":[15.0,8.773533,3.4701843],"angle":22.5,"axis":"z"}},{"from":[14.0,8.0,-2.0],"to":[16.0,14.0,0.0],"faces":{"east":{"uv":[3.1875,0.96875,3.125,1.15625],"tintindex":0,"rotation":0,"texture":"#0"},"south":{"uv":[3.125,0.96875,3.1875,1.15625],"tintindex":0,"rotation":0,"texture":"#0"},"north":{"uv":[3.125,0.96875,3.1875,1.15625],"tintindex":0,"rotation":0,"texture":"#0"},"west":{"uv":[3.1875,0.96875,3.125,1.15625],"tintindex":0,"rotation":0,"texture":"#0"},"up":{"uv":[3.1875,0.96875,3.125,1.03125],"tintindex":0,"rotation":0,"texture":"#0"},"down":{"uv":[3.1875,1.125,3.125,1.1875],"tintindex":0,"rotation":0,"texture":"#0"}},"rotation":{"origin":[15.0,8.773533,3.4701843],"angle":22.5,"axis":"z"}},{"from":[-2.0,4.0,2.0],"to":[4.0,10.0,7.0],"faces":{"east":{"uv":[4.40625,1.125,4.21875,1.28125],"tintindex":0,"rotation":90,"texture":"#0"},"south":{"uv":[3.15625,0.9375,3.34375,1.125],"tintindex":0,"rotation":0,"texture":"#0"},"north":{"uv":[4.25,1.125,4.4375,1.3125],"tintindex":0,"rotation":0,"texture":"#0"},"west":{"uv":[4.21875,1.125,4.40625,1.28125],"tintindex":0,"rotation":270,"texture":"#0"},"up":{"uv":[3.125,1.15625,3.3125,1.3125],"tintindex":0,"rotation":0,"texture":"#0"},"down":{"uv":[3.6875,1.03125,3.875,0.875],"tintindex":0,"rotation":0,"texture":"#0"}},"rotation":{"origin":[1.0,8.773533,3.4701843],"angle":-22.5,"axis":"z"}},{"from":[11.0,3.0,7.0],"to":[19.0,11.0,9.0],"faces":{"east":{"uv":[3.46875,1.0625,3.40625,1.3125],"tintindex":0,"rotation":0,"texture":"#0"},"south":{"uv":[3.625,1.0625,3.375,1.3125],"tintindex":0,"rotation":0,"texture":"#0"},"north":{"uv":[3.625,1.0625,3.375,1.3125],"tintindex":0,"rotation":0,"texture":"#0"},"west":{"uv":[3.59375,1.0625,3.53125,1.3125],"tintindex":0,"rotation":0,"texture":"#0"},"up":{"uv":[3.625,1.09375,3.375,1.15625],"tintindex":0,"rotation":0,"texture":"#0"},"down":{"uv":[3.625,1.21875,3.375,1.28125],"tintindex":0,"rotation":0,"texture":"#0"}},"rotation":{"origin":[15.0,8.773533,3.4701843],"angle":22.5,"axis":"z"}},{"from":[-1.0,5.0,0.0],"to":[3.0,11.0,2.0],"faces":{"east":{"uv":[3.125,1.03125,3.1875,1.21875],"tintindex":0,"rotation":0,"texture":"#0"},"south":{"uv":[3.65625,1.125,3.78125,1.3125],"tintindex":0,"rotation":0,"texture":"#0"},"north":{"uv":[3.1875,1.125,3.3125,1.3125],"tintindex":0,"rotation":0,"texture":"#0"},"west":{"uv":[3.28125,1.0,3.34375,1.1875],"tintindex":0,"rotation":0,"texture":"#0"},"up":{"uv":[3.15625,1.0625,3.28125,1.125],"tintindex":0,"rotation":0,"texture":"#0"},"down":{"uv":[3.15625,1.25,3.28125,1.3125],"tintindex":0,"rotation":0,"texture":"#0"}},"rotation":{"origin":[1.0,8.773533,3.4701843],"angle":-22.5,"axis":"z"}},{"from":[12.0,4.0,2.0],"to":[18.0,10.0,7.0],"faces":{"east":{"uv":[4.21875,1.28125,4.40625,1.125],"tintindex":0,"rotation":270,"texture":"#0"},"south":{"uv":[3.34375,0.9375,3.15625,1.125],"tintindex":0,"rotation":0,"texture":"#0"},"north":{"uv":[4.4375,1.125,4.25,1.3125],"tintindex":0,"rotation":0,"texture":"#0"},"west":{"uv":[4.40625,1.28125,4.21875,1.125],"tintindex":0,"rotation":90,"texture":"#0"},"up":{"uv":[3.3125,1.15625,3.125,1.3125],"tintindex":0,"rotation":0,"texture":"#0"},"down":{"uv":[3.875,1.03125,3.6875,0.875],"tintindex":0,"rotation":0,"texture":"#0"}},"rotation":{"origin":[15.0,8.773533,3.4701843],"angle":22.5,"axis":"z"}},{"from":[0.0,8.0,-2.0],"to":[2.0,14.0,0.0],"faces":{"east":{"uv":[3.125,0.96875,3.1875,1.15625],"tintindex":0,"rotation":0,"texture":"#0"},"south":{"uv":[3.1875,0.96875,3.125,1.15625],"tintindex":0,"rotation":0,"texture":"#0"},"north":{"uv":[3.1875,0.96875,3.125,1.15625],"tintindex":0,"rotation":0,"texture":"#0"},"west":{"uv":[3.125,0.96875,3.1875,1.15625],"tintindex":0,"rotation":0,"texture":"#0"},"up":{"uv":[3.125,0.96875,3.1875,1.03125],"tintindex":0,"rotation":0,"texture":"#0"},"down":{"uv":[3.125,1.125,3.1875,1.1875],"tintindex":0,"rotation":0,"texture":"#0"}},"rotation":{"origin":[1.0,8.773533,3.4701843],"angle":-22.5,"axis":"z"}}]}