{"textures":{"0":"modelengine:entity/stingerhead"},"elements":[{"from":[14.0,15.0,16.0],"to":[21.0,18.0,19.0],"faces":{"east":{"uv":[5.6875,0.8125,5.59375,0.90625],"tintindex":0,"rotation":0,"texture":"#0"},"south":{"uv":[5.6875,1.03125,5.59375,0.8125],"tintindex":0,"rotation":90,"texture":"#0"},"north":{"uv":[5.6875,1.03125,5.59375,0.8125],"tintindex":0,"rotation":90,"texture":"#0"},"west":{"uv":[5.6875,0.8125,5.59375,0.90625],"tintindex":0,"rotation":0,"texture":"#0"},"up":{"uv":[5.59375,1.03125,5.6875,0.8125],"tintindex":0,"rotation":90,"texture":"#0"},"down":{"uv":[5.59375,1.03125,5.6875,0.8125],"tintindex":0,"rotation":90,"texture":"#0"}}},{"from":[14.0,15.799999,23.5],"to":[21.0,18.8,26.5],"faces":{"east":{"uv":[5.6875,0.8125,5.59375,0.90625],"tintindex":0,"rotation":0,"texture":"#0"},"south":{"uv":[5.6875,1.03125,5.59375,0.8125],"tintindex":0,"rotation":90,"texture":"#0"},"north":{"uv":[5.6875,1.03125,5.59375,0.8125],"tintindex":0,"rotation":90,"texture":"#0"},"west":{"uv":[5.6875,0.8125,5.59375,0.90625],"tintindex":0,"rotation":0,"texture":"#0"},"up":{"uv":[5.59375,1.03125,5.6875,0.8125],"tintindex":0,"rotation":90,"texture":"#0"},"down":{"uv":[5.59375,1.03125,5.6875,0.8125],"tintindex":0,"rotation":90,"texture":"#0"}}},{"from":[6.8999996,2.5,8.5],"to":[9.9,10.5,11.5],"faces":{"east":{"uv":[5.6875,0.53125,5.59375,0.78125],"tintindex":0,"rotation":0,"texture":"#0"},"south":{"uv":[5.6875,0.53125,5.59375,0.78125],"tintindex":0,"rotation":0,"texture":"#0"},"north":{"uv":[5.6875,0.53125,5.59375,0.78125],"tintindex":0,"rotation":0,"texture":"#0"},"west":{"uv":[5.6875,0.53125,5.59375,0.78125],"tintindex":0,"rotation":0,"texture":"#0"},"up":{"uv":[5.6875,0.53125,5.59375,0.625],"tintindex":0,"rotation":0,"texture":"#0"},"down":{"uv":[5.6875,0.53125,5.59375,0.625],"tintindex":0,"rotation":0,"texture":"#0"}}},{"from":[8.1,3.5,9.0],"to":[10.1,11.5,11.0],"faces":{"east":{"uv":[5.59375,0.53125,5.65625,0.78125],"tintindex":0,"rotation":0,"texture":"#0"},"south":{"uv":[5.65625,0.53125,5.59375,0.78125],"tintindex":0,"rotation":0,"texture":"#0"},"north":{"uv":[5.65625,0.53125,5.59375,0.78125],"tintindex":0,"rotation":0,"texture":"#0"},"west":{"uv":[5.59375,0.53125,5.65625,0.78125],"tintindex":0,"rotation":0,"texture":"#0"},"up":{"uv":[5.65625,0.53125,5.59375,0.59375],"tintindex":0,"rotation":0,"texture":"#0"},"down":{"uv":[5.65625,0.53125,5.59375,0.59375],"tintindex":0,"rotation":0,"texture":"#0"}},"rotation":{"origin":[7.8999996,3.5,10.0],"angle":-45.0,"axis":"z"}},{"from":[7.2,11.0,15.999],"to":[10.2,19.0,19.001],"faces":{"east":{"uv":[5.6875,0.90625,5.59375,1.15625],"tintindex":0,"rotation":0,"texture":"#0"},"south":{"uv":[5.6875,0.90625,5.59375,1.15625],"tintindex":0,"rotation":0,"texture":"#0"},"north":{"uv":[5.6875,0.90625,5.59375,1.15625],"tintindex":0,"rotation":0,"texture":"#0"},"west":{"uv":[5.6875,0.90625,5.59375,1.15625],"tintindex":0,"rotation":0,"texture":"#0"},"up":{"uv":[5.6875,0.90625,5.59375,1.0],"tintindex":0,"rotation":0,"texture":"#0"},"down":{"uv":[5.6875,0.90625,5.59375,1.0],"tintindex":0,"rotation":0,"texture":"#0"}},"rotation":{"origin":[8.0,11.0,17.0],"angle":-45.0,"axis":"z"}},{"from":[21.670431,-9.547497,16.5],"to":[23.670431,6.452504,18.5],"faces":{"east":{"uv":[5.59375,0.65625,5.65625,1.15625],"tintindex":0,"rotation":0,"texture":"#0"},"south":{"uv":[5.65625,0.65625,5.59375,1.15625],"tintindex":0,"rotation":0,"texture":"#0"},"north":{"uv":[5.65625,0.65625,5.59375,1.15625],"tintindex":0,"rotation":0,"texture":"#0"},"west":{"uv":[5.59375,0.65625,5.65625,1.15625],"tintindex":0,"rotation":0,"texture":"#0"},"up":{"uv":[5.65625,0.65625,5.59375,0.71875],"tintindex":0,"rotation":0,"texture":"#0"},"down":{"uv":[5.65625,0.65625,5.59375,0.71875],"tintindex":0,"rotation":0,"texture":"#0"}}},{"from":[7.2,2.0,2.0],"to":[9.2,10.0,4.0],"faces":{"east":{"uv":[5.59375,0.53125,5.65625,0.78125],"tintindex":0,"rotation":0,"texture":"#0"},"south":{"uv":[5.65625,0.53125,5.59375,0.78125],"tintindex":0,"rotation":0,"texture":"#0"},"north":{"uv":[5.65625,0.53125,5.59375,0.78125],"tintindex":0,"rotation":0,"texture":"#0"},"west":{"uv":[5.59375,0.53125,5.65625,0.78125],"tintindex":0,"rotation":0,"texture":"#0"},"up":{"uv":[5.65625,0.53125,5.59375,0.59375],"tintindex":0,"rotation":0,"texture":"#0"},"down":{"uv":[5.65625,0.53125,5.59375,0.59375],"tintindex":0,"rotation":0,"texture":"#0"}},"rotation":{"origin":[7.0,2.0,3.0],"angle":-45.0,"axis":"z"}},{"from":[6.0,1.0,1.5],"to":[9.0,9.0,4.5],"faces":{"east":{"uv":[5.6875,0.53125,5.59375,0.78125],"tintindex":0,"rotation":0,"texture":"#0"},"south":{"uv":[5.6875,0.53125,5.59375,0.78125],"tintindex":0,"rotation":0,"texture":"#0"},"north":{"uv":[5.6875,0.53125,5.59375,0.78125],"tintindex":0,"rotation":0,"texture":"#0"},"west":{"uv":[5.6875,0.53125,5.59375,0.78125],"tintindex":0,"rotation":0,"texture":"#0"},"up":{"uv":[5.6875,0.53125,5.59375,0.625],"tintindex":0,"rotation":0,"texture":"#0"},"down":{"uv":[5.6875,0.53125,5.59375,0.625],"tintindex":0,"rotation":0,"texture":"#0"}}},{"from":[21.670431,-8.747496,24.0],"to":[23.670431,7.2525034,26.0],"faces":{"east":{"uv":[5.59375,0.65625,5.65625,1.15625],"tintindex":0,"rotation":0,"texture":"#0"},"south":{"uv":[5.65625,0.65625,5.59375,1.15625],"tintindex":0,"rotation":0,"texture":"#0"},"north":{"uv":[5.65625,0.65625,5.59375,1.15625],"tintindex":0,"rotation":0,"texture":"#0"},"west":{"uv":[5.59375,0.65625,5.65625,1.15625],"tintindex":0,"rotation":0,"texture":"#0"},"up":{"uv":[5.65625,0.65625,5.59375,0.71875],"tintindex":0,"rotation":0,"texture":"#0"},"down":{"uv":[5.65625,0.65625,5.59375,0.71875],"tintindex":0,"rotation":0,"texture":"#0"}}},{"from":[18.0,3.8000002,23.499],"to":[21.0,14.799999,26.501],"faces":{"east":{"uv":[5.59375,0.5625,5.6875,0.90625],"tintindex":0,"rotation":0,"texture":"#0"},"south":{"uv":[5.6875,0.5625,5.59375,0.90625],"tintindex":0,"rotation":0,"texture":"#0"},"north":{"uv":[5.6875,0.5625,5.59375,0.90625],"tintindex":0,"rotation":0,"texture":"#0"},"west":{"uv":[5.59375,0.5625,5.6875,0.90625],"tintindex":0,"rotation":0,"texture":"#0"},"up":{"uv":[5.6875,0.5625,5.59375,0.65625],"tintindex":0,"rotation":0,"texture":"#0"},"down":{"uv":[5.6875,0.5625,5.59375,0.65625],"tintindex":0,"rotation":0,"texture":"#0"}},"rotation":{"origin":[14.0,15.799999,29.5],"angle":22.5,"axis":"z"}},{"from":[13.0,-6.0,1.9990001],"to":[15.0,9.0,4.001],"faces":{"east":{"uv":[5.59375,0.53125,5.65625,1.0],"tintindex":0,"rotation":0,"texture":"#0"},"south":{"uv":[5.65625,0.53125,5.59375,1.0],"tintindex":0,"rotation":0,"texture":"#0"},"north":{"uv":[5.65625,0.53125,5.59375,1.0],"tintindex":0,"rotation":0,"texture":"#0"},"west":{"uv":[5.59375,0.53125,5.65625,1.0],"tintindex":0,"rotation":0,"texture":"#0"},"up":{"uv":[5.65625,0.53125,5.59375,0.59375],"tintindex":0,"rotation":0,"texture":"#0"},"down":{"uv":[5.65625,0.53125,5.59375,0.59375],"tintindex":0,"rotation":0,"texture":"#0"}}},{"from":[18.0,3.0,15.999],"to":[21.0,14.0,19.001],"faces":{"east":{"uv":[5.59375,0.5625,5.6875,0.90625],"tintindex":0,"rotation":0,"texture":"#0"},"south":{"uv":[5.6875,0.5625,5.59375,0.90625],"tintindex":0,"rotation":0,"texture":"#0"},"north":{"uv":[5.6875,0.5625,5.59375,0.90625],"tintindex":0,"rotation":0,"texture":"#0"},"west":{"uv":[5.59375,0.5625,5.6875,0.90625],"tintindex":0,"rotation":0,"texture":"#0"},"up":{"uv":[5.6875,0.5625,5.59375,0.65625],"tintindex":0,"rotation":0,"texture":"#0"},"down":{"uv":[5.6875,0.5625,5.59375,0.65625],"tintindex":0,"rotation":0,"texture":"#0"}},"rotation":{"origin":[14.0,15.0,22.0],"angle":22.5,"axis":"z"}},{"from":[7.2,11.8,23.499],"to":[10.2,19.8,26.501],"faces":{"east":{"uv":[5.6875,0.90625,5.59375,1.15625],"tintindex":0,"rotation":0,"texture":"#0"},"south":{"uv":[5.6875,0.90625,5.59375,1.15625],"tintindex":0,"rotation":0,"texture":"#0"},"north":{"uv":[5.6875,0.90625,5.59375,1.15625],"tintindex":0,"rotation":0,"texture":"#0"},"west":{"uv":[5.6875,0.90625,5.59375,1.15625],"tintindex":0,"rotation":0,"texture":"#0"},"up":{"uv":[5.6875,0.90625,5.59375,1.0],"tintindex":0,