{"textures":{"0":"modelengine:entity/stingerhead"},"elements":[{"from":[5.8,11.0,15.999],"to":[8.8,19.0,19.001],"faces":{"east":{"uv":[5.59375,0.90625,5.6875,1.15625],"tintindex":0,"rotation":0,"texture":"#0"},"south":{"uv":[5.59375,0.90625,5.6875,1.15625],"tintindex":0,"rotation":0,"texture":"#0"},"north":{"uv":[5.59375,0.90625,5.6875,1.15625],"tintindex":0,"rotation":0,"texture":"#0"},"west":{"uv":[5.59375,0.90625,5.6875,1.15625],"tintindex":0,"rotation":0,"texture":"#0"},"up":{"uv":[5.59375,0.90625,5.6875,1.0],"tintindex":0,"rotation":0,"texture":"#0"},"down":{"uv":[5.59375,0.90625,5.6875,1.0],"tintindex":0,"rotation":0,"texture":"#0"}},"rotation":{"origin":[8.0,11.0,17.0],"angle":45.0,"axis":"z"}},{"from":[1.0,-6.0,1.9990001],"to":[3.0,9.0,4.001],"faces":{"east":{"uv":[5.65625,0.53125,5.59375,1.0],"tintindex":0,"rotation":0,"texture":"#0"},"south":{"uv":[5.59375,0.53125,5.65625,1.0],"tintindex":0,"rotation":0,"texture":"#0"},"north":{"uv":[5.59375,0.53125,5.65625,1.0],"tintindex":0,"rotation":0,"texture":"#0"},"west":{"uv":[5.65625,0.53125,5.59375,1.0],"tintindex":0,"rotation":0,"texture":"#0"},"up":{"uv":[5.59375,0.53125,5.65625,0.59375],"tintindex":0,"rotation":0,"texture":"#0"},"down":{"uv":[5.59375,0.53125,5.65625,0.59375],"tintindex":0,"rotation":0,"texture":"#0"}}},{"from":[-5.0,3.0,15.999],"to":[-2.0,14.0,19.001],"faces":{"east":{"uv":[5.6875,0.5625,5.59375,0.90625],"tintindex":0,"rotation":0,"texture":"#0"},"south":{"uv":[5.59375,0.5625,5.6875,0.90625],"tintindex":0,"rotation":0,"texture":"#0"},"north":{"uv":[5.59375,0.5625,5.6875,0.90625],"tintindex":0,"rotation":0,"texture":"#0"},"west":{"uv":[5.6875,0.5625,5.59375,0.90625],"tintindex":0,"rotation":0,"texture":"#0"},"up":{"uv":[5.59375,0.5625,5.6875,0.65625],"tintindex":0,"rotation":0,"texture":"#0"},"down":{"uv":[5.59375,0.5625,5.6875,0.65625],"tintindex":0,"rotation":0,"texture":"#0"}},"rotation":{"origin":[2.0,15.0,22.0],"angle":-22.5,"axis":"z"}},{"from":[-5.0,3.8000002,23.499],"to":[-2.0,14.799999,26.501],"faces":{"east":{"uv":[5.6875,0.5625,5.59375,0.90625],"tintindex":0,"rotation":0,"texture":"#0"},"south":{"uv":[5.59375,0.5625,5.6875,0.90625],"tintindex":0,"rotation":0,"texture":"#0"},"north":{"uv":[5.59375,0.5625,5.6875,0.90625],"tintindex":0,"rotation":0,"texture":"#0"},"west":{"uv":[5.6875,0.5625,5.59375,0.90625],"tintindex":0,"rotation":0,"texture":"#0"},"up":{"uv":[5.59375,0.5625,5.6875,0.65625],"tintindex":0,"rotation":0,"texture":"#0"},"down":{"uv":[5.59375,0.5625,5.6875,0.65625],"tintindex":0,"rotation":0,"texture":"#0"}},"rotation":{"origin":[2.0,15.799999,29.5],"angle":-22.5,"axis":"z"}},{"from":[6.8,2.0,2.0],"to":[8.8,10.0,4.0],"faces":{"east":{"uv":[5.65625,0.53125,5.59375,0.78125],"tintindex":0,"rotation":0,"texture":"#0"},"south":{"uv":[5.59375,0.53125,5.65625,0.78125],"tintindex":0,"rotation":0,"texture":"#0"},"north":{"uv":[5.59375,0.53125,5.65625,0.78125],"tintindex":0,"rotation":0,"texture":"#0"},"west":{"uv":[5.65625,0.53125,5.59375,0.78125],"tintindex":0,"rotation":0,"texture":"#0"},"up":{"uv":[5.59375,0.53125,5.65625,0.59375],"tintindex":0,"rotation":0,"texture":"#0"},"down":{"uv":[5.59375,0.53125,5.65625,0.59375],"tintindex":0,"rotation":0,"texture":"#0"}},"rotation":{"origin":[9.0,2.0,3.0],"angle":45.0,"axis":"z"}},{"from":[-5.0,15.799999,23.5],"to":[2.0,18.8,26.5],"faces":{"east":{"uv":[5.59375,0.8125,5.6875,0.90625],"tintindex":0,"rotation":0,"texture":"#0"},"south":{"uv":[5.6875,0.8125,5.59375,1.03125],"tintindex":0,"rotation":90,"texture":"#0"},"north":{"uv":[5.6875,0.8125,5.59375,1.03125],"tintindex":0,"rotation":90,"texture":"#0"},"west":{"uv":[5.59375,0.8125,5.6875,0.90625],"tintindex":0,"rotation":0,"texture":"#0"},"up":{"uv":[5.59375,0.8125,5.6875,1.03125],"tintindex":0,"rotation":90,"texture":"#0"},"down":{"uv":[5.59375,0.8125,5.6875,1.03125],"tintindex":0,"rotation":90,"texture":"#0"}}},{"from":[-7.670431,-8.747496,24.0],"to":[-5.670431,7.2525034,26.0],"faces":{"east":{"uv":[5.65625,0.65625,5.59375,1.15625],"tintindex":0,"rotation":0,"texture":"#0"},"south":{"uv":[5.59375,0.65625,5.65625,1.15625],"tintindex":0,"rotation":0,"texture":"#0"},"north":{"uv":[5.59375,0.65625,5.65625,1.15625],"tintindex":0,"rotation":0,"texture":"#0"},"west":{"uv":[5.65625,0.65625,5.59375,1.15625],"tintindex":0,"rotation":0,"texture":"#0"},"up":{"uv":[5.59375,0.65625,5.65625,0.71875],"tintindex":0,"rotation":0,"texture":"#0"},"down":{"uv":[5.59375,0.65625,5.65625,0.71875],"tintindex":0,"rotation":0,"texture":"#0"}}},{"from":[-5.0,15.0,16.0],"to":[2.0,18.0,19.0],"faces":{"east":{"uv":[5.59375,0.8125,5.6875,0.90625],"tintindex":0,"rotation":0,"texture":"#0"},"south":{"uv":[5.6875,0.8125,5.59375,1.03125],"tintindex":0,"rotation":90,"texture":"#0"},"north":{"uv":[5.6875,0.8125,5.59375,1.03125],"tintindex":0,"rotation":90,"texture":"#0"},"west":{"uv":[5.59375,0.8125,5.6875,0.90625],"tintindex":0,"rotation":0,"texture":"#0"},"up":{"uv":[5.59375,0.8125,5.6875,1.03125],"tintindex":0,"rotation":90,"texture":"#0"},"down":{"uv":[5.59375,0.8125,5.6875,1.03125],"tintindex":0,"rotation":90,"texture":"#0"}}},{"from":[5.8,11.8,23.499],"to":[8.8,19.8,26.501],"faces":{"east":{"uv":[5.59375,0.90625,5.6875,1.15625],"tintindex":0,"rotation":0,"texture":"#0"},"south":{"uv":[5.59375,0.90625,5.6875,1.15625],"tintindex":0,"rotation":0,"texture":"#0"},"north":{"uv":[5.59375,0.90625,5.6875,1.15625],"tintindex":0,"rotation":0,"texture":"#0"},"west":{"uv":[5.59375,0.90625,5.6875,1.15625],"tintindex":0,"rotation":0,"texture":"#0"},"up":{"uv":[5.59375,0.90625,5.6875,1.0],"tintindex":0,"rotation":0,"texture":"#0"},"down":{"uv":[5.59375,0.90625,5.6875,1.0],"tintindex":0,"rotation":0,"texture":"#0"}},"rotation":{"origin":[8.0,11.8,24.5],"angle":45.0,"axis":"z"}},{"from":[-7.670431,-9.547497,16.5],"to":[-5.670431,6.452504,18.5],"faces":{"east":{"uv":[5.65625,0.65625,5.59375,1.15625],"tintindex":0,"rotation":0,"texture":"#0"},"south":{"uv":[5.59375,0.65625,5.65625,1.15625],"tintindex":0,"rotation":0,"texture":"#0"},"north":{"uv":[5.59375,0.65625,5.65625,1.15625],"tintindex":0,"rotation":0,"texture":"#0"},"west":{"uv":[5.65625,0.65625,5.59375,1.15625],"tintindex":0,"rotation":0,"texture":"#0"},"up":{"uv":[5.59375,0.65625,5.65625,0.71875],"tintindex":0,"rotation":0,"texture":"#0"},"down":{"uv":[5.59375,0.65625,5.65625,0.71875],"tintindex":0,"rotation":0,"texture":"#0"}}},{"from":[7.0,1.0,1.5],"to":[10.0,9.0,4.5],"faces":{"east":{"uv":[5.59375,0.53125,5.6875,0.78125],"tintindex":0,"rotation":0,"texture":"#0"},"south":{"uv":[5.59375,0.53125,5.6875,0.78125],"tintindex":0,"rotation":0,"texture":"#0"},"north":{"uv":[5.59375,0.53125,5.6875,0.78125],"tintindex":0,"rotation":0,"texture":"#0"},"west":{"uv":[5.59375,0.53125,5.6875,0.78125],"tintindex":0,"rotation":0,"texture":"#0"},"up":{"uv":[5.59375,0.53125,5.6875,0.625],"tintindex":0,"rotation":0,"texture":"#0"},"down":{"uv":[5.59375,0.53125,5.6875,0.625],"tintindex":0,"rotation":0,"texture":"#0"}}},{"from":[5.8999996,3.5,9.0],"to":[7.8999996,11.5,11.0],"faces":{"east":{"uv":[5.65625,0.53125,5.59375,0.78125],"tintindex":0,"rotation":0,"texture":"#0"},"south":{"uv":[5.59375,0.53125,5.65625,0.78125],"tintindex":0,"rotation":0,"texture":"#0"},"north":{"uv":[5.59375,0.53125,5.65625,0.78125],"tintindex":0,"rotation":0,"texture":"#0"},"west":{"uv":[5.65625,0.53125,5.59375,0.78125],"tintindex":0,"rotation":0,"texture":"#0"},"up":{"uv":[5.59375,0.53125,5.65625,0.59375],"tintindex":0,"rotation":0,"texture":"#0"},"down":{"uv":[5.59375,0.53125,5.65625,0.59375],"tintindex":0,"rotation":0,"texture":"#0"}},"rotation":{"origin":[8.1,3.5,10.0],"angle":45.0,"axis":"z"}},{"from":[6.1000004,2.5,8.5],"to":[9.1,10.5,11.5],"faces":{"east":{"uv":[5.59375,0.53125,5.6875,0.78125],"tintindex":0,"rotation":0,"texture":"#0"},"south":{"uv":[5.59375,0.53125,5.6875,0.78125],"tintindex":0,"rotation":0,"texture":"#0"},"north":{"uv":[5.59375,0.53125,5.6875,0.78125],"tintindex":0,"rotation":0,"texture":"#0"},"west":{"uv":[5.59375,0.53125,5.6875,0.78125],"tintindex":0,"rotation":0,