{"textures":{"0":"modelengine:entity/stingerhead"},"elements":[{"from":[24.386845,3.0,-5.944805],"to":[26.386847,8.0,-3.9448051],"faces":{"east":{"uv":[4.75,1.09375,4.8125,1.25],"tintindex":0,"rotation":0,"texture":"#0"},"south":{"uv":[4.9375,1.15625,4.875,1.3125],"tintindex":0,"rotation":0,"texture":"#0"},"north":{"uv":[4.8125,1.125,4.75,1.28125],"tintindex":0,"rotation":0,"texture":"#0"},"west":{"uv":[4.8125,1.09375,4.75,1.25],"tintindex":0,"rotation":0,"texture":"#0"},"up":{"uv":[4.8125,1.09375,4.75,1.15625],"tintindex":0,"rotation":0,"texture":"#0"},"down":{"uv":[4.8125,1.1875,4.75,1.25],"tintindex":0,"rotation":0,"texture":"#0"}},"rotation":{"origin":[24.386845,11.0,9.055196],"angle":22.5,"axis":"y"}},{"from":[-8.386847,6.0,-1.9448051],"to":[-2.3868456,11.0,2.0551949],"faces":{"east":{"uv":[4.46875,1.125,4.59375,1.28125],"tintindex":0,"rotation":0,"texture":"#0"},"south":{"uv":[4.46875,1.125,4.65625,1.28125],"tintindex":0,"rotation":0,"texture":"#0"},"north":{"uv":[4.46875,1.125,4.65625,1.28125],"tintindex":0,"rotation":0,"texture":"#0"},"west":{"uv":[4.59375,1.125,4.46875,1.28125],"tintindex":0,"rotation":0,"texture":"#0"},"up":{"uv":[4.46875,1.125,4.65625,1.25],"tintindex":0,"rotation":0,"texture":"#0"},"down":{"uv":[4.46875,1.3125,4.65625,1.1875],"tintindex":0,"rotation":0,"texture":"#0"}},"rotation":{"origin":[-4.3868456,11.0,9.055196],"angle":-22.5,"axis":"y"}},{"from":[-7.3868465,5.0,-3.9448051],"to":[-3.3868456,10.0,-1.9448051],"faces":{"east":{"uv":[4.46875,1.125,4.53125,1.28125],"tintindex":0,"rotation":0,"texture":"#0"},"south":{"uv":[4.21875,1.15625,4.34375,1.3125],"tintindex":0,"rotation":0,"texture":"#0"},"north":{"uv":[4.46875,1.125,4.59375,1.28125],"tintindex":0,"rotation":0,"texture":"#0"},"west":{"uv":[4.53125,1.125,4.46875,1.28125],"tintindex":0,"rotation":0,"texture":"#0"},"up":{"uv":[4.3125,1.0,4.4375,1.0625],"tintindex":0,"rotation":0,"texture":"#0"},"down":{"uv":[4.46875,1.1875,4.59375,1.25],"tintindex":0,"rotation":0,"texture":"#0"}},"rotation":{"origin":[-4.3868456,11.0,9.055196],"angle":-22.5,"axis":"y"}},{"from":[-6.3868465,3.0,-5.944805],"to":[-4.3868456,8.0,-3.9448051],"faces":{"east":{"uv":[4.75,1.09375,4.8125,1.25],"tintindex":0,"rotation":0,"texture":"#0"},"south":{"uv":[4.875,1.15625,4.9375,1.3125],"tintindex":0,"rotation":0,"texture":"#0"},"north":{"uv":[4.75,1.125,4.8125,1.28125],"tintindex":0,"rotation":0,"texture":"#0"},"west":{"uv":[4.8125,1.09375,4.75,1.25],"tintindex":0,"rotation":0,"texture":"#0"},"up":{"uv":[4.75,1.09375,4.8125,1.15625],"tintindex":0,"rotation":0,"texture":"#0"},"down":{"uv":[4.75,1.1875,4.8125,1.25],"tintindex":0,"rotation":0,"texture":"#0"}},"rotation":{"origin":[-4.3868456,11.0,9.055196],"angle":-22.5,"axis":"y"}},{"from":[22.386845,6.0,-1.9448051],"to":[28.386847,11.0,2.0551949],"faces":{"east":{"uv":[4.46875,1.125,4.59375,1.28125],"tintindex":0,"rotation":0,"texture":"#0"},"south":{"uv":[4.65625,1.125,4.46875,1.28125],"tintindex":0,"rotation":0,"texture":"#0"},"north":{"uv":[4.65625,1.125,4.46875,1.28125],"tintindex":0,"rotation":0,"texture":"#0"},"west":{"uv":[4.59375,1.125,4.46875,1.28125],"tintindex":0,"rotation":0,"texture":"#0"},"up":{"uv":[4.65625,1.125,4.46875,1.25],"tintindex":0,"rotation":0,"texture":"#0"},"down":{"uv":[4.65625,1.3125,4.46875,1.1875],"tintindex":0,"rotation":0,"texture":"#0"}},"rotation":{"origin":[24.386845,11.0,9.055196],"angle":22.5,"axis":"y"}},{"from":[-8.0,7.0,1.0],"to":[0.0,15.0,9.0],"faces":{"east":{"uv":[4.46875,1.0625,4.71875,1.3125],"tintindex":0,"rotation":90,"texture":"#0"},"south":{"uv":[3.65625,0.78125,3.90625,1.03125],"tintindex":0,"rotation":0,"texture":"#0"},"north":{"uv":[4.46875,0.78125,4.71875,1.03125],"tintindex":0,"rotation":0,"texture":"#0"},"west":{"uv":[4.46875,1.0625,4.71875,1.3125],"tintindex":0,"rotation":270,"texture":"#0"},"up":{"uv":[4.46875,1.0625,4.71875,1.3125],"tintindex":0,"rotation":0,"texture":"#0"},"down":{"uv":[4.46875,1.3125,4.71875,1.0625],"tintindex":0,"rotation":0,"texture":"#0"}},"rotation":{"origin":[6.0,11.0,8.0],"angle":22.5,"axis":"y"}},{"from":[23.386845,5.0,-3.9448051],"to":[27.386847,10.0,-1.9448051],"faces":{"east":{"uv":[4.46875,1.125,4.53125,1.28125],"tintindex":0,"rotation":0,"texture":"#0"},"south":{"uv":[4.34375,1.15625,4.21875,1.3125],"tintindex":0,"rotation":0,"texture":"#0"},"north":{"uv":[4.59375,1.125,4.46875,1.28125],"tintindex":0,"rotation":0,"texture":"#0"},"west":{"uv":[4.53125,1.125,4.46875,1.28125],"tintindex":0,"rotation":0,"texture":"#0"},"up":{"uv":[4.4375,1.0,4.3125,1.0625],"tintindex":0,"rotation":0,"texture":"#0"},"down":{"uv":[4.59375,1.1875,4.46875,1.25],"tintindex":0,"rotation":0,"texture":"#0"}},"rotation":{"origin":[24.386845,11.0,9.055196],"angle":22.5,"axis":"y"}},{"from":[-9.386847,6.0,2.0551949],"to":[-1.3868456,12.0,8.055195],"faces":{"east":{"uv":[4.71875,1.125,4.53125,1.3125],"tintindex":0,"rotation":0,"texture":"#0"},"south":{"uv":[3.65625,0.84375,3.90625,1.03125],"tintindex":0,"rotation":0,"texture":"#0"},"north":{"uv":[4.46875,1.125,4.71875,1.3125],"tintindex":0,"rotation":0,"texture":"#0"},"west":{"uv":[4.53125,1.125,4.71875,1.3125],"tintindex":0,"rotation":0,"texture":"#0"},"up":{"uv":[4.46875,1.125,4.71875,1.3125],"tintindex":0,"rotation":0,"texture":"#0"},"down":{"uv":[4.46875,1.125,4.71875,1.3125],"tintindex":0,"rotation":0,"texture":"#0"}},"rotation":{"origin":[-4.3868456,11.0,9.055196],"angle":-22.5,"axis":"y"}},{"from":[20.0,7.0,1.0],"to":[28.0,15.0,9.0],"faces":{"east":{"uv":[4.46875,1.3125,4.71875,1.0625],"tintindex":0,"rotation":270,"texture":"#0"},"south":{"uv":[3.90625,0.78125,3.65625,1.03125],"tintindex":0,"rotation":0,"texture":"#0"},"north":{"uv":[4.71875,0.78125,4.46875,1.03125],"tintindex":0,"rotation":0,"texture":"#0"},"west":{"uv":[4.46875,1.3125,4.71875,1.0625],"tintindex":0,"rotation":90,"texture":"#0"},"up":{"uv":[4.71875,1.0625,4.46875,1.3125],"tintindex":0,"rotation":0,"texture":"#0"},"down":{"uv":[4.71875,1.3125,4.46875,1.0625],"tintindex":0,"rotation":0,"texture":"#0"}},"rotation":{"origin":[14.0,11.0,8.0],"angle":-22.5,"axis":"y"}},{"from":[21.386845,6.0,2.0551949],"to":[29.386847,12.0,8.055195],"faces":{"east":{"uv":[4.71875,1.125,4.53125,1.3125],"tintindex":0,"rotation":0,"texture":"#0"},"south":{"uv":[3.90625,0.84375,3.65625,1.03125],"tintindex":0,"rotation":0,"texture":"#0"},"north":{"uv":[4.71875,1.125,4.46875,1.3125],"tintindex":0,"rotation":0,"texture":"#0"},"west":{"uv":[4.53125,1.125,4.71875,1.3125],"tintindex":0,"rotation":0,"texture":"#0"},"up":{"uv":[4.71875,1.125,4.46875,1.3125],"tintindex":0,"rotation":0,"texture":"#0"},"down":{"uv":[4.71875,1.125,4.46875,1.3125],"tintindex":0,"rotation":0,"texture":"#0"}},"rotation":{"origin":[24.386845,11.0,9.055196],"angle":22.5,"axis":"y"}}]}