{"textures":{"0":"modelengine:entity/stingerhead"},"elements":[{"from":[4.0,9.517821,12.581633],"to":[12.0,13.517821,20.581633],"faces":{"east":{"uv":[1.8125,0.0,2.5625,0.375],"tintindex":0,"rotation":0,"texture":"#0"},"south":{"uv":[2.59375,0.0,3.34375,0.375],"tintindex":0,"rotation":0,"texture":"#0"},"north":{"uv":[1.1875,1.0,1.21875,1.03125],"tintindex":0,"rotation":0,"texture":"#0"},"west":{"uv":[2.5625,0.0,1.8125,0.375],"tintindex":0,"rotation":0,"texture":"#0"},"up":{"uv":[3.375,0.75,4.125,0.0],"tintindex":0,"rotation":0,"texture":"#0"},"down":{"uv":[1.1875,1.0,1.21875,1.03125],"tintindex":0,"rotation":0,"texture":"#0"}},"rotation":{"origin":[8.0,10.517821,17.414967],"angle":-22.5,"axis":"x"}},{"from":[4.3329997,5.333333,13.333334],"to":[11.667,11.0,20.0],"faces":{"east":{"uv":[0.875,1.4375,1.5,1.96875],"tintindex":0,"rotation":0,"texture":"#0"},"south":{"uv":[0.0,1.40625,0.6875,1.9375],"tintindex":0,"rotation":0,"texture":"#0"},"north":{"uv":[0.0,1.40625,0.6875,1.9375],"tintindex":0,"rotation":0,"texture":"#0"},"west":{"uv":[1.5,1.4375,0.875,1.96875],"tintindex":0,"rotation":0,"texture":"#0"},"up":{"uv":[0.0,1.40625,0.6875,2.03125],"tintindex":0,"rotation":0,"texture":"#0"},"down":{"uv":[0.0,1.40625,0.625,2.09375],"tintindex":0,"rotation":90,"texture":"#0"}}},{"from":[3.6666665,5.333333,5.333333],"to":[12.333334,12.666667,13.333334],"faces":{"east":{"uv":[0.75,1.40625,0.0,2.09375],"tintindex":0,"rotation":0,"texture":"#0"},"south":{"uv":[0.03125,1.34375,0.71875,2.15625],"tintindex":0,"rotation":90,"texture":"#0"},"north":{"uv":[0.0,2.3125,0.8125,3.0],"tintindex":0,"rotation":0,"texture":"#0"},"west":{"uv":[0.0,1.40625,0.75,2.09375],"tintindex":0,"rotation":0,"texture":"#0"},"up":{"uv":[0.0,1.40625,0.8125,2.15625],"tintindex":0,"rotation":0,"texture":"#0"},"down":{"uv":[0.0,1.34375,0.75,2.15625],"tintindex":0,"rotation":90,"texture":"#0"}}},{"from":[2.9996662,4.1943483,5.2950373],"to":[13.000334,11.527682,5.3283706],"faces":{"east":{"uv":[1.21875,1.0,1.1875,1.03125],"tintindex":0,"rotation":0,"texture":"#0"},"south":{"uv":[1.84375,1.34375,2.7813125,2.03125],"tintindex":0,"rotation":0,"texture":"#0"},"north":{"uv":[2.7813125,1.34375,1.84375,2.03125],"tintindex":0,"rotation":0,"texture":"#0"},"west":{"uv":[1.1875,1.0,1.21875,1.03125],"tintindex":0,"rotation":0,"texture":"#0"},"up":{"uv":[1.1875,1.03125,1.2188125,1.0],"tintindex":0,"rotation":0,"texture":"#0"},"down":{"uv":[1.1875,1.0,1.21875,1.03125],"tintindex":0,"rotation":0,"texture":"#0"}},"rotation":{"origin":[8.0,7.8610153,2.2283707],"angle":-45.0,"axis":"x"}},{"from":[3.333333,6.8511543,7.914965],"to":[12.666667,14.184488,14.248299],"faces":{"east":{"uv":[1.21875,0.625,0.625,1.3125],"tintindex":0,"rotation":0,"texture":"#0"},"south":{"uv":[2.15625,0.625,3.03125,1.3125],"tintindex":0,"rotation":0,"texture":"#0"},"north":{"uv":[1.1875,1.0,1.21875,1.03125],"tintindex":0,"rotation":0,"texture":"#0"},"west":{"uv":[0.625,0.625,1.21875,1.3125],"tintindex":0,"rotation":0,"texture":"#0"},"up":{"uv":[0.90625,0.59375,1.78125,0.0],"tintindex":0,"rotation":0,"texture":"#0"},"down":{"uv":[1.1875,1.0,1.21875,1.03125],"tintindex":0,"rotation":0,"texture":"#0"}}},{"from":[2.9996662,4.1943483,2.661704],"to":[13.000334,11.527682,5.3283706],"faces":{"east":{"uv":[1.21875,1.0,1.1875,1.03125],"tintindex":0,"rotation":0,"texture":"#0"},"south":{"uv":[1.1875,1.0,1.2188125,1.03125],"tintindex":0,"rotation":0,"texture":"#0"},"north":{"uv":[1.84375,1.34375,2.7813125,2.03125],"tintindex":0,"rotation":0,"texture":"#0"},"west":{"uv":[1.1875,1.0,1.21875,1.03125],"tintindex":0,"rotation":0,"texture":"#0"},"up":{"uv":[1.1875,1.03125,1.2188125,1.0],"tintindex":0,"rotation":0,"texture":"#0"},"down":{"uv":[1.1875,1.0,1.21875,1.03125],"tintindex":0,"rotation":0,"texture":"#0"}},"rotation":{"origin":[8.0,7.8610153,2.2283707],"angle":-45.0,"axis":"x"}},{"from":[2.9996662,4.1943483,2.661704],"to":[2.9996662,11.527682,5.3283706],"faces":{"east":{"uv":[1.8125,1.34375,1.5625,2.03125],"tintindex":0,"rotation":0,"texture":"#0"},"south":{"uv":[1.78125,1.34375,1.8125625,2.03125],"tintindex":0,"rotation":0,"texture":"#0"},"north":{"uv":[1.5625,1.34375,1.5938125,2.03125],"tintindex":0,"rotation":0,"texture":"#0"},"west":{"uv":[1.5625,1.34375,1.8125,2.03125],"tintindex":0,"rotation":0,"texture":"#0"},"up":{"uv":[1.5625,1.375,1.8125,1.34375],"tintindex":0,"rotation":0,"texture":"#0"},"down":{"uv":[1.5625,1.96875,1.8125,2.0],"tintindex":0,"rotation":0,"texture":"#0"}},"rotation":{"origin":[8.0,7.8610153,2.2283707],"angle":-45.0,"axis":"x"}},{"from":[4.333333,5.333333,20.0],"to":[11.666667,11.0,26.666668],"faces":{"east":{"uv":[0.625,1.40625,0.0,1.9375],"tintindex":0,"rotation":0,"texture":"#0"},"south":{"uv":[0.0,1.40625,0.6875,1.9375],"tintindex":0,"rotation":0,"texture":"#0"},"north":{"uv":[0.0,1.40625,0.6875,1.9375],"tintindex":0,"rotation":0,"texture":"#0"},"west":{"uv":[0.0,1.40625,0.625,1.9375],"tintindex":0,"rotation":0,"texture":"#0"},"up":{"uv":[0.0,1.40625,0.6875,2.03125],"tintindex":0,"rotation":0,"texture":"#0"},"down":{"uv":[0.0,1.40625,0.625,2.09375],"tintindex":0,"rotation":90,"texture":"#0"}},"rotation":{"origin":[8.0,5.333333,20.0],"angle":-45.0,"axis":"x"}},{"from":[13.000334,4.1943483,2.661704],"to":[13.000334,11.527682,5.3283706],"faces":{"east":{"uv":[1.8125,1.34375,1.5625,2.03125],"tintindex":0,"rotation":0,"texture":"#0"},"south":{"uv":[1.78125,1.34375,1.8125625,2.03125],"tintindex":0,"rotation":0,"texture":"#0"},"north":{"uv":[1.5625,1.34375,1.5938125,2.03125],"tintindex":0,"rotation":0,"texture":"#0"},"west":{"uv":[1.5625,1.34375,1.8125,2.03125],"tintindex":0,"rotation":0,"texture":"#0"},"up":{"uv":[1.5625,1.375,1.8125,1.34375],"tintindex":0,"rotation":0,"texture":"#0"},"down":{"uv":[1.5625,1.96875,1.8125,2.0],"tintindex":0,"rotation":0,"texture":"#0"}},"rotation":{"origin":[8.0,7.8610153,2.2283707],"angle":-45.0,"axis":"x"}},{"from":[3.3329997,6.8511543,1.5816312],"to":[12.667,14.184488,7.914965],"faces":{"east":{"uv":[0.59375,0.625,0.0,1.3125],"tintindex":0,"rotation":0,"texture":"#0"},"south":{"uv":[1.1875,1.0,1.21875,1.03125],"tintindex":0,"rotation":0,"texture":"#0"},"north":{"uv":[3.78125,1.34375,4.65625,2.03125],"tintindex":0,"rotation":0,"texture":"#0"},"west":{"uv":[0.0,0.625,0.59375,1.3125],"tintindex":0,"rotation":0,"texture":"#0"},"up":{"uv":[0.0,0.59375,0.875,0.0],"tintindex":0,"rotation":0,"texture":"#0"},"down":{"uv":[1.1875,1.0,1.21875,1.03125],"tintindex":0,"rotation":0,"texture":"#0"}},"rotation":{"origin":[8.0,14.166667,7.9166665],"angle":-22.5,"axis":"x"}},{"from":[2.9996662,11.494349,2.661704],"to":[13.000334,11.527682,5.3283706],"faces":{"east":{"uv":[1.21875,1.0,1.1875,1.03125],"tintindex":0,"rotation":0,"texture":"#0"},"south":{"uv":[1.1875,1.0,1.2188125,1.03125],"tintindex":0,"rotation":0,"texture":"#0"},"north":{"uv":[1.1875,1.0,1.2188125,1.03125],"tintindex":0,"rotation":0,"texture":"#0"},"west":{"uv":[1.1875,1.0,1.21875,1.03125],"tintindex":0,"rotation":0,"texture":"#0"},"up":{"uv":[2.8125,1.59375,3.7500625,1.34375],"tintindex":0,"rotation":0,"texture":"#0"},"down":{"uv":[2.8125,1.34375,3.7500625,1.59375],"tintindex":0,"rotation":0,"texture":"#0"}},"rotation":{"origin":[8.0,7.8610153,2.2283707],"angle":-45.0,"axis":"x"}}]}