{"textures":{"0":"modelengine:entity/stingerhead"},"elements":[{"from":[7.4995,20.899998,22.749998],"to":[8.5005,23.899998,24.749998],"faces":{"east":{"uv":[4.96875,0.8125,4.84375,0.625],"tintindex":0,"rotation":0,"texture":"#0"},"south":{"uv":[4.90625,0.8125,4.84375,0.625],"tintindex":0,"rotation":0,"texture":"#0"},"north":{"uv":[4.90625,0.8125,4.84375,0.625],"tintindex":0,"rotation":0,"texture":"#0"},"west":{"uv":[5.15625,0.8125,5.03125,0.625],"tintindex":0,"rotation":0,"texture":"#0"},"up":{"uv":[5.15625,0.6875,5.09375,0.8125],"tintindex":0,"rotation":0,"texture":"#0"},"down":{"uv":[5.0,0.625,4.9375,0.75],"tintindex":0,"rotation":0,"texture":"#0"}},"rotation":{"origin":[8.0,23.75,22.499998],"angle":22.5,"axis":"x"}},{"from":[6.4995,7.9137993,16.603338],"to":[9.5005,11.413799,21.603338],"faces":{"east":{"uv":[5.15625,0.0625,4.84375,0.28125],"tintindex":0,"rotation":0,"texture":"#0"},"south":{"uv":[4.4063125,0.0625,4.21875,0.28125],"tintindex":0,"rotation":0,"texture":"#0"},"north":{"uv":[4.4063125,0.0625,4.21875,0.28125],"tintindex":0,"rotation":0,"texture":"#0"},"west":{"uv":[5.15625,0.0625,4.84375,0.28125],"tintindex":0,"rotation":0,"texture":"#0"},"up":{"uv":[4.7500625,0.0,4.5625,0.3125],"tintindex":0,"rotation":0,"texture":"#0"},"down":{"uv":[4.7500625,0.34375,4.5625,0.65625],"tintindex":0,"rotation":0,"texture":"#0"}},"rotation":{"origin":[8.0,9.460226,16.41094],"angle":-45.0,"axis":"x"}},{"from":[5.5,13.051859,17.802038],"to":[10.5,18.55186,22.802038],"faces":{"east":{"uv":[5.5625,0.0,5.1875,0.375],"tintindex":0,"rotation":0,"texture":"#0"},"south":{"uv":[5.5625,0.0,5.1875,0.375],"tintindex":0,"rotation":0,"texture":"#0"},"north":{"uv":[5.5625,0.0,5.1875,0.375],"tintindex":0,"rotation":0,"texture":"#0"},"west":{"uv":[5.5625,0.0,5.1875,0.375],"tintindex":0,"rotation":0,"texture":"#0"},"up":{"uv":[5.96875,0.0,5.59375,0.375],"tintindex":0,"rotation":0,"texture":"#0"},"down":{"uv":[5.5625,0.40625,5.1875,0.78125],"tintindex":0,"rotation":0,"texture":"#0"}},"rotation":{"origin":[8.0,12.960226,19.41094],"angle":22.5,"axis":"x"}},{"from":[6.4995,6.410227,7.910942],"to":[9.5005,9.910227,12.91094],"faces":{"east":{"uv":[5.15625,0.0625,4.84375,0.28125],"tintindex":0,"rotation":0,"texture":"#0"},"south":{"uv":[4.4063125,0.0625,4.21875,0.28125],"tintindex":0,"rotation":0,"texture":"#0"},"north":{"uv":[7.0938125,0.0,6.90625,0.21875],"tintindex":0,"rotation":0,"texture":"#0"},"west":{"uv":[5.15625,0.0625,4.84375,0.28125],"tintindex":0,"rotation":0,"texture":"#0"},"up":{"uv":[4.7500625,0.0,4.5625,0.3125],"tintindex":0,"rotation":0,"texture":"#0"},"down":{"uv":[4.7500625,0.34375,4.5625,0.65625],"tintindex":0,"rotation":0,"texture":"#0"}}},{"from":[7.5,22.735153,22.846502],"to":[8.5,23.735153,25.346502],"faces":{"east":{"uv":[5.09375,0.8125,5.15625,0.71875],"tintindex":0,"rotation":90,"texture":"#0"},"south":{"uv":[5.15625,0.71875,5.09375,0.78125],"tintindex":0,"rotation":0,"texture":"#0"},"north":{"uv":[5.15625,0.71875,5.09375,0.78125],"tintindex":0,"rotation":0,"texture":"#0"},"west":{"uv":[5.09375,0.8125,5.15625,0.71875],"tintindex":0,"rotation":90,"texture":"#0"},"up":{"uv":[5.15625,0.71875,5.09375,0.8125],"tintindex":0,"rotation":0,"texture":"#0"},"down":{"uv":[5.15625,0.71875,5.09375,0.8125],"tintindex":0,"rotation":0,"texture":"#0"}}},{"from":[6.5,17.0,20.999998],"to":[9.5,21.5,23.999998],"faces":{"east":{"uv":[4.84375,0.71875,5.03125,0.4375],"tintindex":0,"rotation":0,"texture":"#0"},"south":{"uv":[5.09375,0.75,4.90625,0.46875],"tintindex":0,"rotation":0,"texture":"#0"},"north":{"uv":[5.09375,0.625,4.90625,0.34375],"tintindex":0,"rotation":0,"texture":"#0"},"west":{"uv":[5.03125,0.71875,4.84375,0.4375],"tintindex":0,"rotation":0,"texture":"#0"},"up":{"uv":[5.09375,0.625,4.90625,0.8125],"tintindex":0,"rotation":0,"texture":"#0"},"down":{"uv":[5.09375,0.4375,4.90625,0.625],"tintindex":0,"rotation":0,"texture":"#0"}}},{"from":[6.5,6.3102264,12.360941],"to":[9.5,9.810226,17.36094],"faces":{"east":{"uv":[5.15625,0.0625,4.84375,0.28125],"tintindex":0,"rotation":0,"texture":"#0"},"south":{"uv":[4.40625,0.0625,4.21875,0.28125],"tintindex":0,"rotation":0,"texture":"#0"},"north":{"uv":[4.40625,0.0625,4.21875,0.28125],"tintindex":0,"rotation":0,"texture":"#0"},"west":{"uv":[5.15625,0.0625,4.84375,0.28125],"tintindex":0,"rotation":0,"texture":"#0"},"up":{"uv":[4.75,0.0,4.5625,0.3125],"tintindex":0,"rotation":0,"texture":"#0"},"down":{"uv":[4.75,0.34375,4.5625,0.65625],"tintindex":0,"rotation":0,"texture":"#0"}},"rotation":{"origin":[8.0,7.8102264,12.360941],"angle":-22.5,"axis":"x"}}]}