{"textures":{"0":"modelengine:entity/stingerhead"},"elements":[{"from":[6.5,12.103573,17.199757],"to":[9.5,17.103573,20.699757],"faces":{"east":{"uv":[4.84375,0.0625,5.15625,0.28125],"tintindex":0,"rotation":90,"texture":"#0"},"south":{"uv":[4.5625,0.34375,4.75,0.65625],"tintindex":0,"rotation":0,"texture":"#0"},"north":{"uv":[4.5625,0.0,4.75,0.3125],"tintindex":0,"rotation":0,"texture":"#0"},"west":{"uv":[4.84375,0.0625,5.15625,0.28125],"tintindex":0,"rotation":270,"texture":"#0"},"up":{"uv":[6.90625,0.0,7.09375,0.21875],"tintindex":0,"rotation":0,"texture":"#0"},"down":{"uv":[4.21875,0.03125,4.40625,0.25],"tintindex":0,"rotation":0,"texture":"#0"}},"rotation":{"origin":[8.0,11.549999,19.0],"angle":22.5,"axis":"x"}},{"from":[6.5,5.3999996,11.950001],"to":[9.5,8.9,16.95],"faces":{"east":{"uv":[4.84375,0.0625,5.15625,0.28125],"tintindex":0,"rotation":0,"texture":"#0"},"south":{"uv":[4.21875,0.03125,4.40625,0.25],"tintindex":0,"rotation":0,"texture":"#0"},"north":{"uv":[4.21875,0.03125,4.40625,0.25],"tintindex":0,"rotation":0,"texture":"#0"},"west":{"uv":[4.84375,0.0625,5.15625,0.28125],"tintindex":0,"rotation":0,"texture":"#0"},"up":{"uv":[4.5625,0.0,4.75,0.3125],"tintindex":0,"rotation":0,"texture":"#0"},"down":{"uv":[4.5625,0.34375,4.75,0.65625],"tintindex":0,"rotation":0,"texture":"#0"}},"rotation":{"origin":[8.0,6.8999996,11.950001],"angle":-22.5,"axis":"x"}},{"from":[6.4995003,7.0035725,16.192396],"to":[9.5005,10.503572,21.192396],"faces":{"east":{"uv":[4.84375,0.0625,5.15625,0.28125],"tintindex":0,"rotation":0,"texture":"#0"},"south":{"uv":[4.21875,0.03125,4.4063125,0.25],"tintindex":0,"rotation":0,"texture":"#0"},"north":{"uv":[4.21875,0.03125,4.4063125,0.25],"tintindex":0,"rotation":0,"texture":"#0"},"west":{"uv":[4.84375,0.0625,5.15625,0.28125],"tintindex":0,"rotation":0,"texture":"#0"},"up":{"uv":[4.5625,0.0,4.7500625,0.3125],"tintindex":0,"rotation":0,"texture":"#0"},"down":{"uv":[4.5625,0.34375,4.7500625,0.65625],"tintindex":0,"rotation":0,"texture":"#0"}},"rotation":{"origin":[8.0,8.55,16.0],"angle":-45.0,"axis":"x"}},{"from":[5.4995003,5.5,7.5],"to":[10.5005,9.0,12.5],"faces":{"east":{"uv":[4.84375,0.0,5.15625,0.21875],"tintindex":0,"rotation":0,"texture":"#0"},"south":{"uv":[4.15625,0.0,4.4688125,0.21875],"tintindex":0,"rotation":0,"texture":"#0"},"north":{"uv":[4.15625,0.0,4.4688125,0.21875],"tintindex":0,"rotation":0,"texture":"#0"},"west":{"uv":[4.84375,0.0,5.15625,0.21875],"tintindex":0,"rotation":0,"texture":"#0"},"up":{"uv":[4.5,0.0,4.8125625,0.3125],"tintindex":0,"rotation":0,"texture":"#0"},"down":{"uv":[4.5,0.34375,4.8125625,0.65625],"tintindex":0,"rotation":0,"texture":"#0"}}}]}