{"textures":{"0":"modelengine:entity/stingerhead"},"elements":[{"from":[6.5,12.103573,17.199757],"to":[9.5,17.103573,20.199757],"faces":{"east":{"uv":[4.84375,0.25,5.15625,0.0625],"tintindex":0,"rotation":270,"texture":"#0"},"south":{"uv":[4.75,0.34375,4.5625,0.65625],"tintindex":0,"rotation":0,"texture":"#0"},"north":{"uv":[4.75,0.0,4.5625,0.3125],"tintindex":0,"rotation":0,"texture":"#0"},"west":{"uv":[4.84375,0.25,5.15625,0.0625],"tintindex":0,"rotation":90,"texture":"#0"},"up":{"uv":[6.875,0.0,6.6875,0.1875],"tintindex":0,"rotation":0,"texture":"#0"},"down":{"uv":[4.40625,0.03125,4.21875,0.21875],"tintindex":0,"rotation":0,"texture":"#0"}},"rotation":{"origin":[8.0,11.549999,19.0],"angle":22.5,"axis":"x"}},{"from":[5.4995003,6.0,7.5],"to":[10.5005,9.0,12.5],"faces":{"east":{"uv":[5.15625,0.0,4.84375,0.1875],"tintindex":0,"rotation":0,"texture":"#0"},"south":{"uv":[4.4688125,0.0,4.15625,0.1875],"tintindex":0,"rotation":0,"texture":"#0"},"north":{"uv":[4.4688125,0.0,4.15625,0.1875],"tintindex":0,"rotation":0,"texture":"#0"},"west":{"uv":[5.15625,0.0,4.84375,0.1875],"tintindex":0,"rotation":0,"texture":"#0"},"up":{"uv":[4.8125625,0.0,4.5,0.3125],"tintindex":0,"rotation":0,"texture":"#0"},"down":{"uv":[4.8125625,0.34375,4.5,0.65625],"tintindex":0,"rotation":0,"texture":"#0"}}},{"from":[6.0,5.8999996,11.950001],"to":[10.0,8.9,16.95],"faces":{"east":{"uv":[5.15625,0.0625,4.84375,0.25],"tintindex":0,"rotation":0,"texture":"#0"},"south":{"uv":[4.4375,0.03125,4.1875,0.21875],"tintindex":0,"rotation":0,"texture":"#0"},"north":{"uv":[4.4375,0.03125,4.1875,0.21875],"tintindex":0,"rotation":0,"texture":"#0"},"west":{"uv":[5.15625,0.0625,4.84375,0.25],"tintindex":0,"rotation":0,"texture":"#0"},"up":{"uv":[4.78125,0.0,4.53125,0.3125],"tintindex":0,"rotation":0,"texture":"#0"},"down":{"uv":[4.78125,0.34375,4.53125,0.65625],"tintindex":0,"rotation":0,"texture":"#0"}},"rotation":{"origin":[8.0,6.8999996,11.950001],"angle":-22.5,"axis":"x"}},{"from":[6.4995003,7.5035725,16.192396],"to":[9.5005,10.503572,21.192398],"faces":{"east":{"uv":[5.15625,0.0625,4.84375,0.25],"tintindex":0,"rotation":0,"texture":"#0"},"south":{"uv":[4.4063125,0.03125,4.21875,0.21875],"tintindex":0,"rotation":0,"texture":"#0"},"north":{"uv":[4.4063125,0.03125,4.21875,0.21875],"tintindex":0,"rotation":0,"texture":"#0"},"west":{"uv":[5.15625,0.0625,4.84375,0.25],"tintindex":0,"rotation":0,"texture":"#0"},"up":{"uv":[4.7500625,0.0,4.5625,0.3125],"tintindex":0,"rotation":0,"texture":"#0"},"down":{"uv":[4.7500625,0.34375,4.5625,0.65625],"tintindex":0,"rotation":0,"texture":"#0"}},"rotation":{"origin":[8.0,8.549999,16.0],"angle":-45.0,"axis":"x"}}]}