{"textures":{"0":"modelengine:entity/stingerhead"},"elements":[{"from":[5.4995,5.5,7.5],"to":[10.5005,9.0,12.5],"faces":{"east":{"uv":[4.84375,0.0,5.15625,0.21875],"tintindex":0,"rotation":0,"texture":"#0"},"south":{"uv":[4.15625,0.0,4.4688125,0.21875],"tintindex":0,"rotation":0,"texture":"#0"},"north":{"uv":[4.15625,0.0,4.4688125,0.21875],"tintindex":0,"rotation":0,"texture":"#0"},"west":{"uv":[4.84375,0.0,5.15625,0.21875],"tintindex":0,"rotation":0,"texture":"#0"},"up":{"uv":[4.5,0.0,4.8125625,0.3125],"tintindex":0,"rotation":0,"texture":"#0"},"down":{"uv":[4.5,0.34375,4.8125625,0.65625],"tintindex":0,"rotation":0,"texture":"#0"}}},{"from":[6.0,12.103573,17.199757],"to":[10.0,17.103573,20.699757],"faces":{"east":{"uv":[4.84375,0.03125,5.15625,0.25],"tintindex":0,"rotation":90,"texture":"#0"},"south":{"uv":[4.53125,0.34375,4.78125,0.65625],"tintindex":0,"rotation":0,"texture":"#0"},"north":{"uv":[4.53125,0.0,4.78125,0.3125],"tintindex":0,"rotation":0,"texture":"#0"},"west":{"uv":[4.84375,0.03125,5.15625,0.25],"tintindex":0,"rotation":270,"texture":"#0"},"up":{"uv":[6.375,0.21875,6.625,0.4375],"tintindex":0,"rotation":0,"texture":"#0"},"down":{"uv":[4.1875,0.03125,4.4375,0.25],"tintindex":0,"rotation":0,"texture":"#0"}},"rotation":{"origin":[8.0,11.549999,19.0],"angle":22.5,"axis":"x"}},{"from":[6.0,5.3999996,11.950001],"to":[10.0,8.9,16.95],"faces":{"east":{"uv":[4.84375,0.03125,5.15625,0.25],"tintindex":0,"rotation":0,"texture":"#0"},"south":{"uv":[4.1875,0.03125,4.4375,0.25],"tintindex":0,"rotation":0,"texture":"#0"},"north":{"uv":[4.1875,0.03125,4.4375,0.25],"tintindex":0,"rotation":0,"texture":"#0"},"west":{"uv":[4.84375,0.03125,5.15625,0.25],"tintindex":0,"rotation":0,"texture":"#0"},"up":{"uv":[4.53125,0.0,4.78125,0.3125],"tintindex":0,"rotation":0,"texture":"#0"},"down":{"uv":[4.53125,0.34375,4.78125,0.65625],"tintindex":0,"rotation":0,"texture":"#0"}},"rotation":{"origin":[8.0,6.8999996,11.950001],"angle":-22.5,"axis":"x"}},{"from":[5.9995,7.0035725,16.192396],"to":[10.0005,10.503572,21.192396],"faces":{"east":{"uv":[4.84375,0.03125,5.15625,0.25],"tintindex":0,"rotation":0,"texture":"#0"},"south":{"uv":[4.1875,0.03125,4.4375625,0.25],"tintindex":0,"rotation":0,"texture":"#0"},"north":{"uv":[4.1875,0.03125,4.4375625,0.25],"tintindex":0,"rotation":0,"texture":"#0"},"west":{"uv":[4.84375,0.03125,5.15625,0.25],"tintindex":0,"rotation":0,"texture":"#0"},"up":{"uv":[4.53125,0.0,4.7813125,0.3125],"tintindex":0,"rotation":0,"texture":"#0"},"down":{"uv":[4.53125,0.34375,4.7813125,0.65625],"tintindex":0,"rotation":0,"texture":"#0"}},"rotation":{"origin":[8.0,8.549999,16.0],"angle":-45.0,"axis":"x"}}]}