{"textures":{"0":"modelengine:entity/stingerhead"},"elements":[{"from":[6.5,6.8102264,12.360943],"to":[9.5,9.810226,17.360943],"faces":{"east":{"uv":[4.84375,0.0625,5.15625,0.25],"tintindex":0,"rotation":0,"texture":"#0"},"south":{"uv":[4.21875,0.03125,4.40625,0.21875],"tintindex":0,"rotation":0,"texture":"#0"},"north":{"uv":[4.21875,0.03125,4.40625,0.21875],"tintindex":0,"rotation":0,"texture":"#0"},"west":{"uv":[4.84375,0.0625,5.15625,0.25],"tintindex":0,"rotation":0,"texture":"#0"},"up":{"uv":[4.5625,0.0,4.75,0.3125],"tintindex":0,"rotation":0,"texture":"#0"},"down":{"uv":[4.5625,0.34375,4.75,0.65625],"tintindex":0,"rotation":0,"texture":"#0"}},"rotation":{"origin":[8.0,7.8102264,12.360943],"angle":-22.5,"axis":"x"}},{"from":[7.5,22.235153,22.846504],"to":[8.5,23.235153,25.346504],"faces":{"east":{"uv":[5.09375,0.71875,5.15625,0.8125],"tintindex":0,"rotation":90,"texture":"#0"},"south":{"uv":[5.09375,0.71875,5.15625,0.78125],"tintindex":0,"rotation":0,"texture":"#0"},"north":{"uv":[5.09375,0.71875,5.15625,0.78125],"tintindex":0,"rotation":0,"texture":"#0"},"west":{"uv":[5.09375,0.71875,5.15625,0.8125],"tintindex":0,"rotation":90,"texture":"#0"},"up":{"uv":[5.09375,0.71875,5.15625,0.8125],"tintindex":0,"rotation":0,"texture":"#0"},"down":{"uv":[5.09375,0.71875,5.15625,0.8125],"tintindex":0,"rotation":0,"texture":"#0"}}},{"from":[6.4995,8.413799,16.60334],"to":[9.5005,11.413799,21.60334],"faces":{"east":{"uv":[4.84375,0.0625,5.15625,0.25],"tintindex":0,"rotation":0,"texture":"#0"},"south":{"uv":[4.21875,0.03125,4.4063125,0.21875],"tintindex":0,"rotation":0,"texture":"#0"},"north":{"uv":[4.21875,0.03125,4.4063125,0.21875],"tintindex":0,"rotation":0,"texture":"#0"},"west":{"uv":[4.84375,0.0625,5.15625,0.25],"tintindex":0,"rotation":0,"texture":"#0"},"up":{"uv":[4.5625,0.0,4.7500625,0.3125],"tintindex":0,"rotation":0,"texture":"#0"},"down":{"uv":[4.5625,0.34375,4.7500625,0.65625],"tintindex":0,"rotation":0,"texture":"#0"}},"rotation":{"origin":[8.0,9.460226,16.410942],"angle":-45.0,"axis":"x"}},{"from":[6.4995,6.910227,7.910942],"to":[9.5005,9.910227,12.910942],"faces":{"east":{"uv":[4.84375,0.0625,5.15625,0.25],"tintindex":0,"rotation":0,"texture":"#0"},"south":{"uv":[6.6875,0.0,6.8750625,0.1875],"tintindex":0,"rotation":0,"texture":"#0"},"north":{"uv":[6.6875,0.0,6.8750625,0.1875],"tintindex":0,"rotation":0,"texture":"#0"},"west":{"uv":[4.84375,0.0625,5.15625,0.25],"tintindex":0,"rotation":0,"texture":"#0"},"up":{"uv":[4.5625,0.0,4.7500625,0.3125],"tintindex":0,"rotation":0,"texture":"#0"},"down":{"uv":[4.5625,0.34375,4.7500625,0.65625],"tintindex":0,"rotation":0,"texture":"#0"}}},{"from":[7.4995,20.899998,22.75],"to":[8.5005,23.399998,24.75],"faces":{"east":{"uv":[5.03125,0.8125,5.15625,0.625],"tintindex":0,"rotation":0,"texture":"#0"},"south":{"uv":[4.84375,0.8125,4.90625,0.625],"tintindex":0,"rotation":0,"texture":"#0"},"north":{"uv":[4.84375,0.8125,4.90625,0.625],"tintindex":0,"rotation":0,"texture":"#0"},"west":{"uv":[4.84375,0.8125,4.96875,0.625],"tintindex":0,"rotation":0,"texture":"#0"},"up":{"uv":[5.09375,0.6875,5.15625,0.8125],"tintindex":0,"rotation":0,"texture":"#0"},"down":{"uv":[4.9375,0.625,5.0,0.75],"tintindex":0,"rotation":0,"texture":"#0"}},"rotation":{"origin":[8.0,23.25,22.5],"angle":22.5,"axis":"x"}},{"from":[5.5,13.051859,17.80204],"to":[10.5,18.55186,22.80204],"faces":{"east":{"uv":[5.1875,0.0,5.5625,0.375],"tintindex":0,"rotation":0,"texture":"#0"},"south":{"uv":[5.1875,0.0,5.5625,0.375],"tintindex":0,"rotation":0,"texture":"#0"},"north":{"uv":[5.1875,0.0,5.5625,0.375],"tintindex":0,"rotation":0,"texture":"#0"},"west":{"uv":[5.1875,0.0,5.5625,0.375],"tintindex":0,"rotation":0,"texture":"#0"},"up":{"uv":[5.59375,0.0,5.96875,0.375],"tintindex":0,"rotation":0,"texture":"#0"},"down":{"uv":[5.1875,0.40625,5.5625,0.78125],"tintindex":0,"rotation":0,"texture":"#0"}},"rotation":{"origin":[8.0,12.960226,19.410942],"angle":22.5,"axis":"x"}},{"from":[6.5,17.0,21.0],"to":[9.5,21.0,24.0],"faces":{"east":{"uv":[4.84375,0.71875,5.03125,0.4375],"tintindex":0,"rotation":0,"texture":"#0"},"south":{"uv":[4.90625,0.75,5.09375,0.46875],"tintindex":0,"rotation":0,"texture":"#0"},"north":{"uv":[4.90625,0.625,5.09375,0.34375],"tintindex":0,"rotation":0,"texture":"#0"},"west":{"uv":[5.03125,0.71875,4.84375,0.4375],"tintindex":0,"rotation":0,"texture":"#0"},"up":{"uv":[4.90625,0.625,5.09375,0.8125],"tintindex":0,"rotation":0,"texture":"#0"},"down":{"uv":[4.90625,0.4375,5.09375,0.625],"tintindex":0,"rotation":0,"texture":"#0"}}}]}