{"textures":{"0":"mineinabyss:entity/mobs/splitjaw"},"elements":[{"from":[7.2643476,5.539371,0.67135],"to":[8.51509,18.589886,1.4530644],"rotation":{"angle":45.0,"axis":"x","origin":[10.592805,-1.6082935,7.349685]},"faces":{"east":{"uv":[11.0,13.25,11.0625,14.1875],"rotation":0,"texture":"#0","tintindex":0},"south":{"uv":[0.0,13.25,0.09375,14.1875],"rotation":0,"texture":"#0","tintindex":0},"north":{"uv":[13.0,13.0,13.09375,13.9375],"rotation":0,"texture":"#0","tintindex":0},"west":{"uv":[11.25,13.25,11.3125,14.1875],"rotation":0,"texture":"#0","tintindex":0},"up":{"uv":[13.34375,14.8125,13.25,14.75],"rotation":0,"texture":"#0","tintindex":0},"down":{"uv":[14.84375,13.25,14.75,13.3125],"rotation":0,"texture":"#0","tintindex":0}}},{"from":[7.2808046,15.494794,16.107628],"to":[8.51904,15.807479,18.765457],"rotation":{"angle":0.0,"axis":"y","origin":[10.592805,-1.6082935,7.349685]},"faces":{"east":{"uv":[14.75,14.75,14.9375,14.78125],"rotation":0,"texture":"#0","tintindex":0},"south":{"uv":[15.0,3.75,15.09375,3.78125],"rotation":0,"texture":"#0","tintindex":0},"north":{"uv":[3.75,15.0,3.84375,15.03125],"rotation":0,"texture":"#0","tintindex":0},"west":{"uv":[0.0,15.0,0.1875,15.03125],"rotation":0,"texture":"#0","tintindex":0},"up":{"uv":[0.84375,14.1875,0.75,14.0],"rotation":0,"texture":"#0","tintindex":0},"down":{"uv":[1.09375,14.0,1.0,14.1875],"rotation":0,"texture":"#0","tintindex":0}}},{"from":[7.2706013,16.589193,16.889343],"to":[8.508837,17.370907,18.765457],"rotation":{"angle":0.0,"axis":"y","origin":[10.592805,-1.6082935,7.349685]},"faces":{"east":{"uv":[14.5,0.0,14.625,0.0625],"rotation":0,"texture":"#0","tintindex":0},"south":{"uv":[14.75,13.5,14.84375,13.5625],"rotation":0,"texture":"#0","tintindex":0},"north":{"uv":[13.5,14.75,13.59375,14.8125],"rotation":0,"texture":"#0","tintindex":0},"west":{"uv":[0.25,14.5,0.375,14.5625],"rotation":0,"texture":"#0","tintindex":0},"up":{"uv":[14.09375,10.875,14.0,10.75],"rotation":0,"texture":"#0","tintindex":0},"down":{"uv":[14.09375,11.0,14.0,11.125],"rotation":0,"texture":"#0","tintindex":0}}}],"display":{"head":{"translation":[0.0,-6.4,0.0],"scale":[4.0,4.0,4.0]}}}
