{"textures":{"0":"mineinabyss:mobs/splitjaw"},"elements":[{"from":[2.3265214,4.2115927,-10.0082245],"to":[13.869562,6.7583356,-2.259653],"rotation":{"angle":22.5,"axis":"x","origin":[8.098042,3.478857,-4.0602446]},"faces":{"east":{"uv":[13.0,8.5,13.5625,8.6875],"rotation":0,"texture":"#0","tintindex":0},"south":{"uv":[9.5,12.5,10.34375,12.6875],"rotation":0,"texture":"#0","tintindex":0},"north":{"uv":[4.75,12.5,5.59375,12.6875],"rotation":0,"texture":"#0","tintindex":0},"west":{"uv":[13.0,8.75,13.5625,8.9375],"rotation":0,"texture":"#0","tintindex":0},"up":{"uv":[10.59375,11.3125,9.75,10.75],"rotation":0,"texture":"#0","tintindex":0},"down":{"uv":[11.84375,0.0,11.0,0.5625],"rotation":0,"texture":"#0","tintindex":0}}},{"from":[-8.943941,4.4950857,-7.443634],"to":[0.66703033,7.037714,-0.4781475],"rotation":{"angle":45.0,"axis":"y","origin":[8.098042,3.478857,-4.0602446]},"faces":{"east":{"uv":[11.75,3.75,12.25,3.9375],"rotation":0,"texture":"#0","tintindex":0},"south":{"uv":[13.0,0.25,13.6875,0.4375],"rotation":0,"texture":"#0","tintindex":0},"north":{"uv":[13.0,0.0,13.6875,0.1875],"rotation":0,"texture":"#0","tintindex":0},"west":{"uv":[1.5,12.0,2.0,12.1875],"rotation":0,"texture":"#0","tintindex":0},"up":{"uv":[12.4375,3.25,11.75,2.75],"rotation":0,"texture":"#0","tintindex":0},"down":{"uv":[12.4375,3.25,11.75,3.75],"rotation":0,"texture":"#0","tintindex":0}}},{"from":[15.529053,4.4950857,-7.443634],"to":[25.140026,7.037714,-0.4781475],"rotation":{"angle":-45.0,"axis":"y","origin":[8.098042,3.478857,-4.0602446]},"faces":{"east":{"uv":[8.5,3.75,9.0,3.9375],"rotation":0,"texture":"#0","tintindex":0},"south":{"uv":[12.75,12.75,13.4375,12.9375],"rotation":0,"texture":"#0","tintindex":0},"north":{"uv":[12.0,12.75,12.6875,12.9375],"rotation":0,"texture":"#0","tintindex":0},"west":{"uv":[0.5,10.5,1.0,10.6875],"rotation":0,"texture":"#0","tintindex":0},"up":{"uv":[2.6875,12.25,2.0,11.75],"rotation":0,"texture":"#0","tintindex":0},"down":{"uv":[12.4375,2.25,11.75,2.75],"rotation":0,"texture":"#0","tintindex":0}}},{"from":[1.7317953,6.1408,-3.8292341],"to":[8.182996,7.8605714,11.5417385],"rotation":{"angle":-45.0,"axis":"y","origin":[8.098042,3.478857,-4.0602446]},"faces":{"east":{"uv":[12.75,6.5,13.875,6.625],"rotation":0,"texture":"#0","tintindex":0},"south":{"uv":[13.25,13.0,13.71875,13.125],"rotation":0,"texture":"#0","tintindex":0},"north":{"uv":[13.25,12.5,13.71875,12.625],"rotation":0,"texture":"#0","tintindex":0},"west":{"uv":[6.75,12.75,7.875,12.875],"rotation":0,"texture":"#0","tintindex":0},"up":{"uv":[4.96875,11.875,4.5,10.75],"rotation":0,"texture":"#0","tintindex":0},"down":{"uv":[5.46875,10.75,5.0,11.875],"rotation":0,"texture":"#0","tintindex":0}}},{"from":[8.013088,6.1408,-3.8292341],"to":[14.464289,7.8605714,11.5417385],"rotation":{"angle":45.0,"axis":"y","origin":[8.098042,3.478857,-4.0602446]},"faces":{"east":{"uv":[12.75,6.0,13.875,6.125],"rotation":0,"texture":"#0","tintindex":0},"south":{"uv":[12.5,13.25,12.96875,13.375],"rotation":0,"texture":"#0","tintindex":0},"north":{"uv":[12.0,13.25,12.46875,13.375],"rotation":0,"texture":"#0","tintindex":0},"west":{"uv":[12.75,6.25,13.875,6.375],"rotation":0,"texture":"#0","tintindex":0},"up":{"uv":[1.96875,11.875,1.5,10.75],"rotation":0,"texture":"#0","tintindex":0},"down":{"uv":[4.46875,10.75,4.0,11.875],"rotation":0,"texture":"#0","tintindex":0}}}],"display":{"head":{"translation":[0.0,-6.4,0.0],"scale":[4.0,4.0,4.0]}}}