{"textures":{"0":"modelengine:entity/benikuchinawa"},"elements":[{"name":"deco1","from":[12.32,-4.040572,-6.2165194],"to":[12.860001,-0.26057172,-5.6765203],"rotation":{"angle":-45.0,"axis":"x","origin":[8.0,8.780001,-13.96]},"faces":{"down":{"uv":[4.53125,15.25,4.5,15.28125],"rotation":0,"texture":"#0","tintindex":0},"east":{"uv":[0.25,14.75,0.28125,15.0],"rotation":0,"texture":"#0","tintindex":0},"north":{"uv":[14.75,0.0,14.78125,0.25],"rotation":0,"texture":"#0","tintindex":0},"south":{"uv":[14.75,0.25,14.78125,0.5],"rotation":0,"texture":"#0","tintindex":0},"up":{"uv":[15.28125,4.28125,15.25,4.25],"rotation":0,"texture":"#0","tintindex":0},"west":{"uv":[0.5,14.75,0.53125,15.0],"rotation":0,"texture":"#0","tintindex":0}}},{"name":"deco2","from":[3.1399996,-4.040572,-6.2165194],"to":[3.6799998,-0.26057172,-5.6765203],"rotation":{"angle":-45.0,"axis":"x","origin":[8.0,8.780001,-13.96]},"faces":{"down":{"uv":[4.78125,15.25,4.75,15.28125],"rotation":0,"texture":"#0","tintindex":0},"east":{"uv":[0.75,14.75,0.78125,15.0],"rotation":0,"texture":"#0","tintindex":0},"north":{"uv":[14.75,0.5,14.78125,0.75],"rotation":0,"texture":"#0","tintindex":0},"south":{"uv":[14.75,0.75,14.78125,1.0],"rotation":0,"texture":"#0","tintindex":0},"up":{"uv":[15.28125,4.53125,15.25,4.5],"rotation":0,"texture":"#0","tintindex":0},"west":{"uv":[1.0,14.75,1.03125,15.0],"rotation":0,"texture":"#0","tintindex":0}}},{"name":"deco3","from":[4.22,-3.5005713,-6.7565203],"to":[5.3,0.27942848,-6.2165194],"rotation":{"angle":-45.0,"axis":"x","origin":[8.0,8.780001,-13.96]},"faces":{"down":{"uv":[15.0625,7.0,15.0,7.03125],"rotation":0,"texture":"#0","tintindex":0},"east":{"uv":[14.75,1.0,14.78125,1.25],"rotation":0,"texture":"#0","tintindex":0},"north":{"uv":[5.5,14.0,5.5625,14.25],"rotation":0,"texture":"#0","tintindex":0},"south":{"uv":[14.0,6.0,14.0625,6.25],"rotation":0,"texture":"#0","tintindex":0},"up":{"uv":[7.0625,15.03125,7.0,15.0],"rotation":0,"texture":"#0","tintindex":0},"west":{"uv":[1.25,14.75,1.28125,15.0],"rotation":0,"texture":"#0","tintindex":0}}},{"name":"deco4","from":[10.700001,-3.5005713,-6.7565203],"to":[11.780001,0.27942848,-6.2165194],"rotation":{"angle":-45.0,"axis":"x","origin":[8.0,8.780001,-13.96]},"faces":{"down":{"uv":[15.0625,7.25,15.0,7.28125],"rotation":0,"texture":"#0","tintindex":0},"east":{"uv":[14.75,1.25,14.78125,1.5],"rotation":0,"texture":"#0","tintindex":0},"north":{"uv":[6.25,14.0,6.3125,14.25],"rotation":0,"texture":"#0","tintindex":0},"south":{"uv":[14.0,6.25,14.0625,6.5],"rotation":0,"texture":"#0","tintindex":0},"up":{"uv":[7.3125,15.03125,7.25,15.0],"rotation":0,"texture":"#0","tintindex":0},"west":{"uv":[1.5,14.75,1.53125,15.0],"rotation":0,"texture":"#0","tintindex":0}}},{"name":"deco5","from":[9.08,-3.5005713,-6.7565203],"to":[9.62,0.27942848,-6.2165194],"rotation":{"angle":-45.0,"axis":"x","origin":[8.0,8.780001,-13.96]},"faces":{"down":{"uv":[5.03125,15.25,5.0,15.28125],"rotation":0,"texture":"#0","tintindex":0},"east":{"uv":[1.75,14.75,1.78125,15.0],"rotation":0,"texture":"#0","tintindex":0},"north":{"uv":[14.75,1.5,14.78125,1.75],"rotation":0,"texture":"#0","tintindex":0},"south":{"uv":[14.75,1.75,14.78125,2.0],"rotation":0,"texture":"#0","tintindex":0},"up":{"uv":[15.28125,4.78125,15.25,4.75],"rotation":0,"texture":"#0","tintindex":0},"west":{"uv":[2.0,14.75,2.03125,15.0],"rotation":0,"texture":"#0","tintindex":0}}},{"name":"deco6","from":[6.38,-3.5005713,-6.7565203],"to":[6.92,0.27942848,-6.2165194],"rotation":{"angle":-45.0,"axis":"x","origin":[8.0,8.780001,-13.96]},"faces":{"down":{"uv":[5.28125,15.25,5.25,15.28125],"rotation":0,"texture":"#0","tintindex":0},"east":{"uv":[2.25,14.75,2.28125,15.0],"rotation":0,"texture":"#0","tintindex":0},"north":{"uv":[14.75,2.0,14.78125,2.25],"rotation":0,"texture":"#0","tintindex":0},"south":{"uv":[14.75,2.25,14.78125,2.5],"rotation":0,"texture":"#0","tintindex":0},"up":{"uv":[15.28125,5.03125,15.25,5.0],"rotation":0,"texture":"#0","tintindex":0},"west":{"uv":[2.5,14.75,2.53125,15.0],"rotation":0,"texture":"#0","tintindex":0}}},{"name":"deco7","from":[6.92,-5.120572,-5.1365204],"to":[7.46,-1.3405719,-4.5965204],"rotation":{"angle":-45.0,"axis":"x","origin":[8.0,8.780001,-13.96]},"faces":{"down":{"uv":[5.53125,15.25,5.5,15.28125],"rotation":0,"texture":"#0","tintindex":0},"east":{"uv":[14.75,2.75,14.78125,3.0],"rotation":0,"texture":"#0","tintindex":0},"north":{"uv":[2.75,14.75,2.78125,15.0],"rotation":0,"texture":"#0","tintindex":0},"south":{"uv":[3.0,14.75,3.03125,15.0],"rotation":0,"texture":"#0","tintindex":0},"up":{"uv":[15.28125,5.28125,15.25,5.25],"rotation":0,"texture":"#0","tintindex":0},"west":{"uv":[14.75,3.0,14.78125,3.25],"rotation":0,"texture":"#0","tintindex":0}}},{"name":"deco8","from":[8.54,-5.120572,-5.1365204],"to":[9.08,-1.3405719,-4.5965204],"rotation":{"angle":-45.0,"axis":"x","origin":[8.0,8.780001,-13.96]},"faces":{"down":{"uv":[5.78125,15.25,5.75,15.28125],"rotation":0,"texture":"#0","tintindex":0},"east":{"uv":[14.75,3.25,14.78125,3.5],"rotation":0,"texture":"#0","tintindex":0},"north":{"uv":[3.25,14.75,3.28125,15.0],"rotation":0,"texture":"#0","tintindex":0},"south":{"uv":[3.5,14.75,3.53125,15.0],"rotation":0,"texture":"#0","tintindex":0},"up":{"uv":[15.28125,5.53125,15.25,5.5],"rotation":0,"texture":"#0","tintindex":0},"west":{"uv":[14.75,3.5,14.78125,3.75],"rotation":0,"texture":"#0","tintindex":0}}},{"name":"deco9","from":[9.62,-5.660573,-4.5965204],"to":[10.16,-1.8805718,-4.0565205],"rotation":{"angle":-45.0,"axis":"x","origin":[8.0,8.780001,-13.96]},"faces":{"down":{"uv":[6.03125,15.25,6.0,15.28125],"rotation":0,"texture":"#0","tintindex":0},"east":{"uv":[14.75,3.75,14.78125,4.0],"rotation":0,"texture":"#0","tintindex":0},"north":{"uv":[3.75,14.75,3.78125,15.0],"rotation":0,"texture":"#0","tintindex":0},"south":{"uv":[4.0,14.75,4.03125,15.0],"rotation":0,"texture":"#0","tintindex":0},"up":{"uv":[15.28125,5.78125,15.25,5.75],"rotation":0,"texture":"#0","tintindex":0},"west":{"uv":[14.75,4.0,14.78125,4.25],"rotation":0,"texture":"#0","tintindex":0}}},{"name":"deco10","from":[5.84,-5.660573,-4.5965204],"to":[6.38,-1.8805718,-4.0565205],"rotation":{"angle":-45.0,"axis":"x","origin":[8.0,8.780001,-13.96]},"faces":{"down":{"uv":[6.28125,15.25,6.25,15.28125],"rotation":0,"texture":"#0","tintindex":0},"east":{"uv":[14.75,4.25,14.78125,4.5],"rotation":0,"texture":"#0","tintindex":0},"north":{"uv":[4.25,14.75,4.28125,15.0],"rotation":0,"texture":"#0","tintindex":0},"south":{"uv":[4.5,14.75,4.53125,15.0],"rotation":0,"texture":"#0","tintindex":0},"up":{"uv":[15.28125,6.03125,15.25,6.0],"rotation":0,"texture":"#0","tintindex":0},"west":{"uv":[14.75,4.5,14.78125,4.75],"rotation":0,"texture":"#0","tintindex":0}}},{"name":"deco11","from":[3.6799998,-6.200571,-4.0565205],"to":[4.22,-2.4205713,-3.5165195],"rotation":{"angle":-45.0,"axis":"x","origin":[8.0,8.780001,-13.96]},"faces":{"down":{"uv":[6.53125,15.25,6.5,15.28125],"rotation":0,"texture":"#0","tintindex":0},"east":{"uv":[5.0,14.75,5.03125,15.0],"rotation":0,"texture":"#0","tintindex":0},"north":{"uv":[4.75,14.75,4.78125,15.0],"rotation":0,"texture":"#0","tintindex":0},"south":{"uv":[14.75,5.0,14.78125,5.25],"rotation":0,"texture":"#0","tintindex":0},"up":{"uv":[15.28125,6.28125,15.25,6.25],"rotation":0,"texture":"#0","tintindex":0},"west":{"uv":[5.25,14.75,5.28125,15.0],"rotation":0,"texture":"#0","tintindex":0}}},{"name":"deco12","from":[11.780001,-6.200571,-4.0565205],"to":[12.32,-2.4205713,-3.5165195],"rotation":{"angle":-45.0,"axis":"x","origin":[8.0,8.780001,-13.96]},"faces":{"down":{"uv":[6.78125,15.25,6.75,15.28125],"rotation":0,"texture":"#0","tintindex":0},"east":{"uv":[5.5,14.75,5.53125,15.0],"rotation":0,"texture":"#0","tintindex":0},"north":{"uv":[14.75,5.25,14.78125,5.5],"rotation":0,"texture":"#0","tintindex":0},"south":{"uv":[5.75,14.75,5.78125,15.0],"rotation":0,"texture":"#0","tintindex":0},"up":{"uv":[15.28125,6.53125,15.25,6.5],"rotation":0,"texture":"#0","tintindex":0},