{"textures":{"0":"mineinabyss:mobs/splitjaw"},"elements":[{"from":[3.1245713,3.3750434,10.137043],"to":[3.3919997,4.115615,11.371328],"rotation":{"angle":22.5,"axis":"x","origin":[8.0,4.267022,9.824018]},"faces":{"east":{"uv":[15.0,0.0,15.09375,0.0625],"rotation":0,"texture":"#0","tintindex":0},"south":{"uv":[15.0,5.75,15.03125,5.8125],"rotation":0,"texture":"#0","tintindex":0},"north":{"uv":[5.75,15.0,5.78125,15.0625],"rotation":0,"texture":"#0","tintindex":0},"west":{"uv":[0.25,15.0,0.34375,15.0625],"rotation":0,"texture":"#0","tintindex":0},"up":{"uv":[4.03125,15.09375,4.0,15.0],"rotation":0,"texture":"#0","tintindex":0},"down":{"uv":[15.03125,4.0,15.0,4.09375],"rotation":0,"texture":"#0","tintindex":0}}},{"from":[2.9188566,3.587912,8.963473],"to":[3.597714,5.3817406,9.909759],"rotation":{"angle":-45.0,"axis":"x","origin":[8.0,4.267022,9.824018]},"faces":{"east":{"uv":[14.5,7.0,14.5625,7.125],"rotation":0,"texture":"#0","tintindex":0},"south":{"uv":[7.25,14.5,7.3125,14.625],"rotation":0,"texture":"#0","tintindex":0},"north":{"uv":[7.0,14.5,7.0625,14.625],"rotation":0,"texture":"#0","tintindex":0},"west":{"uv":[14.5,7.25,14.5625,7.375],"rotation":0,"texture":"#0","tintindex":0},"up":{"uv":[2.8125,15.0625,2.75,15.0],"rotation":0,"texture":"#0","tintindex":0},"down":{"uv":[15.0625,2.75,15.0,2.8125],"rotation":0,"texture":"#0","tintindex":0}}},{"from":[12.196571,6.7191043,8.132354],"to":[13.492572,10.158648,9.695782],"rotation":{"angle":-22.5,"axis":"x","origin":[8.0,4.267022,9.824018]},"faces":{"east":{"uv":[9.5,12.25,9.625,12.5],"rotation":0,"texture":"#0","tintindex":0},"south":{"uv":[13.5,13.75,13.59375,14.0],"rotation":0,"texture":"#0","tintindex":0},"north":{"uv":[13.25,13.75,13.34375,14.0],"rotation":0,"texture":"#0","tintindex":0},"west":{"uv":[8.0,12.5,8.125,12.75],"rotation":0,"texture":"#0","tintindex":0},"up":{"uv":[12.34375,14.125,12.25,14.0],"rotation":0,"texture":"#0","tintindex":0},"down":{"uv":[12.59375,14.0,12.5,14.125],"rotation":0,"texture":"#0","tintindex":0}}},{"from":[2.7131429,4.867676,8.338068],"to":[3.8034286,6.867219,9.695782],"rotation":{"angle":-22.5,"axis":"x","origin":[8.0,4.267022,9.824018]},"faces":{"east":{"uv":[8.5,14.0,8.59375,14.15625],"rotation":0,"texture":"#0","tintindex":0},"south":{"uv":[14.0,8.5,14.09375,8.65625],"rotation":0,"texture":"#0","tintindex":0},"north":{"uv":[14.0,8.25,14.09375,8.40625],"rotation":0,"texture":"#0","tintindex":0},"west":{"uv":[8.75,14.0,8.84375,14.15625],"rotation":0,"texture":"#0","tintindex":0},"up":{"uv":[0.09375,14.34375,0.0,14.25],"rotation":0,"texture":"#0","tintindex":0},"down":{"uv":[0.34375,14.25,0.25,14.34375],"rotation":0,"texture":"#0","tintindex":0}}},{"from":[12.608,3.3750434,10.137043],"to":[12.875429,4.115615,11.371328],"rotation":{"angle":22.5,"axis":"x","origin":[8.0,4.267022,9.824018]},"faces":{"east":{"uv":[15.0,0.25,15.09375,0.3125],"rotation":0,"texture":"#0","tintindex":0},"south":{"uv":[15.0,6.0,15.03125,6.0625],"rotation":0,"texture":"#0","tintindex":0},"north":{"uv":[6.0,15.0,6.03125,15.0625],"rotation":0,"texture":"#0","tintindex":0},"west":{"uv":[0.5,15.0,0.59375,15.0625],"rotation":0,"texture":"#0","tintindex":0},"up":{"uv":[4.28125,15.09375,4.25,15.0],"rotation":0,"texture":"#0","tintindex":0},"down":{"uv":[15.03125,4.25,15.0,4.34375],"rotation":0,"texture":"#0","tintindex":0}}},{"from":[12.196571,4.867676,8.338068],"to":[13.286858,6.867219,9.695782],"rotation":{"angle":-22.5,"axis":"x","origin":[8.0,4.267022,9.824018]},"faces":{"east":{"uv":[9.0,14.0,9.09375,14.15625],"rotation":0,"texture":"#0","tintindex":0},"south":{"uv":[14.0,9.0,14.09375,9.15625],"rotation":0,"texture":"#0","tintindex":0},"north":{"uv":[14.0,8.75,14.09375,8.90625],"rotation":0,"texture":"#0","tintindex":0},"west":{"uv":[9.25,14.0,9.34375,14.15625],"rotation":0,"texture":"#0","tintindex":0},"up":{"uv":[0.59375,14.34375,0.5,14.25],"rotation":0,"texture":"#0","tintindex":0},"down":{"uv":[14.34375,0.5,14.25,0.59375],"rotation":0,"texture":"#0","tintindex":0}}},{"from":[2.5074282,6.7191043,8.132354],"to":[3.8034286,10.158648,9.695782],"rotation":{"angle":-22.5,"axis":"x","origin":[8.0,4.267022,9.824018]},"faces":{"east":{"uv":[8.0,11.25,8.125,11.5],"rotation":0,"texture":"#0","tintindex":0},"south":{"uv":[13.75,13.0,13.84375,13.25],"rotation":0,"texture":"#0","tintindex":0},"north":{"uv":[13.75,12.5,13.84375,12.75],"rotation":0,"texture":"#0","tintindex":0},"west":{"uv":[10.5,11.5,10.625,11.75],"rotation":0,"texture":"#0","tintindex":0},"up":{"uv":[14.09375,11.875,14.0,11.75],"rotation":0,"texture":"#0","tintindex":0},"down":{"uv":[12.09375,14.0,12.0,14.125],"rotation":0,"texture":"#0","tintindex":0}}},{"from":[12.402287,3.587912,8.963473],"to":[13.081143,5.3817406,9.909759],"rotation":{"angle":-45.0,"axis":"x","origin":[8.0,4.267022,9.824018]},"faces":{"east":{"uv":[14.5,7.5,14.5625,7.625],"rotation":0,"texture":"#0","tintindex":0},"south":{"uv":[7.75,14.5,7.8125,14.625],"rotation":0,"texture":"#0","tintindex":0},"north":{"uv":[7.5,14.5,7.5625,14.625],"rotation":0,"texture":"#0","tintindex":0},"west":{"uv":[14.5,7.75,14.5625,7.875],"rotation":0,"texture":"#0","tintindex":0},"up":{"uv":[3.0625,15.0625,3.0,15.0],"rotation":0,"texture":"#0","tintindex":0},"down":{"uv":[15.0625,3.0,15.0,3.0625],"rotation":0,"texture":"#0","tintindex":0}}}],"display":{"head":{"translation":[0.0,-6.4,0.0],"scale":[4.0,4.0,4.0]}}}