{"textures":{"0":"mineinabyss:mobs/splitjaw"},"elements":[{"from":[1.9206147,4.5611134,-11.569725],"to":[14.080797,9.086827,-9.537268],"rotation":{"angle":45.0,"axis":"x","origin":[8.000707,2.6042967,-4.7954054]},"faces":{"east":{"uv":[13.5,5.5,13.65625,5.84375],"rotation":0,"texture":"#0","tintindex":0},"south":{"uv":[4.75,12.0,5.625,12.34375],"rotation":0,"texture":"#0","tintindex":0},"north":{"uv":[3.75,12.0,4.625,12.34375],"rotation":0,"texture":"#0","tintindex":0},"west":{"uv":[6.25,13.5,6.40625,13.84375],"rotation":0,"texture":"#0","tintindex":0},"up":{"uv":[8.875,12.90625,8.0,12.75],"rotation":0,"texture":"#0","tintindex":0},"down":{"uv":[9.875,12.75,9.0,12.90625],"rotation":0,"texture":"#0","tintindex":0}}},{"from":[2.8463292,5.692754,-8.816435],"to":[13.155084,7.027977,-7.89264],"rotation":{"angle":0.0,"axis":"y","origin":[8.000707,2.6042967,-4.7954054]},"faces":{"east":{"uv":[14.5,14.75,14.5625,14.84375],"rotation":0,"texture":"#0","tintindex":0},"south":{"uv":[7.25,13.25,8.0,13.34375],"rotation":0,"texture":"#0","tintindex":0},"north":{"uv":[13.25,7.0,14.0,7.09375],"rotation":0,"texture":"#0","tintindex":0},"west":{"uv":[14.75,14.5,14.8125,14.59375],"rotation":0,"texture":"#0","tintindex":0},"up":{"uv":[14.5,0.8125,13.75,0.75],"rotation":0,"texture":"#0","tintindex":0},"down":{"uv":[14.5,1.0,13.75,1.0625],"rotation":0,"texture":"#0","tintindex":0}}},{"from":[1.2385602,7.64704,-0.9070091],"to":[2.1280684,8.742263,5.0323744],"rotation":{"angle":-45.0,"axis":"y","origin":[1.6833143,6.4803653,2.0626826]},"faces":{"east":{"uv":[1.5,13.75,1.9375,13.84375],"rotation":0,"texture":"#0","tintindex":0},"south":{"uv":[1.5,15.0,1.5625,15.09375],"rotation":0,"texture":"#0","tintindex":0},"north":{"uv":[15.0,1.25,15.0625,1.34375],"rotation":0,"texture":"#0","tintindex":0},"west":{"uv":[2.0,13.75,2.4375,13.84375],"rotation":0,"texture":"#0","tintindex":0},"up":{"uv":[13.8125,9.4375,13.75,9.0],"rotation":0,"texture":"#0","tintindex":0},"down":{"uv":[10.0625,13.75,10.0,14.1875],"rotation":0,"texture":"#0","tintindex":0}}},{"from":[7.0099864,10.692371,4.619361],"to":[8.972809,11.412865,7.596129],"rotation":{"angle":-22.5,"axis":"x","origin":[8.000707,2.6042967,-4.7954054]},"faces":{"east":{"uv":[14.0,10.25,14.21875,10.3125],"rotation":0,"texture":"#0","tintindex":0},"south":{"uv":[13.75,14.0,13.90625,14.0625],"rotation":0,"texture":"#0","tintindex":0},"north":{"uv":[14.0,13.5,14.15625,13.5625],"rotation":0,"texture":"#0","tintindex":0},"west":{"uv":[14.0,10.5,14.21875,10.5625],"rotation":0,"texture":"#0","tintindex":0},"up":{"uv":[9.15625,5.46875,9.0,5.25],"rotation":0,"texture":"#0","tintindex":0},"down":{"uv":[6.90625,11.25,6.75,11.46875],"rotation":0,"texture":"#0","tintindex":0}}},{"from":[2.2251272,6.7597256,-9.124126],"to":[13.687529,8.685211,-4.730069],"rotation":{"angle":0.0,"axis":"y","origin":[8.000707,2.6042967,-4.7954054]},"faces":{"east":{"uv":[3.0,13.75,3.3125,13.875],"rotation":0,"texture":"#0","tintindex":0},"south":{"uv":[13.0,9.5,13.84375,9.625],"rotation":0,"texture":"#0","tintindex":0},"north":{"uv":[9.0,13.0,9.84375,13.125],"rotation":0,"texture":"#0","tintindex":0},"west":{"uv":[13.75,5.75,14.0625,5.875],"rotation":0,"texture":"#0","tintindex":0},"up":{"uv":[13.09375,7.3125,12.25,7.0],"rotation":0,"texture":"#0","tintindex":0},"down":{"uv":[13.09375,7.5,12.25,7.8125],"rotation":0,"texture":"#0","tintindex":0}}},{"from":[-6.873967,8.714011,-9.3175335],"to":[2.3255758,11.7709255,-3.380618],"rotation":{"angle":45.0,"axis":"y","origin":[8.000707,2.6042967,-4.7954054]},"faces":{"east":{"uv":[6.25,5.5,6.6875,5.71875],"rotation":0,"texture":"#0","tintindex":0},"south":{"uv":[12.75,5.75,13.40625,5.96875],"rotation":0,"texture":"#0","tintindex":0},"north":{"uv":[12.75,5.5,13.40625,5.71875],"rotation":0,"texture":"#0","tintindex":0},"west":{"uv":[6.75,8.0,7.1875,8.21875],"rotation":0,"texture":"#0","tintindex":0},"up":{"uv":[7.40625,12.4375,6.75,12.0],"rotation":0,"texture":"#0","tintindex":0},"down":{"uv":[8.15625,12.0,7.5,12.4375],"rotation":0,"texture":"#0","tintindex":0}}},{"from":[2.0807505,5.9327536,-6.5311623],"to":[2.9702592,7.027977,0.95107794],"rotation":{"angle":-45.0,"axis":"y","origin":[1.6683621,6.4803653,-1.9328995]},"faces":{"east":{"uv":[13.25,13.5,13.78125,13.59375],"rotation":0,"texture":"#0","tintindex":0},"south":{"uv":[1.25,15.0,1.3125,15.09375],"rotation":0,"texture":"#0","tintindex":0},"north":{"uv":[15.0,1.0,15.0625,1.09375],"rotation":0,"texture":"#0","tintindex":0},"west":{"uv":[13.75,0.0,14.28125,0.09375],"rotation":0,"texture":"#0","tintindex":0},"up":{"uv":[8.3125,14.28125,8.25,13.75],"rotation":0,"texture":"#0","tintindex":0},"down":{"uv":[13.8125,8.25,13.75,8.78125],"rotation":0,"texture":"#0","tintindex":0}}},{"from":[-2.736209,3.3731904,4.9641957],"to":[0.29190588,8.186905,11.9502535],"rotation":{"angle":-22.5,"axis":"x","origin":[8.000707,2.6042967,-4.7954054]},"faces":{"east":{"uv":[7.0,4.0,7.5,4.34375],"rotation":0,"texture":"#0","tintindex":0},"south":{"uv":[13.25,4.0,13.46875,4.34375],"rotation":0,"texture":"#0","tintindex":0},"north":{"uv":[2.75,11.75,2.96875,12.09375],"rotation":0,"texture":"#0","tintindex":0},"west":{"uv":[8.25,7.75,8.75,8.09375],"rotation":0,"texture":"#0","tintindex":0},"up":{"uv":[2.46875,6.5,2.25,6.0],"rotation":0,"texture":"#0","tintindex":0},"down":{"uv":[2.21875,8.75,2.0,9.25],"rotation":0,"texture":"#0","tintindex":0}}},{"from":[13.853699,5.9327536,-4.6686316],"to":[14.743208,7.027977,6.413609],"rotation":{"angle":22.5,"axis":"y","origin":[8.000707,2.6042967,-4.7954054]},"faces":{"east":{"uv":[13.25,3.5,14.0625,3.59375],"rotation":0,"texture":"#0","tintindex":0},"south":{"uv":[1.0,15.0,1.0625,15.09375],"rotation":0,"texture":"#0","tintindex":0},"north":{"uv":[15.0,0.75,15.0625,0.84375],"rotation":0,"texture":"#0","tintindex":0},"west":{"uv":[13.25,3.75,14.0625,3.84375],"rotation":0,"texture":"#0","tintindex":0},"up":{"uv":[10.5625,14.3125,10.5,13.5],"rotation":0,"texture":"#0","tintindex":0},"down":{"uv":[10.8125,13.5,10.75,14.3125],"rotation":0,"texture":"#0","tintindex":0}}},{"from":[13.031153,5.9327536,-6.5311623],"to":[13.920662,7.027977,0.95107794],"rotation":{"angle":45.0,"axis":"y","origin":[14.333051,6.4803653,-1.9328995]},"faces":{"east":{"uv":[13.75,0.25,14.28125,0.34375],"rotation":0,"texture":"#0","tintindex":0},"south":{"uv":[2.0,15.0,2.0625,15.09375],"rotation":0,"texture":"#0","tintindex":0},"north":{"uv":[15.0,1.75,15.0625,1.84375],"rotation":0,"texture":"#0","tintindex":0},"west":{"uv":[0.75,13.75,1.28125,13.84375],"rotation":0,"texture":"#0","tintindex":0},"up":{"uv":[9.5625,14.28125,9.5,13.75],"rotation":0,"texture":"#0","tintindex":0},"down":{"uv":[9.8125,13.75,9.75,14.28125],"rotation":0,"texture":"#0","tintindex":0}}},{"from":[0.66715,6.96544,-4.8802757],"to":[7.3583503,8.685211,10.079268],"rotation":{"angle":-45.0,"axis":"y","origin":[8.000707,2.6042967,-4.7954054]},"faces":{"east":{"uv":[12.75,11.5,13.84375,11.625],"rotation":0,"texture":"#0","tintindex":0},"south":{"uv":[10.5,13.25,11.0,13.375],"rotation":0,"texture":"#0","tintindex":0},"north":{"uv":[10.0,13.25,10.5,13.375],"rotation":0,"texture":"#0","tintindex":0},"west":{"uv":[12.75,11.75,13.84375,11.875],"rotation":0,"texture":"#0","tintindex":0},"up":{"uv":[8.75,11.34375,8.25,10.25],"rotation":0,"texture":"#0","tintindex":0},"down":{"uv":[0.5,10.5,0.0,11.59375],"rotation":0,"texture":"#0","tintindex":0}}},{"from":[2.4349003,7.7957826,-8.005056],"to":[13.566512,10.3425255,-2.6564846],"rotation":{"angle":-22.5,"axis":"x","origin":[8.000707,2.6042967,-4.7954054]},"faces":{"east":{"uv":[13.25,7.25,13.625,7.4375],"rotation":0,"texture":"#0","tintindex":0},"south":{"uv":[12.75,4.75,13.5625,4.9375],"rotation":0,"texture":"#0","tintindex":0},"north":{"uv":[4.0,12.75,4.8125,12.9375],"rotation":0,"texture":"#0","tintindex":0},"west":{"uv":[13.25,7.5,13.625,7.6875],"rotation":0,"texture":"#0","tintindex":0},"up":{"uv":[11.3125,12.125,10.5,11.75],"rotation":0,"texture":"#0","tintindex":0},