{"textures":{"0":"modelengine:entity/benikuchinawa"},"elements":[{"name":"cube","from":[-0.34049845,6.542405,7.3618307],"to":[5.0595016,7.0824046,22.12183],"rotation":{"angle":22.5,"axis":"y","origin":[-0.97429657,1.9466445,-7.8783216]},"faces":{"down":{"uv":[9.125,10.75,8.75,12.03125],"rotation":0,"texture":"#0","tintindex":0},"east":{"uv":[13.75,2.5,15.03125,2.53125],"rotation":0,"texture":"#0","tintindex":0},"north":{"uv":[14.0,12.5,14.375,12.53125],"rotation":0,"texture":"#0","tintindex":0},"south":{"uv":[12.75,14.0,13.125,14.03125],"rotation":0,"texture":"#0","tintindex":0},"up":{"uv":[11.125,9.28125,10.75,8.0],"rotation":0,"texture":"#0","tintindex":0},"west":{"uv":[4.25,13.75,5.53125,13.78125],"rotation":0,"texture":"#0","tintindex":0}}},{"name":"cube","from":[-2.943911,7.0824046,5.198409],"to":[10.556089,8.162404,21.722408],"rotation":{"angle":22.5,"axis":"y","origin":[-0.97429657,1.9466445,-7.8783216]},"faces":{"down":{"uv":[5.6875,5.75,4.75,6.90625],"rotation":0,"texture":"#0","tintindex":0},"east":{"uv":[13.25,4.5,14.40625,4.5625],"rotation":0,"texture":"#0","tintindex":0},"north":{"uv":[13.25,13.25,14.1875,13.3125],"rotation":0,"texture":"#0","tintindex":0},"south":{"uv":[0.75,13.5,1.6875,13.5625],"rotation":0,"texture":"#0","tintindex":0},"up":{"uv":[4.6875,6.65625,3.75,5.5],"rotation":0,"texture":"#0","tintindex":0},"west":{"uv":[4.75,13.25,5.90625,13.3125],"rotation":0,"texture":"#0","tintindex":0}}},{"name":"cube","from":[15.29691,6.7224045,4.598834],"to":[27.716911,8.342405,16.154835],"rotation":{"angle":-22.5,"axis":"y","origin":[-0.97429657,1.9466445,-7.8783216]},"faces":{"down":{"uv":[3.875,9.25,3.0,10.0625],"rotation":0,"texture":"#0","tintindex":0},"east":{"uv":[13.0,9.75,13.8125,9.875],"rotation":0,"texture":"#0","tintindex":0},"north":{"uv":[5.0,13.0,5.875,13.125],"rotation":0,"texture":"#0","tintindex":0},"south":{"uv":[6.0,13.0,6.875,13.125],"rotation":0,"texture":"#0","tintindex":0},"up":{"uv":[2.875,10.0625,2.0,9.25],"rotation":0,"texture":"#0","tintindex":0},"west":{"uv":[13.0,10.0,13.8125,10.125],"rotation":0,"texture":"#0","tintindex":0}}}],"display":{"head":{"translation":[0.0,-6.4,0.0],"rotation":[0.0,0.0,0.0],"scale":[3.8095,3.8095,3.8095]}}}