{"textures":{"0":"modelengine:entity/benikuchinawa"},"elements":[{"from":[4.588453,2.6985068,5.5988507],"to":[10.983699,11.66765,13.761594],"rotation":{"angle":0.0,"axis":"y","origin":[8.082278,3.7383761,-75.38126]},"faces":{"east":{"uv":[3.0,11.5,3.59375,12.15625],"rotation":0,"texture":"#0","tintindex":0},"south":{"uv":[7.25,9.5,7.71875,10.15625],"rotation":0,"texture":"#0","tintindex":0},"north":{"uv":[2.5,3.75,2.96875,4.40625],"rotation":0,"texture":"#0","tintindex":0},"west":{"uv":[11.5,4.0,12.09375,4.65625],"rotation":0,"texture":"#0","tintindex":0},"up":{"uv":[6.21875,12.59375,5.75,12.0],"rotation":0,"texture":"#0","tintindex":0},"down":{"uv":[8.71875,12.0,8.25,12.59375],"rotation":0,"texture":"#0","tintindex":0}}},{"from":[1.502738,5.784221,6.284565],"to":[14.069413,8.581936,15.47588],"rotation":{"angle":0.0,"axis":"y","origin":[8.082278,3.7383761,-75.38126]},"faces":{"east":{"uv":[7.75,2.0,8.40625,2.21875],"rotation":0,"texture":"#0","tintindex":0},"south":{"uv":[8.75,1.75,9.65625,1.96875],"rotation":0,"texture":"#0","tintindex":0},"north":{"uv":[6.0,3.25,6.90625,3.46875],"rotation":0,"texture":"#0","tintindex":0},"west":{"uv":[6.0,9.25,6.65625,9.46875],"rotation":0,"texture":"#0","tintindex":0},"up":{"uv":[10.65625,9.90625,9.75,9.25],"rotation":0,"texture":"#0","tintindex":0},"down":{"uv":[10.90625,0.0,10.0,0.65625],"rotation":0,"texture":"#0","tintindex":0}}},{"from":[2.5313096,3.7270784,6.970279],"to":[13.040842,10.639079,17.190166],"rotation":{"angle":0.0,"axis":"y","origin":[8.082278,3.7383761,-75.38126]},"faces":{"east":{"uv":[8.0,11.5,8.75,12.0],"rotation":0,"texture":"#0","tintindex":0},"south":{"uv":[11.25,9.0,12.03125,9.5],"rotation":0,"texture":"#0","tintindex":0},"north":{"uv":[11.25,8.5,12.03125,9.0],"rotation":0,"texture":"#0","tintindex":0},"west":{"uv":[9.75,11.5,10.5,12.0],"rotation":0,"texture":"#0","tintindex":0},"up":{"uv":[10.53125,10.75,9.75,10.0],"rotation":0,"texture":"#0","tintindex":0},"down":{"uv":[2.78125,10.25,2.0,11.0],"rotation":0,"texture":"#0","tintindex":0}}}],"display":{"head":{"translation":[0.0,-6.4,0.0],"scale":[4.0,4.0,4.0]}}}