{"textures":{"0":"mineinabyss:mobs/splitjaw"},"elements":[{"from":[-0.88578796,4.024799,9.030668],"to":[16.2066,10.525371,20.48484],"rotation":{"angle":0.0,"axis":"y","origin":[7.932811,3.508119,-52.104713]},"faces":{"east":{"uv":[10.75,3.0,11.59375,3.46875],"rotation":0,"texture":"#0","tintindex":0},"south":{"uv":[4.25,10.25,5.5,10.71875],"rotation":0,"texture":"#0","tintindex":0},"north":{"uv":[3.0,10.25,4.25,10.71875],"rotation":0,"texture":"#0","tintindex":0},"west":{"uv":[11.25,8.0,12.09375,8.46875],"rotation":0,"texture":"#0","tintindex":0},"up":{"uv":[7.25,3.09375,6.0,2.25],"rotation":0,"texture":"#0","tintindex":0},"down":{"uv":[7.5,4.5,6.25,5.34375],"rotation":0,"texture":"#0","tintindex":0}}},{"from":[3.228498,1.4533706,7.6592393],"to":[12.092316,13.611086,19.627697],"rotation":{"angle":0.0,"axis":"y","origin":[7.932811,3.508119,-52.104713]},"faces":{"east":{"uv":[0.0,8.5,0.875,9.375],"rotation":0,"texture":"#0","tintindex":0},"south":{"uv":[5.5,10.25,6.15625,11.125],"rotation":0,"texture":"#0","tintindex":0},"north":{"uv":[10.25,5.25,10.90625,6.125],"rotation":0,"texture":"#0","tintindex":0},"west":{"uv":[8.5,2.75,9.375,3.625],"rotation":0,"texture":"#0","tintindex":0},"up":{"uv":[6.90625,11.125,6.25,10.25],"rotation":0,"texture":"#0","tintindex":0},"down":{"uv":[10.90625,6.25,10.25,7.125],"rotation":0,"texture":"#0","tintindex":0}}},{"from":[1.1713548,1.9676561,9.030668],"to":[14.149458,12.582514,20.48484],"rotation":{"angle":0.0,"axis":"y","origin":[7.932811,3.508119,-52.104713]},"faces":{"east":{"uv":[7.75,9.25,8.59375,10.03125],"rotation":0,"texture":"#0","tintindex":0},"south":{"uv":[8.75,8.75,9.6875,9.53125],"rotation":0,"texture":"#0","tintindex":0},"north":{"uv":[8.75,7.75,9.6875,8.53125],"rotation":0,"texture":"#0","tintindex":0},"west":{"uv":[0.0,9.5,0.84375,10.28125],"rotation":0,"texture":"#0","tintindex":0},"up":{"uv":[9.1875,7.59375,8.25,6.75],"rotation":0,"texture":"#0","tintindex":0},"down":{"uv":[8.6875,8.25,7.75,9.09375],"rotation":0,"texture":"#0","tintindex":0}}}],"display":{"head":{"translation":[0.0,-6.4,0.0],"scale":[4.0,4.0,4.0]}}}