{"textures":{"0":"modelengine:entity/benikuchinawa"},"elements":[{"from":[-0.80187035,11.5896,8.072119],"to":[16.726635,14.161029,24.907776],"rotation":{"angle":0.0,"axis":"y","origin":[8.014468,2.8508573,-10.726904]},"faces":{"east":{"uv":[12.25,12.0,13.46875,12.1875],"rotation":0,"texture":"#0","tintindex":0},"south":{"uv":[12.25,9.25,13.53125,9.4375],"rotation":0,"texture":"#0","tintindex":0},"north":{"uv":[12.25,9.0,13.53125,9.1875],"rotation":0,"texture":"#0","tintindex":0},"west":{"uv":[12.25,12.25,13.46875,12.4375],"rotation":0,"texture":"#0","tintindex":0},"up":{"uv":[1.28125,3.71875,0.0,2.5],"rotation":0,"texture":"#0","tintindex":0},"down":{"uv":[2.78125,2.5,1.5,3.71875],"rotation":0,"texture":"#0","tintindex":0}}},{"from":[1.7695589,0.19165659,8.174976],"to":[14.155205,1.9895997,24.907776],"rotation":{"angle":0.0,"axis":"y","origin":[8.014468,2.8508573,-10.726904]},"faces":{"east":{"uv":[1.5,12.75,2.71875,12.875],"rotation":0,"texture":"#0","tintindex":0},"south":{"uv":[4.0,13.0,4.90625,13.125],"rotation":0,"texture":"#0","tintindex":0},"north":{"uv":[3.0,13.0,3.90625,13.125],"rotation":0,"texture":"#0","tintindex":0},"west":{"uv":[2.75,12.75,3.96875,12.875],"rotation":0,"texture":"#0","tintindex":0},"up":{"uv":[6.15625,5.71875,5.25,4.5],"rotation":0,"texture":"#0","tintindex":0},"down":{"uv":[6.40625,0.0,5.5,1.21875],"rotation":0,"texture":"#0","tintindex":0}}},{"from":[-2.3447266,3.1059427,7.1464043],"to":[18.26949,12.103886,22.850634],"rotation":{"angle":0.0,"axis":"y","origin":[8.014468,2.8508573,-10.726904]},"faces":{"east":{"uv":[4.5,8.5,5.65625,9.15625],"rotation":0,"texture":"#0","tintindex":0},"south":{"uv":[6.75,6.25,8.25,6.90625],"rotation":0,"texture":"#0","tintindex":0},"north":{"uv":[6.75,5.5,8.25,6.15625],"rotation":0,"texture":"#0","tintindex":0},"west":{"uv":[8.75,0.0,9.90625,0.65625],"rotation":0,"texture":"#0","tintindex":0},"up":{"uv":[3.0,1.15625,1.5,0.0],"rotation":0,"texture":"#0","tintindex":0},"down":{"uv":[3.0,1.25,1.5,2.40625],"rotation":0,"texture":"#0","tintindex":0}}},{"from":[-0.2875843,1.2202282,7.1464043],"to":[16.212349,3.1059427,23.879206],"rotation":{"angle":0.0,"axis":"y","origin":[8.014468,2.8508573,-10.726904]},"faces":{"east":{"uv":[12.5,10.75,13.71875,10.875],"rotation":0,"texture":"#0","tintindex":0},"south":{"uv":[12.75,5.0,13.9375,5.125],"rotation":0,"texture":"#0","tintindex":0},"north":{"uv":[5.0,12.75,6.1875,12.875],"rotation":0,"texture":"#0","tintindex":0},"west":{"uv":[12.0,12.5,13.21875,12.625],"rotation":0,"texture":"#0","tintindex":0},"up":{"uv":[4.1875,1.21875,3.0,0.0],"rotation":0,"texture":"#0","tintindex":0},"down":{"uv":[4.1875,1.25,3.0,2.46875],"rotation":0,"texture":"#0","tintindex":0}}}],"display":{"head":{"translation":[0.0,-6.4,0.0],"scale":[4.0,4.0,4.0]}}}