{"textures":{"0":"modelengine:entity/benikuchinawa"},"elements":[{"name":"body1","from":[-0.70196366,0.88123894,7.1037245],"to":[16.622967,2.8612392,24.673164],"rotation":{"angle":0.0,"axis":"x","origin":[8.015192,2.5933995,-11.663248]},"faces":{"down":{"uv":[4.1875,1.25,3.0,2.46875],"rotation":0,"texture":"#0","tintindex":0},"east":{"uv":[12.5,10.75,13.71875,10.875],"rotation":0,"texture":"#0","tintindex":0},"north":{"uv":[5.0,12.75,6.1875,12.875],"rotation":0,"texture":"#0","tintindex":0},"south":{"uv":[12.75,5.0,13.9375,5.125],"rotation":0,"texture":"#0","tintindex":0},"up":{"uv":[4.1875,1.21875,3.0,0.0],"rotation":0,"texture":"#0","tintindex":0},"west":{"uv":[12.0,12.5,13.21875,12.625],"rotation":0,"texture":"#0","tintindex":0}}},{"name":"body2","from":[1.4580368,-0.19876051,8.183724],"to":[14.462965,1.6890792,25.753166],"rotation":{"angle":0.0,"axis":"x","origin":[8.015192,2.5933995,-11.663248]},"faces":{"down":{"uv":[6.40625,0.0,5.5,1.21875],"rotation":0,"texture":"#0","tintindex":0},"east":{"uv":[1.5,12.75,2.71875,12.875],"rotation":0,"texture":"#0","tintindex":0},"north":{"uv":[3.0,13.0,3.90625,13.125],"rotation":0,"texture":"#0","tintindex":0},"south":{"uv":[4.0,13.0,4.90625,13.125],"rotation":0,"texture":"#0","tintindex":0},"up":{"uv":[6.15625,5.71875,5.25,4.5],"rotation":0,"texture":"#0","tintindex":0},"west":{"uv":[2.75,12.75,3.96875,12.875],"rotation":0,"texture":"#0","tintindex":0}}},{"name":"body2","from":[-2.8619633,2.8612392,7.1037245],"to":[18.782965,12.309079,23.593166],"rotation":{"angle":0.0,"axis":"x","origin":[8.015192,2.5933995,-11.663248]},"faces":{"down":{"uv":[3.0,1.25,1.5,2.40625],"rotation":0,"texture":"#0","tintindex":0},"east":{"uv":[4.5,8.5,5.65625,9.15625],"rotation":0,"texture":"#0","tintindex":0},"north":{"uv":[6.75,5.5,8.25,6.15625],"rotation":0,"texture":"#0","tintindex":0},"south":{"uv":[6.75,6.25,8.25,6.90625],"rotation":0,"texture":"#0","tintindex":0},"up":{"uv":[3.0,1.15625,1.5,0.0],"rotation":0,"texture":"#0","tintindex":0},"west":{"uv":[8.75,0.0,9.90625,0.65625],"rotation":0,"texture":"#0","tintindex":0}}},{"name":"body3","from":[-1.2419634,11.76908,8.075726],"to":[17.162966,14.46908,25.753166],"rotation":{"angle":0.0,"axis":"x","origin":[8.015192,2.5933995,-11.663248]},"faces":{"down":{"uv":[2.78125,2.5,1.5,3.71875],"rotation":0,"texture":"#0","tintindex":0},"east":{"uv":[12.25,12.0,13.46875,12.1875],"rotation":0,"texture":"#0","tintindex":0},"north":{"uv":[12.25,9.0,13.53125,9.1875],"rotation":0,"texture":"#0","tintindex":0},"south":{"uv":[12.25,9.25,13.53125,9.4375],"rotation":0,"texture":"#0","tintindex":0},"up":{"uv":[1.28125,3.71875,0.0,2.5],"rotation":0,"texture":"#0","tintindex":0},"west":{"uv":[12.25,12.25,13.46875,12.4375],"rotation":0,"texture":"#0","tintindex":0}}}],"display":{"head":{"translation":[0.0,-6.4,0.0],"rotation":[0.0,0.0,0.0],"scale":[3.8095,3.8095,3.8095]}}}