{"textures":{"0":"modelengine:entity/splitjaw"},"elements":[{"from":[5.185828,9.93081,-2.774335],"to":[10.814172,11.569667,9.933323],"rotation":{"angle":-22.5,"axis":"x","origin":[8.0,12.257492,7.2199106]},"faces":{"east":{"uv":[13.5,12.25,14.3125,12.3125],"rotation":0,"texture":"#0","tintindex":0},"south":{"uv":[12.5,13.75,12.90625,13.8125],"rotation":0,"texture":"#0","tintindex":0},"north":{"uv":[12.0,13.75,12.40625,13.8125],"rotation":0,"texture":"#0","tintindex":0},"west":{"uv":[13.5,12.75,14.3125,12.8125],"rotation":0,"texture":"#0","tintindex":0},"up":{"uv":[0.40625,12.5625,0.0,11.75],"rotation":0,"texture":"#0","tintindex":0},"down":{"uv":[12.15625,7.0,11.75,7.8125],"rotation":0,"texture":"#0","tintindex":0}}}],"display":{"head":{"translation":[0.0,-6.4,0.0],"scale":[4.0,4.0,4.0]}}}