{"textures":{"0":"mineinabyss:mobs/edusan"},"elements":[{"from":[8.091078,6.183351,7.03232],"to":[8.574918,7.151031,12.8384],"rotation":{"angle":22.5,"axis":"x","origin":[8.574918,6.667191,10.90304]},"faces":{"east":{"uv":[12.25,0.625,12.625,0.75],"rotation":0,"texture":"#0","tintindex":0},"south":{"uv":[13.625,14.25,13.75,14.375],"rotation":0,"texture":"#0","tintindex":0},"north":{"uv":[13.375,14.25,13.5,14.375],"rotation":0,"texture":"#0","tintindex":0},"west":{"uv":[12.25,1.25,12.625,1.375],"rotation":0,"texture":"#0","tintindex":0},"up":{"uv":[13.125,3.5,13.0,3.125],"rotation":0,"texture":"#0","tintindex":0},"down":{"uv":[3.375,13.0,3.25,13.375],"rotation":0,"texture":"#0","tintindex":0}}},{"from":[8.091078,6.183351,12.8384],"to":[8.574918,7.151031,18.644482],"rotation":{"angle":22.5,"axis":"x","origin":[8.574918,6.667191,10.90304]},"faces":{"east":{"uv":[12.25,11.75,12.625,11.875],"rotation":0,"texture":"#0","tintindex":0},"south":{"uv":[4.25,14.375,4.375,14.5],"rotation":0,"texture":"#0","tintindex":0},"north":{"uv":[14.375,4.0,14.5,4.125],"rotation":0,"texture":"#0","tintindex":0},"west":{"uv":[12.25,12.0,12.625,12.125],"rotation":0,"texture":"#0","tintindex":0},"up":{"uv":[13.125,8.625,13.0,8.25],"rotation":0,"texture":"#0","tintindex":0},"down":{"uv":[8.875,13.0,8.75,13.375],"rotation":0,"texture":"#0","tintindex":0}}},{"from":[8.091078,5.6995106,18.644482],"to":[8.574918,7.151031,22.008427],"rotation":{"angle":22.5,"axis":"x","origin":[8.574918,6.667191,10.90304]},"faces":{"east":{"uv":[2.75,12.375,3.0,12.5],"rotation":0,"texture":"#0","tintindex":0},"south":{"uv":[14.125,13.5,14.25,13.625],"rotation":0,"texture":"#0","tintindex":0},"north":{"uv":[10.625,14.125,10.75,14.25],"rotation":0,"texture":"#0","tintindex":0},"west":{"uv":[12.375,2.75,12.625,2.875],"rotation":0,"texture":"#0","tintindex":0},"up":{"uv":[13.875,2.0,13.75,1.75],"rotation":0,"texture":"#0","tintindex":0},"down":{"uv":[13.875,2.125,13.75,2.375],"rotation":0,"texture":"#0","tintindex":0}}},{"from":[7.607238,5.2156706,20.579842],"to":[8.091078,6.667191,25.395308],"rotation":{"angle":22.5,"axis":"x","origin":[8.574918,6.667191,10.90304]},"faces":{"east":{"uv":[11.75,3.625,12.125,3.75],"rotation":0,"texture":"#0","tintindex":0},"south":{"uv":[14.25,1.75,14.375,1.875],"rotation":0,"texture":"#0","tintindex":0},"north":{"uv":[14.0,14.125,14.125,14.25],"rotation":0,"texture":"#0","tintindex":0},"west":{"uv":[11.75,9.625,12.125,9.75],"rotation":0,"texture":"#0","tintindex":0},"up":{"uv":[8.5,13.5,8.375,13.125],"rotation":0,"texture":"#0","tintindex":0},"down":{"uv":[0.125,13.25,0.0,13.625],"rotation":0,"texture":"#0","tintindex":0}}}],"display":{"head":{"translation":[0.0,-6.4,0.0],"scale":[4.0,4.0,4.0]}}}