{"textures":{"0":"mineinabyss:mobs/edusan"},"elements":[{"from":[6.8440638,9.159682,5.751863],"to":[9.263264,23.674883,11.074103],"rotation":{"angle":0.0,"axis":"y","origin":[7.085984,26.336002,9.622583]},"faces":{"east":{"uv":[0.625,7.125,1.0,8.125],"rotation":0,"texture":"#0","tintindex":0},"south":{"uv":[0.5,9.25,0.75,10.25],"rotation":0,"texture":"#0","tintindex":0},"north":{"uv":[9.125,8.75,9.375,9.75],"rotation":0,"texture":"#0","tintindex":0},"west":{"uv":[1.125,7.125,1.5,8.125],"rotation":0,"texture":"#0","tintindex":0},"up":{"uv":[11.0,1.375,10.75,1.0],"rotation":0,"texture":"#0","tintindex":0},"down":{"uv":[11.0,6.5,10.75,6.875],"rotation":0,"texture":"#0","tintindex":0}}},{"from":[7.3279037,-4.3878384,9.622583],"to":[8.779424,10.127362,12.525623],"rotation":{"angle":-22.5,"axis":"x","origin":[8.053664,0.692482,9.622583]},"faces":{"east":{"uv":[5.75,8.75,6.0,9.75],"rotation":0,"texture":"#0","tintindex":0},"south":{"uv":[5.25,9.75,5.375,10.75],"rotation":0,"texture":"#0","tintindex":0},"north":{"uv":[3.125,9.75,3.25,10.75],"rotation":0,"texture":"#0","tintindex":0},"west":{"uv":[8.75,6.5,9.0,7.5],"rotation":0,"texture":"#0","tintindex":0},"up":{"uv":[4.5,12.875,4.375,12.625],"rotation":0,"texture":"#0","tintindex":0},"down":{"uv":[5.375,12.625,5.25,12.875],"rotation":0,"texture":"#0","tintindex":0}}},{"from":[7.811744,6.5164537,10.941969],"to":[8.295584,10.871014,11.425809],"rotation":{"angle":-45.0,"axis":"x","origin":[8.053664,8.693734,9.974289]},"faces":{"east":{"uv":[5.375,13.25,5.5,13.625],"rotation":0,"texture":"#0","tintindex":0},"south":{"uv":[7.5,13.25,7.625,13.625],"rotation":0,"texture":"#0","tintindex":0},"north":{"uv":[4.0,13.25,4.125,13.625],"rotation":0,"texture":"#0","tintindex":0},"west":{"uv":[13.25,11.25,13.375,11.625],"rotation":0,"texture":"#0","tintindex":0},"up":{"uv":[5.625,14.5,5.5,14.375],"rotation":0,"texture":"#0","tintindex":0},"down":{"uv":[14.5,5.5,14.375,5.625],"rotation":0,"texture":"#0","tintindex":0}}},{"from":[7.811744,2.6457329,11.425809],"to":[8.295584,7.0002937,11.909649],"rotation":{"angle":-45.0,"axis":"x","origin":[8.053664,4.8230133,10.458129]},"faces":{"east":{"uv":[13.25,12.25,13.375,12.625],"rotation":0,"texture":"#0","tintindex":0},"south":{"uv":[3.75,13.375,3.875,13.75],"rotation":0,"texture":"#0","tintindex":0},"north":{"uv":[13.25,11.75,13.375,12.125],"rotation":0,"texture":"#0","tintindex":0},"west":{"uv":[4.25,13.375,4.375,13.75],"rotation":0,"texture":"#0","tintindex":0},"up":{"uv":[5.875,14.5,5.75,14.375],"rotation":0,"texture":"#0","tintindex":0},"down":{"uv":[14.5,5.75,14.375,5.875],"rotation":0,"texture":"#0","tintindex":0}}},{"from":[7.811744,-1.224987,12.877329],"to":[8.295584,3.1295738,13.36117],"rotation":{"angle":-45.0,"axis":"x","origin":[8.053664,0.9522934,11.909649]},"faces":{"east":{"uv":[6.75,13.375,6.875,13.75],"rotation":0,"texture":"#0","tintindex":0},"south":{"uv":[7.0,13.375,7.125,13.75],"rotation":0,"texture":"#0","tintindex":0},"north":{"uv":[6.5,13.375,6.625,13.75],"rotation":0,"texture":"#0","tintindex":0},"west":{"uv":[7.25,13.375,7.375,13.75],"rotation":0,"texture":"#0","tintindex":0},"up":{"uv":[14.5,6.125,14.375,6.0],"rotation":0,"texture":"#0","tintindex":0},"down":{"uv":[14.5,6.25,14.375,6.375],"rotation":0,"texture":"#0","tintindex":0}}},{"from":[7.811744,10.387174,10.458129],"to":[8.295584,14.741734,10.941969],"rotation":{"angle":-45.0,"axis":"x","origin":[8.053664,12.564453,9.490449]},"faces":{"east":{"uv":[8.0,13.375,8.125,13.75],"rotation":0,"texture":"#0","tintindex":0},"south":{"uv":[13.375,8.5,13.5,8.875],"rotation":0,"texture":"#0","tintindex":0},"north":{"uv":[7.75,13.375,7.875,13.75],"rotation":0,"texture":"#0","tintindex":0},"west":{"uv":[9.0,13.375,9.125,13.75],"rotation":0,"texture":"#0","tintindex":0},"up":{"uv":[6.5,14.5,6.375,14.375],"rotation":0,"texture":"#0","tintindex":0},"down":{"uv":[14.5,6.5,14.375,6.625],"rotation":0,"texture":"#0","tintindex":0}}},{"from":[7.811744,-2.4052372,14.6173115],"to":[8.295584,-1.9213982,18.971872],"rotation":{"angle":22.5,"axis":"x","origin":[8.174624,-1.4375572,18.004192]},"faces":{"east":{"uv":[13.25,10.375,13.625,10.5],"rotation":0,"texture":"#0","tintindex":0},"south":{"uv":[14.375,6.75,14.5,6.875],"rotation":0,"texture":"#0","tintindex":0},"north":{"uv":[6.625,14.375,6.75,14.5],"rotation":0,"texture":"#0","tintindex":0},"west":{"uv":[13.375,0.0,13.75,0.125],"rotation":0,"texture":"#0","tintindex":0},"up":{"uv":[9.375,13.75,9.25,13.375],"rotation":0,"texture":"#0","tintindex":0},"down":{"uv":[9.625,13.375,9.5,13.75],"rotation":0,"texture":"#0","tintindex":0}}},{"from":[7.811744,-5.308277,19.455711],"to":[8.295584,-4.824436,23.810272],"rotation":{"angle":22.5,"axis":"x","origin":[8.174624,-4.340597,22.842592]},"faces":{"east":{"uv":[13.375,4.875,13.75,5.0],"rotation":0,"texture":"#0","tintindex":0},"south":{"uv":[14.375,7.0,14.5,7.125],"rotation":0,"texture":"#0","tintindex":0},"north":{"uv":[6.875,14.375,7.0,14.5],"rotation":0,"texture":"#0","tintindex":0},"west":{"uv":[9.75,13.375,10.125,13.5],"rotation":0,"texture":"#0","tintindex":0},"up":{"uv":[10.375,13.75,10.25,13.375],"rotation":0,"texture":"#0","tintindex":0},"down":{"uv":[10.625,13.375,10.5,13.75],"rotation":0,"texture":"#0","tintindex":0}}},{"from":[8.295584,5.064933,11.425809],"to":[8.295584,7.4841337,13.845009],"rotation":{"angle":-45.0,"axis":"x","origin":[8.053664,8.693734,9.974289]},"faces":{"east":{"uv":[8.25,11.875,8.5,12.125],"rotation":0,"texture":"#0","tintindex":0},"south":{"uv":[10.125,7.625,10.125,7.875],"rotation":0,"texture":"#0","tintindex":0},"north":{"uv":[5.125,10.125,5.125,10.375],"rotation":0,"texture":"#0","tintindex":0},"west":{"uv":[9.75,11.875,10.0,12.125],"rotation":0,"texture":"#0","tintindex":0},"up":{"uv":[10.125,8.25,10.125,8.0],"rotation":0,"texture":"#0","tintindex":0},"down":{"uv":[7.75,10.25,7.75,10.5],"rotation":0,"texture":"#0","tintindex":0}}},{"from":[8.295584,1.1942139,11.909649],"to":[8.295584,3.6134129,13.845009],"rotation":{"angle":-45.0,"axis":"x","origin":[8.053664,4.8230133,10.458129]},"faces":{"east":{"uv":[12.375,5.25,12.5,5.5],"rotation":0,"texture":"#0","tintindex":0},"south":{"uv":[5.125,10.5,5.125,10.75],"rotation":0,"texture":"#0","tintindex":0},"north":{"uv":[4.0,10.375,4.0,10.625],"rotation":0,"texture":"#0","tintindex":0},"west":{"uv":[6.75,12.375,6.875,12.625],"rotation":0,"texture":"#0","tintindex":0},"up":{"uv":[4.375,8.375,4.375,8.25],"rotation":0,"texture":"#0","tintindex":0},"down":{"uv":[8.5,8.875,8.5,9.0],"rotation":0,"texture":"#0","tintindex":0}}},{"from":[8.295584,-2.676508,13.36117],"to":[8.295584,-0.25730705,15.29653],"rotation":{"angle":-45.0,"axis":"x","origin":[8.053664,0.9522934,11.909649]},"faces":{"east":{"uv":[12.375,7.125,12.5,7.375],"rotation":0,"texture":"#0","tintindex":0},"south":{"uv":[7.75,10.625,7.75,10.875],"rotation":0,"texture":"#0","tintindex":0},"north":{"uv":[3.625,10.625,3.625,10.875],"rotation":0,"texture":"#0","tintindex":0},"west":{"uv":[7.25,12.375,7.375,12.625],"rotation":0,"texture":"#0","tintindex":0},"up":{"uv":[0.5,9.125,0.5,9.0],"rotation":0,"texture":"#0","tintindex":0},"down":{"uv":[6.125,9.125,6.125,9.25],"rotation":0,"texture":"#0","tintindex":0}}},{"from":[8.295584,8.935653,10.941969],"to":[8.295584,11.354854,12.877329],"rotation":{"angle":-45.0,"axis":"x","origin":[8.053664,12.564453,9.490449]},"faces":{"east":{"uv":[7.5,12.375,7.625,12.625],"rotation":0,"texture":"#0","tintindex":0},"south":{"uv":[5.625,10.875,5.625,11.125],"rotation":0,"texture":"#0","tintindex":0},"north":{"uv":[2.0,10.875,2.0,11.125],"rotation":0,"texture":"#0","tintindex":0},"west":{"uv":[12.375,7.5,12.5,7.75],"rotation":0,"texture":"#0","tintindex":0},"up":{"uv":[7.0,9.875,7.0,9.75],"rotation":0,"texture":"#0","tintindex":0},"down":{"uv":[9.875,3.5,9.875,3.625],"rotation":0,"texture":"#0","tintindex":0}}},{"from":[8.295584,-1.9213982,18.004192],"to":[8.295584,0.013961792,20.907232],"rotation":{"angle":22.5,"axis":"x","origin":[8.174624,-1.4375572,18.004192]},