{"textures":{"0":"mineinabyss:mobs/edusan"},"elements":[{"from":[7.03232,7.072573,4.530629],"to":[8.96768,9.007933,13.23975],"rotation":{"angle":22.5,"axis":"x","origin":[8.48384,2.9599328,6.4659896]},"faces":{"east":{"uv":[10.0,4.0,10.625,4.125],"rotation":0,"texture":"#0","tintindex":0},"south":{"uv":[10.875,5.0,11.0,5.125],"rotation":0,"texture":"#0","tintindex":0},"north":{"uv":[8.875,5.125,9.0,5.25],"rotation":0,"texture":"#0","tintindex":0},"west":{"uv":[10.0,6.625,10.625,6.75],"rotation":0,"texture":"#0","tintindex":0},"up":{"uv":[10.25,1.375,10.125,0.75],"rotation":0,"texture":"#0","tintindex":0},"down":{"uv":[10.25,1.5,10.125,2.125],"rotation":0,"texture":"#0","tintindex":0}}},{"from":[7.03232,4.6009684,14.576711],"to":[8.48384,6.0524883,19.415112],"rotation":{"angle":0.0,"axis":"y","origin":[7.75808,5.326728,16.99591]},"faces":{"east":{"uv":[11.75,11.5,12.125,11.625],"rotation":0,"texture":"#0","tintindex":0},"south":{"uv":[13.5,2.25,13.625,2.375],"rotation":0,"texture":"#0","tintindex":0},"north":{"uv":[13.5,1.625,13.625,1.75],"rotation":0,"texture":"#0","tintindex":0},"west":{"uv":[11.75,11.75,12.125,11.875],"rotation":0,"texture":"#0","tintindex":0},"up":{"uv":[0.125,12.25,0.0,11.875],"rotation":0,"texture":"#0","tintindex":0},"down":{"uv":[1.125,11.875,1.0,12.25],"rotation":0,"texture":"#0","tintindex":0}}},{"from":[7.51616,2.6777596,18.45248],"to":[8.48384,3.6454396,24.25856],"rotation":{"angle":22.5,"axis":"x","origin":[8.0,3.1615996,24.25856]},"faces":{"east":{"uv":[1.75,12.25,2.125,12.375],"rotation":0,"texture":"#0","tintindex":0},"south":{"uv":[14.0,12.75,14.125,12.875],"rotation":0,"texture":"#0","tintindex":0},"north":{"uv":[14.0,12.5,14.125,12.625],"rotation":0,"texture":"#0","tintindex":0},"west":{"uv":[2.25,12.25,2.625,12.375],"rotation":0,"texture":"#0","tintindex":0},"up":{"uv":[0.375,12.625,0.25,12.25],"rotation":0,"texture":"#0","tintindex":0},"down":{"uv":[1.375,12.25,1.25,12.625],"rotation":0,"texture":"#0","tintindex":0}}},{"from":[7.51616,2.6777596,24.25856],"to":[8.48384,3.6454396,32.0],"rotation":{"angle":22.5,"axis":"x","origin":[8.0,3.1615996,24.25856]},"faces":{"east":{"uv":[11.625,4.875,12.125,5.0],"rotation":0,"texture":"#0","tintindex":0},"south":{"uv":[4.25,14.125,4.375,14.25],"rotation":0,"texture":"#0","tintindex":0},"north":{"uv":[4.0,14.125,4.125,14.25],"rotation":0,"texture":"#0","tintindex":0},"west":{"uv":[11.625,5.125,12.125,5.25],"rotation":0,"texture":"#0","tintindex":0},"up":{"uv":[5.25,12.125,5.125,11.625],"rotation":0,"texture":"#0","tintindex":0},"down":{"uv":[11.75,5.375,11.625,5.875],"rotation":0,"texture":"#0","tintindex":0}}},{"from":[8.0,6.54848,17.96864],"to":[8.48384,11.38688,19.904],"rotation":{"angle":45.0,"axis":"x","origin":[8.0,7.03232,18.45248]},"faces":{"east":{"uv":[11.25,10.75,11.375,11.125],"rotation":0,"texture":"#0","tintindex":0},"south":{"uv":[0.5,13.25,0.625,13.625],"rotation":0,"texture":"#0","tintindex":0},"north":{"uv":[0.25,13.25,0.375,13.625],"rotation":0,"texture":"#0","tintindex":0},"west":{"uv":[11.0,11.25,11.125,11.625],"rotation":0,"texture":"#0","tintindex":0},"up":{"uv":[14.125,13.125,14.0,13.0],"rotation":0,"texture":"#0","tintindex":0},"down":{"uv":[14.125,13.25,14.0,13.375],"rotation":0,"texture":"#0","tintindex":0}}}],"display":{"head":{"translation":[0.0,-6.4,4.6387253],"scale":[4.0,4.0,4.0]}}}