{"textures":{"0":"mineinabyss:entity/mobs/edusan"},"elements":[{"from":[4.3143787,7.5456185,5.492732],"to":[9.152779,8.029458,8.395773],"rotation":{"angle":45.0,"axis":"y","origin":[8.185099,7.0617785,8.395773]},"faces":{"east":{"uv":[14.0,3.25,14.25,3.375],"rotation":0,"texture":"#0","tintindex":0},"south":{"uv":[9.0,13.125,9.375,13.25],"rotation":0,"texture":"#0","tintindex":0},"north":{"uv":[7.875,13.125,8.25,13.25],"rotation":0,"texture":"#0","tintindex":0},"west":{"uv":[14.0,3.75,14.25,3.875],"rotation":0,"texture":"#0","tintindex":0},"up":{"uv":[11.0,4.875,10.625,4.625],"rotation":0,"texture":"#0","tintindex":0},"down":{"uv":[11.0,5.25,10.625,5.5],"rotation":0,"texture":"#0","tintindex":0}}},{"from":[2.3790183,7.5456185,5.0088925],"to":[9.152779,8.029458,5.492732],"rotation":{"angle":45.0,"axis":"y","origin":[8.185099,7.0617785,8.395773]},"faces":{"east":{"uv":[5.25,14.375,5.375,14.5],"rotation":0,"texture":"#0","tintindex":0},"south":{"uv":[2.125,12.875,2.625,13.0],"rotation":0,"texture":"#0","tintindex":0},"north":{"uv":[12.875,1.75,13.375,1.875],"rotation":0,"texture":"#0","tintindex":0},"west":{"uv":[14.375,5.25,14.5,5.375],"rotation":0,"texture":"#0","tintindex":0},"up":{"uv":[13.375,5.25,12.875,5.125],"rotation":0,"texture":"#0","tintindex":0},"down":{"uv":[13.375,5.375,12.875,5.5],"rotation":0,"texture":"#0","tintindex":0}}}],"display":{"head":{"translation":[0.0,-6.4,0.0],"scale":[4.0,4.0,4.0]}}}
