{"textures":{"0":"mineinabyss:relics/bounding_lance"},"elements":[{"from":[7.55676,0.46439362,8.141811],"to":[7.6996174,1.4643941,8.284669],"rotation":{"angle":22.5,"axis":"x","origin":[7.6281886,1.0358224,8.21324]},"faces":{"east":{"uv":[3.33333,5.0,3.58333,6.75],"rotation":0,"texture":"#0","tintindex":0},"south":{"uv":[3.33333,5.0,3.58333,6.75],"rotation":0,"texture":"#0","tintindex":0},"north":{"uv":[3.33333,5.0,3.58333,6.75],"rotation":0,"texture":"#0","tintindex":0},"west":{"uv":[3.33333,5.0,3.58333,6.75],"rotation":0,"texture":"#0","tintindex":0},"up":{"uv":[3.33333,5.0,3.58333,6.75],"rotation":0,"texture":"#0","tintindex":0},"down":{"uv":[3.33333,5.0,3.58333,6.75],"rotation":0,"texture":"#0","tintindex":0}}},{"from":[7.55676,2.464394,8.141811],"to":[7.6996174,3.464394,8.284669],"rotation":{"angle":22.5,"axis":"x","origin":[7.6281886,3.0358224,8.21324]},"faces":{"east":{"uv":[3.33333,5.0,3.58333,6.75],"rotation":0,"texture":"#0","tintindex":0},"south":{"uv":[3.33333,5.0,3.58333,6.75],"rotation":0,"texture":"#0","tintindex":0},"north":{"uv":[3.33333,5.0,3.58333,6.75],"rotation":0,"texture":"#0","tintindex":0},"west":{"uv":[3.33333,5.0,3.58333,6.75],"rotation":0,"texture":"#0","tintindex":0},"up":{"uv":[3.33333,5.0,3.58333,6.75],"rotation":0,"texture":"#0","tintindex":0},"down":{"uv":[3.33333,5.0,3.58333,6.75],"rotation":0,"texture":"#0","tintindex":0}}},{"from":[7.77,1.4764624,8.300383],"to":[7.912857,2.4764624,8.44324],"rotation":{"angle":-22.5,"axis":"z","origin":[7.8414288,2.0478911,8.371812]},"faces":{"east":{"uv":[3.33333,5.0,3.58333,6.75],"rotation":0,"texture":"#0","tintindex":0},"south":{"uv":[3.33333,5.0,3.58333,6.75],"rotation":0,"texture":"#0","tintindex":0},"north":{"uv":[3.33333,5.0,3.58333,6.75],"rotation":0,"texture":"#0","tintindex":0},"west":{"uv":[3.33333,5.0,3.58333,6.75],"rotation":0,"texture":"#0","tintindex":0},"up":{"uv":[3.33333,5.0,3.58333,6.75],"rotation":0,"texture":"#0","tintindex":0},"down":{"uv":[3.33333,5.0,3.58333,6.75],"rotation":0,"texture":"#0","tintindex":0}}},{"from":[7.77,3.4764624,8.300383],"to":[7.912857,4.4764624,8.44324],"rotation":{"angle":-22.5,"axis":"z","origin":[7.8414288,4.047891,8.371812]},"faces":{"east":{"uv":[3.33333,5.0,3.58333,6.75],"rotation":0,"texture":"#0","tintindex":0},"south":{"uv":[3.33333,5.0,3.58333,6.75],"rotation":0,"texture":"#0","tintindex":0},"north":{"uv":[3.33333,5.0,3.58333,6.75],"rotation":0,"texture":"#0","tintindex":0},"west":{"uv":[3.33333,5.0,3.58333,6.75],"rotation":0,"texture":"#0","tintindex":0},"up":{"uv":[3.33333,5.0,3.58333,6.75],"rotation":0,"texture":"#0","tintindex":0},"down":{"uv":[3.33333,5.0,3.58333,6.75],"rotation":0,"texture":"#0","tintindex":0}}},{"from":[7.928571,2.488531,8.087143],"to":[8.071428,3.488531,8.23],"rotation":{"angle":-22.5,"axis":"x","origin":[8.0,3.05996,8.158571]},"faces":{"east":{"uv":[3.33333,5.0,3.58333,6.75],"rotation":0,"texture":"#0","tintindex":0},"south":{"uv":[3.33333,5.0,3.58333,6.75],"rotation":0,"texture":"#0","tintindex":0},"north":{"uv":[3.33333,5.0,3.58333,6.75],"rotation":0,"texture":"#0","tintindex":0},"west":{"uv":[3.33333,5.0,3.58333,6.75],"rotation":0,"texture":"#0","tintindex":0},"up":{"uv":[3.33333,5.0,3.58333,6.75],"rotation":0,"texture":"#0","tintindex":0},"down":{"uv":[3.33333,5.0,3.58333,6.75],"rotation":0,"texture":"#0","tintindex":0}}},{"from":[7.928571,4.488531,8.087143],"to":[8.071428,5.488531,8.23],"rotation":{"angle":-22.5,"axis":"x","origin":[8.0,5.05996,8.158571]},"faces":{"east":{"uv":[3.33333,5.0,3.58333,6.75],"rotation":0,"texture":"#0","tintindex":0},"south":{"uv":[3.33333,5.0,3.58333,6.75],"rotation":0,"texture":"#0","tintindex":0},"north":{"uv":[3.33333,5.0,3.58333,6.75],"rotation":0,"texture":"#0","tintindex":0},"west":{"uv":[3.33333,5.0,3.58333,6.75],"rotation":0,"texture":"#0","tintindex":0},"up":{"uv":[3.33333,5.0,3.58333,6.75],"rotation":0,"texture":"#0","tintindex":0},"down":{"uv":[3.33333,5.0,3.58333,6.75],"rotation":0,"texture":"#0","tintindex":0}}},{"from":[7.7153316,3.5005941,7.928571],"to":[7.8581886,4.500594,8.071428],"rotation":{"angle":22.5,"axis":"z","origin":[7.78676,4.0720224,8.0]},"faces":{"east":{"uv":[3.33333,5.0,3.58333,6.75],"rotation":0,"texture":"#0","tintindex":0},"south":{"uv":[3.33333,5.0,3.58333,6.75],"rotation":0,"texture":"#0","tintindex":0},"north":{"uv":[3.33333,5.0,3.58333,6.75],"rotation":0,"texture":"#0","tintindex":0},"west":{"uv":[3.33333,5.0,3.58333,6.75],"rotation":0,"texture":"#0","tintindex":0},"up":{"uv":[3.33333,5.0,3.58333,6.75],"rotation":0,"texture":"#0","tintindex":0},"down":{"uv":[3.33333,5.0,3.58333,6.75],"rotation":0,"texture":"#0","tintindex":0}}},{"from":[7.7153316,5.500594,7.928571],"to":[7.8581886,6.500594,8.071428],"rotation":{"angle":22.5,"axis":"z","origin":[7.78676,6.072023,8.0]},"faces":{"east":{"uv":[3.33333,5.0,3.58333,6.75],"rotation":0,"texture":"#0","tintindex":0},"south":{"uv":[3.33333,5.0,3.58333,6.75],"rotation":0,"texture":"#0","tintindex":0},"north":{"uv":[3.33333,5.0,3.58333,6.75],"rotation":0,"texture":"#0","tintindex":0},"west":{"uv":[3.33333,5.0,3.58333,6.75],"rotation":0,"texture":"#0","tintindex":0},"up":{"uv":[3.33333,5.0,3.58333,6.75],"rotation":0,"texture":"#0","tintindex":0},"down":{"uv":[3.33333,5.0,3.58333,6.75],"rotation":0,"texture":"#0","tintindex":0}}},{"from":[7.55676,-3.2498913,8.141811],"to":[7.6996174,-2.5356054,8.284669],"rotation":{"angle":22.5,"axis":"x","origin":[7.6281886,-2.9641771,8.21324]},"faces":{"east":{"uv":[3.33333,5.0,3.58333,6.25],"rotation":0,"texture":"#0","tintindex":0},"south":{"uv":[3.33333,5.0,3.58333,6.25],"rotation":0,"texture":"#0","tintindex":0},"north":{"uv":[3.33333,5.0,3.58333,6.25],"rotation":0,"texture":"#0","tintindex":0},"west":{"uv":[3.33333,5.0,3.58333,6.25],"rotation":0,"texture":"#0","tintindex":0},"up":{"uv":[3.33333,5.0,3.58333,6.25],"rotation":0,"texture":"#0","tintindex":0},"down":{"uv":[3.33333,5.0,3.58333,6.25],"rotation":0,"texture":"#0","tintindex":0}}},{"from":[7.55676,-1.5356054,8.141811],"to":[7.6996174,-0.5356064,8.284669],"rotation":{"angle":22.5,"axis":"x","origin":[7.6281886,-0.9641781,8.21324]},"faces":{"east":{"uv":[3.33333,5.0,3.58333,6.75],"rotation":0,"texture":"#0","tintindex":0},"south":{"uv":[3.33333,5.0,3.58333,6.75],"rotation":0,"texture":"#0","tintindex":0},"north":{"uv":[3.33333,5.0,3.58333,6.75],"rotation":0,"texture":"#0","tintindex":0},"west":{"uv":[3.33333,5.0,3.58333,6.75],"rotation":0,"texture":"#0","tintindex":0},"up":{"uv":[3.33333,5.0,3.58333,6.75],"rotation":0,"texture":"#0","tintindex":0},"down":{"uv":[3.33333,5.0,3.58333,6.75],"rotation":0,"texture":"#0","tintindex":0}}},{"from":[7.77,-2.5235367,8.300383],"to":[7.912857,-1.5235367,8.44324],"rotation":{"angle":-22.5,"axis":"z","origin":[7.8414288,-1.9521084,8.371812]},"faces":{"east":{"uv":[3.33333,5.0,3.58333,6.75],"rotation":0,"texture":"#0","tintindex":0},"south":{"uv":[3.33333,5.0,3.58333,6.75],"rotation":0,"texture":"#0","tintindex":0},"north":{"uv":[3.33333,5.0,3.58333,6.75],"rotation":0,"texture":"#0","tintindex":0},"west":{"uv":[3.33333,5.0,3.58333,6.75],"rotation":0,"texture":"#0","tintindex":0},"up":{"uv":[3.33333,5.0,3.58333,6.75],"rotation":0,"texture":"#0","tintindex":0},"down":{"uv":[3.33333,5.0,3.58333,6.75],"rotation":0,"texture":"#0","tintindex":0}}},{"from":[7.77,-0.52353764,8.300383],"to":[7.912857,0.47646236,8.44324],"rotation":{"angle":-22.5,"axis":"z","origin":[7.8414288,0.04789114,8.371812]},"faces":{"east":{"uv":[3.33333,5.0,3.58333,6.75],"rotation":0,"texture":"#0","tintindex":0},"south":{"uv":[3.33333,5.0,3.58333,6.75],"rotation":0,"texture":"#0","tintindex":0},"north":{"uv":[3.33333,5.0,3.58333,6.75],"rotation":0,"texture":"#0","tintindex":0},"west":{"uv":[3.33333,5.0,3.58333,6.75],"rotation":0,"texture":"#0","tintindex":0},"up":{"uv":[3.33333,5.0,3.58333,6.75],"rotation":0,"texture":"#0","tintindex":0},"down":{"uv":[3.33333,5.0,3.58333,6.75],"rotation":0,"texture":"#0","tintindex":0}}},{"from":[7.928571,-1.5114689,8.087143],"to":[8.071428,-0.5114689,8.23],