{"textures":{"0":"mineinabyss:mobs/kuongatari"},"elements":[{"from":[7.4857144,7.9050255,8.255146],"to":[7.714286,8.133597,8.483717],"rotation":{"angle":-22.5,"axis":"x","origin":[7.5714283,8.0,8.342857]},"faces":{"east":{"uv":[11.5,13.0,11.75,13.25],"rotation":0,"texture":"#0","tintindex":0},"south":{"uv":[12.0,13.0,12.25,13.25],"rotation":0,"texture":"#0","tintindex":0},"north":{"uv":[13.0,11.0,13.25,11.25],"rotation":0,"texture":"#0","tintindex":0},"west":{"uv":[13.0,12.5,13.25,12.75],"rotation":0,"texture":"#0","tintindex":0},"up":{"uv":[13.25,13.25,13.0,13.0],"rotation":0,"texture":"#0","tintindex":0},"down":{"uv":[1.25,13.5,1.0,13.75],"rotation":0,"texture":"#0","tintindex":0}}},{"from":[7.6571426,7.8728223,7.905883],"to":[7.7714286,7.9871078,8.020168],"rotation":{"angle":-22.5,"axis":"x","origin":[7.7714286,7.9428573,7.9714284]},"faces":{"east":{"uv":[7.0,14.5,7.125,14.625],"rotation":0,"texture":"#0","tintindex":0},"south":{"uv":[14.5,7.0,14.625,7.125],"rotation":0,"texture":"#0","tintindex":0},"north":{"uv":[14.5,6.5,14.625,6.625],"rotation":0,"texture":"#0","tintindex":0},"west":{"uv":[7.5,14.5,7.625,14.625],"rotation":0,"texture":"#0","tintindex":0},"up":{"uv":[14.625,7.625,14.5,7.5],"rotation":0,"texture":"#0","tintindex":0},"down":{"uv":[8.125,14.5,8.0,14.625],"rotation":0,"texture":"#0","tintindex":0}}},{"from":[8.285714,7.926893,8.259496],"to":[8.514286,8.155465,8.488067],"rotation":{"angle":-22.5,"axis":"x","origin":[8.4,8.0,8.4]},"faces":{"east":{"uv":[1.5,13.5,1.75,13.75],"rotation":0,"texture":"#0","tintindex":0},"south":{"uv":[13.5,1.5,13.75,1.75],"rotation":0,"texture":"#0","tintindex":0},"north":{"uv":[13.5,1.0,13.75,1.25],"rotation":0,"texture":"#0","tintindex":0},"west":{"uv":[2.0,13.5,2.25,13.75],"rotation":0,"texture":"#0","tintindex":0},"up":{"uv":[3.25,13.75,3.0,13.5],"rotation":0,"texture":"#0","tintindex":0},"down":{"uv":[3.75,13.5,3.5,13.75],"rotation":0,"texture":"#0","tintindex":0}}},{"from":[8.228572,7.879406,7.9299254],"to":[8.342857,7.993692,8.044211],"rotation":{"angle":-22.5,"axis":"x","origin":[8.228572,7.885714,8.0]},"faces":{"east":{"uv":[8.5,14.5,8.625,14.625],"rotation":0,"texture":"#0","tintindex":0},"south":{"uv":[14.5,8.5,14.625,8.625],"rotation":0,"texture":"#0","tintindex":0},"north":{"uv":[14.5,8.0,14.625,8.125],"rotation":0,"texture":"#0","tintindex":0},"west":{"uv":[9.0,14.5,9.125,14.625],"rotation":0,"texture":"#0","tintindex":0},"up":{"uv":[14.625,9.125,14.5,9.0],"rotation":0,"texture":"#0","tintindex":0},"down":{"uv":[9.625,14.5,9.5,14.625],"rotation":0,"texture":"#0","tintindex":0}}}],"display":{"head":{"translation":[0.0,-6.4,0.0],"scale":[4.0,4.0,4.0]}}}