{"textures":{"0":"mineinabyss:item/relics/unheard_bell"},"elements":[{"from":[8.589943,7.391543,7.7050285],"to":[9.179886,7.981486,8.294971],"rotation":{"angle":45.0,"axis":"z","origin":[8.0,7.391543,8.0]},"faces":{"east":{"uv":[7.625,9.875,7.75,10.0],"rotation":0,"texture":"#0","tintindex":0},"south":{"uv":[9.875,7.625,10.0,7.75],"rotation":0,"texture":"#0","tintindex":0},"north":{"uv":[9.875,7.375,10.0,7.5],"rotation":0,"texture":"#0","tintindex":0},"west":{"uv":[7.875,9.875,8.0,10.0],"rotation":0,"texture":"#0","tintindex":0},"up":{"uv":[10.0,8.0,9.875,7.875],"rotation":0,"texture":"#0","tintindex":0},"down":{"uv":[8.25,9.875,8.125,10.0],"rotation":0,"texture":"#0","tintindex":0}}},{"from":[8.530949,5.56272,7.410057],"to":[9.769829,5.8576913,8.589943],"rotation":{"angle":22.5,"axis":"z","origin":[9.769829,5.56272,8.0]},"faces":{"east":{"uv":[4.0,9.875,4.25,9.9375],"rotation":0,"texture":"#0","tintindex":0},"south":{"uv":[9.875,4.5,10.125,4.5625],"rotation":0,"texture":"#0","tintindex":0},"north":{"uv":[3.625,9.875,3.875,9.9375],"rotation":0,"texture":"#0","tintindex":0},"west":{"uv":[9.875,4.75,10.125,4.8125],"rotation":0,"texture":"#0","tintindex":0},"up":{"uv":[7.875,9.375,7.625,9.125],"rotation":0,"texture":"#0","tintindex":0},"down":{"uv":[9.5,2.375,9.25,2.625],"rotation":0,"texture":"#0","tintindex":0}}},{"from":[7.410057,6.8016,7.410057],"to":[8.589943,7.391543,8.589943],"rotation":{"angle":0.0,"axis":"y","origin":[8.0,7.0965714,8.0]},"faces":{"east":{"uv":[9.0,1.875,9.25,2.0],"rotation":0,"texture":"#0","tintindex":0},"south":{"uv":[4.125,9.625,4.375,9.75],"rotation":0,"texture":"#0","tintindex":0},"north":{"uv":[7.0,3.125,7.25,3.25],"rotation":0,"texture":"#0","tintindex":0},"west":{"uv":[9.625,4.25,9.875,4.375],"rotation":0,"texture":"#0","tintindex":0},"up":{"uv":[5.125,9.5,4.875,9.25],"rotation":0,"texture":"#0","tintindex":0},"down":{"uv":[9.5,5.0,9.25,5.25],"rotation":0,"texture":"#0","tintindex":0}}},{"from":[7.410057,5.56272,6.230171],"to":[8.589943,5.8576913,7.4690514],"rotation":{"angle":22.5,"axis":"x","origin":[8.0,5.56272,6.230171]},"faces":{"east":{"uv":[9.875,1.5,10.125,1.5625],"rotation":0,"texture":"#0","tintindex":0},"south":{"uv":[1.75,9.875,2.0,9.9375],"rotation":0,"texture":"#0","tintindex":0},"north":{"uv":[1.375,9.875,1.625,9.9375],"rotation":0,"texture":"#0","tintindex":0},"west":{"uv":[9.875,1.75,10.125,1.8125],"rotation":0,"texture":"#0","tintindex":0},"up":{"uv":[9.125,9.25,8.875,9.0],"rotation":0,"texture":"#0","tintindex":0},"down":{"uv":[5.875,9.125,5.625,9.375],"rotation":0,"texture":"#0","tintindex":0}}},{"from":[7.410057,5.56272,8.530949],"to":[8.589943,5.8576913,9.769829],"rotation":{"angle":-22.5,"axis":"x","origin":[8.0,5.56272,9.769829]},"faces":{"east":{"uv":[9.875,6.0,10.125,6.0625],"rotation":0,"texture":"#0","tintindex":0},"south":{"uv":[6.25,9.875,6.5,9.9375],"rotation":0,"texture":"#0","tintindex":0},"north":{"uv":[9.875,5.75,10.125,5.8125],"rotation":0,"texture":"#0","tintindex":0},"west":{"uv":[7.0,9.875,7.25,9.9375],"rotation":0,"texture":"#0","tintindex":0},"up":{"uv":[9.5,3.75,9.25,3.5],"rotation":0,"texture":"#0","tintindex":0},"down":{"uv":[9.5,3.875,9.25,4.125],"rotation":0,"texture":"#0","tintindex":0}}},{"from":[6.230171,5.621714,7.410057],"to":[7.764023,5.9166856,8.589943],"rotation":{"angle":45.0,"axis":"z","origin":[6.230171,5.9166856,8.0]},"faces":{"east":{"uv":[3.25,9.75,3.5,9.8125],"rotation":0,"texture":"#0","tintindex":0},"south":{"uv":[9.625,8.875,9.9375,8.9375],"rotation":0,"texture":"#0","tintindex":0},"north":{"uv":[9.625,8.375,9.9375,8.4375],"rotation":0,"texture":"#0","tintindex":0},"west":{"uv":[6.625,9.75,6.875,9.8125],"rotation":0,"texture":"#0","tintindex":0},"up":{"uv":[9.3125,0.875,9.0,0.625],"rotation":0,"texture":"#0","tintindex":0},"down":{"uv":[1.1875,9.0,0.875,9.25],"rotation":0,"texture":"#0","tintindex":0}}},{"from":[7.410057,5.621714,6.230171],"to":[8.589943,5.9166856,7.764023],"rotation":{"angle":-45.0,"axis":"x","origin":[8.0,5.9166856,6.230171]},"faces":{"east":{"uv":[0.375,9.75,0.6875,9.8125],"rotation":0,"texture":"#0","tintindex":0},"south":{"uv":[9.875,0.75,10.125,0.8125],"rotation":0,"texture":"#0","tintindex":0},"north":{"uv":[9.875,0.5,10.125,0.5625],"rotation":0,"texture":"#0","tintindex":0},"west":{"uv":[0.875,9.75,1.1875,9.8125],"rotation":0,"texture":"#0","tintindex":0},"up":{"uv":[7.125,9.1875,6.875,8.875],"rotation":0,"texture":"#0","tintindex":0},"down":{"uv":[9.25,1.375,9.0,1.6875],"rotation":0,"texture":"#0","tintindex":0}}},{"from":[6.230171,0.60719967,6.230171],"to":[9.769829,4.1468573,9.769829],"rotation":{"angle":-45.0,"axis":"y","origin":[8.0,2.377028,8.0]},"faces":{"east":{"uv":[4.875,5.0,5.625,5.75],"rotation":0,"texture":"#0","tintindex":0},"south":{"uv":[5.25,0.0,6.0,0.75],"rotation":0,"texture":"#0","tintindex":0},"north":{"uv":[5.0,3.375,5.75,4.125],"rotation":0,"texture":"#0","tintindex":0},"west":{"uv":[5.25,0.875,6.0,1.625],"rotation":0,"texture":"#0","tintindex":0},"up":{"uv":[6.0,2.5,5.25,1.75],"rotation":0,"texture":"#0","tintindex":0},"down":{"uv":[2.25,5.75,1.5,6.5],"rotation":0,"texture":"#0","tintindex":0}}},{"from":[8.0,7.391543,7.7050285],"to":[8.589943,8.571428,8.294971],"rotation":{"angle":-45.0,"axis":"z","origin":[8.0,7.391543,8.0]},"faces":{"east":{"uv":[9.625,4.875,9.75,5.125],"rotation":0,"texture":"#0","tintindex":0},"south":{"uv":[5.0,9.625,5.125,9.875],"rotation":0,"texture":"#0","tintindex":0},"north":{"uv":[4.75,9.625,4.875,9.875],"rotation":0,"texture":"#0","tintindex":0},"west":{"uv":[5.25,9.625,5.375,9.875],"rotation":0,"texture":"#0","tintindex":0},"up":{"uv":[10.0,8.25,9.875,8.125],"rotation":0,"texture":"#0","tintindex":0},"down":{"uv":[8.5,9.875,8.375,10.0],"rotation":0,"texture":"#0","tintindex":0}}},{"from":[7.410057,7.391543,7.7050285],"to":[8.0,8.571428,8.294971],"rotation":{"angle":45.0,"axis":"z","origin":[8.0,7.391543,8.0]},"faces":{"east":{"uv":[7.875,0.375,8.0,0.625],"rotation":0,"texture":"#0","tintindex":0},"south":{"uv":[4.5,9.625,4.625,9.875],"rotation":0,"texture":"#0","tintindex":0},"north":{"uv":[7.875,0.0,8.0,0.25],"rotation":0,"texture":"#0","tintindex":0},"west":{"uv":[9.625,4.5,9.75,4.75],"rotation":0,"texture":"#0","tintindex":0},"up":{"uv":[10.0,7.25,9.875,7.125],"rotation":0,"texture":"#0","tintindex":0},"down":{"uv":[7.5,9.875,7.375,10.0],"rotation":0,"texture":"#0","tintindex":0}}},{"from":[7.410057,5.621714,8.235977],"to":[8.589943,5.9166856,9.769829],"rotation":{"angle":45.0,"axis":"x","origin":[8.0,5.9166856,9.769829]},"faces":{"east":{"uv":[2.25,9.75,2.5625,9.8125],"rotation":0,"texture":"#0","tintindex":0},"south":{"uv":[9.875,1.25,10.125,1.3125],"rotation":0,"texture":"#0","tintindex":0},"north":{"uv":[9.875,1.0,10.125,1.0625],"rotation":0,"texture":"#0","tintindex":0},"west":{"uv":[2.75,9.75,3.0625,9.8125],"rotation":0,"texture":"#0","tintindex":0},"up":{"uv":[2.125,9.3125,1.875,9.0],"rotation":0,"texture":"#0","tintindex":0},"down":{"uv":[4.0,9.0,3.75,9.3125],"rotation":0,"texture":"#0","tintindex":0}}},{"from":[6.230171,5.5037255,6.230171],"to":[9.769829,5.9166856,9.769829],"rotation":{"angle":0.0,"axis":"y","origin":[9.769829,5.9166856,8.0]},"faces":{"east":{"uv":[9.375,8.625,10.125,8.6875],"rotation":0,"texture":"#0","tintindex":0},"south":{"uv":[9.25,9.375,10.0,9.4375],"rotation":0,"texture":"#0","tintindex":0},"north":{"uv":[9.0,8.125,9.75,8.1875],"rotation":0,"texture":"#0","tintindex":0},"west":{"uv":[9.5,0.0,10.25,0.0625],"rotation":0,"texture":"#0","tintindex":0},"up":{"uv":[3.125,6.5,2.375,5.75],"rotation":0,"texture":"#0","tintindex":0},"down":{"uv":[4.0,5.75,3.25,6.5],"rotation":0,"texture":"#0","tintindex":0}}},{"from":[6.820114,7.391543,7.7050285],"to":[7.410057,8.571428,8.294971],"rotation":{"angle":-45.0,"axis":"z","origin":[8.0,7.391543,8.0]},"faces":{"east":{"uv":[7.375,2.875,7.5,3.125],"rotation":0,"texture":"#0","tintindex":0},"south":{"uv":[1.25,7.5,1.375,7.75],"rotation":0,"texture":"#0","tintindex":0},"north":{"uv":[0.5,7.0,0.625,7.25],