{"textures":{"0":"modelengine:entity/tamaugachi"},"elements":[{"name":"h_head_cube_0","from":[4.8374996,10.1,-2.9750013],"to":[11.1375,11.0,4.224999],"rotation":{"angle":0.0,"axis":"x","origin":[-6.4124994,0.64999914,4.224999]},"faces":{"down":{"uv":[5.75,0.875,5.40625,1.25],"rotation":0,"texture":"#0","tintindex":0},"east":{"uv":[7.78125,3.9375,8.15625,4.0],"rotation":0,"texture":"#0","tintindex":0},"north":{"uv":[5.03125,0.34375,5.375,0.40625],"rotation":0,"texture":"#0","tintindex":0},"south":{"uv":[6.28125,5.84375,6.625,5.90625],"rotation":0,"texture":"#0","tintindex":0},"up":{"uv":[5.71875,4.375,5.375,4.0],"rotation":0,"texture":"#0","tintindex":0},"west":{"uv":[7.78125,4.03125,8.15625,4.09375],"rotation":0,"texture":"#0","tintindex":0}}},{"name":"h_head_cube_1","from":[9.3375,5.1499996,-2.9750013],"to":[11.5875,6.05,4.224999],"rotation":{"angle":0.0,"axis":"x","origin":[-6.4124994,0.64999914,4.224999]},"faces":{"down":{"uv":[2.28125,6.9375,2.15625,7.3125],"rotation":0,"texture":"#0","tintindex":0},"east":{"uv":[7.78125,4.125,8.15625,4.1875],"rotation":0,"texture":"#0","tintindex":0},"north":{"uv":[3.0625,3.8125,3.1875,3.875],"rotation":0,"texture":"#0","tintindex":0},"south":{"uv":[5.9375,2.6875,6.0625,2.75],"rotation":0,"texture":"#0","tintindex":0},"up":{"uv":[3.1875,3.78125,3.0625,3.40625],"rotation":0,"texture":"#0","tintindex":0},"west":{"uv":[7.78125,6.34375,8.15625,6.40625],"rotation":0,"texture":"#0","tintindex":0}}},{"name":"h_head_cube_2","from":[4.8374996,5.1499996,-2.9750013],"to":[6.6375,6.05,4.224999],"rotation":{"angle":0.0,"axis":"x","origin":[-6.4124994,0.64999914,4.224999]},"faces":{"down":{"uv":[7.40625,2.53125,7.3125,2.90625],"rotation":0,"texture":"#0","tintindex":0},"east":{"uv":[7.8125,0.875,8.1875,0.9375],"rotation":0,"texture":"#0","tintindex":0},"north":{"uv":[1.6875,5.34375,1.78125,5.40625],"rotation":0,"texture":"#0","tintindex":0},"south":{"uv":[7.1875,5.0625,7.28125,5.125],"rotation":0,"texture":"#0","tintindex":0},"up":{"uv":[7.28125,7.65625,7.1875,7.28125],"rotation":0,"texture":"#0","tintindex":0},"west":{"uv":[7.8125,0.96875,8.1875,1.03125],"rotation":0,"texture":"#0","tintindex":0}}},{"name":"h_head_cube_3","from":[6.6375,5.6,-2.9750013],"to":[9.3375,6.05,4.224999],"rotation":{"angle":0.0,"axis":"x","origin":[-6.4124994,0.64999914,4.224999]},"faces":{"down":{"uv":[6.21875,3.875,6.0625,4.25],"rotation":0,"texture":"#0","tintindex":0},"east":{"uv":[8.71875,0.59375,9.09375,0.625],"rotation":0,"texture":"#0","tintindex":0},"north":{"uv":[5.0625,5.71875,5.21875,5.75],"rotation":0,"texture":"#0","tintindex":0},"south":{"uv":[5.8125,4.75,5.96875,4.78125],"rotation":0,"texture":"#0","tintindex":0},"up":{"uv":[3.59375,4.96875,3.4375,4.59375],"rotation":0,"texture":"#0","tintindex":0},"west":{"uv":[8.71875,4.25,9.09375,4.28125],"rotation":0,"texture":"#0","tintindex":0}}},{"name":"h_head_cube_4","from":[10.237499,8.75,-2.9750013],"to":[11.1375,10.1,4.224999],"rotation":{"angle":0.0,"axis":"x","origin":[-6.4124994,0.64999914,4.224999]},"faces":{"down":{"uv":[4.25,7.8125,4.1875,8.1875],"rotation":0,"texture":"#0","tintindex":0},"east":{"uv":[7.8125,1.9375,8.1875,2.0],"rotation":0,"texture":"#0","tintindex":0},"north":{"uv":[2.34375,9.625,2.40625,9.6875],"rotation":0,"texture":"#0","tintindex":0},"south":{"uv":[2.4375,9.625,2.5,9.6875],"rotation":0,"texture":"#0","tintindex":0},"up":{"uv":[4.15625,8.1875,4.09375,7.8125],"rotation":0,"texture":"#0","tintindex":0},"west":{"uv":[7.8125,2.03125,8.1875,2.09375],"rotation":0,"texture":"#0","tintindex":0}}},{"name":"h_head_cube_5","from":[4.8374996,8.75,-2.9750013],"to":[5.7375,10.1,4.224999],"rotation":{"angle":0.0,"axis":"x","origin":[-6.4124994,0.64999914,4.224999]},"faces":{"down":{"uv":[4.4375,7.8125,4.375,8.1875],"rotation":0,"texture":"#0","tintindex":0},"east":{"uv":[7.8125,2.125,8.1875,2.1875],"rotation":0,"texture":"#0","tintindex":0},"north":{"uv":[2.53125,9.625,2.59375,9.6875],"rotation":0,"texture":"#0","tintindex":0},"south":{"uv":[2.625,9.625,2.6875,9.6875],"rotation":0,"texture":"#0","tintindex":0},"up":{"uv":[4.34375,8.1875,4.28125,7.8125],"rotation":0,"texture":"#0","tintindex":0},"west":{"uv":[5.3125,7.8125,5.6875,7.875],"rotation":0,"texture":"#0","tintindex":0}}},{"name":"h_head_cube_6","from":[4.8374996,7.4,-2.9750013],"to":[7.2675,8.75,4.224999],"rotation":{"angle":0.0,"axis":"x","origin":[-6.4124994,0.64999914,4.224999]},"faces":{"down":{"uv":[3.875,7.0,3.75,7.375],"rotation":0,"texture":"#0","tintindex":0},"east":{"uv":[7.8125,5.3125,8.1875,5.375],"rotation":0,"texture":"#0","tintindex":0},"north":{"uv":[9.21875,2.0625,9.34375,2.125],"rotation":0,"texture":"#0","tintindex":0},"south":{"uv":[9.21875,3.21875,9.34375,3.28125],"rotation":0,"texture":"#0","tintindex":0},"up":{"uv":[3.71875,7.375,3.59375,7.0],"rotation":0,"texture":"#0","tintindex":0},"west":{"uv":[7.8125,5.40625,8.1875,5.46875],"rotation":0,"texture":"#0","tintindex":0}}},{"name":"h_head_cube_7","from":[5.2875,6.95,-3.8750014],"to":[7.2675,9.2,-2.9750013],"rotation":{"angle":0.0,"axis":"x","origin":[-6.4124994,0.64999914,4.224999]},"faces":{"down":{"uv":[1.59375,9.375,1.5,9.4375],"rotation":0,"texture":"#0","tintindex":0},"east":{"uv":[6.78125,9.25,6.84375,9.375],"rotation":0,"texture":"#0","tintindex":0},"north":{"uv":[7.15625,2.3125,7.25,2.4375],"rotation":0,"texture":"#0","tintindex":0},"south":{"uv":[8.6875,8.71875,8.78125,8.84375],"rotation":0,"texture":"#0","tintindex":0},"up":{"uv":[9.15625,1.625,9.0625,1.5625],"rotation":0,"texture":"#0","tintindex":0},"west":{"uv":[6.875,9.25,6.9375,9.375],"rotation":0,"texture":"#0","tintindex":0}}},{"name":"h_head_cube_8","from":[8.7075,6.95,-3.8750014],"to":[10.6875,9.2,-2.9750013],"rotation":{"angle":0.0,"axis":"x","origin":[-6.4124994,0.64999914,4.224999]},"faces":{"down":{"uv":[9.46875,7.09375,9.375,7.15625],"rotation":0,"texture":"#0","tintindex":0},"east":{"uv":[9.25,8.3125,9.3125,8.4375],"rotation":0,"texture":"#0","tintindex":0},"north":{"uv":[8.75,0.96875,8.84375,1.09375],"rotation":0,"texture":"#0","tintindex":0},"south":{"uv":[8.75,1.125,8.84375,1.25],"rotation":0,"texture":"#0","tintindex":0},"up":{"uv":[3.46875,9.4375,3.375,9.375],"rotation":0,"texture":"#0","tintindex":0},"west":{"uv":[9.28125,0.4375,9.34375,0.5625],"rotation":0,"texture":"#0","tintindex":0}}},{"name":"h_head_cube_9","from":[8.7075,7.4,-2.9750013],"to":[11.1375,8.75,4.224999],"rotation":{"angle":0.0,"axis":"x","origin":[-6.4124994,0.64999914,4.224999]},"faces":{"down":{"uv":[7.15625,6.96875,7.03125,7.34375],"rotation":0,"texture":"#0","tintindex":0},"east":{"uv":[7.8125,5.5,8.1875,5.5625],"rotation":0,"texture":"#0","tintindex":0},"north":{"uv":[9.21875,5.0,9.34375,5.0625],"rotation":0,"texture":"#0","tintindex":0},"south":{"uv":[9.21875,5.46875,9.34375,5.53125],"rotation":0,"texture":"#0","tintindex":0},"up":{"uv":[7.15625,6.9375,7.03125,6.5625],"rotation":0,"texture":"#0","tintindex":0},"west":{"uv":[7.8125,5.59375,8.1875,5.65625],"rotation":0,"texture":"#0","tintindex":0}}},{"name":"h_head_cube_10","from":[11.1375,6.05,-2.525001],"to":[12.037499,10.1,4.224999],"rotation":{"angle":0.0,"axis":"x","origin":[-6.4124994,0.64999914,4.224999]},"faces":{"down":{"uv":[0.40625,7.84375,0.34375,8.1875],"rotation":0,"texture":"#0","tintindex":0},"east":{"uv":[1.875,5.90625,2.21875,6.125],"rotation":0,"texture":"#0","tintindex":0},"north":{"uv":[4.09375,5.9375,4.15625,6.15625],"rotation":0,"texture":"#0","tintindex":0},"south":{"uv":[6.09375,0.0,6.15625,0.21875],"rotation":0,"texture":"#0","tintindex":0},"up":{"uv":[5.625,6.125,5.5625,5.78125],"rotation":0,"texture":"#0","tintindex":0},"west":{"uv":[5.90625,2.0625,6.25,2.28125],"rotation":0,"texture":"#0","tintindex":0}}},{"name":"h_head_cube_11","from":[3.9374998,6.05,-2.525001],"to":[4.8374996,10.1,4.224999],"rotation":{"angle":0.0,"axis":"x","origin":[-6.4124994,0.64999914,4.224999]},"faces":{"down":{"uv":[7.90625,1.0625,7.84375,1.40625],"rotation":0,"texture":"#0","tintindex":0},"east":{"uv":[2.25,5.90625,2.59375,6.125],