{"textures":{"0":"modelengine:entity/tamaugachi"},"elements":[{"name":"h_neck_cube_0","from":[0.9107437,2.5610888,-0.42905688],"to":[14.410745,17.411087,10.370943],"rotation":{"angle":-22.5,"axis":"x","origin":[7.6607437,10.661088,4.9709435]},"faces":{"down":{"uv":[8.71875,5.78125,8.0,6.34375],"rotation":0,"texture":"#0","tintindex":0},"east":{"uv":[6.4375,7.25,7.0,8.03125],"rotation":0,"texture":"#0","tintindex":0},"north":{"uv":[1.71875,6.625,2.4375,7.40625],"rotation":0,"texture":"#0","tintindex":0},"south":{"uv":[4.03125,6.625,4.75,7.40625],"rotation":0,"texture":"#0","tintindex":0},"up":{"uv":[6.03125,8.5625,5.3125,8.0],"rotation":0,"texture":"#0","tintindex":0},"west":{"uv":[7.34375,3.75,7.90625,4.53125],"rotation":0,"texture":"#0","tintindex":0}}},{"name":"h_neck_cube_0","from":[0.9107437,-1.4889116,0.11094403],"to":[14.410745,10.661088,13.385944],"rotation":{"angle":22.5,"axis":"x","origin":[7.6607437,2.5610888,6.1859446]},"faces":{"down":{"uv":[8.0,0.0,7.28125,0.6875],"rotation":0,"texture":"#0","tintindex":0},"east":{"uv":[1.5,7.4375,2.1875,8.0625],"rotation":0,"texture":"#0","tintindex":0},"north":{"uv":[0.75,7.3125,1.46875,7.9375],"rotation":0,"texture":"#0","tintindex":0},"south":{"uv":[2.46875,7.3125,3.1875,7.9375],"rotation":0,"texture":"#0","tintindex":0},"up":{"uv":[0.71875,7.96875,0.0,7.28125],"rotation":0,"texture":"#0","tintindex":0},"west":{"uv":[3.96875,7.4375,4.65625,8.0625],"rotation":0,"texture":"#0","tintindex":0}}},{"name":"h_neck_cube_0","from":[-1.1142564,1.8860887,-0.42905688],"to":[16.435745,14.036088,13.070944],"rotation":{"angle":0.0,"axis":"x","origin":[7.6607437,7.6235876,3.6209433]},"faces":{"down":{"uv":[7.3125,3.84375,6.40625,4.5625],"rotation":0,"texture":"#0","tintindex":0},"east":{"uv":[3.21875,7.3125,3.9375,7.9375],"rotation":0,"texture":"#0","tintindex":0},"north":{"uv":[5.15625,6.59375,6.0625,7.21875],"rotation":0,"texture":"#0","tintindex":0},"south":{"uv":[6.09375,6.59375,7.0,7.21875],"rotation":0,"texture":"#0","tintindex":0},"up":{"uv":[7.3125,3.8125,6.40625,3.09375],"rotation":0,"texture":"#0","tintindex":0},"west":{"uv":[7.34375,3.09375,8.0625,3.71875],"rotation":0,"texture":"#0","tintindex":0}}}],"display":{"head":{"translation":[0.0,-6.4,0.0],"rotation":[0.0,0.0,0.0],"scale":[3.8095,3.8095,3.8095]}}}