{"textures":{"0":"modelengine:entity/tamaugachi"},"elements":[{"name":"cube","from":[7.4660277,16.120998,17.56128],"to":[8.141027,26.920998,18.641281],"rotation":{"angle":22.5,"axis":"x","origin":[7.781028,16.06858,14.440951]},"faces":{"down":{"uv":[14.53125,15.3125,14.5,15.375],"rotation":0,"texture":"#0","tintindex":0},"east":{"uv":[9.5625,13.59375,9.625,14.15625],"rotation":0,"texture":"#0","tintindex":0},"north":{"uv":[12.3125,14.40625,12.34375,14.96875],"rotation":0,"texture":"#0","tintindex":0},"south":{"uv":[13.75,14.40625,13.78125,14.96875],"rotation":0,"texture":"#0","tintindex":0},"up":{"uv":[14.46875,15.375,14.4375,15.3125],"rotation":0,"texture":"#0","tintindex":0},"west":{"uv":[9.65625,13.59375,9.71875,14.15625],"rotation":0,"texture":"#0","tintindex":0}}},{"name":"cube","from":[5.4410276,20.525002,25.220623],"to":[6.116028,32.0,26.435623],"rotation":{"angle":22.5,"axis":"x","origin":[5.7785277,21.797234,21.715446]},"faces":{"down":{"uv":[14.65625,15.3125,14.625,15.375],"rotation":0,"texture":"#0","tintindex":0},"east":{"uv":[4.84375,13.4375,4.90625,14.03125],"rotation":0,"texture":"#0","tintindex":0},"north":{"uv":[12.21875,2.25,12.25,2.84375],"rotation":0,"texture":"#0","tintindex":0},"south":{"uv":[0.4375,12.4375,0.46875,13.03125],"rotation":0,"texture":"#0","tintindex":0},"up":{"uv":[14.59375,15.375,14.5625,15.3125],"rotation":0,"texture":"#0","tintindex":0},"west":{"uv":[5.6875,13.4375,5.75,14.03125],"rotation":0,"texture":"#0","tintindex":0}}}],"display":{"head":{"translation":[0.0,13.383574,0.0],"rotation":[0.0,0.0,0.0],"scale":[3.8095,3.8095,3.8095]}}}