{"textures":{"0":"modelengine:entity/tamaugachi"},"elements":[{"name":"cube","from":[-4.4855103,12.02,7.3356957],"to":[-3.4730105,32.0,8.523698],"rotation":{"angle":0.0,"axis":"x","origin":[-7.163601,12.46006,8.450554]},"faces":{"down":{"uv":[15.375,8.1875,15.3125,8.25],"rotation":0,"texture":"#0","tintindex":0},"east":{"uv":[12.28125,1.84375,12.34375,2.875],"rotation":0,"texture":"#0","tintindex":0},"north":{"uv":[1.28125,12.28125,1.34375,13.3125],"rotation":0,"texture":"#0","tintindex":0},"south":{"uv":[12.03125,12.28125,12.09375,13.3125],"rotation":0,"texture":"#0","tintindex":0},"up":{"uv":[15.375,8.15625,15.3125,8.09375],"rotation":0,"texture":"#0","tintindex":0},"west":{"uv":[12.3125,6.75,12.375,7.78125],"rotation":0,"texture":"#0","tintindex":0}}},{"name":"cube","from":[-0.003973007,5.2507963,20.55378],"to":[0.6710272,16.725796,21.76878],"rotation":{"angle":0.0,"axis":"x","origin":[-7.1716747,-9.725396,12.837113]},"faces":{"down":{"uv":[7.625,15.34375,7.59375,15.40625],"rotation":0,"texture":"#0","tintindex":0},"east":{"uv":[1.46875,13.59375,1.53125,14.1875],"rotation":0,"texture":"#0","tintindex":0},"north":{"uv":[14.34375,9.75,14.375,10.34375],"rotation":0,"texture":"#0","tintindex":0},"south":{"uv":[11.625,14.34375,11.65625,14.9375],"rotation":0,"texture":"#0","tintindex":0},"up":{"uv":[7.5625,15.40625,7.53125,15.34375],"rotation":0,"texture":"#0","tintindex":0},"west":{"uv":[1.5625,13.59375,1.625,14.1875],"rotation":0,"texture":"#0","tintindex":0}}},{"name":"cube","from":[-2.7039728,8.33931,18.771755],"to":[-2.028973,19.814308,19.986755],"rotation":{"angle":0.0,"axis":"x","origin":[-7.163601,8.79303,18.499527]},"faces":{"down":{"uv":[7.75,15.34375,7.71875,15.40625],"rotation":0,"texture":"#0","tintindex":0},"east":{"uv":[1.65625,13.59375,1.71875,14.1875],"rotation":0,"texture":"#0","tintindex":0},"north":{"uv":[11.6875,14.34375,11.71875,14.9375],"rotation":0,"texture":"#0","tintindex":0},"south":{"uv":[11.75,14.34375,11.78125,14.9375],"rotation":0,"texture":"#0","tintindex":0},"up":{"uv":[7.6875,15.40625,7.65625,15.34375],"rotation":0,"texture":"#0","tintindex":0},"west":{"uv":[1.75,13.59375,1.8125,14.1875],"rotation":0,"texture":"#0","tintindex":0}}},{"name":"cube","from":[5.63949,9.994999,3.9606955],"to":[6.65199,27.274998,5.1486974],"rotation":{"angle":0.0,"axis":"x","origin":[2.9614003,10.435062,5.075554]},"faces":{"down":{"uv":[15.375,9.4375,15.3125,9.5],"rotation":0,"texture":"#0","tintindex":0},"east":{"uv":[12.46875,0.0,12.53125,0.90625],"rotation":0,"texture":"#0","tintindex":0},"north":{"uv":[12.4375,12.0625,12.5,12.96875],"rotation":0,"texture":"#0","tintindex":0},"south":{"uv":[12.46875,0.9375,12.53125,1.84375],"rotation":0,"texture":"#0","tintindex":0},"up":{"uv":[15.375,8.34375,15.3125,8.28125],"rotation":0,"texture":"#0","tintindex":0},"west":{"uv":[12.46875,1.875,12.53125,2.78125],"rotation":0,"texture":"#0","tintindex":0}}},{"name":"cube","from":[7.421027,5.0098066,11.763561],"to":[8.096027,23.909805,12.843561],"rotation":{"angle":0.0,"axis":"x","origin":[7.781028,-6.8151774,8.0]},"faces":{"down":{"uv":[7.875,15.34375,7.84375,15.40625],"rotation":0,"texture":"#0","tintindex":0},"east":{"uv":[12.3125,8.96875,12.375,9.96875],"rotation":0,"texture":"#0","tintindex":0},"north":{"uv":[0.375,13.375,0.40625,14.375],"rotation":0,"texture":"#0","tintindex":0},"south":{"uv":[2.59375,13.5,2.625,14.5],"rotation":0,"texture":"#0","tintindex":0},"up":{"uv":[7.8125,15.40625,7.78125,15.34375],"rotation":0,"texture":"#0","tintindex":0},"west":{"uv":[12.34375,11.125,12.40625,12.125],"rotation":0,"texture":"#0","tintindex":0}}}],"display":{"head":{"translation":[0.0,22.029995,0.0],"rotation":[0.0,0.0,0.0],"scale":[3.8095,3.8095,3.8095]}}}