{"textures":{"0":"modelengine:entity/tamaugachi"},"elements":[{"name":"cube","from":[22.365654,-2.9832249,1.2640347],"to":[23.040653,15.916776,2.3440344],"rotation":{"angle":0.0,"axis":"x","origin":[22.725655,-14.808209,-2.4995265]},"faces":{"down":{"uv":[4.25,15.34375,4.21875,15.40625],"rotation":0,"texture":"#0","tintindex":0},"east":{"uv":[7.65625,12.3125,7.71875,13.3125],"rotation":0,"texture":"#0","tintindex":0},"north":{"uv":[10.21875,12.1875,10.25,13.1875],"rotation":0,"texture":"#0","tintindex":0},"south":{"uv":[12.375,13.1875,12.40625,14.1875],"rotation":0,"texture":"#0","tintindex":0},"up":{"uv":[4.1875,15.40625,4.15625,15.34375],"rotation":0,"texture":"#0","tintindex":0},"west":{"uv":[7.75,12.3125,7.8125,13.3125],"rotation":0,"texture":"#0","tintindex":0}}},{"name":"cube","from":[10.459117,4.026968,-3.1638312],"to":[11.471617,24.006966,-1.9758291],"rotation":{"angle":0.0,"axis":"x","origin":[7.781028,4.46703,-2.0489726]},"faces":{"down":{"uv":[15.375,7.125,15.3125,7.1875],"rotation":0,"texture":"#0","tintindex":0},"east":{"uv":[12.25,11.125,12.3125,12.15625],"rotation":0,"texture":"#0","tintindex":0},"north":{"uv":[3.65625,12.21875,3.71875,13.25],"rotation":0,"texture":"#0","tintindex":0},"south":{"uv":[12.25,12.1875,12.3125,13.21875],"rotation":0,"texture":"#0","tintindex":0},"up":{"uv":[15.375,7.09375,15.3125,7.03125],"rotation":0,"texture":"#0","tintindex":0},"west":{"uv":[12.28125,0.78125,12.34375,1.8125],"rotation":0,"texture":"#0","tintindex":0}}},{"name":"cube","from":[20.584118,2.0019681,-6.5388308],"to":[21.596619,19.281967,-5.350829],"rotation":{"angle":0.0,"axis":"x","origin":[17.906029,2.4420302,-5.423973]},"faces":{"down":{"uv":[7.4375,15.3125,7.375,15.375],"rotation":0,"texture":"#0","tintindex":0},"east":{"uv":[2.09375,12.4375,2.15625,13.34375],"rotation":0,"texture":"#0","tintindex":0},"north":{"uv":[0.34375,12.4375,0.40625,13.34375],"rotation":0,"texture":"#0","tintindex":0},"south":{"uv":[2.1875,12.4375,2.25,13.34375],"rotation":0,"texture":"#0","tintindex":0},"up":{"uv":[7.34375,15.375,7.28125,15.3125],"rotation":0,"texture":"#0","tintindex":0},"west":{"uv":[12.4375,11.125,12.5,12.03125],"rotation":0,"texture":"#0","tintindex":0}}},{"name":"cube","from":[14.940654,-2.7422352,10.054251],"to":[15.615654,8.732765,11.269252],"rotation":{"angle":0.0,"axis":"x","origin":[7.7729526,-17.718426,2.3375869]},"faces":{"down":{"uv":[5.125,15.34375,5.09375,15.40625],"rotation":0,"texture":"#0","tintindex":0},"east":{"uv":[13.59375,0.0,13.65625,0.59375],"rotation":0,"texture":"#0","tintindex":0},"north":{"uv":[7.21875,14.34375,7.25,14.9375],"rotation":0,"texture":"#0","tintindex":0},"south":{"uv":[7.28125,14.34375,7.3125,14.9375],"rotation":0,"texture":"#0","tintindex":0},"up":{"uv":[4.3125,15.40625,4.28125,15.34375],"rotation":0,"texture":"#0","tintindex":0},"west":{"uv":[13.59375,0.625,13.65625,1.21875],"rotation":0,"texture":"#0","tintindex":0}}},{"name":"cube","from":[12.240654,0.3462782,8.27223],"to":[12.915654,11.821279,9.487228],"rotation":{"angle":0.0,"axis":"x","origin":[7.781028,0.7999997,8.0]},"faces":{"down":{"uv":[7.125,15.34375,7.09375,15.40625],"rotation":0,"texture":"#0","tintindex":0},"east":{"uv":[13.59375,1.25,13.65625,1.84375],"rotation":0,"texture":"#0","tintindex":0},"north":{"uv":[14.34375,7.59375,14.375,8.1875],"rotation":0,"texture":"#0","tintindex":0},"south":{"uv":[14.34375,8.21875,14.375,8.8125],"rotation":0,"texture":"#0","tintindex":0},"up":{"uv":[5.1875,15.40625,5.15625,15.34375],"rotation":0,"texture":"#0","tintindex":0},"west":{"uv":[1.375,13.59375,1.4375,14.1875],"rotation":0,"texture":"#0","tintindex":0}}}],"display":{"head":{"translation":[0.0,-6.4,0.0],"rotation":[0.0,0.0,0.0],"scale":[3.8095,3.8095,3.8095]}}}