{"textures":{"0":"modelengine:entity/tamaugachi"},"elements":[{"name":"cube","from":[-4.4234776,18.679996,7.557131],"to":[-3.7484775,30.2,8.349131],"rotation":{"angle":0.0,"axis":"x","origin":[-1.9630847,18.973373,8.300368]},"faces":{"down":{"uv":[6.8125,8.9375,6.75,9.0],"rotation":0,"texture":"#0","tintindex":0},"east":{"uv":[0.0,6.25,0.0625,6.6875],"rotation":0,"texture":"#0","tintindex":0},"north":{"uv":[4.8125,6.1875,4.875,6.625],"rotation":0,"texture":"#0","tintindex":0},"south":{"uv":[1.1875,6.25,1.25,6.6875],"rotation":0,"texture":"#0","tintindex":0},"up":{"uv":[6.5625,9.0,6.5,8.9375],"rotation":0,"texture":"#0","tintindex":0},"west":{"uv":[1.3125,6.25,1.375,6.6875],"rotation":0,"texture":"#0","tintindex":0}}},{"name":"cube","from":[-0.17769265,18.679996,7.557131],"to":[0.49730802,32.0,8.349131],"rotation":{"angle":0.0,"axis":"x","origin":[-1.9630847,18.973373,8.300368]},"faces":{"down":{"uv":[9.0625,2.0625,9.0,2.125],"rotation":0,"texture":"#0","tintindex":0},"east":{"uv":[6.125,4.1875,6.1875,4.6875],"rotation":0,"texture":"#0","tintindex":0},"north":{"uv":[4.0625,6.125,4.125,6.625],"rotation":0,"texture":"#0","tintindex":0},"south":{"uv":[6.125,5.1875,6.1875,5.6875],"rotation":0,"texture":"#0","tintindex":0},"up":{"uv":[9.0625,2.0,9.0,1.9375],"rotation":0,"texture":"#0","tintindex":0},"west":{"uv":[5.75,6.125,5.8125,6.625],"rotation":0,"texture":"#0","tintindex":0}}},{"name":"cube","from":[2.8099995,14.167196,16.369186],"to":[3.2599995,21.8172,17.179184],"rotation":{"angle":0.0,"axis":"x","origin":[-1.9684682,4.18307,11.224742]},"faces":{"down":{"uv":[7.0625,9.0,7.0,9.0625],"rotation":0,"texture":"#0","tintindex":0},"east":{"uv":[6.75,0.0,6.8125,0.3125],"rotation":0,"texture":"#0","tintindex":0},"north":{"uv":[0.0,6.75,0.0625,7.0625],"rotation":0,"texture":"#0","tintindex":0},"south":{"uv":[1.125,6.75,1.1875,7.0625],"rotation":0,"texture":"#0","tintindex":0},"up":{"uv":[6.9375,9.0625,6.875,9.0],"rotation":0,"texture":"#0","tintindex":0},"west":{"uv":[1.25,6.75,1.3125,7.0625],"rotation":0,"texture":"#0","tintindex":0}}},{"name":"cube","from":[1.0099993,16.226206,15.18117],"to":[1.4599994,23.876205,15.991169],"rotation":{"angle":0.0,"axis":"x","origin":[-1.9630847,16.528687,14.999685]},"faces":{"down":{"uv":[6.1875,9.0,6.125,9.0625],"rotation":0,"texture":"#0","tintindex":0},"east":{"uv":[4.6875,6.6875,4.75,7.0],"rotation":0,"texture":"#0","tintindex":0},"north":{"uv":[4.5625,6.6875,4.625,7.0],"rotation":0,"texture":"#0","tintindex":0},"south":{"uv":[4.8125,6.6875,4.875,7.0],"rotation":0,"texture":"#0","tintindex":0},"up":{"uv":[9.0625,6.0625,9.0,6.0],"rotation":0,"texture":"#0","tintindex":0},"west":{"uv":[5.6875,6.6875,5.75,7.0],"rotation":0,"texture":"#0","tintindex":0}}},{"name":"cube","from":[-7.1861696,14.167196,16.369186],"to":[-6.73617,21.8172,17.179184],"rotation":{"angle":0.0,"axis":"x","origin":[-1.9684682,4.18307,11.224742]},"faces":{"down":{"uv":[6.0625,9.0,6.0,9.0625],"rotation":0,"texture":"#0","tintindex":0},"east":{"uv":[6.6875,3.5625,6.75,3.875],"rotation":0,"texture":"#0","tintindex":0},"north":{"uv":[3.5,6.6875,3.5625,7.0],"rotation":0,"texture":"#0","tintindex":0},"south":{"uv":[3.875,6.6875,3.9375,7.0],"rotation":0,"texture":"#0","tintindex":0},"up":{"uv":[9.0625,5.9375,9.0,5.875],"rotation":0,"texture":"#0","tintindex":0},"west":{"uv":[4.0,6.6875,4.0625,7.0],"rotation":0,"texture":"#0","tintindex":0}}},{"name":"cube","from":[-5.3861694,16.226206,15.18117],"to":[-4.9361696,25.676205,15.991169],"rotation":{"angle":0.0,"axis":"x","origin":[-1.9630847,16.528687,14.999685]},"faces":{"down":{"uv":[4.0625,9.0,4.0,9.0625],"rotation":0,"texture":"#0","tintindex":0},"east":{"uv":[1.9375,6.5625,2.0,6.9375],"rotation":0,"texture":"#0","tintindex":0},"north":{"uv":[1.8125,6.5625,1.875,6.9375],"rotation":0,"texture":"#0","tintindex":0},"south":{"uv":[2.0625,6.5625,2.125,6.9375],"rotation":0,"texture":"#0","tintindex":0},"up":{"uv":[9.0625,3.75,9.0,3.6875],"rotation":0,"texture":"#0","tintindex":0},"west":{"uv":[2.1875,6.5625,2.25,6.9375],"rotation":0,"texture":"#0","tintindex":0}}},{"name":"cube","from":[-11.173478,17.329998,5.307131],"to":[-10.498478,28.850002,6.0991306],"rotation":{"angle":0.0,"axis":"x","origin":[-8.713085,17.623375,6.0503683]},"faces":{"down":{"uv":[9.0,7.375,8.9375,7.4375],"rotation":0,"texture":"#0","tintindex":0},"east":{"uv":[6.25,5.0625,6.3125,5.5],"rotation":0,"texture":"#0","tintindex":0},"north":{"uv":[6.25,4.1875,6.3125,4.625],"rotation":0,"texture":"#0","tintindex":0},"south":{"uv":[6.25,5.5625,6.3125,6.0],"rotation":0,"texture":"#0","tintindex":0},"up":{"uv":[9.0,7.0625,8.9375,7.0],"rotation":0,"texture":"#0","tintindex":0},"west":{"uv":[6.25,6.0625,6.3125,6.5],"rotation":0,"texture":"#0","tintindex":0}}},{"name":"cube","from":[6.5723076,17.329998,5.307131],"to":[7.247308,28.850002,6.0991306],"rotation":{"angle":0.0,"axis":"x","origin":[4.786915,17.623375,6.0503683]},"faces":{"down":{"uv":[8.0625,8.9375,8.0,9.0],"rotation":0,"texture":"#0","tintindex":0},"east":{"uv":[0.25,6.3125,0.3125,6.75],"rotation":0,"texture":"#0","tintindex":0},"north":{"uv":[6.125,6.25,6.1875,6.6875],"rotation":0,"texture":"#0","tintindex":0},"south":{"uv":[0.375,6.3125,0.4375,6.75],"rotation":0,"texture":"#0","tintindex":0},"up":{"uv":[7.9375,9.0,7.875,8.9375],"rotation":0,"texture":"#0","tintindex":0},"west":{"uv":[6.3125,0.8125,6.375,1.25],"rotation":0,"texture":"#0","tintindex":0}}},{"name":"cube","from":[-12.1361685,14.006537,10.509039],"to":[-11.686169,26.606537,11.22904],"rotation":{"angle":0.0,"axis":"x","origin":[-11.926169,6.1232147,8.0]},"faces":{"down":{"uv":[5.6875,9.0,5.625,9.0625],"rotation":0,"texture":"#0","tintindex":0},"east":{"uv":[0.75,6.1875,0.8125,6.625],"rotation":0,"texture":"#0","tintindex":0},"north":{"uv":[0.625,6.1875,0.6875,6.625],"rotation":0,"texture":"#0","tintindex":0},"south":{"uv":[0.875,6.1875,0.9375,6.625],"rotation":0,"texture":"#0","tintindex":0},"up":{"uv":[9.0625,5.5625,9.0,5.5],"rotation":0,"texture":"#0","tintindex":0},"west":{"uv":[6.1875,0.9375,6.25,1.375],"rotation":0,"texture":"#0","tintindex":0}}},{"name":"cube","from":[7.7599993,14.006537,10.509039],"to":[8.209999,26.606537,11.22904],"rotation":{"angle":0.0,"axis":"x","origin":[8.0,6.1232147,8.0]},"faces":{"down":{"uv":[5.8125,9.0,5.75,9.0625],"rotation":0,"texture":"#0","tintindex":0},"east":{"uv":[1.6875,6.1875,1.75,6.625],"rotation":0,"texture":"#0","tintindex":0},"north":{"uv":[1.5625,6.1875,1.625,6.625],"rotation":0,"texture":"#0","tintindex":0},"south":{"uv":[2.5,6.1875,2.5625,6.625],"rotation":0,"texture":"#0","tintindex":0},"up":{"uv":[9.0625,5.6875,9.0,5.625],"rotation":0,"texture":"#0","tintindex":0},"west":{"uv":[2.625,6.1875,2.6875,6.625],"rotation":0,"texture":"#0","tintindex":0}}}],"display":{"head":{"translation":[0.0,0.60666513,0.0],"rotation":[0.0,0.0,0.0],"scale":[3.8095,3.8095,3.8095]}}}