{"textures":{"0":"modelengine:entity/tamaugachi"},"elements":[{"name":"cube","from":[-5.874998,14.719997,7.335698],"to":[-4.862499,32.0,8.523698],"rotation":{"angle":0.0,"axis":"x","origin":[-1.5844107,15.160065,8.450554]},"faces":{"down":{"uv":[10.34375,15.3125,10.28125,15.375],"rotation":0,"texture":"#0","tintindex":0},"east":{"uv":[4.84375,12.5,4.90625,13.40625],"rotation":0,"texture":"#0","tintindex":0},"north":{"uv":[12.46875,4.1875,12.53125,5.09375],"rotation":0,"texture":"#0","tintindex":0},"south":{"uv":[12.5,6.75,12.5625,7.65625],"rotation":0,"texture":"#0","tintindex":0},"up":{"uv":[15.375,10.3125,15.3125,10.25],"rotation":0,"texture":"#0","tintindex":0},"west":{"uv":[12.5,8.96875,12.5625,9.875],"rotation":0,"texture":"#0","tintindex":0}}},{"name":"cube","from":[-16.0,12.694996,3.9606977],"to":[-14.987499,29.974998,5.1486974],"rotation":{"angle":0.0,"axis":"x","origin":[-11.709408,13.135063,5.075554]},"faces":{"down":{"uv":[10.4375,15.3125,10.375,15.375],"rotation":0,"texture":"#0","tintindex":0},"east":{"uv":[12.53125,5.6875,12.59375,6.59375],"rotation":0,"texture":"#0","tintindex":0},"north":{"uv":[12.5,9.90625,12.5625,10.8125],"rotation":0,"texture":"#0","tintindex":0},"south":{"uv":[12.53125,7.6875,12.59375,8.59375],"rotation":0,"texture":"#0","tintindex":0},"up":{"uv":[15.375,10.40625,15.3125,10.34375],"rotation":0,"texture":"#0","tintindex":0},"west":{"uv":[12.53125,10.84375,12.59375,11.75],"rotation":0,"texture":"#0","tintindex":0}}}],"display":{"head":{"translation":[-20.828974,11.9500065,0.0],"rotation":[0.0,0.0,0.0],"scale":[3.8095,3.8095,3.8095]}}}