{"textures":{"0":"modelengine:entity/tamaugachi"},"elements":[{"name":"cube","from":[17.370655,4.535866,-0.98306656],"to":[20.070656,7.2358665,15.216934],"rotation":{"angle":-45.0,"axis":"x","origin":[18.675655,6.574627,17.435848]},"faces":{"down":{"uv":[9.28125,9.625,9.125,10.46875],"rotation":0,"texture":"#0","tintindex":0},"east":{"uv":[9.5625,0.0,10.40625,0.15625],"rotation":0,"texture":"#0","tintindex":0},"north":{"uv":[3.21875,14.15625,3.375,14.3125],"rotation":0,"texture":"#0","tintindex":0},"south":{"uv":[14.15625,4.0625,14.3125,4.21875],"rotation":0,"texture":"#0","tintindex":0},"up":{"uv":[9.09375,10.46875,8.9375,9.625],"rotation":0,"texture":"#0","tintindex":0},"west":{"uv":[9.5625,2.21875,10.40625,2.375],"rotation":0,"texture":"#0","tintindex":0}}},{"name":"cube","from":[19.020653,-10.14728,14.0479145],"to":[21.720654,0.65272045,16.747913],"rotation":{"angle":22.5,"axis":"x","origin":[20.325653,3.971943,14.748317]},"faces":{"down":{"uv":[14.3125,6.40625,14.15625,6.5625],"rotation":0,"texture":"#0","tintindex":0},"east":{"uv":[11.53125,3.125,11.6875,3.6875],"rotation":0,"texture":"#0","tintindex":0},"north":{"uv":[11.53125,0.3125,11.6875,0.875],"rotation":0,"texture":"#0","tintindex":0},"south":{"uv":[11.53125,3.71875,11.6875,4.28125],"rotation":0,"texture":"#0","tintindex":0},"up":{"uv":[14.3125,4.40625,14.15625,4.25],"rotation":0,"texture":"#0","tintindex":0},"west":{"uv":[11.53125,10.0625,11.6875,10.625],"rotation":0,"texture":"#0","tintindex":0}}},{"name":"cube","from":[9.270655,2.755005,-11.28915],"to":[11.9706545,5.4550056,9.71085],"rotation":{"angle":-45.0,"axis":"x","origin":[10.575655,6.972584,11.23726]},"faces":{"down":{"uv":[11.78125,1.75,11.625,2.3125],"rotation":0,"texture":"#0","tintindex":0},"east":{"uv":[11.5,5.4375,12.0625,5.59375],"rotation":0,"texture":"#0","tintindex":0},"north":{"uv":[14.15625,6.59375,14.3125,6.75],"rotation":0,"texture":"#0","tintindex":0},"south":{"uv":[14.15625,6.78125,14.3125,6.9375],"rotation":0,"texture":"#0","tintindex":0},"up":{"uv":[11.6875,11.21875,11.53125,10.65625],"rotation":0,"texture":"#0","tintindex":0},"west":{"uv":[11.5,5.625,12.0625,5.78125],"rotation":0,"texture":"#0","tintindex":0}}},{"name":"cube","from":[3.5914006,2.755005,-11.28915],"to":[6.291401,5.4550056,9.71085],"rotation":{"angle":-45.0,"axis":"x","origin":[4.9864006,6.972584,11.23726]},"faces":{"down":{"uv":[7.6875,11.625,7.53125,12.1875],"rotation":0,"texture":"#0","tintindex":0},"east":{"uv":[11.5,8.8125,12.0625,8.96875],"rotation":0,"texture":"#0","tintindex":0},"north":{"uv":[14.15625,6.96875,14.3125,7.125],"rotation":0,"texture":"#0","tintindex":0},"south":{"uv":[7.15625,14.15625,7.3125,14.3125],"rotation":0,"texture":"#0","tintindex":0},"up":{"uv":[3.71875,12.1875,3.5625,11.625],"rotation":0,"texture":"#0","tintindex":0},"west":{"uv":[11.5,9.0,12.0625,9.15625],"rotation":0,"texture":"#0","tintindex":0}}},{"name":"cube","from":[-4.5085998,4.535866,-0.98306656],"to":[-1.8085985,7.2358665,15.216934],"rotation":{"angle":-45.0,"axis":"x","origin":[-3.1135993,6.574627,17.435848]},"faces":{"down":{"uv":[5.0,9.65625,4.84375,10.5],"rotation":0,"texture":"#0","tintindex":0},"east":{"uv":[9.5625,2.40625,10.40625,2.5625],"rotation":0,"texture":"#0","tintindex":0},"north":{"uv":[14.15625,7.15625,14.3125,7.3125],"rotation":0,"texture":"#0","tintindex":0},"south":{"uv":[14.15625,7.34375,14.3125,7.5],"rotation":0,"texture":"#0","tintindex":0},"up":{"uv":[4.8125,10.5,4.65625,9.65625],"rotation":0,"texture":"#0","tintindex":0},"west":{"uv":[9.5625,3.96875,10.40625,4.125],"rotation":0,"texture":"#0","tintindex":0}}},{"name":"cube","from":[-5.5586004,-10.14728,14.0479145],"to":[-2.8586001,0.65272045,16.747913],"rotation":{"angle":22.5,"axis":"x","origin":[-4.1635995,3.971943,14.748317]},"faces":{"down":{"uv":[14.3125,7.71875,14.15625,7.875],"rotation":0,"texture":"#0","tintindex":0},"east":{"uv":[11.65625,2.53125,11.8125,3.09375],"rotation":0,"texture":"#0","tintindex":0},"north":{"uv":[11.625,11.5,11.78125,12.0625],"rotation":0,"texture":"#0","tintindex":0},"south":{"uv":[11.65625,4.3125,11.8125,4.875],"rotation":0,"texture":"#0","tintindex":0},"up":{"uv":[14.3125,7.6875,14.15625,7.53125],"rotation":0,"texture":"#0","tintindex":0},"west":{"uv":[11.6875,0.90625,11.84375,1.46875],"rotation":0,"texture":"#0","tintindex":0}}},{"name":"cube","from":[-5.6936007,-0.5698271,14.486344],"to":[-3.9385996,8.070171,16.511345],"rotation":{"angle":22.5,"axis":"x","origin":[-4.1635995,3.971943,14.748317]},"faces":{"down":{"uv":[4.3125,15.0625,4.21875,15.15625],"rotation":0,"texture":"#0","tintindex":0},"east":{"uv":[13.1875,4.5625,13.28125,5.0],"rotation":0,"texture":"#0","tintindex":0},"north":{"uv":[4.0,13.1875,4.09375,13.625],"rotation":0,"texture":"#0","tintindex":0},"south":{"uv":[13.1875,10.15625,13.28125,10.59375],"rotation":0,"texture":"#0","tintindex":0},"up":{"uv":[4.1875,15.15625,4.09375,15.0625],"rotation":0,"texture":"#0","tintindex":0},"west":{"uv":[13.1875,10.625,13.28125,11.0625],"rotation":0,"texture":"#0","tintindex":0}}},{"name":"cube","from":[-5.828599,6.693142,16.336338],"to":[-5.1535997,18.16814,17.416338],"rotation":{"angle":0.0,"axis":"x","origin":[-4.1635995,3.971943,14.748317]},"faces":{"down":{"uv":[15.375,0.8125,15.34375,0.875],"rotation":0,"texture":"#0","tintindex":0},"east":{"uv":[13.5,8.03125,13.5625,8.625],"rotation":0,"texture":"#0","tintindex":0},"north":{"uv":[8.21875,14.1875,8.25,14.78125],"rotation":0,"texture":"#0","tintindex":0},"south":{"uv":[13.3125,14.1875,13.34375,14.78125],"rotation":0,"texture":"#0","tintindex":0},"up":{"uv":[0.84375,15.40625,0.8125,15.34375],"rotation":0,"texture":"#0","tintindex":0},"west":{"uv":[13.5,8.65625,13.5625,9.25],"rotation":0,"texture":"#0","tintindex":0}}},{"name":"cube","from":[-3.9686003,4.9887447,14.080748],"to":[-2.2135992,7.0137444,22.720745],"rotation":{"angle":-45.0,"axis":"x","origin":[-3.1135993,6.574627,17.435848]},"faces":{"down":{"uv":[13.28125,12.625,13.1875,13.0625],"rotation":0,"texture":"#0","tintindex":0},"east":{"uv":[13.0,7.53125,13.4375,7.625],"rotation":0,"texture":"#0","tintindex":0},"north":{"uv":[4.84375,15.0625,4.9375,15.15625],"rotation":0,"texture":"#0","tintindex":0},"south":{"uv":[15.0625,6.375,15.15625,6.46875],"rotation":0,"texture":"#0","tintindex":0},"up":{"uv":[13.28125,11.53125,13.1875,11.09375],"rotation":0,"texture":"#0","tintindex":0},"west":{"uv":[13.0,7.65625,13.4375,7.75],"rotation":0,"texture":"#0","tintindex":0}}},{"name":"cube","from":[-3.4285994,10.29961,19.30941],"to":[-2.7535992,21.09961,20.389408],"rotation":{"angle":22.5,"axis":"x","origin":[-3.1135993,6.574627,17.435848]},"faces":{"down":{"uv":[15.375,0.90625,15.34375,0.96875],"rotation":0,"texture":"#0","tintindex":0},"east":{"uv":[13.625,13.0625,13.6875,13.625],"rotation":0,"texture":"#0","tintindex":0},"north":{"uv":[3.46875,14.5625,3.5,15.125],"rotation":0,"texture":"#0","tintindex":0},"south":{"uv":[8.0625,14.5625,8.09375,15.125],"rotation":0,"texture":"#0","tintindex":0},"up":{"uv":[0.90625,15.40625,0.875,15.34375],"rotation":0,"texture":"#0","tintindex":0},"west":{"uv":[3.75,13.65625,3.8125,14.21875],"rotation":0,"texture":"#0","tintindex":0}}},{"name":"cube","from":[4.1314006,3.037407,10.329485],"to":[5.886401,11.677406,12.3544855],"rotation":{"angle":45.0,"axis":"x","origin":[4.9864006,2.9225826,11.23726]},"faces":{"down":{"uv":[15.15625,6.625,15.0625,6.71875],"rotation":0,"texture":"#0","tintindex":0},"east":{"uv":[10.65625,13.21875,10.75,13.65625],"rotation":0,"texture":"#0","tintindex":0},"north":{"uv":[13.1875,13.09375,13.28125,13.53125],"rotation":0,"texture":"#0","tintindex":0},"south":{"uv":[10.78125,13.21875,10.875,13.65625],"rotation":0,"texture":"#0","tintindex":0},"up":{"uv":[15.15625,6.59375,15.0625,6.5],"rotation":0,"texture":"#0","tintindex":0},"west":{"uv":[10.90625,13.21875,11.0,13.65625],"rotation":0,"texture":"#0","tintindex":0}}},{"name":"cube","from":[4.4014006,10.399998,17.057589],"to":[5.3464007,32.0,18.137589],"rotation":{"angle":22.5,