{"textures":{"0":"modelengine:entity/tamaugachi"},"elements":[{"name":"tail_spines_1","from":[8.4692745,0.4765129,0.59368896],"to":[11.169274,3.1765127,16.79369],"rotation":{"angle":-45.0,"axis":"x","origin":[12.256774,3.851513,3.2936885]},"faces":{"down":{"uv":[5.40625,11.09375,5.53125,11.9375],"rotation":0,"texture":"#0","tintindex":0},"east":{"uv":[1.21875,10.1875,0.375,10.34375],"rotation":0,"texture":"#0","tintindex":0},"north":{"uv":[14.4375,9.5625,14.3125,9.71875],"rotation":0,"texture":"#0","tintindex":0},"south":{"uv":[10.34375,14.3125,10.21875,14.46875],"rotation":0,"texture":"#0","tintindex":0},"up":{"uv":[5.25,11.9375,5.375,11.09375],"rotation":0,"texture":"#0","tintindex":0},"west":{"uv":[10.9375,6.4375,10.09375,6.59375],"rotation":0,"texture":"#0","tintindex":0}}},{"name":"tail_spines_2","from":[8.874274,11.032043,12.735641],"to":[10.629274,22.372044,14.760641],"rotation":{"angle":45.0,"axis":"x","origin":[9.556774,11.774887,13.748141]},"faces":{"down":{"uv":[15.09375,3.625,15.1875,3.71875],"rotation":0,"texture":"#0","tintindex":0},"east":{"uv":[12.875,12.5,12.78125,13.09375],"rotation":0,"texture":"#0","tintindex":0},"north":{"uv":[6.34375,12.78125,6.25,13.375],"rotation":0,"texture":"#0","tintindex":0},"south":{"uv":[6.59375,12.78125,6.5,13.375],"rotation":0,"texture":"#0","tintindex":0},"up":{"uv":[15.09375,3.59375,15.1875,3.5],"rotation":0,"texture":"#0","tintindex":0},"west":{"uv":[6.46875,12.78125,6.375,13.375],"rotation":0,"texture":"#0","tintindex":0}}},{"name":"tail_spines_3","from":[9.414274,20.524998,20.898502],"to":[10.089275,32.0,22.113503],"rotation":{"angle":22.5,"axis":"x","origin":[9.151773,21.797234,17.393326]},"faces":{"down":{"uv":[7.96875,15.34375,8.0,15.40625],"rotation":0,"texture":"#0","tintindex":0},"east":{"uv":[13.65625,1.875,13.59375,2.46875],"rotation":0,"texture":"#0","tintindex":0},"north":{"uv":[12.46875,14.34375,12.4375,14.9375],"rotation":0,"texture":"#0","tintindex":0},"south":{"uv":[12.53125,14.34375,12.5,14.9375],"rotation":0,"texture":"#0","tintindex":0},"up":{"uv":[7.90625,15.40625,7.9375,15.34375],"rotation":0,"texture":"#0","tintindex":0},"west":{"uv":[1.90625,13.59375,1.84375,14.1875],"rotation":0,"texture":"#0","tintindex":0}}},{"name":"tail_spines_7","from":[7.038737,12.155724,25.955746],"to":[8.969236,27.059723,28.183247],"rotation":{"angle":22.5,"axis":"x","origin":[4.3546476,21.52174,26.05996]},"faces":{"down":{"uv":[1.15625,14.90625,1.25,15.03125],"rotation":0,"texture":"#0","tintindex":0},"east":{"uv":[2.96875,11.125,2.84375,11.90625],"rotation":0,"texture":"#0","tintindex":0},"north":{"uv":[8.625,11.90625,8.53125,12.6875],"rotation":0,"texture":"#0","tintindex":0},"south":{"uv":[8.75,11.90625,8.65625,12.6875],"rotation":0,"texture":"#0","tintindex":0},"up":{"uv":[1.03125,15.03125,1.125,14.90625],"rotation":0,"texture":"#0","tintindex":0},"west":{"uv":[1.15625,11.125,1.03125,11.90625],"rotation":0,"texture":"#0","tintindex":0}}},{"name":"tail_spines_8","from":[6.593237,-5.0450487,24.287342],"to":[9.563236,12.774952,27.25734],"rotation":{"angle":45.0,"axis":"x","origin":[4.3546476,15.215755,25.014706]},"faces":{"down":{"uv":[5.875,14.1875,6.03125,14.34375],"rotation":0,"texture":"#0","tintindex":0},"east":{"uv":[3.03125,9.21875,2.875,10.15625],"rotation":0,"texture":"#0","tintindex":0},"north":{"uv":[2.46875,9.21875,2.3125,10.15625],"rotation":0,"texture":"#0","tintindex":0},"south":{"uv":[2.84375,9.21875,2.6875,10.15625],"rotation":0,"texture":"#0","tintindex":0},"up":{"uv":[5.6875,14.34375,5.84375,14.1875],"rotation":0,"texture":"#0","tintindex":0},"west":{"uv":[2.65625,9.21875,2.5,10.15625],"rotation":0,"texture":"#0","tintindex":0}}},{"name":"tail_spines_9","from":[16.718239,-7.070049,20.912342],"to":[19.688236,10.74995,23.88234],"rotation":{"angle":45.0,"axis":"x","origin":[14.479648,13.190754,21.639706]},"faces":{"down":{"uv":[8.03125,14.1875,8.1875,14.34375],"rotation":0,"texture":"#0","tintindex":0},"east":{"uv":[3.78125,9.21875,3.625,10.15625],"rotation":0,"texture":"#0","tintindex":0},"north":{"uv":[3.21875,9.21875,3.0625,10.15625],"rotation":0,"texture":"#0","tintindex":0},"south":{"uv":[3.59375,9.21875,3.4375,10.15625],"rotation":0,"texture":"#0","tintindex":0},"up":{"uv":[7.84375,14.34375,8.0,14.1875],"rotation":0,"texture":"#0","tintindex":0},"west":{"uv":[3.40625,9.21875,3.25,10.15625],"rotation":0,"texture":"#0","tintindex":0}}},{"name":"tail_spines_10","from":[17.163738,10.130726,22.580746],"to":[19.094238,25.034725,24.808247],"rotation":{"angle":22.5,"axis":"x","origin":[14.479648,19.496738,22.68496]},"faces":{"down":{"uv":[14.90625,7.34375,15.0,7.46875],"rotation":0,"texture":"#0","tintindex":0},"east":{"uv":[3.28125,11.125,3.15625,11.90625],"rotation":0,"texture":"#0","tintindex":0},"north":{"uv":[8.875,11.90625,8.78125,12.6875],"rotation":0,"texture":"#0","tintindex":0},"south":{"uv":[9.0,11.90625,8.90625,12.6875],"rotation":0,"texture":"#0","tintindex":0},"up":{"uv":[7.34375,15.03125,7.4375,14.90625],"rotation":0,"texture":"#0","tintindex":0},"west":{"uv":[3.125,11.125,3.0,11.90625],"rotation":0,"texture":"#0","tintindex":0}}},{"name":"tail_spines_13","from":[6.849274,8.758404,6.511057],"to":[8.604275,17.398403,8.5360565],"rotation":{"angle":45.0,"axis":"x","origin":[7.149274,8.643578,7.4188313]},"faces":{"down":{"uv":[9.375,15.09375,9.46875,15.1875],"rotation":0,"texture":"#0","tintindex":0},"east":{"uv":[13.4375,11.40625,13.34375,11.84375],"rotation":0,"texture":"#0","tintindex":0},"north":{"uv":[8.6875,13.34375,8.59375,13.78125],"rotation":0,"texture":"#0","tintindex":0},"south":{"uv":[8.9375,13.34375,8.84375,13.78125],"rotation":0,"texture":"#0","tintindex":0},"up":{"uv":[8.875,15.1875,8.96875,15.09375],"rotation":0,"texture":"#0","tintindex":0},"west":{"uv":[8.8125,13.34375,8.71875,13.78125],"rotation":0,"texture":"#0","tintindex":0}}},{"name":"tail_spines_14","from":[7.074274,14.778858,13.075752],"to":[8.154274,27.378857,14.200752],"rotation":{"angle":22.5,"axis":"x","origin":[7.0142736,14.714893,13.638252]},"faces":{"down":{"uv":[9.75,15.3125,9.8125,15.375],"rotation":0,"texture":"#0","tintindex":0},"east":{"uv":[12.59375,13.34375,12.53125,14.0],"rotation":0,"texture":"#0","tintindex":0},"north":{"uv":[2.0625,13.125,2.0,13.78125],"rotation":0,"texture":"#0","tintindex":0},"south":{"uv":[12.09375,13.34375,12.03125,14.0],"rotation":0,"texture":"#0","tintindex":0},"up":{"uv":[15.3125,9.59375,15.375,9.53125],"rotation":0,"texture":"#0","tintindex":0},"west":{"uv":[1.34375,13.34375,1.28125,14.0],"rotation":0,"texture":"#0","tintindex":0}}},{"name":"tail_spines_14","from":[6.444274,8.476,-4.9075804],"to":[9.144274,11.175999,5.892421],"rotation":{"angle":-45.0,"axis":"x","origin":[7.149274,12.693577,7.4188313]},"faces":{"down":{"uv":[11.8125,1.75,11.96875,2.3125],"rotation":0,"texture":"#0","tintindex":0},"east":{"uv":[12.28125,0.59375,11.71875,0.75],"rotation":0,"texture":"#0","tintindex":0},"north":{"uv":[9.09375,14.1875,8.9375,14.34375],"rotation":0,"texture":"#0","tintindex":0},"south":{"uv":[9.28125,14.1875,9.125,14.34375],"rotation":0,"texture":"#0","tintindex":0},"up":{"uv":[11.71875,11.21875,11.875,10.65625],"rotation":0,"texture":"#0","tintindex":0},"west":{"uv":[12.1875,9.1875,11.625,9.34375],"rotation":0,"texture":"#0","tintindex":0}}},{"name":"tail_spines_15","from":[9.414274,20.524998,20.898502],"to":[10.089275,32.0,22.113503],"rotation":{"angle":22.5,"axis":"x","origin":[9.151773,21.797234,17.393326]},"faces":{"down":{"uv":[8.375,15.34375,8.40625,15.40625],"rotation":0,"texture":"#0","tintindex":0},"east":{"uv":[13.65625,5.0625,13.59375,5.65625],"rotation":0,"texture":"#0","tintindex":0},"north":{"uv":[13.96875,14.34375,13.9375,14.9375],"rotation":0,"texture":"#0","tintindex":0},"south":{"uv":[14.03125,14.34375,14.0,14.9375],"rotation":0,"texture":"#0","tintindex":0},"up":{"uv":[8.3125,15.40625,8.34375,15.34375],"rotation":0,"texture":"#0","tintindex":0},"west":{"uv":[5.09375,13.59375,5.03125,14.1875],"rotation":0,"texture":"#0",