{"textures":{"0":"mineinabyss:mobs/orbpiercer"},"elements":[{"from":[11.305023,11.348261,16.425575],"to":[11.867523,20.91076,17.438076],"faces":{"east":{"uv":[13.09375,13.34375,13.15625,13.9375],"tintindex":0,"rotation":0,"texture":"#0"},"south":{"uv":[0.5,11.25,0.53125,11.84375],"tintindex":0,"rotation":0,"texture":"#0"},"north":{"uv":[6.28125,11.21875,6.3125,11.8125],"tintindex":0,"rotation":0,"texture":"#0"},"west":{"uv":[6.53125,13.40625,6.59375,14.0],"tintindex":0,"rotation":0,"texture":"#0"},"up":{"uv":[14.15625,15.375,14.125,15.3125],"tintindex":0,"rotation":0,"texture":"#0"},"down":{"uv":[14.40625,15.3125,14.375,15.375],"tintindex":0,"rotation":0,"texture":"#0"}},"rotation":{"origin":[3.880023,13.437502,14.75],"angle":45.0,"axis":"x"}},{"from":[5.4175224,11.130182,4.798134],"to":[6.880023,20.58018,6.485634],"faces":{"east":{"uv":[12.3125,10.0,12.40625,10.59375],"tintindex":0,"rotation":0,"texture":"#0"},"south":{"uv":[12.625,2.8125,12.71875,3.40625],"tintindex":0,"rotation":0,"texture":"#0"},"north":{"uv":[12.3125,7.8125,12.40625,8.40625],"tintindex":0,"rotation":0,"texture":"#0"},"west":{"uv":[12.625,5.6875,12.71875,6.28125],"tintindex":0,"rotation":0,"texture":"#0"},"up":{"uv":[14.21875,12.4375,14.125,12.34375],"tintindex":0,"rotation":0,"texture":"#0"},"down":{"uv":[14.28125,10.59375,14.1875,10.6875],"tintindex":0,"rotation":0,"texture":"#0"}},"rotation":{"origin":[5.8112726,11.749216,5.641884],"angle":45.0,"axis":"x"}},{"from":[5.867523,19.040976,11.600517],"to":[6.430023,28.603476,12.613017],"faces":{"east":{"uv":[13.4375,10.71875,13.5,11.3125],"tintindex":0,"rotation":0,"texture":"#0"},"south":{"uv":[2.5,14.125,2.53125,14.71875],"tintindex":0,"rotation":0,"texture":"#0"},"north":{"uv":[12.4375,9.96875,12.46875,10.5625],"tintindex":0,"rotation":0,"texture":"#0"},"west":{"uv":[13.4375,12.625,13.5,13.21875],"tintindex":0,"rotation":0,"texture":"#0"},"up":{"uv":[14.71875,15.375,14.6875,15.3125],"tintindex":0,"rotation":0,"texture":"#0"},"down":{"uv":[15.34375,14.75,15.3125,14.8125],"tintindex":0,"rotation":0,"texture":"#0"}},"rotation":{"origin":[6.148773,20.101171,8.679537],"angle":22.5,"axis":"x"}},{"from":[10.855022,8.84001,6.241066],"to":[12.317523,10.52751,15.691066],"faces":{"east":{"uv":[12.5625,4.625,13.15625,4.71875],"tintindex":0,"rotation":0,"texture":"#0"},"south":{"uv":[14.125,11.09375,14.21875,11.1875],"tintindex":0,"rotation":0,"texture":"#0"},"north":{"uv":[14.09375,5.78125,14.1875,5.875],"tintindex":0,"rotation":0,"texture":"#0"},"west":{"uv":[12.5625,4.75,13.15625,4.84375],"tintindex":0,"rotation":0,"texture":"#0"},"up":{"uv":[12.28125,10.71875,12.1875,10.125],"tintindex":0,"rotation":0,"texture":"#0"},"down":{"uv":[12.40625,4.1875,12.3125,4.78125],"tintindex":0,"rotation":0,"texture":"#0"}},"rotation":{"origin":[3.880023,9.500002,13.0625],"angle":-22.5,"axis":"x"}}]}