{"textures":{"0":"mineinabyss:mobs/orbpiercer"},"elements":[{"from":[3.5800228,13.5409775,12.988017],"to":[4.142523,22.540977,13.888018],"faces":{"east":{"uv":[13.71875,10.71875,13.78125,11.28125],"tintindex":0,"rotation":0,"texture":"#0"},"south":{"uv":[6.65625,14.71875,6.6875,15.28125],"tintindex":0,"rotation":0,"texture":"#0"},"north":{"uv":[6.59375,14.71875,6.625,15.28125],"tintindex":0,"rotation":0,"texture":"#0"},"west":{"uv":[11.03125,13.71875,11.09375,14.28125],"tintindex":0,"rotation":0,"texture":"#0"},"up":{"uv":[11.03125,15.40625,11.0,15.34375],"tintindex":0,"rotation":0,"texture":"#0"},"down":{"uv":[15.375,11.125,15.34375,11.1875],"tintindex":0,"rotation":0,"texture":"#0"}},"rotation":{"origin":[3.880023,11.875,9.5],"angle":45.0,"axis":"x"}},{"from":[3.130023,7.2775116,7.491066],"to":[4.5925226,8.965012,14.691066],"faces":{"east":{"uv":[13.40625,3.25,13.84375,3.34375],"tintindex":0,"rotation":0,"texture":"#0"},"south":{"uv":[15.15625,7.28125,15.25,7.375],"tintindex":0,"rotation":0,"texture":"#0"},"north":{"uv":[6.71875,15.15625,6.8125,15.25],"tintindex":0,"rotation":0,"texture":"#0"},"west":{"uv":[13.40625,3.375,13.84375,3.46875],"tintindex":0,"rotation":0,"texture":"#0"},"up":{"uv":[13.53125,4.625,13.4375,4.1875],"tintindex":0,"rotation":0,"texture":"#0"},"down":{"uv":[13.53125,10.0,13.4375,10.4375],"tintindex":0,"rotation":0,"texture":"#0"}},"rotation":{"origin":[3.880023,7.9375,7.8125],"angle":-22.5,"axis":"x"}}]}