{"textures":{"0":"mineinabyss:mobs/orbpiercer"},"elements":[{"from":[7.7374997,11.9159775,12.163017],"to":[8.299999,21.478477,13.175517],"faces":{"east":{"uv":[1.1875,13.53125,1.25,14.125],"tintindex":0,"rotation":0,"texture":"#0"},"south":{"uv":[12.375,14.21875,12.40625,14.8125],"tintindex":0,"rotation":0,"texture":"#0"},"north":{"uv":[5.625,14.21875,5.65625,14.8125],"tintindex":0,"rotation":0,"texture":"#0"},"west":{"uv":[3.28125,13.53125,3.34375,14.125],"tintindex":0,"rotation":0,"texture":"#0"},"up":{"uv":[1.21875,15.40625,1.1875,15.34375],"tintindex":0,"rotation":0,"texture":"#0"},"down":{"uv":[1.28125,15.34375,1.25,15.40625],"tintindex":0,"rotation":0,"texture":"#0"}},"rotation":{"origin":[8.0,8.0,8.0],"angle":45.0,"axis":"x"}},{"from":[20.232712,11.9159775,12.163017],"to":[20.795212,21.478477,13.175517],"faces":{"east":{"uv":[3.375,13.53125,3.4375,14.125],"tintindex":0,"rotation":0,"texture":"#0"},"south":{"uv":[11.5625,14.28125,11.59375,14.875],"tintindex":0,"rotation":0,"texture":"#0"},"north":{"uv":[11.5,14.28125,11.53125,14.875],"tintindex":0,"rotation":0,"texture":"#0"},"west":{"uv":[13.53125,3.5,13.59375,4.09375],"tintindex":0,"rotation":0,"texture":"#0"},"up":{"uv":[15.375,1.34375,15.34375,1.28125],"tintindex":0,"rotation":0,"texture":"#0"},"down":{"uv":[15.375,1.375,15.34375,1.4375],"tintindex":0,"rotation":0,"texture":"#0"}},"rotation":{"origin":[20.532711,8.0,8.0],"angle":45.0,"axis":"x"}},{"from":[19.782711,3.4025097,5.991066],"to":[21.24521,5.0900116,15.441066],"faces":{"east":{"uv":[12.625,8.1875,13.21875,8.28125],"tintindex":0,"rotation":0,"texture":"#0"},"south":{"uv":[15.0625,8.75,15.15625,8.84375],"tintindex":0,"rotation":0,"texture":"#0"},"north":{"uv":[15.0625,7.96875,15.15625,8.0625],"tintindex":0,"rotation":0,"texture":"#0"},"west":{"uv":[12.625,8.3125,13.21875,8.40625],"tintindex":0,"rotation":0,"texture":"#0"},"up":{"uv":[6.75,13.34375,6.65625,12.75],"tintindex":0,"rotation":0,"texture":"#0"},"down":{"uv":[6.875,12.75,6.78125,13.34375],"tintindex":0,"rotation":0,"texture":"#0"}},"rotation":{"origin":[20.532711,4.0625,6.3125],"angle":-22.5,"axis":"x"}},{"from":[7.2875,3.4025097,5.991066],"to":[8.75,5.0900116,15.441066],"faces":{"east":{"uv":[12.5625,4.875,13.15625,4.96875],"tintindex":0,"rotation":0,"texture":"#0"},"south":{"uv":[15.0625,7.84375,15.15625,7.9375],"tintindex":0,"rotation":0,"texture":"#0"},"north":{"uv":[15.0625,7.71875,15.15625,7.8125],"tintindex":0,"rotation":0,"texture":"#0"},"west":{"uv":[12.5625,5.0,13.15625,5.09375],"tintindex":0,"rotation":0,"texture":"#0"},"up":{"uv":[12.84375,3.09375,12.75,2.5],"tintindex":0,"rotation":0,"texture":"#0"},"down":{"uv":[12.84375,5.375,12.75,5.96875],"tintindex":0,"rotation":0,"texture":"#0"}},"rotation":{"origin":[8.0,4.0625,6.3125],"angle":-22.5,"axis":"x"}}]}