{"textures":{"0":"mineinabyss:mobs/orbpiercer"},"elements":[{"from":[7.2874994,6.902508,7.491066],"to":[8.75,8.590008,14.691066],"faces":{"east":{"uv":[11.28125,9.5625,11.71875,9.65625],"tintindex":0,"rotation":0,"texture":"#0"},"south":{"uv":[7.625,15.0,7.71875,15.09375],"tintindex":0,"rotation":0,"texture":"#0"},"north":{"uv":[3.09375,14.21875,3.1875,14.3125],"tintindex":0,"rotation":0,"texture":"#0"},"west":{"uv":[13.0,7.40625,13.4375,7.5],"tintindex":0,"rotation":0,"texture":"#0"},"up":{"uv":[2.75,3.90625,2.65625,3.46875],"tintindex":0,"rotation":0,"texture":"#0"},"down":{"uv":[7.96875,9.5,7.875,9.9375],"tintindex":0,"rotation":0,"texture":"#0"}},"rotation":{"origin":[8.0,7.5625,7.8125],"angle":-22.5,"axis":"x"}},{"from":[7.7375,13.165974,12.988017],"to":[8.3,22.165974,13.888018],"faces":{"east":{"uv":[12.75,13.59375,12.8125,14.15625],"tintindex":0,"rotation":0,"texture":"#0"},"south":{"uv":[7.09375,14.4375,7.125,15.0],"tintindex":0,"rotation":0,"texture":"#0"},"north":{"uv":[4.0625,14.4375,4.09375,15.0],"tintindex":0,"rotation":0,"texture":"#0"},"west":{"uv":[13.625,3.5,13.6875,4.0625],"tintindex":0,"rotation":0,"texture":"#0"},"up":{"uv":[15.34375,14.90625,15.3125,14.84375],"tintindex":0,"rotation":0,"texture":"#0"},"down":{"uv":[15.34375,15.21875,15.3125,15.28125],"tintindex":0,"rotation":0,"texture":"#0"}},"rotation":{"origin":[8.0,11.5,9.5],"angle":45.0,"axis":"x"}}]}