{"textures":{"0":"mineinabyss:mobs/orbpiercer"},"elements":[{"from":[14.429293,5.2270927,-0.45961],"to":[19.179293,10.25209,1.79039],"faces":{"east":{"uv":[7.46875,14.90625,7.53125,15.0625],"tintindex":0,"rotation":0,"texture":"#0"},"south":{"uv":[14.09375,4.84375,14.25,5.0],"tintindex":0,"rotation":0,"texture":"#0"},"north":{"uv":[14.09375,2.03125,14.25,2.1875],"tintindex":0,"rotation":0,"texture":"#0"},"west":{"uv":[10.375,14.90625,10.4375,15.0625],"tintindex":0,"rotation":0,"texture":"#0"},"up":{"uv":[12.90625,14.96875,12.75,14.90625],"tintindex":0,"rotation":0,"texture":"#0"},"down":{"uv":[13.46875,14.90625,13.3125,14.96875],"tintindex":0,"rotation":0,"texture":"#0"}},"rotation":{"origin":[16.304293,7.7395897,-0.7346077],"angle":-45.0,"axis":"y"}},{"from":[13.6175785,9.42709,0.3903923],"to":[15.8675785,12.80209,18.390392],"faces":{"east":{"uv":[13.0,2.75,13.5625,2.84375],"tintindex":0,"rotation":0,"texture":"#0"},"south":{"uv":[9.03125,15.21875,9.09375,15.3125],"tintindex":0,"rotation":0,"texture":"#0"},"north":{"uv":[8.9375,15.21875,9.0,15.3125],"tintindex":0,"rotation":0,"texture":"#0"},"west":{"uv":[13.0,2.875,13.5625,2.96875],"tintindex":0,"rotation":0,"texture":"#0"},"up":{"uv":[13.65625,8.75,13.59375,8.1875],"tintindex":0,"rotation":0,"texture":"#0"},"down":{"uv":[8.28125,13.59375,8.21875,14.15625],"tintindex":0,"rotation":0,"texture":"#0"}}},{"from":[2.367579,15.30209,1.5153923],"to":[13.6175785,17.852093,18.390392],"faces":{"east":{"uv":[13.0,7.15625,13.53125,7.25],"tintindex":0,"rotation":0,"texture":"#0"},"south":{"uv":[9.5625,0.1875,9.90625,0.28125],"tintindex":0,"rotation":0,"texture":"#0"},"north":{"uv":[6.625,8.1875,6.96875,8.28125],"tintindex":0,"rotation":0,"texture":"#0"},"west":{"uv":[13.0,7.28125,13.53125,7.375],"tintindex":0,"rotation":0,"texture":"#0"},"up":{"uv":[5.125,7.15625,4.78125,6.625],"tintindex":0,"rotation":0,"texture":"#0"},"down":{"uv":[9.15625,7.5,8.8125,8.03125],"tintindex":0,"rotation":0,"texture":"#0"}}},{"from":[0.11757898,2.6770897,0.3903923],"to":[2.367579,6.0520897,18.390392],"faces":{"east":{"uv":[13.0,5.5,13.5625,5.59375],"tintindex":0,"rotation":0,"texture":"#0"},"south":{"uv":[9.40625,15.21875,9.46875,15.3125],"tintindex":0,"rotation":0,"texture":"#0"},"north":{"uv":[9.3125,15.21875,9.375,15.3125],"tintindex":0,"rotation":0,"texture":"#0"},"west":{"uv":[13.0,5.625,13.5625,5.71875],"tintindex":0,"rotation":0,"texture":"#0"},"up":{"uv":[9.25,14.15625,9.1875,13.59375],"tintindex":0,"rotation":0,"texture":"#0"},"down":{"uv":[9.34375,13.59375,9.28125,14.15625],"tintindex":0,"rotation":0,"texture":"#0"}}},{"from":[9.579292,5.1270905,-1.8596077],"to":[14.779293,10.352093,0.3903923],"faces":{"east":{"uv":[12.21875,9.15625,12.28125,9.34375],"tintindex":0,"rotation":0,"texture":"#0"},"south":{"uv":[13.75,11.53125,13.90625,11.71875],"tintindex":0,"rotation":0,"texture":"#0"},"north":{"uv":[13.75,11.3125,13.90625,11.5],"tintindex":0,"rotation":0,"texture":"#0"},"west":{"uv":[4.75,13.8125,4.8125,14.0],"tintindex":0,"rotation":0,"texture":"#0"},"up":{"uv":[15.03125,14.1875,14.875,14.125],"tintindex":0,"rotation":0,"texture":"#0"},"down":{"uv":[15.0625,0.15625,14.90625,0.21875],"tintindex":0,"rotation":0,"texture":"#0"}}},{"from":[-2.1324205,2.6770897,1.5153923],"to":[0.11757898,12.80209,18.390392],"faces":{"east":{"uv":[5.21875,8.96875,5.75,9.28125],"tintindex":0,"rotation":0,"texture":"#0"},"south":{"uv":[4.46875,10.96875,4.53125,11.28125],"tintindex":0,"rotation":0,"texture":"#0"},"north":{"uv":[10.875,6.03125,10.9375,6.34375],"tintindex":0,"rotation":0,"texture":"#0"},"west":{"uv":[9.0,2.3125,9.53125,2.625],"tintindex":0,"rotation":0,"texture":"#0"},"up":{"uv":[11.1875,14.25,11.125,13.71875],"tintindex":0,"rotation":0,"texture":"#0"},"down":{"uv":[11.28125,13.71875,11.21875,14.25],"tintindex":0,"rotation":0,"texture":"#0"}}},{"from":[0.11757898,0.4270897,0.3903923],"to":[4.6175795,2.6770897,18.390392],"faces":{"east":{"uv":[13.5625,10.28125,14.125,10.34375],"tintindex":0,"rotation":0,"texture":"#0"},"south":{"uv":[12.46875,2.8125,12.59375,2.875],"tintindex":0,"rotation":0,"texture":"#0"},"north":{"uv":[8.59375,5.125,8.71875,5.1875],"tintindex":0,"rotation":0,"texture":"#0"},"west":{"uv":[13.5625,10.375,14.125,10.4375],"tintindex":0,"rotation":0,"texture":"#0"},"up":{"uv":[12.0,1.625,11.875,1.0625],"tintindex":0,"rotation":0,"texture":"#0"},"down":{"uv":[12.03125,0.0,11.90625,0.5625],"tintindex":0,"rotation":0,"texture":"#0"}}},{"from":[0.11757898,9.42709,0.3903923],"to":[2.367579,12.80209,18.390392],"faces":{"east":{"uv":[13.0,3.0,13.5625,3.09375],"tintindex":0,"rotation":0,"texture":"#0"},"south":{"uv":[9.21875,15.21875,9.28125,15.3125],"tintindex":0,"rotation":0,"texture":"#0"},"north":{"uv":[9.125,15.21875,9.1875,15.3125],"tintindex":0,"rotation":0,"texture":"#0"},"west":{"uv":[13.0,5.375,13.5625,5.46875],"tintindex":0,"rotation":0,"texture":"#0"},"up":{"uv":[13.65625,9.34375,13.59375,8.78125],"tintindex":0,"rotation":0,"texture":"#0"},"down":{"uv":[9.15625,13.59375,9.09375,14.15625],"tintindex":0,"rotation":0,"texture":"#0"}}},{"from":[1.242579,5.1270905,-1.8596077],"to":[6.4425793,10.352093,0.3903923],"faces":{"east":{"uv":[1.9375,11.09375,2.0,11.28125],"tintindex":0,"rotation":0,"texture":"#0"},"south":{"uv":[8.90625,1.65625,9.0625,1.84375],"tintindex":0,"rotation":0,"texture":"#0"},"north":{"uv":[6.84375,4.90625,7.0,5.09375],"tintindex":0,"rotation":0,"texture":"#0"},"west":{"uv":[11.4375,3.125,11.5,3.3125],"tintindex":0,"rotation":0,"texture":"#0"},"up":{"uv":[15.03125,5.71875,14.875,5.65625],"tintindex":0,"rotation":0,"texture":"#0"},"down":{"uv":[15.03125,13.46875,14.875,13.53125],"tintindex":0,"rotation":0,"texture":"#0"}}},{"from":[15.8675785,2.6770897,1.5153923],"to":[18.11758,12.80209,18.390392],"faces":{"east":{"uv":[8.90625,1.3125,9.4375,1.625],"tintindex":0,"rotation":0,"texture":"#0"},"south":{"uv":[5.78125,8.96875,5.84375,9.28125],"tintindex":0,"rotation":0,"texture":"#0"},"north":{"uv":[4.6875,7.4375,4.75,7.75],"tintindex":0,"rotation":0,"texture":"#0"},"west":{"uv":[4.65625,8.96875,5.1875,9.28125],"tintindex":0,"rotation":0,"texture":"#0"},"up":{"uv":[5.09375,10.1875,5.03125,9.65625],"tintindex":0,"rotation":0,"texture":"#0"},"down":{"uv":[5.0,10.53125,4.9375,11.0625],"tintindex":0,"rotation":0,"texture":"#0"}}},{"from":[1.242579,2.6770897,2.7653923],"to":[14.7425785,12.80209,17.390392],"faces":{"east":{"uv":[9.0625,0.0,9.53125,0.3125],"tintindex":0,"rotation":0,"texture":"#0"},"south":{"uv":[9.3125,4.78125,9.75,5.09375],"tintindex":0,"rotation":0,"texture":"#0"},"north":{"uv":[4.65625,9.3125,5.09375,9.625],"tintindex":0,"rotation":0,"texture":"#0"},"west":{"uv":[9.0625,4.0625,9.53125,4.375],"tintindex":0,"rotation":0,"texture":"#0"},"up":{"uv":[9.1875,6.1875,8.75,5.71875],"tintindex":0,"rotation":0,"texture":"#0"},"down":{"uv":[9.1875,6.21875,8.75,6.6875],"tintindex":0,"rotation":0,"texture":"#0"}}},{"from":[5.198436,1.4074211,-1.8596077],"to":[10.823436,6.357422,0.3903923],"faces":{"east":{"uv":[2.125,13.84375,2.1875,14.0],"tintindex":0,"rotation":0,"texture":"#0"},"south":{"uv":[13.78125,0.375,13.96875,0.53125],"tintindex":0,"rotation":0,"texture":"#0"},"north":{"uv":[13.78125,0.1875,13.96875,0.34375],"tintindex":0,"rotation":0,"texture":"#0"},"west":{"uv":[3.53125,13.875,3.59375,14.03125],"tintindex":0,"rotation":0,"texture":"#0"},"up":{"uv":[12.1875,2.3125,12.0,2.25],"tintindex":0,"rotation":0,"texture":"#0"},"down":{"uv":[15.0625,3.40625,14.875,3.46875],"tintindex":0,"rotation":0,"texture":"#0"}}},{"from":[0.11757898,12.80209,0.3903923],"to":[15.8675785,15.25209,18.390392],"faces":{"east":{"uv":[13.5625,4.5,14.125,4.5625],"tintindex":0,"rotation":0,"texture":"#0"},"south":{"uv":[13.59375,9.8125,14.09375,9.875],"tintindex":0,"rotation":0,"texture":"#0"},"north":{"uv":[2.46875,7.21875,2.96875,7.28125],"tintindex":0,"rotation":0,"texture":"#0"},"west":{"uv":[13.5625,10.0,14.125,10.0625],"tintindex":0,"rotation":0,"texture":"#0"},"up":{"uv":[2.96875,7.1875,2.46875,6.625],"tintindex":0,