{"textures":{"0":"mineinabyss:mobs/orbpiercer"},"elements":[{"from":[1.6950455,-2.6849995,0.1800003],"to":[13.575045,11.434999,10.82],"faces":{"east":{"uv":[7.25,9.03125,7.59375,9.46875],"tintindex":0,"rotation":0,"texture":"#0"},"south":{"uv":[9.03125,3.59375,9.40625,4.03125],"tintindex":0,"rotation":0,"texture":"#0"},"north":{"uv":[9.03125,3.125,9.40625,3.5625],"tintindex":0,"rotation":0,"texture":"#0"},"west":{"uv":[7.625,9.03125,7.96875,9.46875],"tintindex":0,"rotation":0,"texture":"#0"},"up":{"uv":[3.6875,10.71875,3.3125,10.375],"tintindex":0,"rotation":0,"texture":"#0"},"down":{"uv":[7.75,10.375,7.375,10.71875],"tintindex":0,"rotation":0,"texture":"#0"}},"rotation":{"origin":[7.635046,3.5,4.5],"angle":22.5,"axis":"x"}}]}