{"textures":{"0":"mineinabyss:mobs/orbpiercer"},"elements":[{"from":[9.255045,3.2455,-5.736002],"to":[12.495045,7.5655003,-0.33600044],"faces":{"east":{"uv":[14.21875,5.9375,14.375,6.0625],"tintindex":0,"rotation":0,"texture":"#0"},"south":{"uv":[14.875,11.625,14.96875,11.75],"tintindex":0,"rotation":0,"texture":"#0"},"north":{"uv":[9.1875,14.875,9.28125,15.0],"tintindex":0,"rotation":0,"texture":"#0"},"west":{"uv":[14.21875,6.09375,14.375,6.21875],"tintindex":0,"rotation":0,"texture":"#0"},"up":{"uv":[8.28125,15.0,8.1875,14.84375],"tintindex":0,"rotation":0,"texture":"#0"},"down":{"uv":[8.40625,14.84375,8.3125,15.0],"tintindex":0,"rotation":0,"texture":"#0"}},"rotation":{"origin":[10.875045,5.4055004,-3.0360012],"angle":-22.5,"axis":"y"}},{"from":[11.415045,3.2455,2.0039997],"to":[14.6550455,7.5655003,7.4039993],"faces":{"east":{"uv":[14.21875,6.25,14.375,6.375],"tintindex":0,"rotation":0,"texture":"#0"},"south":{"uv":[14.25,14.875,14.34375,15.0],"tintindex":0,"rotation":0,"texture":"#0"},"north":{"uv":[14.875,11.78125,14.96875,11.90625],"tintindex":0,"rotation":0,"texture":"#0"},"west":{"uv":[14.21875,9.40625,14.375,9.53125],"tintindex":0,"rotation":0,"texture":"#0"},"up":{"uv":[8.53125,15.0,8.4375,14.84375],"tintindex":0,"rotation":0,"texture":"#0"},"down":{"uv":[11.1875,14.84375,11.09375,15.0],"tintindex":0,"rotation":0,"texture":"#0"}}},{"from":[2.7750454,3.2455,-5.736002],"to":[6.015045,7.5655003,-0.33600044],"faces":{"east":{"uv":[5.4375,14.21875,5.59375,14.34375],"tintindex":0,"rotation":0,"texture":"#0"},"south":{"uv":[9.0625,14.875,9.15625,15.0],"tintindex":0,"rotation":0,"texture":"#0"},"north":{"uv":[8.6875,14.875,8.78125,15.0],"tintindex":0,"rotation":0,"texture":"#0"},"west":{"uv":[14.21875,5.78125,14.375,5.90625],"tintindex":0,"rotation":0,"texture":"#0"},"up":{"uv":[7.84375,15.0,7.75,14.84375],"tintindex":0,"rotation":0,"texture":"#0"},"down":{"uv":[7.96875,14.84375,7.875,15.0],"tintindex":0,"rotation":0,"texture":"#0"}},"rotation":{"origin":[4.3950443,5.4055004,-3.0360012],"angle":22.5,"axis":"y"}},{"from":[2.7750454,3.3955002,-1.236002],"to":[12.495045,10.9105,9.563999],"faces":{"east":{"uv":[2.3125,11.84375,2.65625,12.09375],"tintindex":0,"rotation":0,"texture":"#0"},"south":{"uv":[11.875,0.78125,12.1875,1.03125],"tintindex":0,"rotation":0,"texture":"#0"},"north":{"uv":[11.84375,4.59375,12.15625,4.84375],"tintindex":0,"rotation":0,"texture":"#0"},"west":{"uv":[11.84375,2.34375,12.1875,2.59375],"tintindex":0,"rotation":0,"texture":"#0"},"up":{"uv":[3.5625,11.09375,3.25,10.75],"tintindex":0,"rotation":0,"texture":"#0"},"down":{"uv":[7.59375,10.75,7.28125,11.09375],"tintindex":0,"rotation":0,"texture":"#0"}}},{"from":[0.61504555,3.2455,2.0039997],"to":[3.8550453,7.5655003,7.4039993],"faces":{"east":{"uv":[5.0625,14.21875,5.21875,14.34375],"tintindex":0,"rotation":0,"texture":"#0"},"south":{"uv":[8.5625,14.875,8.65625,15.0],"tintindex":0,"rotation":0,"texture":"#0"},"north":{"uv":[14.875,5.5,14.96875,5.625],"tintindex":0,"rotation":0,"texture":"#0"},"west":{"uv":[5.25,14.21875,5.40625,14.34375],"tintindex":0,"rotation":0,"texture":"#0"},"up":{"uv":[5.96875,15.0,5.875,14.84375],"tintindex":0,"rotation":0,"texture":"#0"},"down":{"uv":[6.375,14.84375,6.28125,15.0],"tintindex":0,"rotation":0,"texture":"#0"}}}]}