{"textures":{"0":"mineinabyss:mobs/orbpiercer"},"elements":[{"from":[-2.1551552,-5.1772995,2.1469002],"to":[10.675245,5.5273,23.8531],"faces":{"east":{"uv":[8.59375,4.75,9.28125,5.09375],"tintindex":0,"rotation":0,"texture":"#0"},"south":{"uv":[9.3125,4.40625,9.71875,4.75],"tintindex":0,"rotation":0,"texture":"#0"},"north":{"uv":[8.625,9.25,9.03125,9.59375],"tintindex":0,"rotation":0,"texture":"#0"},"west":{"uv":[5.15625,8.59375,5.84375,8.9375],"tintindex":0,"rotation":0,"texture":"#0"},"up":{"uv":[3.4375,9.1875,3.03125,8.5],"tintindex":0,"rotation":0,"texture":"#0"},"down":{"uv":[3.875,8.5,3.46875,9.1875],"tintindex":0,"rotation":0,"texture":"#0"}},"rotation":{"origin":[7.635046,-5.0,12.999999],"angle":45.0,"axis":"x"}}]}