{"textures":{"0":"mineinabyss:mobs/orbpiercer"},"elements":[{"from":[3.5112457,2.2146,-8.832001],"to":[7.0104446,6.8802,-3.000001],"faces":{"east":{"uv":[13.71875,12.84375,13.90625,13.0],"tintindex":0,"rotation":0,"texture":"#0"},"south":{"uv":[14.875,3.21875,14.96875,3.375],"tintindex":0,"rotation":0,"texture":"#0"},"north":{"uv":[14.84375,14.59375,14.9375,14.75],"tintindex":0,"rotation":0,"texture":"#0"},"west":{"uv":[13.71875,13.03125,13.90625,13.1875],"tintindex":0,"rotation":0,"texture":"#0"},"up":{"uv":[1.65625,14.59375,1.5625,14.40625],"tintindex":0,"rotation":0,"texture":"#0"},"down":{"uv":[1.78125,14.40625,1.6875,14.59375],"tintindex":0,"rotation":0,"texture":"#0"}}},{"from":[8.259645,2.2146,-8.832001],"to":[11.758844,6.8802,-3.000001],"faces":{"east":{"uv":[13.71875,13.21875,13.90625,13.375],"tintindex":0,"rotation":0,"texture":"#0"},"south":{"uv":[14.875,4.84375,14.96875,5.0],"tintindex":0,"rotation":0,"texture":"#0"},"north":{"uv":[4.84375,14.875,4.9375,15.03125],"tintindex":0,"rotation":0,"texture":"#0"},"west":{"uv":[13.71875,13.40625,13.90625,13.5625],"tintindex":0,"rotation":0,"texture":"#0"},"up":{"uv":[1.90625,14.59375,1.8125,14.40625],"tintindex":0,"rotation":0,"texture":"#0"},"down":{"uv":[14.5,2.21875,14.40625,2.40625],"tintindex":0,"rotation":0,"texture":"#0"}}},{"from":[2.3862457,2.5145998,-3.000001],"to":[12.883845,11.8458,8.664],"faces":{"east":{"uv":[10.84375,1.96875,11.21875,2.25],"tintindex":0,"rotation":0,"texture":"#0"},"south":{"uv":[11.21875,1.25,11.53125,1.53125],"tintindex":0,"rotation":0,"texture":"#0"},"north":{"uv":[11.1875,11.0,11.5,11.28125],"tintindex":0,"rotation":0,"texture":"#0"},"west":{"uv":[10.84375,2.28125,11.21875,2.5625],"tintindex":0,"rotation":0,"texture":"#0"},"up":{"uv":[10.96875,5.0625,10.65625,4.6875],"tintindex":0,"rotation":0,"texture":"#0"},"down":{"uv":[11.03125,8.5,10.71875,8.875],"tintindex":0,"rotation":0,"texture":"#0"}}}]}