{"textures":{"0":"mineinabyss:mobs/orbpiercer"},"elements":[{"from":[6.466173,13.847319,7.609995],"to":[7.8188734,18.347317,10.025595],"faces":{"east":{"uv":[2.21875,7.4375,2.375,7.71875],"tintindex":0,"rotation":0,"texture":"#0"},"south":{"uv":[0.125,13.78125,0.21875,14.0625],"tintindex":0,"rotation":0,"texture":"#0"},"north":{"uv":[3.625,13.75,3.71875,14.03125],"tintindex":0,"rotation":0,"texture":"#0"},"west":{"uv":[4.4375,8.09375,4.59375,8.375],"tintindex":0,"rotation":0,"texture":"#0"},"up":{"uv":[14.9375,13.25,14.84375,13.09375],"tintindex":0,"rotation":0,"texture":"#0"},"down":{"uv":[14.9375,13.28125,14.84375,13.4375],"tintindex":0,"rotation":0,"texture":"#0"}},"rotation":{"origin":[9.673774,8.921168,1.7865448],"angle":45.0,"axis":"x"}},{"from":[6.466173,18.347317,8.172495],"to":[7.2563734,22.847317,9.463095],"faces":{"east":{"uv":[13.78125,2.3125,13.875,2.59375],"tintindex":0,"rotation":0,"texture":"#0"},"south":{"uv":[1.46875,14.40625,1.53125,14.6875],"tintindex":0,"rotation":0,"texture":"#0"},"north":{"uv":[1.375,14.40625,1.4375,14.6875],"tintindex":0,"rotation":0,"texture":"#0"},"west":{"uv":[13.78125,2.625,13.875,2.90625],"tintindex":0,"rotation":0,"texture":"#0"},"up":{"uv":[11.0,15.28125,10.9375,15.1875],"tintindex":0,"rotation":0,"texture":"#0"},"down":{"uv":[15.25,13.9375,15.1875,14.03125],"tintindex":0,"rotation":0,"texture":"#0"}},"rotation":{"origin":[9.673774,8.921168,1.7865448],"angle":45.0,"axis":"x"}},{"from":[4.7579737,1.999466,2.3815079],"to":[6.507573,4.332266,5.2975082],"faces":{"east":{"uv":[13.71875,12.46875,13.90625,12.625],"tintindex":0,"rotation":0,"texture":"#0"},"south":{"uv":[14.84375,12.90625,14.9375,13.0625],"tintindex":0,"rotation":0,"texture":"#0"},"north":{"uv":[14.84375,12.71875,14.9375,12.875],"tintindex":0,"rotation":0,"texture":"#0"},"west":{"uv":[13.71875,12.65625,13.90625,12.8125],"tintindex":0,"rotation":0,"texture":"#0"},"up":{"uv":[0.21875,14.59375,0.125,14.40625],"tintindex":0,"rotation":0,"texture":"#0"},"down":{"uv":[14.5,1.09375,14.40625,1.28125],"tintindex":0,"rotation":0,"texture":"#0"}},"rotation":{"origin":[9.673774,2.274146,6.4149475],"angle":-22.5,"axis":"x"}},{"from":[9.589973,1.999466,2.3815079],"to":[11.339573,4.332266,5.2975082],"faces":{"east":{"uv":[11.3125,13.71875,11.5,13.875],"tintindex":0,"rotation":0,"texture":"#0"},"south":{"uv":[14.84375,12.53125,14.9375,12.6875],"tintindex":0,"rotation":0,"texture":"#0"},"north":{"uv":[11.21875,14.84375,11.3125,15.0],"tintindex":0,"rotation":0,"texture":"#0"},"west":{"uv":[12.125,13.71875,12.3125,13.875],"tintindex":0,"rotation":0,"texture":"#0"},"up":{"uv":[12.84375,14.5625,12.75,14.375],"tintindex":0,"rotation":0,"texture":"#0"},"down":{"uv":[13.53125,14.375,13.4375,14.5625],"tintindex":0,"rotation":0,"texture":"#0"}},"rotation":{"origin":[9.673774,2.274146,6.4149475],"angle":-22.5,"axis":"x"}},{"from":[5.341173,3.4325185,5.359995],"to":[10.631373,13.847319,10.025595],"faces":{"east":{"uv":[5.875,8.78125,6.15625,9.4375],"tintindex":0,"rotation":0,"texture":"#0"},"south":{"uv":[1.4375,8.65625,1.78125,9.3125],"tintindex":0,"rotation":0,"texture":"#0"},"north":{"uv":[8.65625,0.625,9.0,1.28125],"tintindex":0,"rotation":0,"texture":"#0"},"west":{"uv":[6.1875,8.78125,6.46875,9.4375],"tintindex":0,"rotation":0,"texture":"#0"},"up":{"uv":[11.46875,8.28125,11.125,8.0],"tintindex":0,"rotation":0,"texture":"#0"},"down":{"uv":[11.5,4.15625,11.15625,4.4375],"tintindex":0,"rotation":0,"texture":"#0"}},"rotation":{"origin":[9.673774,8.921168,1.7865448],"angle":45.0,"axis":"x"}}]}