{"textures":{"0":"mineinabyss:mobs/orbpiercer"},"elements":[{"from":[5.7007656,4.255625,3.37786],"to":[6.8257656,5.943125,7.877861],"faces":{"east":{"uv":[13.78125,2.0625,14.0625,2.15625],"tintindex":0,"rotation":0,"texture":"#0"},"south":{"uv":[10.84375,15.1875,10.90625,15.28125],"tintindex":0,"rotation":0,"texture":"#0"},"north":{"uv":[10.75,15.1875,10.8125,15.28125],"tintindex":0,"rotation":0,"texture":"#0"},"west":{"uv":[13.78125,2.1875,14.0625,2.28125],"tintindex":0,"rotation":0,"texture":"#0"},"up":{"uv":[9.6875,14.65625,9.625,14.375],"tintindex":0,"rotation":0,"texture":"#0"},"down":{"uv":[9.78125,14.375,9.71875,14.65625],"tintindex":0,"rotation":0,"texture":"#0"}},"rotation":{"origin":[4.4632654,3.383751,9.284111],"angle":-22.5,"axis":"y"}},{"from":[5.1382656,2.3431253,1.1278601],"to":[5.813266,3.243126,5.62786],"faces":{"east":{"uv":[14.40625,0.90625,14.6875,0.96875],"tintindex":0,"rotation":0,"texture":"#0"},"south":{"uv":[11.84375,3.0,11.875,3.0625],"tintindex":0,"rotation":0,"texture":"#0"},"north":{"uv":[11.84375,2.90625,11.875,2.96875],"tintindex":0,"rotation":0,"texture":"#0"},"west":{"uv":[14.40625,1.0,14.6875,1.0625],"tintindex":0,"rotation":0,"texture":"#0"},"up":{"uv":[1.125,13.375,1.09375,13.09375],"tintindex":0,"rotation":0,"texture":"#0"},"down":{"uv":[13.5625,6.84375,13.53125,7.125],"tintindex":0,"rotation":0,"texture":"#0"}},"rotation":{"origin":[4.4632654,3.383751,9.284111],"angle":-22.5,"axis":"y"}},{"from":[7.6903334,-2.336874,1.0655813],"to":[14.170333,8.463125,9.705582],"faces":{"east":{"uv":[8.03125,4.5,8.5625,5.1875],"tintindex":0,"rotation":0,"texture":"#0"},"south":{"uv":[2.59375,8.5,3.0,9.1875],"tintindex":0,"rotation":0,"texture":"#0"},"north":{"uv":[2.15625,8.5,2.5625,9.1875],"tintindex":0,"rotation":0,"texture":"#0"},"west":{"uv":[6.0625,8.0625,6.59375,8.75],"tintindex":0,"rotation":0,"texture":"#0"},"up":{"uv":[1.25,9.21875,0.84375,8.6875],"tintindex":0,"rotation":0,"texture":"#0"},"down":{"uv":[9.125,8.09375,8.71875,8.625],"tintindex":0,"rotation":0,"texture":"#0"}}},{"from":[6.2632656,1.7806253,10.690361],"to":[6.938266,2.680626,15.190361],"faces":{"east":{"uv":[14.375,10.375,14.65625,10.4375],"tintindex":0,"rotation":0,"texture":"#0"},"south":{"uv":[11.375,3.125,11.40625,3.1875],"tintindex":0,"rotation":0,"texture":"#0"},"north":{"uv":[11.125,10.15625,11.15625,10.21875],"tintindex":0,"rotation":0,"texture":"#0"},"west":{"uv":[14.375,10.46875,14.65625,10.53125],"tintindex":0,"rotation":0,"texture":"#0"},"up":{"uv":[12.34375,0.75,12.3125,0.46875],"tintindex":0,"rotation":0,"texture":"#0"},"down":{"uv":[12.65625,6.3125,12.625,6.59375],"tintindex":0,"rotation":0,"texture":"#0"}},"rotation":{"origin":[4.4632654,3.383751,9.284111],"angle":-22.5,"axis":"y"}},{"from":[5.7007656,4.5931263,7.877861],"to":[6.375766,5.493126,12.377861],"faces":{"east":{"uv":[14.375,13.65625,14.65625,13.71875],"tintindex":0,"rotation":0,"texture":"#0"},"south":{"uv":[11.8125,8.375,11.84375,8.4375],"tintindex":0,"rotation":0,"texture":"#0"},"north":{"uv":[11.8125,8.28125,11.84375,8.34375],"tintindex":0,"rotation":0,"texture":"#0"},"west":{"uv":[14.25,14.375,14.53125,14.4375],"tintindex":0,"rotation":0,"texture":"#0"},"up":{"uv":[12.84375,7.53125,12.8125,7.25],"tintindex":0,"rotation":0,"texture":"#0"},"down":{"uv":[7.625,12.96875,7.59375,13.25],"tintindex":0,"rotation":0,"texture":"#0"}},"rotation":{"origin":[4.4632654,3.383751,9.284111],"angle":-22.5,"axis":"y"}},{"from":[6.2632656,1.4431257,6.19036],"to":[7.3882656,3.1306248,10.690361],"faces":{"east":{"uv":[13.78125,1.8125,14.0625,1.90625],"tintindex":0,"rotation":0,"texture":"#0"},"south":{"uv":[10.65625,15.1875,10.71875,15.28125],"tintindex":0,"rotation":0,"texture":"#0"},"north":{"uv":[10.4375,15.1875,10.5,15.28125],"tintindex":0,"rotation":0,"texture":"#0"},"west":{"uv":[13.78125,1.9375,14.0625,2.03125],"tintindex":0,"rotation":0,"texture":"#0"},"up":{"uv":[8.1875,14.65625,8.125,14.375],"tintindex":0,"rotation":0,"texture":"#0"},"down":{"uv":[9.59375,14.375,9.53125,14.65625],"tintindex":0,"rotation":0,"texture":"#0"}},"rotation":{"origin":[4.4632654,3.383751,9.284111],"angle":-22.5,"axis":"y"}},{"from":[6.2632656,-0.46937466,3.94036],"to":[6.938266,0.43062592,8.440361],"faces":{"east":{"uv":[13.0,14.375,13.28125,14.4375],"tintindex":0,"rotation":0,"texture":"#0"},"south":{"uv":[11.75,9.5625,11.78125,9.625],"tintindex":0,"rotation":0,"texture":"#0"},"north":{"uv":[7.71875,11.625,7.75,11.6875],"tintindex":0,"rotation":0,"texture":"#0"},"west":{"uv":[14.375,13.5625,14.65625,13.625],"tintindex":0,"rotation":0,"texture":"#0"},"up":{"uv":[12.71875,5.65625,12.6875,5.375],"tintindex":0,"rotation":0,"texture":"#0"},"down":{"uv":[12.78125,6.0,12.75,6.28125],"tintindex":0,"rotation":0,"texture":"#0"}},"rotation":{"origin":[4.4632654,3.383751,9.284111],"angle":-22.5,"axis":"y"}},{"from":[8.770333,-6.6568747,4.305581],"to":[13.630333,-2.336874,10.705582],"faces":{"east":{"uv":[10.4375,10.71875,10.84375,11.0],"tintindex":0,"rotation":0,"texture":"#0"},"south":{"uv":[11.1875,10.0625,11.5,10.34375],"tintindex":0,"rotation":0,"texture":"#0"},"north":{"uv":[11.1875,3.71875,11.5,4.0],"tintindex":0,"rotation":0,"texture":"#0"},"west":{"uv":[10.75,2.65625,11.15625,2.9375],"tintindex":0,"rotation":0,"texture":"#0"},"up":{"uv":[10.75,10.6875,10.4375,10.28125],"tintindex":0,"rotation":0,"texture":"#0"},"down":{"uv":[10.8125,2.21875,10.5,2.625],"tintindex":0,"rotation":0,"texture":"#0"}}}]}