{"textures":{"0":"mineinabyss:mobs/orbpiercer"},"elements":[{"from":[8.699732,5.8782005,-8.828571],"to":[9.374731,6.7782,-0.0535717],"faces":{"east":{"uv":[13.5625,4.3125,14.125,4.375],"tintindex":0,"rotation":0,"texture":"#0"},"south":{"uv":[12.9375,7.15625,12.96875,7.21875],"tintindex":0,"rotation":0,"texture":"#0"},"north":{"uv":[10.03125,12.84375,10.0625,12.90625],"tintindex":0,"rotation":0,"texture":"#0"},"west":{"uv":[13.5625,4.40625,14.125,4.46875],"tintindex":0,"rotation":0,"texture":"#0"},"up":{"uv":[4.65625,14.9375,4.625,14.375],"tintindex":0,"rotation":0,"texture":"#0"},"down":{"uv":[5.59375,14.375,5.5625,14.9375],"tintindex":0,"rotation":0,"texture":"#0"}},"rotation":{"origin":[8.587232,4.106325,10.1839285],"angle":22.5,"axis":"y"}},{"from":[-4.125269,8.128201,8.271428],"to":[4.6497307,9.0282,8.946428],"faces":{"east":{"uv":[12.21875,0.78125,12.25,0.84375],"tintindex":0,"rotation":0,"texture":"#0"},"south":{"uv":[13.5625,4.21875,14.125,4.28125],"tintindex":0,"rotation":0,"texture":"#0"},"north":{"uv":[13.5625,4.125,14.125,4.1875],"tintindex":0,"rotation":0,"texture":"#0"},"west":{"uv":[12.21875,0.875,12.25,0.9375],"tintindex":0,"rotation":0,"texture":"#0"},"up":{"uv":[14.84375,14.1875,14.28125,14.15625],"tintindex":0,"rotation":0,"texture":"#0"},"down":{"uv":[14.875,4.78125,14.3125,4.8125],"tintindex":0,"rotation":0,"texture":"#0"}},"rotation":{"origin":[9.149732,8.606325,8.4964285],"angle":-45.0,"axis":"y"}},{"from":[5.3159065,3.6282005,-10.014088],"to":[5.990906,4.5282,-2.5890865],"faces":{"east":{"uv":[13.71875,13.59375,14.1875,13.65625],"tintindex":0,"rotation":0,"texture":"#0"},"south":{"uv":[13.03125,10.46875,13.0625,10.53125],"tintindex":0,"rotation":0,"texture":"#0"},"north":{"uv":[13.03125,10.375,13.0625,10.4375],"tintindex":0,"rotation":0,"texture":"#0"},"west":{"uv":[13.71875,13.6875,14.1875,13.75],"tintindex":0,"rotation":0,"texture":"#0"},"up":{"uv":[12.53125,4.15625,12.5,3.6875],"tintindex":0,"rotation":0,"texture":"#0"},"down":{"uv":[4.71875,14.8125,4.6875,15.28125],"tintindex":0,"rotation":0,"texture":"#0"}}},{"from":[9.540332,9.426001,-1.278472],"to":[14.789131,14.0916,4.5535283],"faces":{"east":{"uv":[0.90625,10.8125,1.28125,11.09375],"tintindex":0,"rotation":0,"texture":"#0"},"south":{"uv":[11.1875,10.6875,11.5,10.96875],"tintindex":0,"rotation":0,"texture":"#0"},"north":{"uv":[11.1875,10.375,11.5,10.65625],"tintindex":0,"rotation":0,"texture":"#0"},"west":{"uv":[10.84375,1.65625,11.21875,1.9375],"tintindex":0,"rotation":0,"texture":"#0"},"up":{"uv":[7.25,10.9375,6.9375,10.5625],"tintindex":0,"rotation":0,"texture":"#0"},"down":{"uv":[10.9375,4.28125,10.625,4.65625],"tintindex":0,"rotation":0,"texture":"#0"}},"rotation":{"origin":[14.268931,1.7786999,-25.61267],"angle":22.5,"axis":"x"}},{"from":[4.0872307,2.3906994,8.158929],"to":[8.587232,4.0781994,9.283929],"faces":{"east":{"uv":[14.5625,15.1875,14.625,15.28125],"tintindex":0,"rotation":0,"texture":"#0"},"south":{"uv":[13.78125,5.28125,14.0625,5.375],"tintindex":0,"rotation":0,"texture":"#0"},"north":{"uv":[13.78125,5.15625,14.0625,5.25],"tintindex":0,"rotation":0,"texture":"#0"},"west":{"uv":[14.65625,15.1875,14.71875,15.28125],"tintindex":0,"rotation":0,"texture":"#0"},"up":{"uv":[14.6875,3.5625,14.40625,3.5],"tintindex":0,"rotation":0,"texture":"#0"},"down":{"uv":[14.6875,3.59375,14.40625,3.65625],"tintindex":0,"rotation":0,"texture":"#0"}},"rotation":{"origin":[8.587232,4.106325,10.1839285],"angle":-45.0,"axis":"y"}},{"from":[5.7747307,6.665699,10.071428],"to":[10.274732,8.353199,11.196428],"faces":{"east":{"uv":[15.1875,15.03125,15.25,15.125],"tintindex":0,"rotation":0,"texture":"#0"},"south":{"uv":[13.78125,5.53125,14.0625,5.625],"tintindex":0,"rotation":0,"texture":"#0"},"north":{"uv":[13.78125,5.40625,14.0625,5.5],"tintindex":0,"rotation":0,"texture":"#0"},"west":{"uv":[15.21875,0.125,15.28125,0.21875],"tintindex":0,"rotation":0,"texture":"#0"},"up":{"uv":[14.6875,3.75,14.40625,3.6875],"tintindex":0,"rotation":0,"texture":"#0"},"down":{"uv":[14.6875,3.78125,14.40625,3.84375],"tintindex":0,"rotation":0,"texture":"#0"}},"rotation":{"origin":[8.587232,4.106325,10.1839285],"angle":-45.0,"axis":"y"}},{"from":[1.2747307,7.0032005,10.521428],"to":[5.7747307,7.9032,11.196428],"faces":{"east":{"uv":[12.6875,10.71875,12.71875,10.78125],"tintindex":0,"rotation":0,"texture":"#0"},"south":{"uv":[14.40625,3.96875,14.6875,4.03125],"tintindex":0,"rotation":0,"texture":"#0"},"north":{"uv":[14.40625,3.875,14.6875,3.9375],"tintindex":0,"rotation":0,"texture":"#0"},"west":{"uv":[10.03125,12.75,10.0625,12.8125],"tintindex":0,"rotation":0,"texture":"#0"},"up":{"uv":[15.125,2.375,14.84375,2.34375],"tintindex":0,"rotation":0,"texture":"#0"},"down":{"uv":[15.1875,4.78125,14.90625,4.8125],"tintindex":0,"rotation":0,"texture":"#0"}},"rotation":{"origin":[8.587232,4.106325,10.1839285],"angle":-45.0,"axis":"y"}},{"from":[3.187231,10.040699,7.8214283],"to":[9.712232,11.728199,8.946428],"faces":{"east":{"uv":[14.375,15.1875,14.4375,15.28125],"tintindex":0,"rotation":0,"texture":"#0"},"south":{"uv":[13.4375,4.78125,13.84375,4.875],"tintindex":0,"rotation":0,"texture":"#0"},"north":{"uv":[13.4375,4.65625,13.84375,4.75],"tintindex":0,"rotation":0,"texture":"#0"},"west":{"uv":[14.46875,15.1875,14.53125,15.28125],"tintindex":0,"rotation":0,"texture":"#0"},"up":{"uv":[14.46875,12.3125,14.0625,12.25],"tintindex":0,"rotation":0,"texture":"#0"},"down":{"uv":[14.5,1.5625,14.09375,1.625],"tintindex":0,"rotation":0,"texture":"#0"}},"rotation":{"origin":[9.149732,8.606325,8.4964285],"angle":-45.0,"axis":"y"}},{"from":[4.6497307,9.253201,8.271428],"to":[9.149732,10.1532,8.946428],"faces":{"east":{"uv":[10.6875,11.90625,10.71875,11.96875],"tintindex":0,"rotation":0,"texture":"#0"},"south":{"uv":[14.40625,1.40625,14.6875,1.46875],"tintindex":0,"rotation":0,"texture":"#0"},"north":{"uv":[14.40625,1.3125,14.6875,1.375],"tintindex":0,"rotation":0,"texture":"#0"},"west":{"uv":[12.1875,4.8125,12.21875,4.875],"tintindex":0,"rotation":0,"texture":"#0"},"up":{"uv":[13.46875,5.09375,13.1875,5.0625],"tintindex":0,"rotation":0,"texture":"#0"},"down":{"uv":[13.84375,4.59375,13.5625,4.625],"tintindex":0,"rotation":0,"texture":"#0"}},"rotation":{"origin":[9.149732,8.606325,8.4964285],"angle":-22.5,"axis":"y"}},{"from":[-0.41276932,2.728199,8.608929],"to":[4.0872307,3.6282005,9.283929],"faces":{"east":{"uv":[12.53125,6.625,12.5625,6.6875],"tintindex":0,"rotation":0,"texture":"#0"},"south":{"uv":[14.40625,3.40625,14.6875,3.46875],"tintindex":0,"rotation":0,"texture":"#0"},"north":{"uv":[14.40625,3.3125,14.6875,3.375],"tintindex":0,"rotation":0,"texture":"#0"},"west":{"uv":[12.6875,10.625,12.71875,10.6875],"tintindex":0,"rotation":0,"texture":"#0"},"up":{"uv":[15.09375,2.90625,14.8125,2.875],"tintindex":0,"rotation":0,"texture":"#0"},"down":{"uv":[15.125,1.21875,14.84375,1.25],"tintindex":0,"rotation":0,"texture":"#0"}},"rotation":{"origin":[8.587232,4.106325,10.1839285],"angle":-45.0,"axis":"y"}},{"from":[8.699732,5.540699,-0.5035715],"to":[9.824732,7.228199,6.2464285],"faces":{"east":{"uv":[13.4375,10.46875,13.84375,10.5625],"tintindex":0,"rotation":0,"texture":"#0"},"south":{"uv":[15.21875,1.90625,15.28125,2.0],"tintindex":0,"rotation":0,"texture":"#0"},"north":{"uv":[1.25,15.21875,1.3125,15.3125],"tintindex":0,"rotation":0,"texture":"#0"},"west":{"uv":[13.4375,10.59375,13.84375,10.6875],"tintindex":0,"rotation":0,"texture":"#0"},"up":{"uv":[8.6875,9.21875,8.625,8.8125],"tintindex":0,"rotation":0,"texture":"#0"},"down":{"uv":[4.625,10.09375,4.5625,10.5],"tintindex":0,"rotation":0,"texture":"#0"}},"rotation":{"origin":[8.587232,4.106325,10.1839285],"angle":22.5,"axis":"y"}},{"from":[10.387232,3.290699,-3.3160715],"to":[11.512232,4.978199,5.6839285],"faces":{"east":{"uv":[13.0,2.5,13.5625,2.59375],"tintindex":0,"rotation":0,"texture":"#0"},"south":{"uv":[15.21875,0.5,15.28125,0.59375],"tintindex":0,"rotation":0,"texture":"#0"},"north":{"uv":[15.21875,0.375,15.28125,0.46875],"tintindex":0,"rotation":0,"texture":"#0"},