{"textures":{"0":"mineinabyss:mobs/orbpiercer"},"elements":[{"from":[1.7623096,5.031252,3.5],"to":[13.01231,8.40625,19.25],"faces":{"east":{"uv":[3.125,6.34375,3.625,6.4375],"tintindex":0,"rotation":0,"texture":"#0"},"south":{"uv":[6.625,8.0625,6.96875,8.15625],"tintindex":0,"rotation":0,"texture":"#0"},"north":{"uv":[5.3125,7.84375,5.65625,7.9375],"tintindex":0,"rotation":0,"texture":"#0"},"west":{"uv":[3.125,6.46875,3.625,6.5625],"tintindex":0,"rotation":0,"texture":"#0"},"up":{"uv":[8.59375,9.3125,8.25,8.8125],"tintindex":0,"rotation":0,"texture":"#0"},"down":{"uv":[4.25,8.84375,3.90625,9.34375],"tintindex":0,"rotation":0,"texture":"#0"}}},{"from":[4.01231,6.156252,1.25],"to":[10.76231,8.40625,3.5],"faces":{"east":{"uv":[7.9375,4.5,8.0,4.5625],"tintindex":0,"rotation":0,"texture":"#0"},"south":{"uv":[11.90625,4.1875,12.125,4.25],"tintindex":0,"rotation":0,"texture":"#0"},"north":{"uv":[9.96875,7.375,10.1875,7.4375],"tintindex":0,"rotation":0,"texture":"#0"},"west":{"uv":[8.9375,3.0,9.0,3.0625],"tintindex":0,"rotation":0,"texture":"#0"},"up":{"uv":[15.03125,11.46875,14.8125,11.40625],"tintindex":0,"rotation":0,"texture":"#0"},"down":{"uv":[15.0625,1.5625,14.84375,1.625],"tintindex":0,"rotation":0,"texture":"#0"}}}]}