{"textures":{"0":"mineinabyss:mobs/orbpiercer"},"elements":[{"from":[-3.8154268,-7.8148518,-5.148426],"to":[18.684574,12.435146,16.976574],"faces":{"east":{"uv":[1.5,7.4375,2.1875,8.0625],"tintindex":0,"rotation":0,"texture":"#0"},"south":{"uv":[2.46875,7.3125,3.1875,7.9375],"tintindex":0,"rotation":0,"texture":"#0"},"north":{"uv":[0.75,7.3125,1.46875,7.9375],"tintindex":0,"rotation":0,"texture":"#0"},"west":{"uv":[3.96875,7.4375,4.65625,8.0625],"tintindex":0,"rotation":0,"texture":"#0"},"up":{"uv":[0.71875,7.96875,0.0,7.28125],"tintindex":0,"rotation":0,"texture":"#0"},"down":{"uv":[8.0,0.0,7.28125,0.6875],"tintindex":0,"rotation":0,"texture":"#0"}},"rotation":{"origin":[7.434573,-1.0648518,4.976574],"angle":22.5,"axis":"x"}},{"from":[-3.8154268,-1.0648518,-6.0484276],"to":[18.684574,23.685146,11.951572],"faces":{"east":{"uv":[6.4375,7.25,7.0,8.03125],"tintindex":0,"rotation":0,"texture":"#0"},"south":{"uv":[4.03125,6.625,4.75,7.40625],"tintindex":0,"rotation":0,"texture":"#0"},"north":{"uv":[1.71875,6.625,2.4375,7.40625],"tintindex":0,"rotation":0,"texture":"#0"},"west":{"uv":[7.34375,3.75,7.90625,4.53125],"tintindex":0,"rotation":0,"texture":"#0"},"up":{"uv":[6.03125,8.5625,5.3125,8.0],"tintindex":0,"rotation":0,"texture":"#0"},"down":{"uv":[8.71875,5.78125,8.0,6.34375],"tintindex":0,"rotation":0,"texture":"#0"}},"rotation":{"origin":[7.434573,12.435146,2.9515724],"angle":-22.5,"axis":"x"}},{"from":[-7.190427,-2.1898518,-6.0484276],"to":[22.059574,18.060146,16.451572],"faces":{"east":{"uv":[3.21875,7.3125,3.9375,7.9375],"tintindex":0,"rotation":0,"texture":"#0"},"south":{"uv":[6.09375,6.59375,7.0,7.21875],"tintindex":0,"rotation":0,"texture":"#0"},"north":{"uv":[5.15625,6.59375,6.0625,7.21875],"tintindex":0,"rotation":0,"texture":"#0"},"west":{"uv":[7.34375,3.09375,8.0625,3.71875],"tintindex":0,"rotation":0,"texture":"#0"},"up":{"uv":[7.3125,3.8125,6.40625,3.09375],"tintindex":0,"rotation":0,"texture":"#0"},"down":{"uv":[7.3125,3.84375,6.40625,4.5625],"tintindex":0,"rotation":0,"texture":"#0"}}}]}