{"textures":{"0":"mineinabyss:mobs/orbpiercer"},"elements":[{"from":[1.6950464,-1.8099995,-2.6949997],"to":[13.575047,12.309999,7.9449997],"faces":{"east":{"uv":[6.5,9.03125,6.84375,9.46875],"tintindex":0,"rotation":0,"texture":"#0"},"south":{"uv":[9.03125,2.65625,9.40625,3.09375],"tintindex":0,"rotation":0,"texture":"#0"},"north":{"uv":[9.03125,0.625,9.40625,1.0625],"tintindex":0,"rotation":0,"texture":"#0"},"west":{"uv":[6.875,9.03125,7.21875,9.46875],"tintindex":0,"rotation":0,"texture":"#0"},"up":{"uv":[0.9375,10.71875,0.5625,10.375],"tintindex":0,"rotation":0,"texture":"#0"},"down":{"uv":[3.28125,10.375,2.90625,10.71875],"tintindex":0,"rotation":0,"texture":"#0"}},"rotation":{"origin":[7.635046,4.375,1.625],"angle":22.5,"axis":"x"}}]}