{"textures":{"0":"mineinabyss:mobs/orbpiercer"},"elements":[{"from":[11.415047,3.3705,4.0040016],"to":[14.655046,7.6905003,9.404001],"faces":{"east":{"uv":[8.65625,1.3125,8.8125,1.4375],"tintindex":0,"rotation":0,"texture":"#0"},"south":{"uv":[13.71875,14.09375,13.8125,14.21875],"tintindex":0,"rotation":0,"texture":"#0"},"north":{"uv":[11.53125,4.3125,11.625,4.4375],"tintindex":0,"rotation":0,"texture":"#0"},"west":{"uv":[9.0625,4.59375,9.21875,4.71875],"tintindex":0,"rotation":0,"texture":"#0"},"up":{"uv":[6.4375,14.28125,6.34375,14.125],"tintindex":0,"rotation":0,"texture":"#0"},"down":{"uv":[14.90625,6.125,14.8125,6.28125],"tintindex":0,"rotation":0,"texture":"#0"}}},{"from":[9.255047,3.3705,-3.736],"to":[12.495047,7.6905003,1.6640015],"faces":{"east":{"uv":[12.34375,5.8125,12.5,5.9375],"tintindex":0,"rotation":0,"texture":"#0"},"south":{"uv":[2.65625,14.1875,2.75,14.3125],"tintindex":0,"rotation":0,"texture":"#0"},"north":{"uv":[2.0,14.15625,2.09375,14.28125],"tintindex":0,"rotation":0,"texture":"#0"},"west":{"uv":[14.15625,4.4375,14.3125,4.5625],"tintindex":0,"rotation":0,"texture":"#0"},"up":{"uv":[6.25,14.96875,6.15625,14.8125],"tintindex":0,"rotation":0,"texture":"#0"},"down":{"uv":[7.71875,14.8125,7.625,14.96875],"tintindex":0,"rotation":0,"texture":"#0"}},"rotation":{"origin":[10.875046,5.5305004,-1.0359993],"angle":-22.5,"axis":"y"}},{"from":[2.7750463,3.5205002,0.76399994],"to":[12.495047,11.0355,11.564001],"faces":{"east":{"uv":[1.5,5.28125,1.84375,5.53125],"tintindex":0,"rotation":0,"texture":"#0"},"south":{"uv":[11.84375,4.3125,12.15625,4.5625],"tintindex":0,"rotation":0,"texture":"#0"},"north":{"uv":[11.84375,2.625,12.15625,2.875],"tintindex":0,"rotation":0,"texture":"#0"},"west":{"uv":[11.8125,9.375,12.15625,9.625],"tintindex":0,"rotation":0,"texture":"#0"},"up":{"uv":[0.875,11.09375,0.5625,10.75],"tintindex":0,"rotation":0,"texture":"#0"},"down":{"uv":[3.21875,10.75,2.90625,11.09375],"tintindex":0,"rotation":0,"texture":"#0"}}},{"from":[2.7750463,3.3705,-3.736],"to":[6.015047,7.6905003,1.6640015],"faces":{"east":{"uv":[14.21875,2.40625,14.375,2.53125],"tintindex":0,"rotation":0,"texture":"#0"},"south":{"uv":[14.875,5.03125,14.96875,5.15625],"tintindex":0,"rotation":0,"texture":"#0"},"north":{"uv":[4.96875,14.875,5.0625,15.0],"tintindex":0,"rotation":0,"texture":"#0"},"west":{"uv":[14.21875,2.5625,14.375,2.6875],"tintindex":0,"rotation":0,"texture":"#0"},"up":{"uv":[14.90625,8.71875,14.8125,8.5625],"tintindex":0,"rotation":0,"texture":"#0"},"down":{"uv":[14.90625,11.21875,14.8125,11.375],"tintindex":0,"rotation":0,"texture":"#0"}},"rotation":{"origin":[4.395046,5.5305004,-1.0359993],"angle":22.5,"axis":"y"}},{"from":[0.6150465,3.3705,4.0040016],"to":[3.8550463,7.6905003,9.404001],"faces":{"east":{"uv":[14.21875,2.71875,14.375,2.84375],"tintindex":0,"rotation":0,"texture":"#0"},"south":{"uv":[14.875,5.34375,14.96875,5.46875],"tintindex":0,"rotation":0,"texture":"#0"},"north":{"uv":[14.875,5.1875,14.96875,5.3125],"tintindex":0,"rotation":0,"texture":"#0"},"west":{"uv":[4.875,14.21875,5.03125,14.34375],"tintindex":0,"rotation":0,"texture":"#0"},"up":{"uv":[14.90625,12.28125,14.8125,12.125],"tintindex":0,"rotation":0,"texture":"#0"},"down":{"uv":[14.625,14.8125,14.53125,14.96875],"tintindex":0,"rotation":0,"texture":"#0"}}}]}