{"textures":{"0":"mineinabyss:mobs/orbpiercer"},"elements":[{"from":[0.094846725,-1.9772987,-4.3531],"to":[12.925247,8.727301,17.3531],"faces":{"east":{"uv":[8.1875,1.46875,8.875,1.8125],"tintindex":0,"rotation":0,"texture":"#0"},"south":{"uv":[9.21875,6.0625,9.625,6.40625],"tintindex":0,"rotation":0,"texture":"#0"},"north":{"uv":[9.09375,1.65625,9.5,2.0],"tintindex":0,"rotation":0,"texture":"#0"},"west":{"uv":[4.4375,8.59375,5.125,8.9375],"tintindex":0,"rotation":0,"texture":"#0"},"up":{"uv":[7.46875,9.0,7.0625,8.3125],"tintindex":0,"rotation":0,"texture":"#0"},"down":{"uv":[7.90625,8.3125,7.5,9.0],"tintindex":0,"rotation":0,"texture":"#0"}},"rotation":{"origin":[3.135046,-9.0,6.5],"angle":45.0,"axis":"x"}}]}