{"textures":{"0":"mineinabyss:mobs/orbpiercer"},"elements":[{"from":[3.5112457,2.3396,-8.832001],"to":[7.0104465,7.0052004,-3.0],"faces":{"east":{"uv":[12.25,4.8125,12.4375,4.96875],"tintindex":0,"rotation":0,"texture":"#0"},"south":{"uv":[5.75,14.84375,5.84375,15.0],"tintindex":0,"rotation":0,"texture":"#0"},"north":{"uv":[5.625,14.84375,5.71875,15.0],"tintindex":0,"rotation":0,"texture":"#0"},"west":{"uv":[13.0,12.28125,13.1875,12.4375],"tintindex":0,"rotation":0,"texture":"#0"},"up":{"uv":[7.5,14.5625,7.40625,14.375],"tintindex":0,"rotation":0,"texture":"#0"},"down":{"uv":[7.625,14.375,7.53125,14.5625],"tintindex":0,"rotation":0,"texture":"#0"}}},{"from":[8.259647,2.3396,-8.832001],"to":[11.758846,7.0052004,-3.0],"faces":{"east":{"uv":[10.75,6.625,10.9375,6.78125],"tintindex":0,"rotation":0,"texture":"#0"},"south":{"uv":[2.78125,14.84375,2.875,15.0],"tintindex":0,"rotation":0,"texture":"#0"},"north":{"uv":[2.65625,14.84375,2.75,15.0],"tintindex":0,"rotation":0,"texture":"#0"},"west":{"uv":[12.09375,8.96875,12.28125,9.125],"tintindex":0,"rotation":0,"texture":"#0"},"up":{"uv":[9.28125,10.6875,9.1875,10.5],"tintindex":0,"rotation":0,"texture":"#0"},"down":{"uv":[8.03125,10.84375,7.9375,11.03125],"tintindex":0,"rotation":0,"texture":"#0"}}},{"from":[2.3862467,2.6396003,-3.0],"to":[12.883846,11.9708,8.664],"faces":{"east":{"uv":[9.59375,10.78125,9.96875,11.0625],"tintindex":0,"rotation":0,"texture":"#0"},"south":{"uv":[11.1875,3.40625,11.5,3.6875],"tintindex":0,"rotation":0,"texture":"#0"},"north":{"uv":[11.1875,2.59375,11.5,2.875],"tintindex":0,"rotation":0,"texture":"#0"},"west":{"uv":[10.78125,10.28125,11.15625,10.5625],"tintindex":0,"rotation":0,"texture":"#0"},"up":{"uv":[2.875,10.9375,2.5625,10.5625],"tintindex":0,"rotation":0,"texture":"#0"},"down":{"uv":[6.90625,10.5625,6.59375,10.9375],"tintindex":0,"rotation":0,"texture":"#0"}}}]}