{"textures":{"0":"mineinabyss:mobs/orbpiercer"},"elements":[{"from":[8.80928,4.255625,5.627861],"to":[9.93428,5.943125,10.127862],"faces":{"east":{"uv":[11.375,0.0,11.65625,0.09375],"tintindex":0,"rotation":0,"texture":"#0"},"south":{"uv":[10.78125,10.59375,10.84375,10.6875],"tintindex":0,"rotation":0,"texture":"#0"},"north":{"uv":[5.78125,10.21875,5.84375,10.3125],"tintindex":0,"rotation":0,"texture":"#0"},"west":{"uv":[13.78125,0.9375,14.0625,1.03125],"tintindex":0,"rotation":0,"texture":"#0"},"up":{"uv":[13.5,14.15625,13.4375,13.875],"tintindex":0,"rotation":0,"texture":"#0"},"down":{"uv":[14.40625,8.84375,14.34375,9.125],"tintindex":0,"rotation":0,"texture":"#0"}},"rotation":{"origin":[11.171781,3.383751,11.534112],"angle":22.5,"axis":"y"}},{"from":[8.24678,1.4431257,8.440361],"to":[9.37178,3.1306248,12.940362],"faces":{"east":{"uv":[9.96875,0.375,10.25,0.46875],"tintindex":0,"rotation":0,"texture":"#0"},"south":{"uv":[3.8125,9.21875,3.875,9.3125],"tintindex":0,"rotation":0,"texture":"#0"},"north":{"uv":[1.40625,6.4375,1.46875,6.53125],"tintindex":0,"rotation":0,"texture":"#0"},"west":{"uv":[11.1875,4.03125,11.46875,4.125],"tintindex":0,"rotation":0,"texture":"#0"},"up":{"uv":[12.71875,2.78125,12.65625,2.5],"tintindex":0,"rotation":0,"texture":"#0"},"down":{"uv":[13.65625,9.375,13.59375,9.65625],"tintindex":0,"rotation":0,"texture":"#0"}},"rotation":{"origin":[11.171781,3.383751,11.534112],"angle":22.5,"axis":"y"}},{"from":[1.4647126,-2.336874,3.3155823],"to":[7.9447126,8.463125,11.955583],"faces":{"east":{"uv":[0.875,7.96875,1.40625,8.65625],"tintindex":0,"rotation":0,"texture":"#0"},"south":{"uv":[6.625,8.3125,7.03125,9.0],"tintindex":0,"rotation":0,"texture":"#0"},"north":{"uv":[8.28125,8.09375,8.6875,8.78125],"tintindex":0,"rotation":0,"texture":"#0"},"west":{"uv":[8.03125,0.0,8.5625,0.6875],"tintindex":0,"rotation":0,"texture":"#0"},"up":{"uv":[2.625,4.0,2.21875,3.46875],"tintindex":0,"rotation":0,"texture":"#0"},"down":{"uv":[6.8125,4.59375,6.40625,5.125],"tintindex":0,"rotation":0,"texture":"#0"}}},{"from":[2.0047126,-6.6568747,6.555582],"to":[6.8647127,-2.336874,12.955583],"faces":{"east":{"uv":[10.40625,1.65625,10.8125,1.9375],"tintindex":0,"rotation":0,"texture":"#0"},"south":{"uv":[11.15625,8.8125,11.46875,9.09375],"tintindex":0,"rotation":0,"texture":"#0"},"north":{"uv":[11.15625,5.5,11.46875,5.78125],"tintindex":0,"rotation":0,"texture":"#0"},"west":{"uv":[10.71875,8.90625,11.125,9.1875],"tintindex":0,"rotation":0,"texture":"#0"},"up":{"uv":[1.28125,10.78125,0.96875,10.375],"tintindex":0,"rotation":0,"texture":"#0"},"down":{"uv":[10.75,3.84375,10.4375,4.25],"tintindex":0,"rotation":0,"texture":"#0"}}},{"from":[8.69678,1.7806253,12.940362],"to":[9.37178,2.680626,17.440361],"faces":{"east":{"uv":[8.625,3.0,8.90625,3.0625],"tintindex":0,"rotation":0,"texture":"#0"},"south":{"uv":[2.15625,4.46875,2.1875,4.53125],"tintindex":0,"rotation":0,"texture":"#0"},"north":{"uv":[2.15625,4.375,2.1875,4.4375],"tintindex":0,"rotation":0,"texture":"#0"},"west":{"uv":[9.0625,0.53125,9.34375,0.59375],"tintindex":0,"rotation":0,"texture":"#0"},"up":{"uv":[2.4375,7.71875,2.40625,7.4375],"tintindex":0,"rotation":0,"texture":"#0"},"down":{"uv":[2.1875,8.09375,2.15625,8.375],"tintindex":0,"rotation":0,"texture":"#0"}},"rotation":{"origin":[11.171781,3.383751,11.534112],"angle":22.5,"axis":"y"}},{"from":[9.82178,2.3431253,3.377861],"to":[10.49678,3.243126,7.877861],"faces":{"east":{"uv":[14.28125,0.8125,14.5625,0.875],"tintindex":0,"rotation":0,"texture":"#0"},"south":{"uv":[3.96875,7.3125,4.0,7.375],"tintindex":0,"rotation":0,"texture":"#0"},"north":{"uv":[1.875,5.46875,1.90625,5.53125],"tintindex":0,"rotation":0,"texture":"#0"},"west":{"uv":[14.28125,2.125,14.5625,2.1875],"tintindex":0,"rotation":0,"texture":"#0"},"up":{"uv":[8.21875,9.28125,8.1875,9.0],"tintindex":0,"rotation":0,"texture":"#0"},"down":{"uv":[9.09375,9.25,9.0625,9.53125],"tintindex":0,"rotation":0,"texture":"#0"}},"rotation":{"origin":[11.171781,3.383751,11.534112],"angle":22.5,"axis":"y"}},{"from":[8.69678,-0.46937466,6.190361],"to":[9.37178,0.43062592,10.690362],"faces":{"east":{"uv":[11.15625,9.125,11.4375,9.1875],"tintindex":0,"rotation":0,"texture":"#0"},"south":{"uv":[1.875,5.375,1.90625,5.4375],"tintindex":0,"rotation":0,"texture":"#0"},"north":{"uv":[1.875,5.28125,1.90625,5.34375],"tintindex":0,"rotation":0,"texture":"#0"},"west":{"uv":[14.25,13.46875,14.53125,13.53125],"tintindex":0,"rotation":0,"texture":"#0"},"up":{"uv":[4.65625,8.375,4.625,8.09375],"tintindex":0,"rotation":0,"texture":"#0"},"down":{"uv":[3.9375,8.5,3.90625,8.78125],"tintindex":0,"rotation":0,"texture":"#0"}},"rotation":{"origin":[11.171781,3.383751,11.534112],"angle":22.5,"axis":"y"}},{"from":[9.25928,4.5931263,10.127862],"to":[9.93428,5.493126,14.627862],"faces":{"east":{"uv":[14.3125,10.96875,14.59375,11.03125],"tintindex":0,"rotation":0,"texture":"#0"},"south":{"uv":[2.15625,8.40625,2.1875,8.46875],"tintindex":0,"rotation":0,"texture":"#0"},"north":{"uv":[1.4375,7.96875,1.46875,8.03125],"tintindex":0,"rotation":0,"texture":"#0"},"west":{"uv":[14.34375,4.4375,14.625,4.5],"tintindex":0,"rotation":0,"texture":"#0"},"up":{"uv":[3.75,10.65625,3.71875,10.375],"tintindex":0,"rotation":0,"texture":"#0"},"down":{"uv":[10.46875,2.21875,10.4375,2.5],"tintindex":0,"rotation":0,"texture":"#0"}},"rotation":{"origin":[11.171781,3.383751,11.534112],"angle":22.5,"axis":"y"}}]}