{"textures":{"0":"mineinabyss:mobs/orbpiercer"},"elements":[{"from":[5.3809347,9.743959,9.652032],"to":[9.880934,10.643959,10.327032],"faces":{"east":{"uv":[8.59375,0.625,8.625,0.6875],"tintindex":0,"rotation":0,"texture":"#0"},"south":{"uv":[14.34375,9.25,14.625,9.3125],"tintindex":0,"rotation":0,"texture":"#0"},"north":{"uv":[14.34375,9.15625,14.625,9.21875],"tintindex":0,"rotation":0,"texture":"#0"},"west":{"uv":[8.84375,1.3125,8.875,1.375],"tintindex":0,"rotation":0,"texture":"#0"},"up":{"uv":[5.0625,7.21875,4.78125,7.1875],"tintindex":0,"rotation":0,"texture":"#0"},"down":{"uv":[8.25,7.5,7.96875,7.53125],"tintindex":0,"rotation":0,"texture":"#0"}},"rotation":{"origin":[5.3809347,9.097084,9.877031],"angle":22.5,"axis":"y"}},{"from":[-0.84166527,14.582359,0.10213184],"to":[6.1567345,26.246357,9.4333315],"faces":{"east":{"uv":[7.03125,7.5625,7.625,8.28125],"tintindex":0,"rotation":0,"texture":"#0"},"south":{"uv":[3.96875,8.09375,4.40625,8.8125],"tintindex":0,"rotation":0,"texture":"#0"},"north":{"uv":[3.125,5.59375,3.5625,6.3125],"tintindex":0,"rotation":0,"texture":"#0"},"west":{"uv":[7.65625,7.5625,8.25,8.28125],"tintindex":0,"rotation":0,"texture":"#0"},"up":{"uv":[0.4375,9.125,0.0,8.53125],"tintindex":0,"rotation":0,"texture":"#0"},"down":{"uv":[9.0,3.5,8.5625,4.09375],"tintindex":0,"rotation":0,"texture":"#0"}},"rotation":{"origin":[0.26173496,2.2694588,-24.23207],"angle":22.5,"axis":"x"}},{"from":[5.9434347,5.2439594,11.339532],"to":[10.443434,6.143959,12.014532],"faces":{"east":{"uv":[5.71875,11.09375,5.75,11.15625],"tintindex":0,"rotation":0,"texture":"#0"},"south":{"uv":[9.21875,14.375,9.5,14.4375],"tintindex":0,"rotation":0,"texture":"#0"},"north":{"uv":[8.90625,14.375,9.1875,14.4375],"tintindex":0,"rotation":0,"texture":"#0"},"west":{"uv":[11.125,10.0625,11.15625,10.125],"tintindex":0,"rotation":0,"texture":"#0"},"up":{"uv":[12.21875,6.78125,11.9375,6.75],"tintindex":0,"rotation":0,"texture":"#0"},"down":{"uv":[13.15625,8.125,12.875,8.15625],"tintindex":0,"rotation":0,"texture":"#0"}},"rotation":{"origin":[5.9434347,4.597084,11.564531],"angle":22.5,"axis":"y"}},{"from":[5.1559343,6.3689594,-7.4479675],"to":[5.8309345,7.268959,1.3270321],"faces":{"east":{"uv":[13.46875,12.25,14.03125,12.3125],"tintindex":0,"rotation":0,"texture":"#0"},"south":{"uv":[2.84375,10.96875,2.875,11.03125],"tintindex":0,"rotation":0,"texture":"#0"},"north":{"uv":[10.0,10.875,10.03125,10.9375],"tintindex":0,"rotation":0,"texture":"#0"},"west":{"uv":[13.5,9.90625,14.0625,9.96875],"tintindex":0,"rotation":0,"texture":"#0"},"up":{"uv":[9.1875,5.6875,9.15625,5.125],"tintindex":0,"rotation":0,"texture":"#0"},"down":{"uv":[12.875,13.59375,12.84375,14.15625],"tintindex":0,"rotation":0,"texture":"#0"}},"rotation":{"origin":[5.9434347,4.597084,11.564531],"angle":-22.5,"axis":"y"}},{"from":[9.880934,8.618959,9.652032],"to":[18.655935,9.518959,10.327032],"faces":{"east":{"uv":[9.25,4.59375,9.28125,4.65625],"tintindex":0,"rotation":0,"texture":"#0"},"south":{"uv":[13.46875,12.15625,14.03125,12.21875],"tintindex":0,"rotation":0,"texture":"#0"},"north":{"uv":[11.125,6.8125,11.6875,6.875],"tintindex":0,"rotation":0,"texture":"#0"},"west":{"uv":[8.5625,9.34375,8.59375,9.40625],"tintindex":0,"rotation":0,"texture":"#0"},"up":{"uv":[14.78125,1.53125,14.21875,1.5],"tintindex":0,"rotation":0,"texture":"#0"},"down":{"uv":[14.78125,2.875,14.21875,2.90625],"tintindex":0,"rotation":0,"texture":"#0"}},"rotation":{"origin":[5.3809347,9.097084,9.877031],"angle":45.0,"axis":"y"}},{"from":[8.539759,4.1189594,-8.633484],"to":[9.21476,5.018959,-1.2084837],"faces":{"east":{"uv":[13.0,7.78125,13.46875,7.84375],"tintindex":0,"rotation":0,"texture":"#0"},"south":{"uv":[0.3125,11.09375,0.34375,11.15625],"tintindex":0,"rotation":0,"texture":"#0"},"north":{"uv":[0.3125,11.0,0.34375,11.0625],"tintindex":0,"rotation":0,"texture":"#0"},"west":{"uv":[13.6875,2.96875,14.15625,3.03125],"tintindex":0,"rotation":0,"texture":"#0"},"up":{"uv":[7.25,3.0,7.21875,2.53125],"tintindex":0,"rotation":0,"texture":"#0"},"down":{"uv":[0.28125,11.875,0.25,12.34375],"tintindex":0,"rotation":0,"texture":"#0"}}},{"from":[5.9434347,2.8814583,9.539532],"to":[10.443434,4.5689583,10.664532],"faces":{"east":{"uv":[5.6875,14.0625,5.75,14.15625],"tintindex":0,"rotation":0,"texture":"#0"},"south":{"uv":[13.78125,1.4375,14.0625,1.53125],"tintindex":0,"rotation":0,"texture":"#0"},"north":{"uv":[13.78125,1.3125,14.0625,1.40625],"tintindex":0,"rotation":0,"texture":"#0"},"west":{"uv":[6.0625,14.1875,6.125,14.28125],"tintindex":0,"rotation":0,"texture":"#0"},"up":{"uv":[5.03125,14.4375,4.75,14.375],"tintindex":0,"rotation":0,"texture":"#0"},"down":{"uv":[5.34375,14.375,5.0625,14.4375],"tintindex":0,"rotation":0,"texture":"#0"}},"rotation":{"origin":[5.9434347,4.597084,11.564531],"angle":45.0,"axis":"y"}},{"from":[-0.25846577,9.9167595,0.10213184],"to":[4.9903345,14.582359,5.9341316],"faces":{"east":{"uv":[10.78125,3.84375,11.15625,4.125],"tintindex":0,"rotation":0,"texture":"#0"},"south":{"uv":[11.1875,0.625,11.5,0.90625],"tintindex":0,"rotation":0,"texture":"#0"},"north":{"uv":[11.1875,0.3125,11.5,0.59375],"tintindex":0,"rotation":0,"texture":"#0"},"west":{"uv":[9.1875,10.78125,9.5625,11.0625],"tintindex":0,"rotation":0,"texture":"#0"},"up":{"uv":[10.84375,6.40625,10.53125,6.03125],"tintindex":0,"rotation":0,"texture":"#0"},"down":{"uv":[2.53125,10.5625,2.21875,10.9375],"tintindex":0,"rotation":0,"texture":"#0"}},"rotation":{"origin":[0.26173496,2.2694588,-24.23207],"angle":22.5,"axis":"x"}},{"from":[5.3809347,8.281458,9.202032],"to":[9.880934,9.968958,10.327032],"faces":{"east":{"uv":[12.21875,0.46875,12.28125,0.5625],"tintindex":0,"rotation":0,"texture":"#0"},"south":{"uv":[13.78125,1.1875,14.0625,1.28125],"tintindex":0,"rotation":0,"texture":"#0"},"north":{"uv":[13.78125,1.0625,14.0625,1.15625],"tintindex":0,"rotation":0,"texture":"#0"},"west":{"uv":[13.15625,8.625,13.21875,8.71875],"tintindex":0,"rotation":0,"texture":"#0"},"up":{"uv":[14.625,13.84375,14.34375,13.78125],"tintindex":0,"rotation":0,"texture":"#0"},"down":{"uv":[14.625,13.875,14.34375,13.9375],"tintindex":0,"rotation":0,"texture":"#0"}},"rotation":{"origin":[5.3809347,9.097084,9.877031],"angle":45.0,"axis":"y"}},{"from":[3.0184345,3.781458,-1.9354687],"to":[4.1434345,5.468958,7.0645313],"faces":{"east":{"uv":[12.9375,6.90625,13.5,7.0],"tintindex":0,"rotation":0,"texture":"#0"},"south":{"uv":[6.9375,15.1875,7.0,15.28125],"tintindex":0,"rotation":0,"texture":"#0"},"north":{"uv":[6.84375,15.1875,6.90625,15.28125],"tintindex":0,"rotation":0,"texture":"#0"},"west":{"uv":[12.9375,7.03125,13.5,7.125],"tintindex":0,"rotation":0,"texture":"#0"},"up":{"uv":[7.90625,14.15625,7.84375,13.59375],"tintindex":0,"rotation":0,"texture":"#0"},"down":{"uv":[8.0,13.59375,7.9375,14.15625],"tintindex":0,"rotation":0,"texture":"#0"}},"rotation":{"origin":[5.9434347,4.597084,11.564531],"angle":-22.5,"axis":"y"}},{"from":[4.8184347,10.531458,9.202032],"to":[11.343435,12.218958,10.327032],"faces":{"east":{"uv":[13.59375,9.6875,13.65625,9.78125],"tintindex":0,"rotation":0,"texture":"#0"},"south":{"uv":[12.09375,5.6875,12.5,5.78125],"tintindex":0,"rotation":0,"texture":"#0"},"north":{"uv":[11.25,0.9375,11.65625,1.03125],"tintindex":0,"rotation":0,"texture":"#0"},"west":{"uv":[1.28125,14.03125,1.34375,14.125],"tintindex":0,"rotation":0,"texture":"#0"},"up":{"uv":[9.5,2.28125,9.09375,2.21875],"tintindex":0,"rotation":0,"texture":"#0"},"down":{"uv":[14.46875,12.15625,14.0625,12.21875],"tintindex":0,"rotation":0,"texture":"#0"}},"rotation":{"origin":[5.3809347,9.097084,9.877031],"angle":45.0,"axis":"y"}},{"from":[10.443434,3.218958,9.9895315],"to":[14.943434,4.1189594,10.664532],"faces":{"east":{"uv":[8.5625,9.53125,8.59375,9.59375],"tintindex":0,"rotation":0,"texture":"#0"},"south":{"uv":[14.375,3.21875,14.65625,3.28125],"tintindex":0,"rotation":0,"texture":"#0"},"north":{"uv":[14.375,3.125,14.65625,3.1875],"tintindex":0,"rotation":0,"texture":"#0"},"west":{"uv":[1.25,10.1875,1.28125,10.25],