{"textures":{"0":"mineinabyss:mobs/orbpiercer"},"elements":[{"from":[6.897165,18.035948,11.330357],"to":[7.205498,25.977613,11.93869],"faces":{"east":{"uv":[4.71875,13.09375,4.65625,13.84375],"tintindex":0,"rotation":0,"texture":"#0"},"south":{"uv":[7.875,12.3125,7.84375,13.0625],"tintindex":0,"rotation":0,"texture":"#0"},"north":{"uv":[1.40625,12.28125,1.375,13.03125],"tintindex":0,"rotation":0,"texture":"#0"},"west":{"uv":[4.625,13.09375,4.5625,13.84375],"tintindex":0,"rotation":0,"texture":"#0"},"up":{"uv":[10.03125,15.40625,10.0625,15.34375],"tintindex":0,"rotation":0,"texture":"#0"},"down":{"uv":[10.09375,15.34375,10.125,15.40625],"tintindex":0,"rotation":0,"texture":"#0"}}},{"from":[12.522165,16.186224,7.436915],"to":[12.830499,26.719557,7.970249],"faces":{"east":{"uv":[5.75,12.40625,5.6875,13.40625],"tintindex":0,"rotation":0,"texture":"#0"},"south":{"uv":[1.96875,13.59375,1.9375,14.59375],"tintindex":0,"rotation":0,"texture":"#0"},"north":{"uv":[13.40625,13.5625,13.375,14.5625],"tintindex":0,"rotation":0,"texture":"#0"},"west":{"uv":[12.4375,1.03125,12.375,2.03125],"tintindex":0,"rotation":0,"texture":"#0"},"up":{"uv":[15.34375,10.5,15.375,10.4375],"tintindex":0,"rotation":0,"texture":"#0"},"down":{"uv":[15.34375,10.53125,15.375,10.59375],"tintindex":0,"rotation":0,"texture":"#0"}}},{"from":[8.397164,16.320107,12.32037],"to":[8.705498,22.72844,12.928702],"faces":{"east":{"uv":[5.65625,13.59375,5.59375,14.1875],"tintindex":0,"rotation":0,"texture":"#0"},"south":{"uv":[4.34375,14.375,4.3125,14.96875],"tintindex":0,"rotation":0,"texture":"#0"},"north":{"uv":[4.28125,14.375,4.25,14.96875],"tintindex":0,"rotation":0,"texture":"#0"},"west":{"uv":[5.5625,13.59375,5.5,14.1875],"tintindex":0,"rotation":0,"texture":"#0"},"up":{"uv":[9.90625,15.40625,9.9375,15.34375],"tintindex":0,"rotation":0,"texture":"#0"},"down":{"uv":[9.96875,15.34375,10.0,15.40625],"tintindex":0,"rotation":0,"texture":"#0"}}}]}