{"textures":{"0":"mineinabyss:mobs/orbpiercer"},"elements":[{"from":[-6.150365,6.0787296,16.611916],"to":[3.412136,6.6412296,17.624416],"faces":{"east":{"uv":[15.3125,13.6875,15.375,13.71875],"tintindex":0,"rotation":0,"texture":"#0"},"south":{"uv":[9.5625,2.59375,10.15625,2.625],"tintindex":0,"rotation":0,"texture":"#0"},"north":{"uv":[8.1875,1.84375,8.78125,1.875],"tintindex":0,"rotation":0,"texture":"#0"},"west":{"uv":[14.03125,15.3125,14.09375,15.34375],"tintindex":0,"rotation":0,"texture":"#0"},"up":{"uv":[5.75,6.5625,5.15625,6.5],"tintindex":0,"rotation":0,"texture":"#0"},"down":{"uv":[9.8125,6.625,9.21875,6.6875],"tintindex":0,"rotation":0,"texture":"#0"}},"rotation":{"origin":[2.568386,6.3599796,15.993166],"angle":45.0,"axis":"y"}},{"from":[8.415611,15.811842,8.320923],"to":[10.665611,18.061842,21.820923],"faces":{"east":{"uv":[9.46875,8.40625,10.3125,8.5625],"tintindex":0,"rotation":0,"texture":"#0"},"south":{"uv":[14.09375,11.96875,14.25,12.125],"tintindex":0,"rotation":0,"texture":"#0"},"north":{"uv":[11.4375,14.09375,11.59375,14.25],"tintindex":0,"rotation":0,"texture":"#0"},"west":{"uv":[9.46875,8.59375,10.3125,8.75],"tintindex":0,"rotation":0,"texture":"#0"},"up":{"uv":[3.96875,10.21875,3.8125,9.375],"tintindex":0,"rotation":0,"texture":"#0"},"down":{"uv":[4.15625,9.375,4.0,10.21875],"tintindex":0,"rotation":0,"texture":"#0"}},"rotation":{"origin":[9.578112,19.84123,24.261398],"angle":-22.5,"axis":"x"}},{"from":[10.315611,21.774702,16.97913],"to":[10.878111,30.774702,17.879131],"faces":{"east":{"uv":[13.625,10.71875,13.6875,11.28125],"tintindex":0,"rotation":0,"texture":"#0"},"south":{"uv":[6.46875,14.53125,6.5,15.09375],"tintindex":0,"rotation":0,"texture":"#0"},"north":{"uv":[11.90625,14.5,11.9375,15.0625],"tintindex":0,"rotation":0,"texture":"#0"},"west":{"uv":[13.625,12.46875,13.6875,13.03125],"tintindex":0,"rotation":0,"texture":"#0"},"up":{"uv":[15.34375,15.375,15.3125,15.3125],"tintindex":0,"rotation":0,"texture":"#0"},"down":{"uv":[15.375,0.0,15.34375,0.0625],"tintindex":0,"rotation":0,"texture":"#0"}},"rotation":{"origin":[10.578112,21.73102,14.378858],"angle":22.5,"axis":"x"}},{"from":[6.7281113,8.737633,6.4412384],"to":[8.978111,10.987633,19.941238],"faces":{"east":{"uv":[9.4375,3.59375,10.28125,3.75],"tintindex":0,"rotation":0,"texture":"#0"},"south":{"uv":[9.875,14.09375,10.03125,14.25],"tintindex":0,"rotation":0,"texture":"#0"},"north":{"uv":[6.96875,14.09375,7.125,14.25],"tintindex":0,"rotation":0,"texture":"#0"},"west":{"uv":[9.4375,3.78125,10.28125,3.9375],"tintindex":0,"rotation":0,"texture":"#0"},"up":{"uv":[8.34375,10.1875,8.1875,9.34375],"tintindex":0,"rotation":0,"texture":"#0"},"down":{"uv":[8.53125,9.34375,8.375,10.1875],"tintindex":0,"rotation":0,"texture":"#0"}},"rotation":{"origin":[5.3218613,11.550133,8.691238],"angle":-45.0,"axis":"x"}},{"from":[11.978111,15.811842,4.070923],"to":[14.228111,18.061842,17.570923],"faces":{"east":{"uv":[9.46875,1.28125,10.3125,1.4375],"tintindex":0,"rotation":0,"texture":"#0"},"south":{"uv":[14.25,12.34375,14.375,12.5],"tintindex":0,"rotation":0,"texture":"#0"},"north":{"uv":[14.25,11.46875,14.375,11.625],"tintindex":0,"rotation":0,"texture":"#0"},"west":{"uv":[9.46875,1.46875,10.3125,1.625],"tintindex":0,"rotation":0,"texture":"#0"},"up":{"uv":[7.09375,11.8125,6.96875,10.96875],"tintindex":0,"rotation":0,"texture":"#0"},"down":{"uv":[7.25,10.96875,7.125,11.8125],"tintindex":0,"rotation":0,"texture":"#0"}},"rotation":{"origin":[5.6406116,19.84123,26.511398],"angle":-22.5,"axis":"x"}},{"from":[-2.7753649,8.32873,14.361916],"to":[4.537136,8.89123,15.374415],"faces":{"east":{"uv":[15.3125,11.875,15.375,11.90625],"tintindex":0,"rotation":0,"texture":"#0"},"south":{"uv":[12.78125,4.0,13.25,4.03125],"tintindex":0,"rotation":0,"texture":"#0"},"north":{"uv":[12.65625,4.5625,13.125,4.59375],"tintindex":0,"rotation":0,"texture":"#0"},"west":{"uv":[15.3125,13.625,15.375,13.65625],"tintindex":0,"rotation":0,"texture":"#0"},"up":{"uv":[14.25,0.625,13.78125,0.5625],"tintindex":0,"rotation":0,"texture":"#0"},"down":{"uv":[14.25,0.65625,13.78125,0.71875],"tintindex":0,"rotation":0,"texture":"#0"}},"rotation":{"origin":[3.693386,8.60998,13.743166],"angle":45.0,"axis":"y"}},{"from":[5.1262903,5.628729,8.199148],"to":[6.8137903,7.0912285,17.649147],"faces":{"east":{"uv":[12.46875,5.25,13.0625,5.34375],"tintindex":0,"rotation":0,"texture":"#0"},"south":{"uv":[11.90625,11.125,12.0,11.21875],"tintindex":0,"rotation":0,"texture":"#0"},"north":{"uv":[11.71875,0.78125,11.8125,0.875],"tintindex":0,"rotation":0,"texture":"#0"},"west":{"uv":[12.53125,8.625,13.125,8.71875],"tintindex":0,"rotation":0,"texture":"#0"},"up":{"uv":[7.46875,10.28125,7.375,9.6875],"tintindex":0,"rotation":0,"texture":"#0"},"down":{"uv":[12.28125,4.1875,12.1875,4.78125],"tintindex":0,"rotation":0,"texture":"#0"}},"rotation":{"origin":[7.6575403,6.3599796,11.236649],"angle":-22.5,"axis":"y"}},{"from":[9.865611,15.639208,11.372379],"to":[11.328112,22.839209,13.059879],"faces":{"east":{"uv":[13.03125,3.125,13.125,3.5625],"tintindex":0,"rotation":0,"texture":"#0"},"south":{"uv":[13.09375,11.8125,13.1875,12.25],"tintindex":0,"rotation":0,"texture":"#0"},"north":{"uv":[12.21875,0.0,12.3125,0.4375],"tintindex":0,"rotation":0,"texture":"#0"},"west":{"uv":[13.125,0.0,13.21875,0.4375],"tintindex":0,"rotation":0,"texture":"#0"},"up":{"uv":[10.28125,15.09375,10.1875,15.0],"tintindex":0,"rotation":0,"texture":"#0"},"down":{"uv":[12.84375,15.0,12.75,15.09375],"tintindex":0,"rotation":0,"texture":"#0"}},"rotation":{"origin":[10.578112,15.54352,12.128858],"angle":45.0,"axis":"x"}},{"from":[9.415611,15.403872,1.8568497],"to":[11.665611,17.653872,10.856849],"faces":{"east":{"uv":[11.21875,9.375,11.78125,9.53125],"tintindex":0,"rotation":0,"texture":"#0"},"south":{"uv":[2.125,14.125,2.28125,14.28125],"tintindex":0,"rotation":0,"texture":"#0"},"north":{"uv":[14.09375,14.03125,14.25,14.1875],"tintindex":0,"rotation":0,"texture":"#0"},"west":{"uv":[11.25,1.5625,11.8125,1.71875],"tintindex":0,"rotation":0,"texture":"#0"},"up":{"uv":[11.40625,2.3125,11.25,1.75],"tintindex":0,"rotation":0,"texture":"#0"},"down":{"uv":[11.4375,4.46875,11.28125,5.03125],"tintindex":0,"rotation":0,"texture":"#0"}},"rotation":{"origin":[10.578112,18.91852,12.128858],"angle":-45.0,"axis":"x"}},{"from":[6.2512903,7.878729,5.949148],"to":[7.9387903,9.3412285,15.399148],"faces":{"east":{"uv":[10.75,3.125,11.34375,3.21875],"tintindex":0,"rotation":0,"texture":"#0"},"south":{"uv":[10.3125,3.84375,10.40625,3.9375],"tintindex":0,"rotation":0,"texture":"#0"},"north":{"uv":[4.28125,8.84375,4.375,8.9375],"tintindex":0,"rotation":0,"texture":"#0"},"west":{"uv":[12.46875,5.125,13.0625,5.21875],"tintindex":0,"rotation":0,"texture":"#0"},"up":{"uv":[3.09375,7.21875,3.0,6.625],"tintindex":0,"rotation":0,"texture":"#0"},"down":{"uv":[1.40625,8.6875,1.3125,9.28125],"tintindex":0,"rotation":0,"texture":"#0"}},"rotation":{"origin":[8.78254,8.60998,8.986649],"angle":-22.5,"axis":"y"}}]}