{"textures":{"0":"mineinabyss:mobs/orbpiercer"},"elements":[{"from":[4.820648,14.672089,11.022265],"to":[6.283148,21.87209,12.709765],"faces":{"east":{"uv":[6.28125,13.40625,6.375,13.84375],"tintindex":0,"rotation":0,"texture":"#0"},"south":{"uv":[6.40625,13.40625,6.5,13.84375],"tintindex":0,"rotation":0,"texture":"#0"},"north":{"uv":[6.15625,13.40625,6.25,13.84375],"tintindex":0,"rotation":0,"texture":"#0"},"west":{"uv":[0.25,13.4375,0.34375,13.875],"tintindex":0,"rotation":0,"texture":"#0"},"up":{"uv":[15.25,5.75,15.15625,5.65625],"tintindex":0,"rotation":0,"texture":"#0"},"down":{"uv":[5.8125,15.15625,5.71875,15.25],"tintindex":0,"rotation":0,"texture":"#0"}},"rotation":{"origin":[6.570648,14.576405,11.778745],"angle":45.0,"axis":"x"}},{"from":[1.6912689,14.843685,4.715578],"to":[3.9412684,17.093685,18.21558],"faces":{"east":{"uv":[10.3125,1.46875,9.46875,1.625],"tintindex":0,"rotation":0,"texture":"#0"},"south":{"uv":[14.375,12.34375,14.25,12.5],"tintindex":0,"rotation":0,"texture":"#0"},"north":{"uv":[14.375,11.46875,14.25,11.625],"tintindex":0,"rotation":0,"texture":"#0"},"west":{"uv":[10.3125,1.28125,9.46875,1.4375],"tintindex":0,"rotation":0,"texture":"#0"},"up":{"uv":[6.96875,11.8125,7.09375,10.96875],"tintindex":0,"rotation":0,"texture":"#0"},"down":{"uv":[7.125,10.96875,7.25,11.8125],"tintindex":0,"rotation":0,"texture":"#0"}},"rotation":{"origin":[7.2787685,18.87307,27.156054],"angle":-22.5,"axis":"x"}},{"from":[5.270648,20.807583,16.629017],"to":[5.833148,29.807583,17.529018],"faces":{"east":{"uv":[13.71875,3.5,13.78125,4.0625],"tintindex":0,"rotation":0,"texture":"#0"},"south":{"uv":[3.90625,14.71875,3.9375,15.28125],"tintindex":0,"rotation":0,"texture":"#0"},"north":{"uv":[3.84375,14.71875,3.875,15.28125],"tintindex":0,"rotation":0,"texture":"#0"},"west":{"uv":[10.21875,13.71875,10.28125,14.28125],"tintindex":0,"rotation":0,"texture":"#0"},"up":{"uv":[15.375,10.6875,15.34375,10.625],"tintindex":0,"rotation":0,"texture":"#0"},"down":{"uv":[15.375,10.71875,15.34375,10.78125],"tintindex":0,"rotation":0,"texture":"#0"}},"rotation":{"origin":[6.570648,20.763905,14.028745],"angle":22.5,"axis":"x"}}]}