{"textures":{"0":"mineinabyss:mobs/orbpiercer"},"elements":[{"from":[4.295509,16.040735,7.783684],"to":[6.5455084,18.290735,21.283684],"faces":{"east":{"uv":[10.34375,9.375,11.1875,9.53125],"tintindex":0,"rotation":0,"texture":"#0"},"south":{"uv":[14.34375,6.40625,14.46875,6.5625],"tintindex":0,"rotation":0,"texture":"#0"},"north":{"uv":[6.375,14.34375,6.5,14.5],"tintindex":0,"rotation":0,"texture":"#0"},"west":{"uv":[2.03125,10.375,2.875,10.53125],"tintindex":0,"rotation":0,"texture":"#0"},"up":{"uv":[9.625,11.9375,9.5,11.09375],"tintindex":0,"rotation":0,"texture":"#0"},"down":{"uv":[9.78125,11.09375,9.65625,11.9375],"tintindex":0,"rotation":0,"texture":"#0"}},"rotation":{"origin":[5.383009,20.07012,23.72416],"angle":-22.5,"axis":"x"}},{"from":[8.147329,5.8576202,7.661909],"to":[9.834829,7.32012,17.111908],"faces":{"east":{"uv":[12.78125,3.875,13.375,3.96875],"tintindex":0,"rotation":0,"texture":"#0"},"south":{"uv":[5.59375,15.15625,5.6875,15.25],"tintindex":0,"rotation":0,"texture":"#0"},"north":{"uv":[4.96875,15.15625,5.0625,15.25],"tintindex":0,"rotation":0,"texture":"#0"},"west":{"uv":[12.875,7.875,13.46875,7.96875],"tintindex":0,"rotation":0,"texture":"#0"},"up":{"uv":[13.0,1.21875,12.90625,0.625],"tintindex":0,"rotation":0,"texture":"#0"},"down":{"uv":[1.25,12.90625,1.15625,13.5],"tintindex":0,"rotation":0,"texture":"#0"}},"rotation":{"origin":[7.3035793,6.588869,10.699409],"angle":22.5,"axis":"y"}},{"from":[5.9830084,8.966524,5.9039993],"to":[8.233008,11.216524,19.404],"faces":{"east":{"uv":[10.3125,3.65625,11.15625,3.8125],"tintindex":0,"rotation":0,"texture":"#0"},"south":{"uv":[1.5625,14.21875,1.71875,14.375],"tintindex":0,"rotation":0,"texture":"#0"},"north":{"uv":[1.375,14.21875,1.53125,14.375],"tintindex":0,"rotation":0,"texture":"#0"},"west":{"uv":[10.34375,1.28125,11.1875,1.4375],"tintindex":0,"rotation":0,"texture":"#0"},"up":{"uv":[6.125,11.1875,5.96875,10.34375],"tintindex":0,"rotation":0,"texture":"#0"},"down":{"uv":[6.3125,10.34375,6.15625,11.1875],"tintindex":0,"rotation":0,"texture":"#0"}},"rotation":{"origin":[9.639258,11.779024,8.153999],"angle":-45.0,"axis":"x"}},{"from":[3.2955089,15.632765,1.3196087],"to":[5.5455084,17.882765,10.31961],"faces":{"east":{"uv":[11.71875,6.8125,12.28125,6.96875],"tintindex":0,"rotation":0,"texture":"#0"},"south":{"uv":[14.34375,6.78125,14.46875,6.9375],"tintindex":0,"rotation":0,"texture":"#0"},"north":{"uv":[14.34375,6.59375,14.46875,6.75],"tintindex":0,"rotation":0,"texture":"#0"},"west":{"uv":[11.71875,7.0,12.28125,7.15625],"tintindex":0,"rotation":0,"texture":"#0"},"up":{"uv":[12.25,1.625,12.125,1.0625],"tintindex":0,"rotation":0,"texture":"#0"},"down":{"uv":[12.25,1.65625,12.125,2.21875],"tintindex":0,"rotation":0,"texture":"#0"}},"rotation":{"origin":[5.383009,19.147413,11.591619],"angle":-45.0,"axis":"x"}},{"from":[11.548985,6.307619,16.074677],"to":[21.111485,6.870119,17.087177],"faces":{"east":{"uv":[15.34375,0.6875,15.40625,0.71875],"tintindex":0,"rotation":0,"texture":"#0"},"south":{"uv":[12.625,8.5625,13.21875,8.59375],"tintindex":0,"rotation":0,"texture":"#0"},"north":{"uv":[10.5,3.40625,11.09375,3.4375],"tintindex":0,"rotation":0,"texture":"#0"},"west":{"uv":[15.34375,5.90625,15.40625,5.9375],"tintindex":0,"rotation":0,"texture":"#0"},"up":{"uv":[14.0625,12.03125,13.46875,11.96875],"tintindex":0,"rotation":0,"texture":"#0"},"down":{"uv":[14.0625,12.0625,13.46875,12.125],"tintindex":0,"rotation":0,"texture":"#0"}},"rotation":{"origin":[12.392735,6.588869,15.455926],"angle":-45.0,"axis":"y"}},{"from":[7.0223293,8.10762,5.411909],"to":[8.709829,9.57012,14.861909],"faces":{"east":{"uv":[12.65625,4.4375,13.25,4.53125],"tintindex":0,"rotation":0,"texture":"#0"},"south":{"uv":[15.15625,3.75,15.25,3.84375],"tintindex":0,"rotation":0,"texture":"#0"},"north":{"uv":[2.84375,15.15625,2.9375,15.25],"tintindex":0,"rotation":0,"texture":"#0"},"west":{"uv":[12.78125,3.75,13.375,3.84375],"tintindex":0,"rotation":0,"texture":"#0"},"up":{"uv":[12.96875,12.46875,12.875,11.875],"tintindex":0,"rotation":0,"texture":"#0"},"down":{"uv":[13.0,0.0,12.90625,0.59375],"tintindex":0,"rotation":0,"texture":"#0"}},"rotation":{"origin":[6.1785793,8.838869,8.4494095],"angle":22.5,"axis":"y"}},{"from":[10.423985,8.557619,13.8246765],"to":[17.736485,9.120119,14.837176],"faces":{"east":{"uv":[15.3125,14.9375,15.375,14.96875],"tintindex":0,"rotation":0,"texture":"#0"},"south":{"uv":[14.46875,4.71875,14.9375,4.75],"tintindex":0,"rotation":0,"texture":"#0"},"north":{"uv":[13.03125,6.84375,13.5,6.875],"tintindex":0,"rotation":0,"texture":"#0"},"west":{"uv":[15.34375,0.3125,15.40625,0.34375],"tintindex":0,"rotation":0,"texture":"#0"},"up":{"uv":[14.25,0.8125,13.78125,0.75],"tintindex":0,"rotation":0,"texture":"#0"},"down":{"uv":[14.25,0.84375,13.78125,0.90625],"tintindex":0,"rotation":0,"texture":"#0"}},"rotation":{"origin":[11.267735,8.838869,13.205926],"angle":-45.0,"axis":"y"}}]}