{"textures":{"0":"mineinabyss:mobs/orbpiercer"},"elements":[{"from":[16.646378,8.886494,7.3406086],"to":[17.10888,17.936493,8.140609],"faces":{"east":{"uv":[13.625,13.65625,13.6875,14.21875],"tintindex":0,"rotation":0,"texture":"#0"},"south":{"uv":[9.5625,14.6875,9.59375,15.25],"tintindex":0,"rotation":0,"texture":"#0"},"north":{"uv":[9.5,14.6875,9.53125,15.25],"tintindex":0,"rotation":0,"texture":"#0"},"west":{"uv":[13.6875,0.0,13.75,0.5625],"tintindex":0,"rotation":0,"texture":"#0"},"up":{"uv":[1.96875,15.40625,1.9375,15.34375],"tintindex":0,"rotation":0,"texture":"#0"},"down":{"uv":[2.03125,15.34375,2.0,15.40625],"tintindex":0,"rotation":0,"texture":"#0"}},"rotation":{"origin":[16.896378,5.782341,5.729308],"angle":22.5,"axis":"x"}},{"from":[5.0511675,8.97015,5.4640913],"to":[5.7386675,26.97015,6.2640905],"faces":{"east":{"uv":[11.25,12.09375,11.3125,13.21875],"tintindex":0,"rotation":0,"texture":"#0"},"south":{"uv":[11.34375,12.09375,11.40625,13.21875],"tintindex":0,"rotation":0,"texture":"#0"},"north":{"uv":[11.15625,12.09375,11.21875,13.21875],"tintindex":0,"rotation":0,"texture":"#0"},"west":{"uv":[11.4375,12.09375,11.5,13.21875],"tintindex":0,"rotation":0,"texture":"#0"},"up":{"uv":[6.21875,15.375,6.15625,15.3125],"tintindex":0,"rotation":0,"texture":"#0"},"down":{"uv":[15.375,6.28125,15.3125,6.34375],"tintindex":0,"rotation":0,"texture":"#0"}},"rotation":{"origin":[5.4886675,8.926472,2.8138175],"angle":22.5,"axis":"x"}},{"from":[-1.4738331,8.886494,7.3406086],"to":[-1.0113325,17.886494,8.140609],"faces":{"east":{"uv":[4.03125,13.65625,4.09375,14.21875],"tintindex":0,"rotation":0,"texture":"#0"},"south":{"uv":[8.125,14.6875,8.15625,15.25],"tintindex":0,"rotation":0,"texture":"#0"},"north":{"uv":[14.6875,7.53125,14.71875,8.09375],"tintindex":0,"rotation":0,"texture":"#0"},"west":{"uv":[13.65625,11.3125,13.71875,11.875],"tintindex":0,"rotation":0,"texture":"#0"},"up":{"uv":[1.84375,15.40625,1.8125,15.34375],"tintindex":0,"rotation":0,"texture":"#0"},"down":{"uv":[1.90625,15.34375,1.875,15.40625],"tintindex":0,"rotation":0,"texture":"#0"}},"rotation":{"origin":[-1.2613325,5.782341,5.729308],"angle":22.5,"axis":"x"}},{"from":[9.8963785,8.97015,5.4640913],"to":[10.5838785,24.72015,6.2640905],"faces":{"east":{"uv":[12.40625,6.75,12.46875,7.71875],"tintindex":0,"rotation":0,"texture":"#0"},"south":{"uv":[12.40625,8.96875,12.46875,9.9375],"tintindex":0,"rotation":0,"texture":"#0"},"north":{"uv":[6.15625,12.40625,6.21875,13.375],"tintindex":0,"rotation":0,"texture":"#0"},"west":{"uv":[0.25,12.4375,0.3125,13.40625],"tintindex":0,"rotation":0,"texture":"#0"},"up":{"uv":[6.65625,15.375,6.59375,15.3125],"tintindex":0,"rotation":0,"texture":"#0"},"down":{"uv":[6.90625,15.3125,6.84375,15.375],"tintindex":0,"rotation":0,"texture":"#0"}},"rotation":{"origin":[10.1463785,8.926472,2.8138175],"angle":22.5,"axis":"x"}}]}