{"textures":{"0":"mineinabyss:mobs/orbpiercer"},"elements":[{"from":[-2.1291666,14.463987,7.6309433],"to":[-1.5666666,24.063988,8.290943],"faces":{"east":{"uv":[12.5625,8.96875,12.5,9.875],"tintindex":0,"rotation":0,"texture":"#0"},"south":{"uv":[12.5625,6.75,12.5,7.65625],"tintindex":0,"rotation":0,"texture":"#0"},"north":{"uv":[12.53125,4.1875,12.46875,5.09375],"tintindex":0,"rotation":0,"texture":"#0"},"west":{"uv":[4.90625,12.5,4.84375,13.40625],"tintindex":0,"rotation":0,"texture":"#0"},"up":{"uv":[15.3125,10.3125,15.375,10.25],"tintindex":0,"rotation":0,"texture":"#0"},"down":{"uv":[10.28125,15.3125,10.34375,15.375],"tintindex":0,"rotation":0,"texture":"#0"}}},{"from":[3.4958334,13.338987,5.7559433],"to":[4.0583334,22.938988,6.415943],"faces":{"east":{"uv":[12.59375,10.84375,12.53125,11.75],"tintindex":0,"rotation":0,"texture":"#0"},"south":{"uv":[12.59375,7.6875,12.53125,8.59375],"tintindex":0,"rotation":0,"texture":"#0"},"north":{"uv":[12.5625,9.90625,12.5,10.8125],"tintindex":0,"rotation":0,"texture":"#0"},"west":{"uv":[12.59375,5.6875,12.53125,6.59375],"tintindex":0,"rotation":0,"texture":"#0"},"up":{"uv":[15.3125,10.40625,15.375,10.34375],"tintindex":0,"rotation":0,"texture":"#0"},"down":{"uv":[10.375,15.3125,10.4375,15.375],"tintindex":0,"rotation":0,"texture":"#0"}}}]}