{"textures":{"0":"mineinabyss:mobs/orbpiercer"},"elements":[{"from":[2.0518708,8.246044,16.740807],"to":[2.6143708,17.808544,17.753307],"faces":{"east":{"uv":[6.59375,13.40625,6.53125,14.0],"tintindex":0,"rotation":0,"texture":"#0"},"south":{"uv":[0.53125,11.25,0.5,11.84375],"tintindex":0,"rotation":0,"texture":"#0"},"north":{"uv":[6.3125,11.21875,6.28125,11.8125],"tintindex":0,"rotation":0,"texture":"#0"},"west":{"uv":[13.15625,13.34375,13.09375,13.9375],"tintindex":0,"rotation":0,"texture":"#0"},"up":{"uv":[14.125,15.375,14.15625,15.3125],"tintindex":0,"rotation":0,"texture":"#0"},"down":{"uv":[14.375,15.3125,14.40625,15.375],"tintindex":0,"rotation":0,"texture":"#0"}},"rotation":{"origin":[7.0393705,10.335285,15.065232],"angle":45.0,"axis":"x"}},{"from":[7.71875,15.939804,10.92098],"to":[8.28125,25.502304,11.933481],"faces":{"east":{"uv":[13.59375,5.6875,13.65625,6.28125],"tintindex":0,"rotation":0,"texture":"#0"},"south":{"uv":[4.4375,14.375,4.46875,14.96875],"tintindex":0,"rotation":0,"texture":"#0"},"north":{"uv":[4.375,14.375,4.40625,14.96875],"tintindex":0,"rotation":0,"texture":"#0"},"west":{"uv":[13.59375,6.3125,13.65625,6.90625],"tintindex":0,"rotation":0,"texture":"#0"},"up":{"uv":[15.375,10.875,15.34375,10.8125],"tintindex":0,"rotation":0,"texture":"#0"},"down":{"uv":[15.375,10.90625,15.34375,10.96875],"tintindex":0,"rotation":0,"texture":"#0"}},"rotation":{"origin":[8.0,17.0,8.0],"angle":22.5,"axis":"x"}},{"from":[1.6018705,5.737797,6.5562983],"to":[3.0643706,7.425297,16.006298],"faces":{"east":{"uv":[13.15625,4.75,12.5625,4.84375],"tintindex":0,"rotation":0,"texture":"#0"},"south":{"uv":[14.21875,11.09375,14.125,11.1875],"tintindex":0,"rotation":0,"texture":"#0"},"north":{"uv":[14.1875,5.78125,14.09375,5.875],"tintindex":0,"rotation":0,"texture":"#0"},"west":{"uv":[13.15625,4.625,12.5625,4.71875],"tintindex":0,"rotation":0,"texture":"#0"},"up":{"uv":[12.1875,10.71875,12.28125,10.125],"tintindex":0,"rotation":0,"texture":"#0"},"down":{"uv":[12.3125,4.1875,12.40625,4.78125],"tintindex":0,"rotation":0,"texture":"#0"}},"rotation":{"origin":[7.0393705,6.397785,13.377732],"angle":-22.5,"axis":"x"}},{"from":[7.26875,8.029007,4.1185975],"to":[8.73125,17.479008,5.8060975],"faces":{"east":{"uv":[12.90625,1.875,13.0,2.46875],"tintindex":0,"rotation":0,"texture":"#0"},"south":{"uv":[12.90625,3.125,13.0,3.71875],"tintindex":0,"rotation":0,"texture":"#0"},"north":{"uv":[12.90625,1.25,13.0,1.84375],"tintindex":0,"rotation":0,"texture":"#0"},"west":{"uv":[3.28125,12.90625,3.375,13.5],"tintindex":0,"rotation":0,"texture":"#0"},"up":{"uv":[15.25,5.875,15.15625,5.78125],"tintindex":0,"rotation":0,"texture":"#0"},"down":{"uv":[5.9375,15.15625,5.84375,15.25],"tintindex":0,"rotation":0,"texture":"#0"}},"rotation":{"origin":[8.3375,8.648041,4.9623475],"angle":45.0,"axis":"x"}}]}