{"textures":{"0":"mineinabyss:mobs/orbpiercer"},"elements":[{"from":[-8.3995495,13.338987,5.789276],"to":[-7.903716,23.005653,6.3826094],"faces":{"east":{"uv":[12.59375,6.625,12.65625,7.53125],"tintindex":0,"rotation":0,"texture":"#0"},"south":{"uv":[12.59375,8.96875,12.65625,9.875],"tintindex":0,"rotation":0,"texture":"#0"},"north":{"uv":[12.5625,3.6875,12.625,4.59375],"tintindex":0,"rotation":0,"texture":"#0"},"west":{"uv":[12.59375,9.90625,12.65625,10.8125],"tintindex":0,"rotation":0,"texture":"#0"},"up":{"uv":[10.875,15.375,10.8125,15.3125],"tintindex":0,"rotation":0,"texture":"#0"},"down":{"uv":[10.96875,15.3125,10.90625,15.375],"tintindex":0,"rotation":0,"texture":"#0"}}},{"from":[-2.7412167,14.463987,7.664276],"to":[-2.278716,24.163986,8.257609],"faces":{"east":{"uv":[12.5625,0.0,12.625,0.90625],"tintindex":0,"rotation":0,"texture":"#0"},"south":{"uv":[12.5625,0.9375,12.625,1.84375],"tintindex":0,"rotation":0,"texture":"#0"},"north":{"uv":[12.53125,11.78125,12.59375,12.6875],"tintindex":0,"rotation":0,"texture":"#0"},"west":{"uv":[12.5625,1.875,12.625,2.78125],"tintindex":0,"rotation":0,"texture":"#0"},"up":{"uv":[10.6875,15.375,10.625,15.3125],"tintindex":0,"rotation":0,"texture":"#0"},"down":{"uv":[10.78125,15.3125,10.71875,15.375],"tintindex":0,"rotation":0,"texture":"#0"}}}]}