{"textures":{"0":"mineinabyss:mobs/orbpiercer"},"elements":[{"from":[5.830023,0.5436802,19.600275],"to":[6.617523,18.543682,20.500273],"faces":{"east":{"uv":[10.40625,11.90625,10.46875,13.03125],"tintindex":0,"rotation":0,"texture":"#0"},"south":{"uv":[10.5,11.90625,10.5625,13.03125],"tintindex":0,"rotation":0,"texture":"#0"},"north":{"uv":[9.8125,11.90625,9.875,13.03125],"tintindex":0,"rotation":0,"texture":"#0"},"west":{"uv":[10.59375,11.90625,10.65625,13.03125],"tintindex":0,"rotation":0,"texture":"#0"},"up":{"uv":[11.125,8.875,11.0625,8.8125],"tintindex":0,"rotation":0,"texture":"#0"},"down":{"uv":[13.0625,12.1875,13.0,12.25],"tintindex":0,"rotation":0,"texture":"#0"}},"rotation":{"origin":[6.317523,0.5,17.000002],"angle":22.5,"axis":"x"}},{"from":[7.330023,2.0436802,10.600273],"to":[8.117523,14.793682,11.500273],"faces":{"east":{"uv":[13.0,10.5625,13.0625,11.34375],"tintindex":0,"rotation":0,"texture":"#0"},"south":{"uv":[13.0,11.375,13.0625,12.15625],"tintindex":0,"rotation":0,"texture":"#0"},"north":{"uv":[4.375,13.0,4.4375,13.78125],"tintindex":0,"rotation":0,"texture":"#0"},"west":{"uv":[11.9375,13.0,12.0,13.78125],"tintindex":0,"rotation":0,"texture":"#0"},"up":{"uv":[15.125,5.71875,15.0625,5.65625],"tintindex":0,"rotation":0,"texture":"#0"},"down":{"uv":[14.0,15.28125,13.9375,15.34375],"tintindex":0,"rotation":0,"texture":"#0"}},"rotation":{"origin":[7.817523,2.0,8.0],"angle":22.5,"axis":"x"}},{"from":[10.675234,2.0436802,10.600273],"to":[11.462734,14.793682,11.500273],"faces":{"east":{"uv":[2.03125,9.34375,2.09375,10.125],"tintindex":0,"rotation":0,"texture":"#0"},"south":{"uv":[12.375,2.0625,12.4375,2.84375],"tintindex":0,"rotation":0,"texture":"#0"},"north":{"uv":[3.84375,4.5625,3.90625,5.34375],"tintindex":0,"rotation":0,"texture":"#0"},"west":{"uv":[7.5,12.96875,7.5625,13.75],"tintindex":0,"rotation":0,"texture":"#0"},"up":{"uv":[12.09375,14.09375,12.03125,14.03125],"tintindex":0,"rotation":0,"texture":"#0"},"down":{"uv":[14.28125,9.5625,14.21875,9.625],"tintindex":0,"rotation":0,"texture":"#0"}},"rotation":{"origin":[10.975234,2.0,8.0],"angle":22.5,"axis":"x"}},{"from":[9.025234,11.793682,16.975275],"to":[9.812735,29.793682,17.875273],"faces":{"east":{"uv":[4.375,11.84375,4.4375,12.96875],"tintindex":0,"rotation":0,"texture":"#0"},"south":{"uv":[9.03125,11.90625,9.09375,13.03125],"tintindex":0,"rotation":0,"texture":"#0"},"north":{"uv":[4.84375,11.34375,4.90625,12.46875],"tintindex":0,"rotation":0,"texture":"#0"},"west":{"uv":[11.90625,9.65625,11.96875,10.78125],"tintindex":0,"rotation":0,"texture":"#0"},"up":{"uv":[9.9375,6.875,9.875,6.8125],"tintindex":0,"rotation":0,"texture":"#0"},"down":{"uv":[10.3125,8.3125,10.25,8.375],"tintindex":0,"rotation":0,"texture":"#0"}},"rotation":{"origin":[9.325233,0.5,9.5],"angle":22.5,"axis":"x"}},{"from":[12.175234,0.5436802,19.600275],"to":[12.962734,18.543682,20.500273],"faces":{"east":{"uv":[0.59375,11.9375,0.65625,13.0625],"tintindex":0,"rotation":0,"texture":"#0"},"south":{"uv":[0.6875,11.9375,0.75,13.0625],"tintindex":0,"rotation":0,"texture":"#0"},"north":{"uv":[0.5,11.9375,0.5625,13.0625],"tintindex":0,"rotation":0,"texture":"#0"},"west":{"uv":[0.78125,11.9375,0.84375,13.0625],"tintindex":0,"rotation":0,"texture":"#0"},"up":{"uv":[13.15625,14.03125,13.09375,13.96875],"tintindex":0,"rotation":0,"texture":"#0"},"down":{"uv":[2.1875,14.03125,2.125,14.09375],"tintindex":0,"rotation":0,"texture":"#0"}},"rotation":{"origin":[12.475234,0.5,17.000002],"angle":22.5,"axis":"x"}}]}