{"textures":{"0":"mineinabyss:mobs/orbpiercer"},"elements":[{"from":[7.3607078,14.363281,7.1728096],"to":[8.335708,19.163282,8.29781],"faces":{"east":{"uv":[13.4375,11.40625,13.34375,11.84375],"tintindex":0,"rotation":0,"texture":"#0"},"south":{"uv":[8.9375,13.34375,8.84375,13.78125],"tintindex":0,"rotation":0,"texture":"#0"},"north":{"uv":[8.6875,13.34375,8.59375,13.78125],"tintindex":0,"rotation":0,"texture":"#0"},"west":{"uv":[8.8125,13.34375,8.71875,13.78125],"tintindex":0,"rotation":0,"texture":"#0"},"up":{"uv":[8.875,15.1875,8.96875,15.09375],"tintindex":0,"rotation":0,"texture":"#0"},"down":{"uv":[9.375,15.09375,9.46875,15.1875],"tintindex":0,"rotation":0,"texture":"#0"}},"rotation":{"origin":[7.5273747,14.29949,7.6771283],"angle":45.0,"axis":"x"}},{"from":[13.285708,16.953611,18.410645],"to":[13.660708,22.953611,19.010645],"faces":{"east":{"uv":[13.75,9.21875,13.6875,9.78125],"tintindex":0,"rotation":0,"texture":"#0"},"south":{"uv":[1.8125,14.71875,1.78125,15.28125],"tintindex":0,"rotation":0,"texture":"#0"},"north":{"uv":[1.75,14.71875,1.71875,15.28125],"tintindex":0,"rotation":0,"texture":"#0"},"west":{"uv":[13.75,8.625,13.6875,9.1875],"tintindex":0,"rotation":0,"texture":"#0"},"up":{"uv":[8.75,15.40625,8.78125,15.34375],"tintindex":0,"rotation":0,"texture":"#0"},"down":{"uv":[8.8125,15.34375,8.84375,15.40625],"tintindex":0,"rotation":0,"texture":"#0"}},"rotation":{"origin":[13.152374,16.92449,16.67713],"angle":22.5,"axis":"x"}},{"from":[8.485708,15.626414,10.630912],"to":[9.460708,21.926414,11.755912],"faces":{"east":{"uv":[12.875,12.5,12.78125,13.09375],"tintindex":0,"rotation":0,"texture":"#0"},"south":{"uv":[6.59375,12.78125,6.5,13.375],"tintindex":0,"rotation":0,"texture":"#0"},"north":{"uv":[6.34375,12.78125,6.25,13.375],"tintindex":0,"rotation":0,"texture":"#0"},"west":{"uv":[6.46875,12.78125,6.375,13.375],"tintindex":0,"rotation":0,"texture":"#0"},"up":{"uv":[15.09375,3.59375,15.1875,3.5],"tintindex":0,"rotation":0,"texture":"#0"},"down":{"uv":[15.09375,3.625,15.1875,3.71875],"tintindex":0,"rotation":0,"texture":"#0"}},"rotation":{"origin":[8.864875,16.039106,11.193412],"angle":45.0,"axis":"x"}},{"from":[8.785707,20.90028,15.165834],"to":[9.160708,27.27528,15.840834],"faces":{"east":{"uv":[13.65625,5.0625,13.59375,5.65625],"tintindex":0,"rotation":0,"texture":"#0"},"south":{"uv":[14.03125,14.34375,14.0,14.9375],"tintindex":0,"rotation":0,"texture":"#0"},"north":{"uv":[13.96875,14.34375,13.9375,14.9375],"tintindex":0,"rotation":0,"texture":"#0"},"west":{"uv":[5.09375,13.59375,5.03125,14.1875],"tintindex":0,"rotation":0,"texture":"#0"},"up":{"uv":[8.3125,15.40625,8.34375,15.34375],"tintindex":0,"rotation":0,"texture":"#0"},"down":{"uv":[8.375,15.34375,8.40625,15.40625],"tintindex":0,"rotation":0,"texture":"#0"}},"rotation":{"origin":[8.639874,21.607077,13.2185135],"angle":22.5,"axis":"x"}},{"from":[7.4857078,17.707977,10.819862],"to":[8.085708,24.707977,11.444862],"faces":{"east":{"uv":[12.59375,13.34375,12.53125,14.0],"tintindex":0,"rotation":0,"texture":"#0"},"south":{"uv":[12.09375,13.34375,12.03125,14.0],"tintindex":0,"rotation":0,"texture":"#0"},"north":{"uv":[2.0625,13.125,2.0,13.78125],"tintindex":0,"rotation":0,"texture":"#0"},"west":{"uv":[1.34375,13.34375,1.28125,14.0],"tintindex":0,"rotation":0,"texture":"#0"},"up":{"uv":[15.3125,9.59375,15.375,9.53125],"tintindex":0,"rotation":0,"texture":"#0"},"down":{"uv":[9.75,15.3125,9.8125,15.375],"tintindex":0,"rotation":0,"texture":"#0"}},"rotation":{"origin":[7.4523745,17.672443,11.132362],"angle":22.5,"axis":"x"}},{"from":[6.155567,20.90028,16.665834],"to":[6.530567,27.27528,17.340834],"faces":{"east":{"uv":[5.28125,13.59375,5.21875,14.1875],"tintindex":0,"rotation":0,"texture":"#0"},"south":{"uv":[3.625,14.375,3.59375,14.96875],"tintindex":0,"rotation":0,"texture":"#0"},"north":{"uv":[3.5625,14.375,3.53125,14.96875],"tintindex":0,"rotation":0,"texture":"#0"},"west":{"uv":[5.1875,13.59375,5.125,14.1875],"tintindex":0,"rotation":0,"texture":"#0"},"up":{"uv":[8.4375,15.40625,8.46875,15.34375],"tintindex":0,"rotation":0,"texture":"#0"},"down":{"uv":[8.5,15.34375,8.53125,15.40625],"tintindex":0,"rotation":0,"texture":"#0"}},"rotation":{"origin":[6.0097337,21.607077,14.7185135],"angle":22.5,"axis":"x"}},{"from":[8.785707,20.90028,15.165834],"to":[9.160708,27.27528,15.840834],"faces":{"east":{"uv":[13.65625,1.875,13.59375,2.46875],"tintindex":0,"rotation":0,"texture":"#0"},"south":{"uv":[12.53125,14.34375,12.5,14.9375],"tintindex":0,"rotation":0,"texture":"#0"},"north":{"uv":[12.46875,14.34375,12.4375,14.9375],"tintindex":0,"rotation":0,"texture":"#0"},"west":{"uv":[1.90625,13.59375,1.84375,14.1875],"tintindex":0,"rotation":0,"texture":"#0"},"up":{"uv":[7.90625,15.40625,7.9375,15.34375],"tintindex":0,"rotation":0,"texture":"#0"},"down":{"uv":[7.96875,15.34375,8.0,15.40625],"tintindex":0,"rotation":0,"texture":"#0"}},"rotation":{"origin":[8.639874,21.607077,13.2185135],"angle":22.5,"axis":"x"}},{"from":[7.218465,6.694697,17.048523],"to":[8.868464,16.594696,18.698523],"faces":{"east":{"uv":[3.03125,9.21875,2.875,10.15625],"tintindex":0,"rotation":0,"texture":"#0"},"south":{"uv":[2.84375,9.21875,2.6875,10.15625],"tintindex":0,"rotation":0,"texture":"#0"},"north":{"uv":[2.46875,9.21875,2.3125,10.15625],"tintindex":0,"rotation":0,"texture":"#0"},"west":{"uv":[2.65625,9.21875,2.5,10.15625],"tintindex":0,"rotation":0,"texture":"#0"},"up":{"uv":[5.6875,14.34375,5.84375,14.1875],"tintindex":0,"rotation":0,"texture":"#0"},"down":{"uv":[5.875,14.1875,6.03125,14.34375],"tintindex":0,"rotation":0,"texture":"#0"}},"rotation":{"origin":[5.974804,17.950699,17.452614],"angle":45.0,"axis":"x"}},{"from":[8.485708,15.626414,10.630912],"to":[9.460708,21.926414,11.755912],"faces":{"east":{"uv":[11.75,12.84375,11.65625,13.4375],"tintindex":0,"rotation":0,"texture":"#0"},"south":{"uv":[12.90625,10.0,12.8125,10.59375],"tintindex":0,"rotation":0,"texture":"#0"},"north":{"uv":[12.90625,8.75,12.8125,9.34375],"tintindex":0,"rotation":0,"texture":"#0"},"west":{"uv":[12.90625,9.375,12.8125,9.96875],"tintindex":0,"rotation":0,"texture":"#0"},"up":{"uv":[15.09375,9.53125,15.1875,9.4375],"tintindex":0,"rotation":0,"texture":"#0"},"down":{"uv":[15.09375,9.5625,15.1875,9.65625],"tintindex":0,"rotation":0,"texture":"#0"}},"rotation":{"origin":[8.864875,16.039106,11.193412],"angle":45.0,"axis":"x"}},{"from":[8.260708,9.762231,3.8853827],"to":[9.760708,11.262232,12.885383],"faces":{"east":{"uv":[1.21875,10.1875,0.375,10.34375],"tintindex":0,"rotation":0,"texture":"#0"},"south":{"uv":[10.34375,14.3125,10.21875,14.46875],"tintindex":0,"rotation":0,"texture":"#0"},"north":{"uv":[14.4375,9.5625,14.3125,9.71875],"tintindex":0,"rotation":0,"texture":"#0"},"west":{"uv":[10.9375,6.4375,10.09375,6.59375],"tintindex":0,"rotation":0,"texture":"#0"},"up":{"uv":[5.25,11.9375,5.375,11.09375],"tintindex":0,"rotation":0,"texture":"#0"},"down":{"uv":[5.40625,11.09375,5.53125,11.9375],"tintindex":0,"rotation":0,"texture":"#0"}},"rotation":{"origin":[10.364875,11.637232,5.3853827],"angle":-45.0,"axis":"x"}},{"from":[12.760708,12.70639,8.329123],"to":[14.260708,14.20639,14.3291235],"faces":{"east":{"uv":[12.65625,8.8125,12.09375,8.9375],"tintindex":0,"rotation":0,"texture":"#0"},"south":{"uv":[1.34375,14.34375,1.1875,14.46875],"tintindex":0,"rotation":0,"texture":"#0"},"north":{"uv":[1.15625,14.34375,1.0,14.46875],"tintindex":0,"rotation":0,"texture":"#0"},"west":{"uv":[12.65625,5.53125,12.09375,5.65625],"tintindex":0,"rotation":0,"texture":"#0"},"up":{"uv":[0.3125,12.40625,0.46875,11.84375],"tintindex":0,"rotation":0,"texture":"#0"},"down":{"uv":[2.125,11.84375,2.28125,12.40625],"tintindex":0,"rotation":0,"texture":"#0"}},"rotation":{"origin":[13.152374,15.04949,15.177129],"angle":-45.0,"axis":"x"}},{"from":[5.5555673,9.762231,5.3853827],"to":[7.0555673,11.262232,14.385383],"faces":{"east":{"uv":[11.09375,7.75,10.25,7.90625],"tintindex":0,"rotation":0,"texture":"#0"},"south":{"uv":[9.65625,14.1875,9.5,14.34375],"tintindex":0,"rotation":0,