{"textures":{"0":"mineinabyss:mobs/orbpiercer"},"elements":[{"from":[8.945147,21.233612,16.999168],"to":[9.320147,27.608612,17.674168],"faces":{"east":{"uv":[5.125,13.59375,5.1875,14.1875],"tintindex":0,"rotation":0,"texture":"#0"},"south":{"uv":[3.59375,14.375,3.625,14.96875],"tintindex":0,"rotation":0,"texture":"#0"},"north":{"uv":[3.53125,14.375,3.5625,14.96875],"tintindex":0,"rotation":0,"texture":"#0"},"west":{"uv":[5.21875,13.59375,5.28125,14.1875],"tintindex":0,"rotation":0,"texture":"#0"},"up":{"uv":[8.46875,15.40625,8.4375,15.34375],"tintindex":0,"rotation":0,"texture":"#0"},"down":{"uv":[8.53125,15.34375,8.5,15.40625],"tintindex":0,"rotation":0,"texture":"#0"}},"rotation":{"origin":[9.465981,21.94041,15.051847],"angle":22.5,"axis":"x"}},{"from":[6.015006,15.959747,10.964245],"to":[6.990006,22.259748,12.089245],"faces":{"east":{"uv":[6.375,12.78125,6.46875,13.375],"tintindex":0,"rotation":0,"texture":"#0"},"south":{"uv":[6.5,12.78125,6.59375,13.375],"tintindex":0,"rotation":0,"texture":"#0"},"north":{"uv":[6.25,12.78125,6.34375,13.375],"tintindex":0,"rotation":0,"texture":"#0"},"west":{"uv":[12.78125,12.5,12.875,13.09375],"tintindex":0,"rotation":0,"texture":"#0"},"up":{"uv":[15.1875,3.59375,15.09375,3.5],"tintindex":0,"rotation":0,"texture":"#0"},"down":{"uv":[15.1875,3.625,15.09375,3.71875],"tintindex":0,"rotation":0,"texture":"#0"}},"rotation":{"origin":[6.6108394,16.37244,11.526745],"angle":45.0,"axis":"x"}},{"from":[1.2150064,13.039724,8.6624565],"to":[2.7150059,14.539724,14.6624565],"faces":{"east":{"uv":[12.09375,5.53125,12.65625,5.65625],"tintindex":0,"rotation":0,"texture":"#0"},"south":{"uv":[1.1875,14.34375,1.34375,14.46875],"tintindex":0,"rotation":0,"texture":"#0"},"north":{"uv":[1.0,14.34375,1.15625,14.46875],"tintindex":0,"rotation":0,"texture":"#0"},"west":{"uv":[12.09375,8.8125,12.65625,8.9375],"tintindex":0,"rotation":0,"texture":"#0"},"up":{"uv":[0.46875,12.40625,0.3125,11.84375],"tintindex":0,"rotation":0,"texture":"#0"},"down":{"uv":[2.28125,11.84375,2.125,12.40625],"tintindex":0,"rotation":0,"texture":"#0"}},"rotation":{"origin":[2.3233395,15.382823,15.510462],"angle":-45.0,"axis":"x"}},{"from":[5.715006,10.095565,4.218716],"to":[7.2150064,11.595565,13.218716],"faces":{"east":{"uv":[10.09375,6.4375,10.9375,6.59375],"tintindex":0,"rotation":0,"texture":"#0"},"south":{"uv":[10.21875,14.3125,10.34375,14.46875],"tintindex":0,"rotation":0,"texture":"#0"},"north":{"uv":[14.3125,9.5625,14.4375,9.71875],"tintindex":0,"rotation":0,"texture":"#0"},"west":{"uv":[0.375,10.1875,1.21875,10.34375],"tintindex":0,"rotation":0,"texture":"#0"},"up":{"uv":[5.375,11.9375,5.25,11.09375],"tintindex":0,"rotation":0,"texture":"#0"},"down":{"uv":[5.53125,11.09375,5.40625,11.9375],"tintindex":0,"rotation":0,"texture":"#0"}},"rotation":{"origin":[5.1108394,11.970565,5.7187157],"angle":-45.0,"axis":"x"}},{"from":[1.5150061,13.196615,15.006144],"to":[2.490006,17.996616,16.131144],"faces":{"east":{"uv":[6.625,13.375,6.71875,13.8125],"tintindex":0,"rotation":0,"texture":"#0"},"south":{"uv":[6.75,13.375,6.84375,13.8125],"tintindex":0,"rotation":0,"texture":"#0"},"north":{"uv":[13.375,6.0,13.46875,6.4375],"tintindex":0,"rotation":0,"texture":"#0"},"west":{"uv":[6.875,13.375,6.96875,13.8125],"tintindex":0,"rotation":0,"texture":"#0"},"up":{"uv":[12.96875,15.1875,12.875,15.09375],"tintindex":0,"rotation":0,"texture":"#0"},"down":{"uv":[13.09375,15.09375,13.0,15.1875],"tintindex":0,"rotation":0,"texture":"#0"}},"rotation":{"origin":[2.3233395,13.132823,15.510462],"angle":45.0,"axis":"x"}},{"from":[6.840006,14.539724,1.1624556],"to":[8.340006,16.039724,7.162456],"faces":{"east":{"uv":[11.625,9.1875,12.1875,9.34375],"tintindex":0,"rotation":0,"texture":"#0"},"south":{"uv":[9.125,14.1875,9.28125,14.34375],"tintindex":0,"rotation":0,"texture":"#0"},"north":{"uv":[8.9375,14.1875,9.09375,14.34375],"tintindex":0,"rotation":0,"texture":"#0"},"west":{"uv":[11.71875,0.59375,12.28125,0.75],"tintindex":0,"rotation":0,"texture":"#0"},"up":{"uv":[11.875,11.21875,11.71875,10.65625],"tintindex":0,"rotation":0,"texture":"#0"},"down":{"uv":[11.96875,1.75,11.8125,2.3125],"tintindex":0,"rotation":0,"texture":"#0"}},"rotation":{"origin":[7.9483395,16.882824,8.010462],"angle":-45.0,"axis":"x"}},{"from":[6.015006,15.959747,10.964245],"to":[6.990006,22.259748,12.089245],"faces":{"east":{"uv":[12.8125,9.375,12.90625,9.96875],"tintindex":0,"rotation":0,"texture":"#0"},"south":{"uv":[12.8125,10.0,12.90625,10.59375],"tintindex":0,"rotation":0,"texture":"#0"},"north":{"uv":[12.8125,8.75,12.90625,9.34375],"tintindex":0,"rotation":0,"texture":"#0"},"west":{"uv":[11.65625,12.84375,11.75,13.4375],"tintindex":0,"rotation":0,"texture":"#0"},"up":{"uv":[15.1875,9.53125,15.09375,9.4375],"tintindex":0,"rotation":0,"texture":"#0"},"down":{"uv":[15.1875,9.5625,15.09375,9.65625],"tintindex":0,"rotation":0,"texture":"#0"}},"rotation":{"origin":[6.6108394,16.37244,11.526745],"angle":45.0,"axis":"x"}},{"from":[6.3150063,21.233612,15.499167],"to":[6.6900063,27.608612,16.174168],"faces":{"east":{"uv":[1.84375,13.59375,1.90625,14.1875],"tintindex":0,"rotation":0,"texture":"#0"},"south":{"uv":[12.5,14.34375,12.53125,14.9375],"tintindex":0,"rotation":0,"texture":"#0"},"north":{"uv":[12.4375,14.34375,12.46875,14.9375],"tintindex":0,"rotation":0,"texture":"#0"},"west":{"uv":[13.59375,1.875,13.65625,2.46875],"tintindex":0,"rotation":0,"texture":"#0"},"up":{"uv":[7.9375,15.40625,7.90625,15.34375],"tintindex":0,"rotation":0,"texture":"#0"},"down":{"uv":[8.0,15.34375,7.96875,15.40625],"tintindex":0,"rotation":0,"texture":"#0"}},"rotation":{"origin":[6.8358393,21.94041,13.551847],"angle":22.5,"axis":"x"}},{"from":[6.3150063,21.233612,15.499167],"to":[6.6900063,27.608612,16.174168],"faces":{"east":{"uv":[5.03125,13.59375,5.09375,14.1875],"tintindex":0,"rotation":0,"texture":"#0"},"south":{"uv":[14.0,14.34375,14.03125,14.9375],"tintindex":0,"rotation":0,"texture":"#0"},"north":{"uv":[13.9375,14.34375,13.96875,14.9375],"tintindex":0,"rotation":0,"texture":"#0"},"west":{"uv":[13.59375,5.0625,13.65625,5.65625],"tintindex":0,"rotation":0,"texture":"#0"},"up":{"uv":[8.34375,15.40625,8.3125,15.34375],"tintindex":0,"rotation":0,"texture":"#0"},"down":{"uv":[8.40625,15.34375,8.375,15.40625],"tintindex":0,"rotation":0,"texture":"#0"}},"rotation":{"origin":[6.8358393,21.94041,13.551847],"angle":22.5,"axis":"x"}},{"from":[1.8150063,17.286945,18.743979],"to":[2.1900063,23.286945,19.343979],"faces":{"east":{"uv":[13.6875,8.625,13.75,9.1875],"tintindex":0,"rotation":0,"texture":"#0"},"south":{"uv":[1.78125,14.71875,1.8125,15.28125],"tintindex":0,"rotation":0,"texture":"#0"},"north":{"uv":[1.71875,14.71875,1.75,15.28125],"tintindex":0,"rotation":0,"texture":"#0"},"west":{"uv":[13.6875,9.21875,13.75,9.78125],"tintindex":0,"rotation":0,"texture":"#0"},"up":{"uv":[8.78125,15.40625,8.75,15.34375],"tintindex":0,"rotation":0,"texture":"#0"},"down":{"uv":[8.84375,15.34375,8.8125,15.40625],"tintindex":0,"rotation":0,"texture":"#0"}},"rotation":{"origin":[2.3233395,17.257824,17.010464],"angle":22.5,"axis":"x"}},{"from":[0.98224926,5.9030304,15.506856],"to":[2.6322489,15.80303,17.156857],"faces":{"east":{"uv":[3.25,9.21875,3.40625,10.15625],"tintindex":0,"rotation":0,"texture":"#0"},"south":{"uv":[3.4375,9.21875,3.59375,10.15625],"tintindex":0,"rotation":0,"texture":"#0"},"north":{"uv":[3.0625,9.21875,3.21875,10.15625],"tintindex":0,"rotation":0,"texture":"#0"},"west":{"uv":[3.625,9.21875,3.78125,10.15625],"tintindex":0,"rotation":0,"texture":"#0"},"up":{"uv":[8.0,14.34375,7.84375,14.1875],"tintindex":0,"rotation":0,"texture":"#0"},"down":{"uv":[8.1875,14.1875,8.03125,14.34375],"tintindex":0,"rotation":0,"texture":"#0"}},"rotation":{"origin":[3.8759098,17.159033,15.910948],"angle":45.0,"axis":"x"}},{"from":[5.715006,10.095565,4.218716],"to":[7.2150064,11.595565,13.218716],"faces":{"east":{"uv":[10.1875,9.71875,11.03125,9.875],"tintindex":0,"rotation":0,"texture":"#0"},"south":{"uv":[14.3125,10.59375,14.4375,10.75],"tintindex":0,