{"textures":{"0":"mineinabyss:mobs/orbpiercer"},"elements":[{"from":[10.600234,2.0436802,10.650272],"to":[11.537734,14.893681,11.4502735],"faces":{"east":{"uv":[0.8125,13.09375,0.875,13.875],"tintindex":0,"rotation":0,"texture":"#0"},"south":{"uv":[0.90625,13.09375,0.96875,13.875],"tintindex":0,"rotation":0,"texture":"#0"},"north":{"uv":[0.71875,13.09375,0.78125,13.875],"tintindex":0,"rotation":0,"texture":"#0"},"west":{"uv":[1.0,13.09375,1.0625,13.875],"tintindex":0,"rotation":0,"texture":"#0"},"up":{"uv":[15.375,5.1875,15.3125,5.125],"tintindex":0,"rotation":0,"texture":"#0"},"down":{"uv":[15.375,5.21875,15.3125,5.28125],"tintindex":0,"rotation":0,"texture":"#0"}},"rotation":{"origin":[10.975234,2.0,8.0],"angle":22.5,"axis":"x"}},{"from":[12.100234,0.5436802,19.650274],"to":[13.037734,18.593681,20.450274],"faces":{"east":{"uv":[10.78125,12.0625,10.84375,13.1875],"tintindex":0,"rotation":0,"texture":"#0"},"south":{"uv":[10.875,12.0625,10.9375,13.1875],"tintindex":0,"rotation":0,"texture":"#0"},"north":{"uv":[10.6875,12.0625,10.75,13.1875],"tintindex":0,"rotation":0,"texture":"#0"},"west":{"uv":[10.96875,12.0625,11.03125,13.1875],"tintindex":0,"rotation":0,"texture":"#0"},"up":{"uv":[15.375,5.0,15.3125,4.9375],"tintindex":0,"rotation":0,"texture":"#0"},"down":{"uv":[15.375,5.03125,15.3125,5.09375],"tintindex":0,"rotation":0,"texture":"#0"}},"rotation":{"origin":[12.475234,0.5,16.999998],"angle":22.5,"axis":"x"}},{"from":[7.255023,2.0436802,10.650272],"to":[8.192523,14.843681,11.4502735],"faces":{"east":{"uv":[2.90625,13.09375,2.96875,13.875],"tintindex":0,"rotation":0,"texture":"#0"},"south":{"uv":[3.0,13.09375,3.0625,13.875],"tintindex":0,"rotation":0,"texture":"#0"},"north":{"uv":[2.8125,13.09375,2.875,13.875],"tintindex":0,"rotation":0,"texture":"#0"},"west":{"uv":[3.09375,13.09375,3.15625,13.875],"tintindex":0,"rotation":0,"texture":"#0"},"up":{"uv":[5.34375,15.375,5.28125,15.3125],"tintindex":0,"rotation":0,"texture":"#0"},"down":{"uv":[15.375,5.3125,15.3125,5.375],"tintindex":0,"rotation":0,"texture":"#0"}},"rotation":{"origin":[7.817523,2.0,8.0],"angle":22.5,"axis":"x"}},{"from":[5.755023,0.5436802,19.650274],"to":[6.692523,18.69368,20.450274],"faces":{"east":{"uv":[3.9375,12.03125,4.0,13.15625],"tintindex":0,"rotation":0,"texture":"#0"},"south":{"uv":[4.03125,12.03125,4.09375,13.15625],"tintindex":0,"rotation":0,"texture":"#0"},"north":{"uv":[3.84375,12.03125,3.90625,13.15625],"tintindex":0,"rotation":0,"texture":"#0"},"west":{"uv":[12.03125,11.125,12.09375,12.25],"tintindex":0,"rotation":0,"texture":"#0"},"up":{"uv":[4.875,15.375,4.8125,15.3125],"tintindex":0,"rotation":0,"texture":"#0"},"down":{"uv":[15.375,4.84375,15.3125,4.90625],"tintindex":0,"rotation":0,"texture":"#0"}},"rotation":{"origin":[6.317523,0.5,16.999998],"angle":22.5,"axis":"x"}},{"from":[8.950233,11.793682,17.025274],"to":[9.887733,30.093681,17.825274],"faces":{"east":{"uv":[12.0,9.65625,12.0625,10.78125],"tintindex":0,"rotation":0,"texture":"#0"},"south":{"uv":[12.03125,1.0625,12.09375,2.1875],"tintindex":0,"rotation":0,"texture":"#0"},"north":{"uv":[12.0,7.34375,12.0625,8.46875],"tintindex":0,"rotation":0,"texture":"#0"},"west":{"uv":[3.75,12.03125,3.8125,13.15625],"tintindex":0,"rotation":0,"texture":"#0"},"up":{"uv":[15.375,4.59375,15.3125,4.53125],"tintindex":0,"rotation":0,"texture":"#0"},"down":{"uv":[4.65625,15.3125,4.59375,15.375],"tintindex":0,"rotation":0,"texture":"#0"}},"rotation":{"origin":[9.325233,0.5,9.5],"angle":22.5,"axis":"x"}}]}