{"textures":{"0":"mineinabyss:mobs/orbpiercer"},"elements":[{"from":[13.205919,13.640968,3.0094075],"to":[14.705919,15.140968,12.009408],"faces":{"east":{"uv":[9.5625,0.0,10.40625,0.15625],"tintindex":0,"rotation":0,"texture":"#0"},"south":{"uv":[14.15625,4.0625,14.3125,4.21875],"tintindex":0,"rotation":0,"texture":"#0"},"north":{"uv":[3.21875,14.15625,3.375,14.3125],"tintindex":0,"rotation":0,"texture":"#0"},"west":{"uv":[9.5625,2.21875,10.40625,2.375],"tintindex":0,"rotation":0,"texture":"#0"},"up":{"uv":[9.09375,10.46875,8.9375,9.625],"tintindex":0,"rotation":0,"texture":"#0"},"down":{"uv":[9.28125,9.625,9.125,10.46875],"tintindex":0,"rotation":0,"texture":"#0"}},"rotation":{"origin":[13.93092,14.773613,13.242138],"angle":-45.0,"axis":"x"}},{"from":[8.930919,12.808493,9.294158],"to":[9.905919,17.60849,10.419159],"faces":{"east":{"uv":[13.21875,12.03125,13.3125,12.46875],"tintindex":0,"rotation":0,"texture":"#0"},"south":{"uv":[13.25,0.0,13.34375,0.4375],"tintindex":0,"rotation":0,"texture":"#0"},"north":{"uv":[13.21875,11.5625,13.3125,12.0],"tintindex":0,"rotation":0,"texture":"#0"},"west":{"uv":[13.25,0.46875,13.34375,0.90625],"tintindex":0,"rotation":0,"texture":"#0"},"up":{"uv":[15.15625,6.84375,15.0625,6.75],"tintindex":0,"rotation":0,"texture":"#0"},"down":{"uv":[6.9375,15.0625,6.84375,15.15625],"tintindex":0,"rotation":0,"texture":"#0"}},"rotation":{"origin":[9.430919,12.7447,9.798477],"angle":45.0,"axis":"x"}},{"from":[1.3507776,13.892569,11.378193],"to":[2.325778,15.017569,16.178192],"faces":{"east":{"uv":[13.0,7.53125,13.4375,7.625],"tintindex":0,"rotation":0,"texture":"#0"},"south":{"uv":[15.0625,6.375,15.15625,6.46875],"tintindex":0,"rotation":0,"texture":"#0"},"north":{"uv":[4.84375,15.0625,4.9375,15.15625],"tintindex":0,"rotation":0,"texture":"#0"},"west":{"uv":[13.0,7.65625,13.4375,7.75],"tintindex":0,"rotation":0,"texture":"#0"},"up":{"uv":[13.28125,11.53125,13.1875,11.09375],"tintindex":0,"rotation":0,"texture":"#0"},"down":{"uv":[13.28125,12.625,13.1875,13.0625],"tintindex":0,"rotation":0,"texture":"#0"}},"rotation":{"origin":[1.825778,14.773613,13.242138],"angle":-45.0,"axis":"x"}},{"from":[5.850778,12.808493,9.294158],"to":[6.825778,17.60849,10.419159],"faces":{"east":{"uv":[10.65625,13.21875,10.75,13.65625],"tintindex":0,"rotation":0,"texture":"#0"},"south":{"uv":[10.78125,13.21875,10.875,13.65625],"tintindex":0,"rotation":0,"texture":"#0"},"north":{"uv":[13.1875,13.09375,13.28125,13.53125],"tintindex":0,"rotation":0,"texture":"#0"},"west":{"uv":[10.90625,13.21875,11.0,13.65625],"tintindex":0,"rotation":0,"texture":"#0"},"up":{"uv":[15.15625,6.59375,15.0625,6.5],"tintindex":0,"rotation":0,"texture":"#0"},"down":{"uv":[15.15625,6.625,15.0625,6.71875],"tintindex":0,"rotation":0,"texture":"#0"}},"rotation":{"origin":[6.325778,12.7447,9.798477],"angle":45.0,"axis":"x"}},{"from":[13.43092,13.892569,11.378193],"to":[14.405919,15.017569,16.178192],"faces":{"east":{"uv":[13.03125,3.59375,13.46875,3.6875],"tintindex":0,"rotation":0,"texture":"#0"},"south":{"uv":[7.34375,15.0625,7.4375,15.15625],"tintindex":0,"rotation":0,"texture":"#0"},"north":{"uv":[6.96875,15.0625,7.0625,15.15625],"tintindex":0,"rotation":0,"texture":"#0"},"west":{"uv":[13.09375,5.125,13.53125,5.21875],"tintindex":0,"rotation":0,"texture":"#0"},"up":{"uv":[13.34375,1.375,13.25,0.9375],"tintindex":0,"rotation":0,"texture":"#0"},"down":{"uv":[13.34375,1.40625,13.25,1.84375],"tintindex":0,"rotation":0,"texture":"#0"}},"rotation":{"origin":[13.93092,14.773613,13.242138],"angle":-45.0,"axis":"x"}},{"from":[1.0507779,13.640968,3.0094075],"to":[2.5507784,15.140968,12.009408],"faces":{"east":{"uv":[9.5625,2.40625,10.40625,2.5625],"tintindex":0,"rotation":0,"texture":"#0"},"south":{"uv":[14.15625,7.34375,14.3125,7.5],"tintindex":0,"rotation":0,"texture":"#0"},"north":{"uv":[14.15625,7.15625,14.3125,7.3125],"tintindex":0,"rotation":0,"texture":"#0"},"west":{"uv":[9.5625,3.96875,10.40625,4.125],"tintindex":0,"rotation":0,"texture":"#0"},"up":{"uv":[4.8125,10.5,4.65625,9.65625],"tintindex":0,"rotation":0,"texture":"#0"},"down":{"uv":[5.0,9.65625,4.84375,10.5],"tintindex":0,"rotation":0,"texture":"#0"}},"rotation":{"origin":[1.825778,14.773613,13.242138],"angle":-45.0,"axis":"x"}},{"from":[5.5507784,12.651602,-2.7161942],"to":[7.0507784,14.151602,8.950472],"faces":{"east":{"uv":[11.5,8.8125,12.0625,8.96875],"tintindex":0,"rotation":0,"texture":"#0"},"south":{"uv":[7.15625,14.15625,7.3125,14.3125],"tintindex":0,"rotation":0,"texture":"#0"},"north":{"uv":[14.15625,6.96875,14.3125,7.125],"tintindex":0,"rotation":0,"texture":"#0"},"west":{"uv":[11.5,9.0,12.0625,9.15625],"tintindex":0,"rotation":0,"texture":"#0"},"up":{"uv":[3.71875,12.1875,3.5625,11.625],"tintindex":0,"rotation":0,"texture":"#0"},"down":{"uv":[7.6875,11.625,7.53125,12.1875],"tintindex":0,"rotation":0,"texture":"#0"}},"rotation":{"origin":[6.325778,14.9947,9.798477],"angle":-45.0,"axis":"x"}},{"from":[0.3174448,14.839455,12.631299],"to":[0.6924448,21.214455,13.231298],"faces":{"east":{"uv":[13.5,8.03125,13.5625,8.625],"tintindex":0,"rotation":0,"texture":"#0"},"south":{"uv":[13.3125,14.1875,13.34375,14.78125],"tintindex":0,"rotation":0,"texture":"#0"},"north":{"uv":[8.21875,14.1875,8.25,14.78125],"tintindex":0,"rotation":0,"texture":"#0"},"west":{"uv":[13.5,8.65625,13.5625,9.25],"tintindex":0,"rotation":0,"texture":"#0"},"up":{"uv":[0.84375,15.40625,0.8125,15.34375],"tintindex":0,"rotation":0,"texture":"#0"},"down":{"uv":[15.375,0.8125,15.34375,0.875],"tintindex":0,"rotation":0,"texture":"#0"}}},{"from":[6.000778,16.898819,13.031994],"to":[6.5257783,28.898819,13.631993],"faces":{"east":{"uv":[12.09375,9.65625,12.15625,10.78125],"tintindex":0,"rotation":0,"texture":"#0"},"south":{"uv":[10.28125,12.09375,10.34375,13.21875],"tintindex":0,"rotation":0,"texture":"#0"},"north":{"uv":[12.09375,7.34375,12.15625,8.46875],"tintindex":0,"rotation":0,"texture":"#0"},"west":{"uv":[11.0625,12.09375,11.125,13.21875],"tintindex":0,"rotation":0,"texture":"#0"},"up":{"uv":[5.4375,15.375,5.375,15.3125],"tintindex":0,"rotation":0,"texture":"#0"},"down":{"uv":[15.375,5.40625,15.3125,5.46875],"tintindex":0,"rotation":0,"texture":"#0"}},"rotation":{"origin":[6.325778,16.869701,11.298478],"angle":22.5,"axis":"x"}},{"from":[0.3924446,10.804473,11.603525],"to":[1.367445,15.604472,12.728525],"faces":{"east":{"uv":[13.1875,4.5625,13.28125,5.0],"tintindex":0,"rotation":0,"texture":"#0"},"south":{"uv":[13.1875,10.15625,13.28125,10.59375],"tintindex":0,"rotation":0,"texture":"#0"},"north":{"uv":[4.0,13.1875,4.09375,13.625],"tintindex":0,"rotation":0,"texture":"#0"},"west":{"uv":[13.1875,10.625,13.28125,11.0625],"tintindex":0,"rotation":0,"texture":"#0"},"up":{"uv":[4.1875,15.15625,4.09375,15.0625],"tintindex":0,"rotation":0,"texture":"#0"},"down":{"uv":[4.3125,15.0625,4.21875,15.15625],"tintindex":0,"rotation":0,"texture":"#0"}},"rotation":{"origin":[1.242445,13.327678,11.749065],"angle":22.5,"axis":"x"}},{"from":[14.122585,5.4836655,11.359953],"to":[15.622585,11.483665,12.859953],"faces":{"east":{"uv":[11.53125,3.125,11.6875,3.6875],"tintindex":0,"rotation":0,"texture":"#0"},"south":{"uv":[11.53125,3.71875,11.6875,4.28125],"tintindex":0,"rotation":0,"texture":"#0"},"north":{"uv":[11.53125,0.3125,11.6875,0.875],"tintindex":0,"rotation":0,"texture":"#0"},"west":{"uv":[11.53125,10.0625,11.6875,10.625],"tintindex":0,"rotation":0,"texture":"#0"},"up":{"uv":[14.3125,4.40625,14.15625,4.25],"tintindex":0,"rotation":0,"texture":"#0"},"down":{"uv":[14.3125,6.40625,14.15625,6.5625],"tintindex":0,"rotation":0,"texture":"#0"}},"rotation":{"origin":[14.847586,13.327678,11.749065],"angle":22.5,"axis":"x"}},{"from":[1.6507783,16.843048,14.283005],"to":[2.0257783,22.843048,14.883005],"faces":{"east":{"uv":[13.625,13.0625,13.6875,13.625],"tintindex":0,"rotation":0,"texture":"#0"},"south":{"uv":[8.0625,14.5625,8.09375,15.125],"tintindex":0,"rotation":0,"texture":"#0"},"north":{"uv":[3.46875,14.5625,3.5,15.125],"tintindex":0,"rotation":0,"texture":"#0"},