{"textures":{"0":"minecraft:creatures/corpseweeper/body","1":"minecraft:creatures/corpseweeper/leg","2":"minecraft:creatures/corpseweeper/wings_flying"},"elements":[{"name":"cube","from":[-13.240062,6.750044,7.81208],"to":[-0.12151766,7.592456,8.65448],"rotation":{"angle":45.0,"axis":"z","origin":[2.9403064,12.7093525,9.627129]},"faces":{"down":{"uv":[1.875,1.625,2.0,3.625],"rotation":270,"texture":"#2","tintindex":0},"east":{"uv":[1.875,1.5,1.75,1.625],"rotation":180,"texture":"#2","tintindex":0},"north":{"uv":[1.75,1.625,1.875,3.625],"rotation":90,"texture":"#2","tintindex":0},"south":{"uv":[1.5,1.625,1.625,3.625],"rotation":270,"texture":"#2","tintindex":0},"up":{"uv":[1.625,1.625,1.75,3.625],"rotation":270,"texture":"#2","tintindex":0},"west":{"uv":[1.75,1.625,1.625,1.5],"rotation":0,"texture":"#2","tintindex":0}}},{"name":"cube","from":[-16.0,7.0718956,7.82408],"to":[-0.10240126,7.171256,17.36264],"rotation":{"angle":45.0,"axis":"z","origin":[2.9403064,12.7093525,9.627129]},"faces":{"down":{"uv":[1.3125,0.15625,0.1875,2.65625],"rotation":270,"texture":"#2","tintindex":0},"east":{"uv":[1.375,0.0,0.75,0.125],"rotation":180,"texture":"#2","tintindex":0},"north":{"uv":[0.75,0.125,0.875,2.625],"rotation":90,"texture":"#2","tintindex":0},"south":{"uv":[0.0,0.125,0.125,2.625],"rotation":270,"texture":"#2","tintindex":0},"up":{"uv":[0.1875,0.15625,1.3125,2.65625],"rotation":270,"texture":"#2","tintindex":0},"west":{"uv":[0.75,0.125,0.125,0.0],"rotation":0,"texture":"#2","tintindex":0}}}],"display":{"head":{"translation":[-6.946594,-6.4,0.0],"rotation":[0.0,0.0,0.0],"scale":[3.8095,3.8095,3.8095]}}}