{"textures":{"0":"mineinabyss:mobs/hammerbeak"},"elements":[{"from":[5.80352,6.6196113,6.117303],"to":[6.4310856,8.188526,7.6862173],"rotation":{"angle":0.0,"axis":"y","origin":[2.7702851,5.782857,2.7702851]},"faces":{"east":{"uv":[5.75,10.5,6.4375,11.1875],"rotation":0,"texture":"#0","tintindex":0},"south":{"uv":[10.0,11.75,10.25,12.4375],"rotation":0,"texture":"#0","tintindex":0},"north":{"uv":[1.5,10.75,1.75,11.4375],"rotation":0,"texture":"#0","tintindex":0},"west":{"uv":[6.5,10.5,7.1875,11.1875],"rotation":0,"texture":"#0","tintindex":0},"up":{"uv":[0.75,12.6875,0.5,12.0],"rotation":0,"texture":"#0","tintindex":0},"down":{"uv":[3.75,12.0,3.5,12.6875],"rotation":0,"texture":"#0","tintindex":0}}},{"from":[9.242057,6.6196113,6.117303],"to":[9.869623,8.188526,7.6862173],"rotation":{"angle":0.0,"axis":"y","origin":[2.7702851,5.782857,2.7702851]},"faces":{"east":{"uv":[7.25,10.5,7.9375,11.1875],"rotation":0,"texture":"#0","tintindex":0},"south":{"uv":[4.0,12.0,4.25,12.6875],"rotation":0,"texture":"#0","tintindex":0},"north":{"uv":[3.75,12.0,4.0,12.6875],"rotation":0,"texture":"#0","tintindex":0},"west":{"uv":[10.5,9.0,11.1875,9.6875],"rotation":0,"texture":"#0","tintindex":0},"up":{"uv":[4.5,12.6875,4.25,12.0],"rotation":0,"texture":"#0","tintindex":0},"down":{"uv":[12.25,4.5,12.0,5.1875],"rotation":0,"texture":"#0","tintindex":0}}},{"from":[9.163611,7.4825144,6.038857],"to":[14.654812,7.6394057,11.530057],"rotation":{"angle":0.0,"axis":"y","origin":[2.7702851,5.782857,2.7702851]},"faces":{"east":{"uv":[12.0,9.75,14.375,9.8125],"rotation":0,"texture":"#0","tintindex":0},"south":{"uv":[12.0,10.0,14.375,10.0625],"rotation":0,"texture":"#0","tintindex":0},"north":{"uv":[12.0,9.5,14.375,9.5625],"rotation":0,"texture":"#0","tintindex":0},"west":{"uv":[12.0,10.25,14.375,10.3125],"rotation":0,"texture":"#0","tintindex":0},"up":{"uv":[2.375,6.875,0.0,4.5],"rotation":0,"texture":"#0","tintindex":0},"down":{"uv":[4.875,4.5,2.5,6.875],"rotation":0,"texture":"#0","tintindex":0}}},{"from":[14.400099,5.466198,6.1957483],"to":[20.989538,5.5446434,11.216274],"rotation":{"angle":22.5,"axis":"z","origin":[9.222681,6.3291006,7.7646627]},"faces":{"east":{"uv":[0.75,12.25,2.9375,12.3125],"rotation":0,"texture":"#0","tintindex":0},"south":{"uv":[12.0,3.25,14.875,3.3125],"rotation":0,"texture":"#0","tintindex":0},"north":{"uv":[12.0,3.0,14.875,3.0625],"rotation":0,"texture":"#0","tintindex":0},"west":{"uv":[12.25,2.25,14.4375,2.3125],"rotation":0,"texture":"#0","tintindex":0},"up":{"uv":[2.875,2.1875,0.0,0.0],"rotation":0,"texture":"#0","tintindex":0},"down":{"uv":[2.875,2.25,0.0,4.4375],"rotation":0,"texture":"#0","tintindex":0}}},{"from":[14.400099,4.838632,6.1957483],"to":[19.106842,5.7799807,7.1370974],"rotation":{"angle":22.5,"axis":"z","origin":[9.222681,6.3291006,7.7646627]},"faces":{"east":{"uv":[4.75,9.0,5.1875,9.4375],"rotation":0,"texture":"#0","tintindex":0},"south":{"uv":[8.5,3.0,10.5625,3.4375],"rotation":0,"texture":"#0","tintindex":0},"north":{"uv":[8.5,2.5,10.5625,2.9375],"rotation":0,"texture":"#0","tintindex":0},"west":{"uv":[1.75,10.0,2.1875,10.4375],"rotation":0,"texture":"#0","tintindex":0},"up":{"uv":[10.5625,3.9375,8.5,3.5],"rotation":0,"texture":"#0","tintindex":0},"down":{"uv":[10.5625,4.0,8.5,4.4375],"rotation":0,"texture":"#0","tintindex":0}}},{"from":[9.869623,6.9333944,5.80352],"to":[14.576366,7.874743,6.7448683],"rotation":{"angle":0.0,"axis":"y","origin":[2.7702851,5.782857,2.7702851]},"faces":{"east":{"uv":[8.0,11.75,8.4375,12.1875],"rotation":0,"texture":"#0","tintindex":0},"south":{"uv":[8.5,5.0,10.5625,5.4375],"rotation":0,"texture":"#0","tintindex":0},"north":{"uv":[8.5,4.5,10.5625,4.9375],"rotation":0,"texture":"#0","tintindex":0},"west":{"uv":[8.5,11.75,8.9375,12.1875],"rotation":0,"texture":"#0","tintindex":0},"up":{"uv":[10.5625,5.9375,8.5,5.5],"rotation":0,"texture":"#0","tintindex":0},"down":{"uv":[10.5625,6.0,8.5,6.4375],"rotation":0,"texture":"#0","tintindex":0}}},{"from":[-5.3163958,5.466198,6.1957483],"to":[1.2730441,5.5446434,11.216274],"rotation":{"angle":-22.5,"axis":"z","origin":[6.450462,6.3291006,7.7646627]},"faces":{"east":{"uv":[12.25,3.75,14.4375,3.8125],"rotation":0,"texture":"#0","tintindex":0},"south":{"uv":[12.0,4.25,14.875,4.3125],"rotation":0,"texture":"#0","tintindex":0},"north":{"uv":[12.0,3.5,14.875,3.5625],"rotation":0,"texture":"#0","tintindex":0},"west":{"uv":[12.25,4.0,14.4375,4.0625],"rotation":0,"texture":"#0","tintindex":0},"up":{"uv":[5.875,2.1875,3.0,0.0],"rotation":0,"texture":"#0","tintindex":0},"down":{"uv":[5.875,2.25,3.0,4.4375],"rotation":0,"texture":"#0","tintindex":0}}},{"from":[1.018331,7.4825144,6.038857],"to":[6.5095315,7.6394057,11.530057],"rotation":{"angle":0.0,"axis":"y","origin":[2.7702851,5.782857,2.7702851]},"faces":{"east":{"uv":[12.0,10.75,14.375,10.8125],"rotation":0,"texture":"#0","tintindex":0},"south":{"uv":[12.0,11.0,14.375,11.0625],"rotation":0,"texture":"#0","tintindex":0},"north":{"uv":[12.0,10.5,14.375,10.5625],"rotation":0,"texture":"#0","tintindex":0},"west":{"uv":[12.25,1.0,14.625,1.0625],"rotation":0,"texture":"#0","tintindex":0},"up":{"uv":[7.375,6.875,5.0,4.5],"rotation":0,"texture":"#0","tintindex":0},"down":{"uv":[8.375,0.0,6.0,2.375],"rotation":0,"texture":"#0","tintindex":0}}},{"from":[1.096777,6.9333944,5.80352],"to":[5.80352,7.874743,6.7448683],"rotation":{"angle":0.0,"axis":"y","origin":[2.7702851,5.782857,2.7702851]},"faces":{"east":{"uv":[9.0,11.75,9.4375,12.1875],"rotation":0,"texture":"#0","tintindex":0},"south":{"uv":[9.25,7.0,11.3125,7.4375],"rotation":0,"texture":"#0","tintindex":0},"north":{"uv":[9.25,6.5,11.3125,6.9375],"rotation":0,"texture":"#0","tintindex":0},"west":{"uv":[9.5,11.75,9.9375,12.1875],"rotation":0,"texture":"#0","tintindex":0},"up":{"uv":[11.3125,7.9375,9.25,7.5],"rotation":0,"texture":"#0","tintindex":0},"down":{"uv":[11.3125,8.0,9.25,8.4375],"rotation":0,"texture":"#0","tintindex":0}}},{"from":[-3.4336987,4.838632,6.1957483],"to":[1.2730441,5.7799807,7.1370974],"rotation":{"angle":-22.5,"axis":"z","origin":[6.450462,6.3291006,7.7646627]},"faces":{"east":{"uv":[11.75,11.25,12.1875,11.6875],"rotation":0,"texture":"#0","tintindex":0},"south":{"uv":[9.25,8.5,11.3125,8.9375],"rotation":0,"texture":"#0","tintindex":0},"north":{"uv":[8.25,9.25,10.3125,9.6875],"rotation":0,"texture":"#0","tintindex":0},"west":{"uv":[11.75,11.75,12.1875,12.1875],"rotation":0,"texture":"#0","tintindex":0},"up":{"uv":[11.5625,0.4375,9.5,0.0],"rotation":0,"texture":"#0","tintindex":0},"down":{"uv":[11.5625,0.5,9.5,0.9375],"rotation":0,"texture":"#0","tintindex":0}}}],"display":{"head":{"translation":[0.0,-6.4,0.0],"scale":[4.0,4.0,4.0]}}}